time_s,gforce_x,gforce_y,gforce_z
0.008482462,-0.0352,0.0261,0.9711
0.010170847,-0.0459,0.027,0.9899
0.011440539,-0.0596,0.0189,1.0161
0.017527423,-0.0602,0.0209,1.0018
0.027215539,-0.0572,0.0176,0.9892
0.037258847,-0.0573,0.0138,0.9914
0.046966154,-0.055,0.009,0.9909
0.056714308,-0.0485,0.0215,0.9732
0.067752231,-0.047,0.0151,0.9927
0.07669277,-0.0463,0.0279,0.9926
0.086643231,-0.052,0.0314,1.009
0.096654154,-0.0704,0.0059,1.0355
0.106877193,-0.0632,0.0151,1.0098
0.119234077,-0.0536,0.021,0.9995
0.12720727,-0.0511,0.0169,0.9946
0.136953116,-0.0496,0.0188,0.9908
0.147000885,-0.049,0.0205,1.0041
0.157086231,-0.0524,0.0182,1.0128
0.167490308,-0.0575,0.0169,1.0117
0.176716,-0.0595,0.0158,1.0034
0.187041808,-0.059,0.0142,0.9974
0.196850308,-0.0589,0.0139,1.0046
0.206897193,-0.059,0.0133,1.0015
0.226150269,-0.0551,0.0131,1.0111
0.226994116,-0.0564,0.0153,1.0064
0.237712308,-0.0557,0.0169,1.0058
0.2471625,-0.0573,0.0176,1.003
0.257249269,-0.0552,0.0138,1.0058
0.271641577,-0.0579,0.016,0.9995
0.286796231,-0.0574,0.0155,0.9986
0.296830231,-0.055,0.0142,1.0061
0.306836692,-0.0573,0.0139,1.0004
0.318940692,-0.0568,0.0128,1.0034
0.326701308,-0.0573,0.0151,1.0045
0.336835423,-0.0584,0.014,1.0056
0.346759885,-0.0579,0.0129,1.004
0.356668077,-0.0566,0.0136,1.0012
0.370129423,-0.0574,0.0139,1.0019
0.386684385,-0.0578,0.0153,1.0081
0.39674,-0.0588,0.0154,1.0064
0.406699654,-0.058,0.0131,1.0087
0.416688692,-0.06,0.0149,1.0041
0.426905115,-0.0588,0.0136,1.0057
0.437662077,-0.0602,0.012,1.0023
0.447522692,-0.0553,0.0154,0.9836
0.456805731,-0.053,0.0182,0.9974
0.468931692,-0.0607,0.0064,1.008
0.476830385,-0.0501,0.0311,1.0103
0.487036077,-0.0676,-0.0004,1.0235
0.497080923,-0.0469,0.0192,1.0074
0.506833769,-0.0537,0.022,0.9912
0.516821077,-0.0606,0.0143,1.0245
0.526828462,-0.0627,0.0068,1.0142
0.537543923,-0.0528,0.0171,1.0114
0.547108962,-0.0689,0.0037,1.0374
0.556778269,-0.0719,0.0075,1.0477
0.566782731,-0.0616,0.0114,1.0036
0.576760962,-0.0526,0.0191,0.9417
0.586979846,-0.0485,0.015,0.9254
0.596778846,-0.0506,0.014,0.9576
0.606703692,-0.0475,0.0434,0.9406
0.616798769,-0.066,0.036,0.9536
0.627204846,-0.0513,0.0072,1.0704
0.640062461,-0.0811,0.0072,1.0548
0.646974654,-0.0636,0.0172,1.0006
0.657367923,-0.0474,0.0158,1.0065
0.670207692,-0.0569,0.0001,0.9955
0.6770875,-0.05,0.0127,1.0074
0.687057461,-0.0493,0.0291,1.0166
0.697911538,-0.0574,0.0166,1.0363
0.707052846,-0.0599,0.0191,1.044
0.717930308,-0.0559,0.0242,1.0317
0.726818038,-0.0572,0.0203,1.0304
0.737793038,-0.0526,0.0131,1.0192
0.746970154,-0.042,0.0327,0.9858
0.756876692,-0.0502,0.0061,0.9832
0.766743577,-0.0462,-0.0011,0.9953
0.776803884,-0.0439,0.0131,0.9843
0.786901961,-0.0525,0.0191,0.9975
0.798988308,-0.0566,0.0039,1.0125
0.806761423,-0.0545,0.0136,1.0007
0.817142461,-0.0551,0.0181,1.0019
0.826898038,-0.0694,-0.0197,1.0293
0.837862923,-0.0622,0.0038,1.0208
0.847344154,-0.0525,0.0294,1.0048
0.857199384,-0.0484,0.0252,0.9995
0.871254615,-0.0451,0.0279,0.9974
0.876820577,-0.0495,0.0243,1.0075
0.886966769,-0.0468,0.0447,1.0068
0.896915077,-0.0515,0.0327,1.0091
0.906780307,-0.0645,0.0059,1.0142
0.917028154,-0.0548,0.0055,1.0105
0.926814384,-0.0493,0.0145,0.9868
0.937392154,-0.0483,-0.004,1.0239
0.946873961,-0.0478,0.0173,1.0018
0.956900692,-0.0506,0.02,1.0146
0.967019307,-0.0559,0.0005,0.9946
0.9772635,-0.0476,0.0118,0.985
0.987030654,-0.0468,0.0244,0.9765
0.998934,-0.0583,0.011,1.0158
1.007394884,-0.0617,0.0333,1.0431
1.017741577,-0.069,0.012,1.0572
1.026910538,-0.0548,0.0426,1.0169
1.038320615,-0.0658,0.038,1.0321
1.050497077,-0.0779,-0.0144,1.1309
1.057162423,-0.0851,-0.0258,1.0806
1.072216653,-0.0583,-0.031,0.988
1.077314961,-0.0357,0.0026,0.9243
1.087095384,-0.0414,0.0095,0.9458
1.099326077,-0.0534,-0.0049,0.9705
1.106847923,-0.0579,0.0087,0.9677
1.11706373,-0.0595,0.026,0.9754
1.126821653,-0.0688,0.0341,1.0278
1.139517884,-0.0676,0.0331,1.0321
1.146974,-0.0838,0.0348,1.1283
1.156963461,-0.113,0.0188,1.169
1.168388307,-0.0983,0.0337,1.1508
1.176893846,-0.1134,-0.0103,1.0503
1.187009576,-0.0666,0.0012,0.9821
1.196820769,-0.0788,-0.033,0.8613
1.206715,-0.0694,0.0133,0.8385
1.217111076,-0.096,-0.0233,0.895
1.22676023,-0.108,0.0037,0.9667
1.23815623,-0.1235,0.0131,1.0345
1.246950076,-0.1649,-0.0268,1.0495
1.257204423,-0.1167,0.0192,1.0247
1.266973038,-0.1455,0.0031,1.0232
1.276714538,-0.1109,-0.0199,0.9944
1.286873961,-0.1086,0.0428,1.0058
1.296823499,-0.1443,-0.0545,1.0767
1.306785269,-0.1399,-0.0315,1.0078
1.316911038,-0.1287,-0.0208,0.9593
1.326793153,-0.1233,0.0105,0.9602
1.341005384,-0.119,0.0645,0.9423
1.348298961,-0.1268,-0.0004,0.9326
1.357237846,-0.106,0.0788,0.9678
1.366895692,-0.1798,-0.0408,0.989
1.37691773,-0.1693,0.0468,1.0437
1.386915999,-0.1579,-0.0309,1.0238
1.396998615,-0.163,-0.0344,1.004
1.406861499,-0.1896,-0.159,0.9677
1.416871922,-0.0792,0.1021,1.0416
1.427165615,-0.2226,0.012,1.0385
1.437025115,-0.1842,-0.0164,1.0373
1.449470384,-0.1736,-0.0343,0.9808
1.457177999,-0.163,-0.007,0.977
1.467190307,-0.1709,0.0072,0.9858
1.47697473,-0.166,-0.1038,0.9697
1.487059038,-0.194,0.0004,1.0367
1.497088153,-0.195,-0.1168,1.007
1.506863461,-0.1705,-0.0247,0.9587
1.518436153,-0.1726,-0.0431,0.9304
1.52695773,-0.1644,-0.0409,0.8872
1.537161384,-0.1814,-0.0376,0.9258
1.548364115,-0.2033,-0.0551,1.004
1.558936845,-0.2274,-0.0678,1.067
1.573043961,-0.2376,-0.0694,1.1018
1.57712323,-0.2369,-0.0909,1.096
1.587082153,-0.2107,-0.0457,0.9731
1.597149768,-0.192,-0.054,0.8949
1.607018115,-0.1871,-0.1113,0.9069
1.620032038,-0.1934,-0.1379,0.8784
1.626949499,-0.1945,-0.1608,0.853
1.637012076,-0.1823,-0.1015,0.8095
1.653299922,-0.1776,-0.0512,0.8295
1.657801845,-0.2068,-0.0556,0.9052
1.66702923,-0.2283,-0.0716,0.9955
1.677038422,-0.2329,-0.0727,1.02
1.686906461,-0.2246,-0.084,1.0315
1.698891384,-0.208,-0.0738,1.0037
1.706933884,-0.1947,-0.0695,0.9923
1.717871076,-0.2097,-0.0909,0.983
1.727196615,-0.1951,-0.1148,1.0002
1.737142576,-0.1967,-0.0981,1.003
1.753291268,-0.1912,-0.042,0.9932
1.757318653,-0.1964,-0.0338,0.9965
1.767080922,-0.1695,-0.0209,0.9886
1.776985653,-0.1721,-0.0093,0.9981
1.788404038,-0.1676,-0.0026,1.0603
1.800109999,-0.1761,0.0399,1.0417
1.806977653,-0.168,0.0164,1.0553
1.816984268,-0.1774,0.0032,1.0239
1.827161191,-0.1533,0.0219,0.9698
1.839168999,-0.1349,0.0335,0.9653
1.850363268,-0.1753,-0.0213,1.0003
1.857029345,-0.1698,-0.0343,0.9245
1.868013307,-0.143,-0.0076,0.8877
1.877051614,-0.133,-0.0563,0.9098
1.887456153,-0.1156,-0.029,0.9819
1.901450461,-0.1527,-0.03,1.0385
1.907580691,-0.1562,-0.011,1.0768
1.917151922,-0.1518,0.0005,1.0894
1.927190114,-0.1426,0.0404,1.0776
1.938901268,-0.1375,0.0215,1.0951
1.952455614,-0.154,-0.0073,1.0665
1.957527614,-0.1325,-0.0035,1.0189
1.967236422,-0.1316,-0.0241,0.9902
1.977127884,-0.1443,-0.0524,0.966
1.987302307,-0.1298,-0.0283,0.9214
1.999260691,-0.1237,-0.0523,0.97
2.007301845,-0.1491,-0.0274,0.9887
2.018490884,-0.1437,-0.0132,1.0133
2.027343153,-0.1474,0.0266,1.0083
2.037530691,-0.1448,0.0238,0.9837
2.057907268,-0.1334,0.0094,0.9853
2.059995576,-0.1331,0.0087,0.9839
2.074793537,-0.1371,0.0258,1.0017
2.077238922,-0.1396,0.0214,1.0015
2.08726923,-0.1375,0.0311,1.0059
2.09937096,-0.1483,0.0246,1.0348
2.107217768,-0.1617,0.0092,1.0763
2.117187383,-0.1616,0.0246,1.0721
2.127024845,-0.1504,0.0093,1.0249
2.138395576,-0.1504,-0.0421,0.9671
2.14947123,-0.1223,0.0221,0.9442
2.156983999,-0.1219,-0.0321,0.9072
2.167382422,-0.1268,-0.0216,0.8956
2.17707623,-0.1349,0.0448,0.986
2.187279768,-0.1735,-0.012,1.0936
2.19841173,-0.1805,-0.0238,1.0587
2.206924845,-0.1798,-0.0302,0.9944
2.217383614,-0.1462,-0.0472,1.0032
2.227479076,-0.1316,0.031,0.971
2.239563191,-0.1289,0.0109,0.9177
2.253053614,-0.1338,-0.0362,0.9568
2.257932383,-0.1523,-0.0255,1.0031
2.26735946,-0.1584,-0.0083,1.0359
2.27700046,-0.1854,-0.0206,1.0175
2.287295922,-0.1524,-0.0189,0.9863
2.299301191,-0.1479,-0.0143,0.9356
2.306933806,-0.1452,-0.0227,0.9671
2.317127114,-0.1454,-0.0103,0.9784
2.327245922,-0.1417,0.0032,0.9948
2.340146345,-0.1556,-0.0116,1.0289
2.355082114,-0.1583,-0.006,1.0498
2.357027999,-0.1632,0.0049,1.0515
2.367198422,-0.1653,-0.0062,1.0374
2.377208153,-0.1656,-0.0077,1.0095
2.387508037,-0.1553,-0.0009,0.9668
2.399646345,-0.1386,0.0128,0.9576
2.417188268,-0.1138,0.0431,0.8653
2.427107922,-0.119,-0.0235,0.9354
2.437192883,-0.138,-0.0567,1.0184
2.448038922,-0.127,0.0048,0.9767
2.457152652,-0.1313,0.0314,0.9578
2.467182076,-0.1212,0.0377,0.9219
2.477249114,-0.1148,0.0314,0.9599
2.487397268,-0.1294,0.0244,0.989
2.497706114,-0.1306,0.0221,0.9918
2.50748246,-0.127,0.0166,1.0218
2.517179268,-0.1356,-0.011,1.0415
2.527573537,-0.1277,0.0038,1.0563
2.540169845,-0.1318,0.0143,1.0692
2.552916075,-0.1372,0.0182,1.0652
2.557128652,-0.1345,0.0145,1.0506
2.567101537,-0.1239,0.018,1.0251
2.576981499,-0.1069,0.0309,0.9982
2.587291768,-0.1038,0.016,0.9925
2.598375037,-0.1044,0.0126,0.9874
2.606988114,-0.1087,-0.0035,1.0048
2.61728796,-0.1212,-0.0368,1.0356
2.627124152,-0.0923,0.0489,1.0428
2.639076691,-0.1281,0.0203,0.9662
2.651475652,-0.0982,0.041,0.978
2.657446152,-0.1153,0.0033,1.0075
2.667105498,-0.113,-0.0017,1.0137
2.677506998,-0.1027,0.0158,0.9902
2.687131345,-0.1011,0.0125,0.9965
2.697041537,-0.1009,0.0077,1.0105
2.70722396,-0.1065,-0.0034,1.0456
2.717000537,-0.1131,-0.0126,1.0393
2.727022152,-0.1071,0.007,1.0157
2.737873152,-0.1049,0.0155,0.9962
2.748872729,-0.1032,0.0097,1.0014
2.756906883,-0.0904,0.0524,0.9753
2.767674268,-0.079,0.0773,0.9529
2.779431383,-0.0992,0.0617,0.9874
2.787212845,-0.1113,0.0434,1.0329
2.796893575,-0.1214,0.0447,1.0073
2.807171498,-0.1085,0.0436,0.9882
2.817093729,-0.1018,0.0293,0.972
2.827148691,-0.0956,-0.0033,0.9809
2.837022921,-0.0939,-0.0241,0.9787
2.850625575,-0.0952,-0.0277,1.0067
2.857242191,-0.1027,0.0039,1.0333
2.86842246,-0.1129,0.0169,1.0335
2.876905652,-0.1075,0.002,1.0192
2.887169806,-0.0911,-0.0088,0.9932
2.898416844,-0.0814,-0.0197,0.9971
2.907141806,-0.0849,-0.0235,1.0207
2.917180575,-0.0909,-0.0018,1.0125
2.927006229,-0.0884,0.0116,0.998
2.937834729,-0.0851,0.0131,0.9904
2.950513614,-0.0855,0.0022,1.0091
2.956949229,-0.0867,0.0138,0.9925
2.967524652,-0.088,-0.0031,0.9927
2.97727246,-0.0888,-0.0149,1.024
2.987040806,-0.0861,0.0042,1.0318
2.999889075,-0.0897,0.016,1.0467
3.007133575,-0.0899,0.0171,1.0119
3.017444037,-0.085,0.02,0.9843
3.027460152,-0.0893,0.014,1.0069
3.039211691,-0.0963,0.0057,1.0208
3.05028596,-0.0954,-0.0086,0.9953
3.056979729,-0.0864,-0.0137,0.9877
3.067110267,-0.0805,-0.0107,0.9797
3.077051844,-0.0801,0.0031,0.9887
3.087144383,-0.0963,-0.0129,1.0223
3.097313421,-0.0963,0.0026,1.0401
3.106926998,-0.0916,0.0062,1.0183
3.117137267,-0.087,0.005,0.9982
3.127156306,-0.0859,0.0062,0.986
3.137321998,-0.0911,0.0148,0.9837
3.149552037,-0.0947,-0.0005,1.0084
3.157694767,-0.0851,-0.0066,0.9925
3.167285498,-0.0859,-0.0062,1.0031
3.178304229,-0.0883,0.0148,1.0098
3.187161998,-0.1029,-0.0143,1.034
3.196986998,-0.0966,0.03,0.9953
3.207021306,-0.0847,0.0082,0.9278
3.217256383,-0.1063,-0.1644,1.1575
3.227203537,-0.1024,0.1382,0.8591
3.238521767,-0.0264,0.0495,0.8299
3.25331596,-0.0793,0.0347,1.0565
3.257060729,-0.1382,0.0176,1.0578
3.267097921,-0.0849,0.0121,1.0194
3.277154229,-0.088,0.0078,1.0157
3.28744669,-0.0892,0.0154,1.0008
3.299593883,-0.0806,0.0266,1.0019
3.307296421,-0.093,0.0114,1.0222
3.319084152,-0.1035,-0.0366,1.0285
3.330987383,-0.0904,-0.0426,1.0021
3.337770652,-0.0724,-0.0178,0.9827
3.353913383,-0.0811,-0.0408,0.9954
3.35901996,-0.0788,-0.0161,0.9841
3.377059844,-0.069,0.0084,0.9638
3.387079613,-0.0746,0.022,0.9803
3.397474036,-0.0845,0.0125,1.0258
3.407333344,-0.084,0.0136,1.0487
3.417865883,-0.0862,0.0143,1.0708
3.429838575,-0.0889,0.0214,1.0695
3.43701619,-0.0928,0.0148,1.074
3.452917229,-0.1016,-0.0192,1.0879
3.457501652,-0.0987,-0.0177,1.0359
3.467199306,-0.0869,-0.0097,1.0359
3.479036229,-0.0818,0.0131,0.9708
3.487392652,-0.0708,0.0366,0.9501
3.498161421,-0.0717,0.0297,0.9205
3.506911383,-0.0861,-0.0189,0.9579
3.517204036,-0.0586,0.0336,0.9759
3.531328498,-0.0812,0.032,0.9296
3.537006075,-0.0818,0.0446,0.9854
3.547244075,-0.0966,0.0279,1.0836
3.557139806,-0.1257,0.0106,1.0547
3.568198613,-0.1104,-0.0186,1.0205
3.583655421,-0.1015,0.0193,0.9894
3.587322459,-0.0905,0.0195,0.9472
3.598442421,-0.0974,-0.0045,0.9577
3.607300267,-0.0933,-0.0147,0.9654
3.61786769,-0.0883,0.0105,0.966
3.629365075,-0.104,-0.007,1.0043
3.637337498,-0.0923,0.0283,1.0301
3.655009844,-0.1255,0.0219,1.0167
3.657513036,-0.108,0.0165,1.018
3.671334767,-0.1104,-0.0136,1.0235
3.681549344,-0.1029,-0.0056,1.0035
3.687405652,-0.0966,-0.0022,1.0028
3.697873305,-0.0977,0.0044,0.9847
3.706979152,-0.0887,0.0221,0.9622
3.717159921,-0.088,0.0215,0.9847
3.728753767,-0.1083,-0.0094,1.0319
3.737216267,-0.125,-0.0253,1.0585
3.748137844,-0.1286,-0.036,1.0582
3.757123036,-0.1141,-0.0848,1.0581
3.770884305,-0.1231,0.0065,0.9858
3.788774305,-0.0994,0.0023,0.9723
3.790634459,-0.0838,0.0215,0.9256
3.799863267,-0.104,-0.0009,0.9668
3.807410921,-0.0562,0.0268,0.9905
3.818076728,-0.1263,0.052,0.9794
3.829245652,-0.1112,0.0271,1.034
3.837816036,-0.1182,-0.0548,1.0039
3.847721651,-0.1066,0.0541,1.0156
3.857417805,-0.0816,-0.0118,1.0541
3.870483613,-0.1324,0.0491,0.9328
3.891569382,-0.1068,-0.0745,1.0076
3.893951921,-0.0923,0.0658,0.9081
3.899096459,-0.1261,-0.0861,1.0181
3.907437613,-0.08,0.0934,0.9565
3.917371536,-0.1451,-0.0429,1.0715
3.930217844,-0.0986,0.0015,1.0166
3.937128767,-0.1224,-0.027,1.0418
3.947404113,-0.1287,-0.0607,1.0007
3.957227805,-0.0999,-0.1042,1.0184
3.971426613,-0.124,-0.1129,0.9987
3.988799036,-0.113,0.0665,0.9346
3.990772998,-0.1062,0.1206,0.9799
4.001981228,-0.1119,0.1283,1.0536
4.00756069,-0.1386,0.1269,1.0548
4.017212459,-0.1323,0.0921,1.0406
4.029295074,-0.1032,0.0837,1.0141
4.037183536,-0.1147,0.0574,1.0139
4.047297421,-0.1079,0.0274,0.9877
4.057529613,-0.1214,0.0094,1.0167
4.070478921,-0.0831,0.0486,0.919
4.090278921,-0.0867,0.0601,0.8877
4.093441421,-0.0925,0.0094,0.9208
4.100155805,-0.1225,-0.0441,0.9719
4.107218997,-0.1373,-0.0473,0.9816
4.117259574,-0.1234,0.0026,0.989
4.128583959,-0.1364,0.0147,1.0178
4.13717219,-0.1518,0.0073,1.045
4.147179767,-0.1443,0.0242,1.0649
4.157772651,-0.1272,0.0294,1.0352
4.17191992,-0.1272,0.0299,0.9979
4.186228459,-0.1022,0.0399,0.9668
4.188287613,-0.0999,0.0479,0.9549
4.19735592,-0.1025,0.047,0.9574
4.207352305,-0.1054,0.0451,0.9661
4.217420805,-0.1147,0.0178,0.9966
4.22773592,-0.1248,-0.0011,1.0032
4.236972228,-0.1181,-0.0073,1.0068
4.247134613,-0.1173,-0.0023,1.0089
4.257234228,-0.117,0.0089,1.0123
4.26877742,-0.1165,0.0215,1.0128
4.27889542,-0.1187,0.0194,1.0145
4.287388843,-0.1167,0.027,1.0041
4.297071959,-0.1158,0.0252,0.9977
4.307309151,-0.1087,0.0344,0.9914
4.317824574,-0.1086,0.0442,0.9886
4.328049728,-0.1126,0.0492,0.993
4.336956305,-0.116,0.0337,0.9921
4.347223228,-0.1174,0.0178,1.0014
4.357493305,-0.1198,0.0027,1.0001
4.369441805,-0.1207,0.0027,1.0108
4.38634242,-0.1258,0.004,1.0195
4.397120959,-0.1178,0.0118,1.0059
4.407130536,-0.1127,0.0159,0.9964
4.41744842,-0.1074,0.0199,0.9899
4.42792142,-0.1076,0.0225,0.9923
4.437094266,-0.1091,0.02,0.9918
4.447201459,-0.1062,0.0236,0.9918
4.457118497,-0.1082,0.0248,0.998
4.467539497,-0.1123,0.0199,1.0018
4.480589228,-0.1151,0.0159,1.0059
4.487362343,-0.1171,0.0158,1.0012
4.497452882,-0.1149,0.017,1.0026
4.507283074,-0.1158,0.0177,1.0108
4.517353805,-0.1184,0.0112,1.0072
4.528655036,-0.1119,0.0133,0.9927
4.537223574,-0.1093,0.0126,0.9843
4.547428113,-0.1043,0.016,0.9836
4.557297113,-0.1073,0.0139,0.993
4.572345497,-0.1119,0.0106,1.0188
4.589277382,-0.114,0.0118,1.0282
4.591060036,-0.111,0.0128,1.03
4.600342036,-0.1083,0.0137,1.0157
4.60734592,-0.108,0.0106,0.9958
4.617127382,-0.1068,0.0116,0.9843
4.627467612,-0.1108,0.0068,0.9903
4.63726092,-0.1114,0.0043,0.993
4.647460382,-0.1141,0.0011,0.9995
4.657066382,-0.1184,-0.0072,1.0163
4.672099266,-0.1147,0.0224,0.9907
4.68793242,-0.1069,0.0318,0.9804
4.689418036,-0.1113,0.0193,0.9852
4.697055766,-0.113,0.0268,0.994
4.707107074,-0.1116,0.0297,1.0075
4.717281112,-0.1114,0.0283,1.0136
4.727282459,-0.1151,0.0149,1.0223
4.737145382,-0.1138,0.0199,1.0144
4.747267535,-0.1094,0.0349,0.9932
4.759124805,-0.1107,0.0276,0.9822
4.771495535,-0.1127,0.018,0.982
4.789918228,-0.1112,0.0097,0.9882
4.792041382,-0.1159,-0.0012,1.013
4.797422843,-0.1212,-0.0012,1.023
4.807582997,-0.1149,0.0167,1.0218
4.817499882,-0.1141,0.0131,1.0103
4.829318305,-0.111,0.0161,0.9937
4.837215458,-0.1071,0.0275,0.9819
4.847479958,-0.1073,0.0349,0.9899
4.857530189,-0.1125,0.031,1.007
4.869139228,-0.1141,0.0346,0.9964
4.884016189,-0.1029,0.0064,0.9716
4.887496458,-0.1041,0.0512,0.9792
4.899046189,-0.1137,0.0221,1.0078
4.907521305,-0.1302,-0.0277,1.013
4.917524689,-0.1047,0.042,1.0307
4.927565112,-0.1229,0.0079,1.0026
4.937539497,-0.1156,0.0078,1.0155
4.947975151,-0.12,-0.0084,0.9963
4.958120189,-0.1162,-0.0103,0.9943
4.969991612,-0.1213,-0.0076,1.0053
4.988955381,-0.1246,0.0017,1.002
4.991533766,-0.1211,0.0079,0.9943
5.001148766,-0.118,0.0217,0.9921
5.007774497,-0.1159,0.0293,0.9925
5.017960574,-0.1167,0.0292,1.0096
5.028631497,-0.116,0.06,1.001
5.037401381,-0.1214,0.0253,0.9773
5.047509112,-0.1069,0.0118,0.9683
5.059440958,-0.1094,0.0148,0.9852
5.072908535,-0.1189,0.0117,0.9955
5.077874228,-0.1277,0.0032,1.0067
5.087504804,-0.1274,0.0131,1.0083
5.097367458,-0.1258,0.0176,1.0067
5.107085689,-0.1226,0.0092,1.0126
5.11778042,-0.1213,0.0083,1.0068
5.129714112,-0.1168,0.0169,0.9938
5.137424651,-0.1134,0.02,0.9937
5.147269151,-0.1146,0.0191,0.991
5.157268151,-0.1148,0.0211,0.9831
5.167356689,-0.1118,0.0197,1.0089
5.182344997,-0.1236,0.0175,0.9952
5.187437497,-0.1131,0.0183,0.9926
5.197489766,-0.1193,0.0117,0.9944
5.207427574,-0.1203,0.0171,1.023
5.218884727,-0.1264,0.0139,1.0008
5.227160535,-0.1147,0.0176,1.0094
5.237308074,-0.1174,0.016,0.9935
5.251956189,-0.1147,0.0167,1.0019
5.268497843,-0.1157,0.0151,0.9863
5.27079792,-0.1153,0.0159,1.009
5.278849189,-0.1196,0.0147,0.9971
5.28721965,-0.1136,0.0188,0.9973
5.29739415,-0.1105,0.02,0.9976
5.310161497,-0.1107,0.0211,0.9969
5.317353574,-0.1129,0.023,0.9954
5.327473343,-0.113,0.0238,0.9921
5.337376304,-0.1097,0.0235,0.989
5.351267073,-0.1077,0.0231,0.9925
5.361152766,-0.1074,0.022,0.9926
5.369350112,-0.1053,0.0222,0.9948
5.38086765,-0.1053,0.0236,0.9952
5.387415843,-0.1063,0.026,0.9984
5.397344727,-0.1092,0.0263,0.9985
5.409148073,-0.1113,0.0248,0.9997
5.418009535,-0.1105,0.023,1.0015
5.428547958,-0.1085,0.0228,1.0026
5.437253997,-0.1077,0.0235,1.0029
5.44996542,-0.1066,0.0253,1.0043
5.466170073,-0.1046,0.0276,1.0057
5.467848727,-0.1036,0.0274,1.0069
5.477074727,-0.104,0.028,1.0087
5.487206304,-0.1042,0.0274,1.0064
5.497322958,-0.1036,0.0265,1.0018
5.508691458,-0.1019,0.0271,0.9965
5.517033112,-0.1008,0.0247,0.9923
5.527431804,-0.101,0.0243,0.9887
5.537456573,-0.1031,0.0202,0.986
5.550640766,-0.1065,0.0175,0.9868
5.567723343,-0.109,0.015,0.9864
5.569362804,-0.1105,0.0131,0.9864
5.578189343,-0.1099,0.0114,0.9805
5.587580266,-0.1101,0.0126,0.9782
5.597367343,-0.1088,0.0151,0.9751
5.60911115,-0.1076,0.0172,0.9773
5.617111381,-0.1068,0.018,0.982
5.627236573,-0.1057,0.0173,0.9907
5.637169381,-0.1068,0.0148,0.9982
5.650095919,-0.1068,0.0109,1.0032
5.667641958,-0.1077,0.0053,1.007
5.669190727,-0.1073,-0.0006,1.008
5.677295342,-0.1062,-0.0034,1.0078
5.687222804,-0.1019,-0.0064,1.0069
5.69748365,-0.1005,-0.0086,1.0073
5.707519996,-0.0983,-0.0094,1.0086
5.717230535,-0.0982,-0.0071,1.0117
5.727499612,-0.0983,-0.0045,1.0161
5.737882996,-0.0991,-0.0001,1.0211
5.747637612,-0.1004,0.0015,1.0232
5.766461804,-0.1019,0.004,1.0236
5.768938804,-0.1007,0.0076,1.0201
5.785227035,-0.1021,0.0112,1.0146
5.787612919,-0.1013,0.015,1.0085
5.797892689,-0.1031,0.0193,1.0021
5.807276996,-0.1032,0.0209,0.9964
5.817069919,-0.1027,0.0215,0.9931
5.829071727,-0.1048,0.0219,0.9915
5.837327265,-0.1064,0.0233,0.9921
5.847334573,-0.1074,0.0219,0.9924
5.865920458,-0.1058,0.0221,0.994
5.868174342,-0.1033,0.0205,0.998
5.883497612,-0.1022,0.0202,1.0026
5.887436765,-0.1002,0.0191,1.0068
5.897263073,-0.0982,0.0198,1.0076
5.908544035,-0.0966,0.0215,1.01
5.917118996,-0.096,0.0225,1.0108
5.927284227,-0.0975,0.0209,1.0106
5.937346612,-0.0977,0.018,1.0125
5.947452688,-0.098,0.0153,1.0141
5.964023535,-0.0976,0.0111,1.0166
5.967248919,-0.0958,0.0101,1.0159
5.978465188,-0.0944,0.0105,1.015
5.987041419,-0.0923,0.0101,1.0136
5.99709015,-0.0911,0.0098,1.0123
6.007262458,-0.0903,0.0087,1.007
6.016969611,-0.0917,0.0088,1.0039
6.027151688,-0.0953,0.0093,0.9993
6.037064727,-0.0976,0.0071,0.9981
6.047895381,-0.0974,0.0066,0.9993
6.062979842,-0.0985,0.0059,1.0015
6.067683342,-0.098,0.0054,1.0004
6.077211419,-0.098,0.0066,0.9984
6.087153804,-0.101,0.007,0.9968
6.097233919,-0.1003,0.0053,0.9963
6.107845188,-0.0977,0.0071,0.9996
6.117018227,-0.0934,0.009,1.0043
6.127414342,-0.0899,0.01,1.0074
6.137248034,-0.088,0.0092,1.0096
6.147379496,-0.0866,0.0078,1.0116
6.16437065,-0.0856,0.0081,1.0096
6.167345919,-0.0884,0.0073,1.0061
6.180763958,-0.0892,0.0095,1.0001
6.187594304,-0.0892,0.012,0.9965
6.197346919,-0.0889,0.0143,0.9918
6.207979919,-0.0876,0.0147,0.9907
6.217299881,-0.0882,0.0143,0.9935
6.227481881,-0.087,0.0136,0.9937
6.237324073,-0.0859,0.0103,0.9948
6.247369957,-0.085,0.0084,0.9959
6.265357111,-0.0851,0.0064,0.9965
6.267792034,-0.0854,0.0044,0.9964
6.284224111,-0.0855,0.0017,0.997
6.287294534,-0.0804,0.0005,0.9971
6.297498534,-0.0795,0.0005,0.9962
6.307790265,-0.0794,0.002,0.9958
6.317153611,-0.0787,0.0034,0.9971
6.32718688,-0.0782,0.0033,0.9996
6.337040304,-0.0785,0.0034,0.9996
6.347465304,-0.0789,0.0021,1.0031
6.366245804,-0.0798,0.0033,1.0058
6.368452611,-0.0804,0.0044,1.0085
6.387166034,-0.0785,0.0046,1.0105
6.389029034,-0.0756,0.0056,1.0107
6.397118804,-0.075,0.0037,1.01
6.407626996,-0.0749,0.0018,1.0083
6.417271227,-0.0746,-0.0022,1.0067
6.427126303,-0.0778,-0.005,1.0046
6.438846111,-0.08,-0.0097,1.0017
6.447054265,-0.0821,-0.0121,0.998
6.457218342,-0.0839,-0.0154,0.9969
6.46706538,-0.0847,-0.0177,0.997
6.477948534,-0.0844,-0.0208,0.9986
6.488322534,-0.0826,-0.0226,1.0015
6.496917996,-0.0806,-0.0246,1.0021
6.506919496,-0.0789,-0.026,1.0045
6.516762919,-0.0765,-0.027,1.0063
6.526993842,-0.0767,-0.0266,1.0078
6.537032996,-0.0745,-0.0265,1.008
6.54759315,-0.0751,-0.0272,1.0089
6.561770726,-0.0765,-0.0313,1.0083
6.567580996,-0.0781,-0.0357,1.008
6.57691888,-0.0777,-0.0407,1.0052
6.586915496,-0.0776,-0.0437,1.0023
6.596881688,-0.0793,-0.0476,0.9971
6.60925765,-0.0821,-0.0507,0.9946
6.617104496,-0.0821,-0.0546,0.9977
6.626973419,-0.0831,-0.057,1.0003
6.637089803,-0.0833,-0.059,1.0041
6.647232611,-0.0811,-0.0603,1.0069
6.662701419,-0.0785,-0.0619,1.009
6.669299303,-0.077,-0.0612,1.0123
6.686927303,-0.074,-0.0575,1.0125
6.696967573,-0.0748,-0.0525,1.0085
6.70711338,-0.0761,-0.0474,1.0061
6.716969457,-0.0759,-0.0436,1.0032
6.72719488,-0.0754,-0.0392,1.004
6.736954649,-0.0732,-0.0369,1.0059
6.747050034,-0.0705,-0.0338,1.0065
6.763835611,-0.0689,-0.0286,1.0096
6.767110034,-0.0682,-0.0221,1.013
6.776976188,-0.0699,-0.0172,1.0167
6.788261919,-0.0716,-0.0144,1.0222
6.797179649,-0.0738,-0.0116,1.0241
6.806959149,-0.0734,-0.0077,1.0238
6.817122726,-0.0723,-0.0051,1.0203
6.827136957,-0.0713,-0.0043,1.0179
6.838412726,-0.0685,-0.0034,1.0129
6.846951226,-0.064,-0.0016,1.0087
6.861344303,-0.0588,0.0004,1.005
6.867205226,-0.0569,0.0049,1.0031
6.877759034,-0.0562,0.0081,1.002
6.888284919,-0.0574,0.012,1.0012
6.897075111,-0.0588,0.0144,1.0029
6.90730188,-0.0627,0.017,1.0041
6.91708488,-0.0658,0.0169,1.0058
6.927087919,-0.0683,0.0151,1.0068
6.936979688,-0.0723,0.0112,1.0078
6.946938649,-0.0745,0.0084,1.0054
6.963789072,-0.075,0.0053,1.0063
6.967158572,-0.0751,0.0028,1.0063
6.978480188,-0.0759,0.0016,1.0065
6.986964072,-0.073,0.0034,1.0052
6.996936188,-0.0718,0.0073,1.0053
7.007861226,-0.0697,0.0099,1.0034
7.016829726,-0.0672,0.0132,1.0006
7.027346995,-0.0662,0.0147,0.9982
7.039352726,-0.0662,0.0189,0.9979
7.04697638,-0.0656,0.0197,0.9971
7.05766538,-0.0663,0.018,0.9985
7.066730418,-0.0661,0.0142,1.0013
7.07736338,-0.0683,0.0086,1.0043
7.091966688,-0.0701,0.0033,1.0073
7.096854341,-0.0724,-0.002,1.0086
7.107320265,-0.0722,-0.0071,1.0092
7.116979072,-0.0704,-0.0129,1.0096
7.127111495,-0.0733,-0.018,1.0083
7.138460534,-0.0744,-0.0219,1.0081
7.147008072,-0.0761,-0.0255,1.01
7.158166034,-0.0785,-0.0293,1.0096
7.166883188,-0.08,-0.0336,1.0058
7.181251995,-0.0826,-0.0379,1.0019
7.195187688,-0.0833,-0.0409,0.9974
7.206925534,-0.0871,-0.0472,0.9901
7.216847149,-0.091,-0.0526,0.9879
7.227103226,-0.0922,-0.0581,0.9897
7.240868111,-0.0938,-0.0638,0.9926
7.246877495,-0.0941,-0.0695,0.998
7.257020649,-0.0937,-0.0762,1.0018
7.266853841,-0.0928,-0.0823,1.0065
7.278576303,-0.0911,-0.0853,1.0086
7.300667726,-0.0872,-0.0869,1.0108
7.301968957,-0.0837,-0.084,1.0119
7.308455687,-0.082,-0.0773,1.0117
7.316945341,-0.0803,-0.0706,1.0073
7.327118649,-0.0806,-0.0641,1.005
7.338364764,-0.0793,-0.0573,1.0031
7.346951111,-0.0778,-0.0476,1.0006
7.357321034,-0.0743,-0.037,0.9971
7.366851841,-0.0723,-0.0282,0.997
7.382471803,-0.0696,-0.0211,1.0007
7.402478841,-0.0647,-0.0147,1.004
7.404058457,-0.061,-0.0088,1.0064
7.40721711,-0.059,-0.0018,1.0051
7.417084264,-0.0599,0.0033,1.0018
7.427112226,-0.0624,0.0078,0.9995
7.437800187,-0.066,0.0104,1.0014
7.44696561,-0.0704,0.0101,1.0034
7.457020572,-0.074,0.0117,1.0061
7.466882226,-0.0762,0.011,1.0091
7.477517764,-0.0762,0.0125,1.0086
7.49618938,-0.0751,0.0148,1.0095
7.498231495,-0.0702,0.0147,1.0101
7.507045264,-0.0669,0.0159,1.0103
7.51691938,-0.0644,0.0167,1.0128
7.526966226,-0.0635,0.018,1.0136
7.537743495,-0.0635,0.0197,1.0118
7.546948226,-0.0646,0.0195,1.0094
7.557102149,-0.0665,0.0172,1.0073
7.566947687,-0.0661,0.0153,1.0045
7.577032149,-0.0657,0.0126,1.005
7.588395764,-0.0684,0.0109,1.0065
7.597142341,-0.0715,0.0097,1.005
7.607115726,-0.0759,0.0086,1.0056
7.61698811,-0.0815,0.0064,1.0047
7.62713438,-0.0827,0.0021,1.0043
7.637744303,-0.0829,0.0002,1.0032
7.647168072,-0.0799,0.0017,1.0012
7.657158841,-0.0784,0.004,0.9988
7.667196995,-0.0773,0.0053,0.9968
7.679442418,-0.0828,0.0056,0.9974
7.694869995,-0.0842,0.0078,0.9975
7.69728888,-0.0847,0.0072,0.9979
7.707264687,-0.0833,0.0084,0.998
7.717406149,-0.0815,0.0093,0.9976
7.727180649,-0.0801,0.0103,0.9986
7.738523879,-0.0792,0.01,1.0025
7.747159572,-0.079,0.01,1.0064
7.757517841,-0.079,0.0079,1.0105
7.76732711,-0.0794,0.0075,1.0118
7.778555341,-0.0783,0.0051,1.0102
7.797122264,-0.0774,0.004,1.0084
7.798752995,-0.077,0.0035,1.0061
7.809501803,-0.0761,0.0022,1.0043
7.817202495,-0.0759,0.002,1.0043
7.828081495,-0.0752,0.0013,1.0057
7.839059649,-0.0749,0.002,1.0069
7.847329187,-0.0777,0.0013,1.0084
7.857426495,-0.0799,0.0004,1.0096
7.867341918,-0.0807,-0.0009,1.0095
7.879253802,-0.08,0.0001,1.0078
7.89538811,-0.0788,0.0017,1.0051
7.897792495,-0.0778,0.0018,1.0031
7.907418687,-0.0785,0.0023,1.0017
7.91716011,-0.0784,0.0022,1.003
7.927699264,-0.079,0.0009,1.0039
7.938369187,-0.08,-0.0006,1.0054
7.947383764,-0.0814,-0.0006,1.0053
7.95737061,-0.0836,-0.0024,1.0046
7.967657687,-0.0853,-0.0045,1.0042
7.981933187,-0.0829,-0.0051,1.0046
8.001114187,-0.0816,-0.0056,1.0034
8.003083264,-0.0807,-0.0057,0.9995
8.007248264,-0.0825,-0.0084,0.9936
8.017168033,-0.0839,-0.014,0.9953
8.028035533,-0.085,-0.0164,0.9988
8.038907302,-0.0847,-0.0188,1.0028
8.047414341,-0.0832,-0.0199,1.0042
8.057461533,-0.084,-0.0204,1.0031
8.067358533,-0.0851,-0.0191,1.0025
8.081505302,-0.0855,-0.0181,1.0034
8.098974302,-0.0884,-0.0181,1.0041
8.100730687,-0.0906,-0.0183,1.0052
8.109910572,-0.093,-0.0181,1.0068
8.117443918,-0.0926,-0.0188,1.0067
8.127287725,-0.0933,-0.018,1.0051
8.138668571,-0.093,-0.017,1.0032
8.147186418,-0.0928,-0.016,1.0028
8.157361418,-0.0936,-0.0142,1.0036
8.167230879,-0.0931,-0.0127,1.004
8.181525148,-0.0941,-0.0115,1.002
8.19847961,-0.093,-0.0123,1.0009
8.20005961,-0.0914,-0.0138,0.9993
8.207847571,-0.0919,-0.0164,0.9984
8.217029956,-0.0928,-0.0214,0.998
8.227252264,-0.0952,-0.0254,1.0013
8.23750961,-0.0991,-0.0321,1.003
8.247376764,-0.1011,-0.0359,1.003
8.257559187,-0.1038,-0.039,1.0007
8.267218918,-0.1047,-0.0436,0.9979
8.278658918,-0.1038,-0.0462,0.9963
8.296071918,-0.1037,-0.049,0.994
8.307187533,-0.1037,-0.0485,0.9924
8.319180956,-0.1054,-0.0485,0.992
8.327650264,-0.1053,-0.0456,0.9933
8.337545802,-0.1037,-0.044,1.0003
8.347443725,-0.1022,-0.042,1.0084
8.362004956,-0.095,-0.0308,1.0276
8.367281725,-0.0914,-0.0225,1.0302
8.380217187,-0.0875,-0.0112,1.0289
8.391585648,-0.0825,0.0002,1.0208
8.397179033,-0.0809,0.0065,1.0083
8.407215841,-0.085,0.0043,0.9938
8.417063764,-0.095,-0.0024,0.9778
8.427269341,-0.1062,-0.0143,0.9607
8.437084879,-0.1167,-0.0294,0.9471
8.447360187,-0.1212,-0.0429,0.9324
8.457350879,-0.1219,-0.0489,0.927
8.468872956,-0.1237,-0.0497,0.9323
8.481801956,-0.1222,-0.0435,0.9569
8.499067533,-0.1207,-0.0363,0.9852
8.50047011,-0.1176,-0.0232,1.0137
8.508607264,-0.1121,-0.01,1.0335
8.517170071,-0.1043,0.0028,1.0453
8.527453071,-0.0952,0.0156,1.0475
8.537144648,-0.0845,0.0269,1.0447
8.547377071,-0.0759,0.034,1.0412
8.557038302,-0.0693,0.0386,1.0385
8.567193302,-0.0646,0.037,1.0343
8.577208725,-0.0634,0.0315,1.0273
8.594573879,-0.0647,0.0236,1.0199
8.59711461,-0.0668,0.0143,1.0159
8.607023494,-0.0701,0.0037,1.0161
8.619408725,-0.0746,-0.0042,1.0207
8.627061879,-0.081,-0.0094,1.0225
8.63721011,-0.0862,-0.0088,1.0199
8.64723084,-0.0933,-0.0076,1.014
8.65724334,-0.0999,-0.0073,1.0072
8.67781584,-0.1031,-0.0092,1.0035
8.679580533,-0.1021,-0.0065,1.0019
8.695976494,-0.101,-0.0013,0.9975
8.699404648,-0.0986,0.0061,0.9969
8.707267456,-0.0999,0.0114,0.9937
8.717875225,-0.1015,0.0153,0.9926
8.727357379,-0.1031,0.0164,0.9938
8.738558302,-0.1044,0.0158,0.9907
8.747451033,-0.1041,0.0117,0.9918
8.758286494,-0.1041,0.0087,0.9953
8.76754634,-0.1021,0.0089,0.9993
8.777898879,-0.0997,0.0103,1.0052
8.796433725,-0.0977,0.0111,1.0089
8.799530533,-0.0948,0.0116,1.009
8.818239609,-0.0952,0.0137,1.0073
8.820177379,-0.0926,0.0131,1.0043
8.827365686,-0.0933,0.0134,1.0015
8.841927609,-0.0942,0.0133,0.9959
8.847445994,-0.0955,0.0145,0.9926
8.857169571,-0.0983,0.0132,0.9892
8.867807763,-0.1035,0.0066,0.9949
8.878364994,-0.1076,-0.0006,0.9984
8.894293917,-0.1105,-0.0051,0.9986
8.897286725,-0.1102,-0.0029,0.997
8.907566225,-0.108,0.0017,0.9955
8.916931609,-0.1058,0.0048,0.9927
8.92755434,-0.1064,0.0027,0.9929
8.936968379,-0.107,-0.0001,0.9916
8.946967417,-0.1083,-0.0046,0.9924
8.957096879,-0.1083,-0.0064,0.9883
8.967455379,-0.1096,-0.0061,0.986
8.978030917,-0.1129,-0.0084,0.9842
8.995572609,-0.1153,-0.0117,0.9842
8.997784302,-0.1171,-0.0134,0.9847
9.007260148,-0.1174,-0.0158,0.9871
9.020110186,-0.118,-0.0177,0.9886
9.027312417,-0.1209,-0.0189,0.9913
9.038239725,-0.1209,-0.0213,0.9957
9.047261686,-0.122,-0.0241,0.999
9.057283032,-0.1228,-0.0269,1.0051
9.075946725,-0.123,-0.0297,1.0052
9.078438417,-0.1206,-0.027,1.0028
9.095282417,-0.117,-0.0231,1.0004
9.098188725,-0.1136,-0.0184,0.9968
9.107003494,-0.1119,-0.0148,0.9937
9.119115109,-0.1109,-0.014,0.9921
9.127188686,-0.1098,-0.0125,0.9932
9.137169802,-0.1109,-0.0134,0.9981
9.147385571,-0.1134,-0.0151,1.0019
9.157134417,-0.1145,-0.0178,1.0061
9.177508648,-0.1145,-0.018,1.0079
9.179637148,-0.1127,-0.0167,1.0075
9.199919571,-0.1113,-0.0128,1.0052
9.20178184,-0.1103,-0.0088,1.0015
9.207354071,-0.1108,-0.0068,0.9992
9.222969917,-0.1124,-0.004,1.0004
9.227213686,-0.1138,-0.0044,1.0034
9.237362532,-0.114,-0.0054,1.0073
9.247773686,-0.112,-0.005,1.0112
9.259147186,-0.1099,-0.0048,1.0123
9.269224032,-0.1073,-0.0039,1.0134
9.277848455,-0.1047,-0.0033,1.0145
9.298196955,-0.1046,-0.0007,1.0113
9.300207532,-0.1052,0.0024,1.008
9.323158109,-0.1064,0.0059,1.0056
9.325031378,-0.107,0.0056,1.0047
9.327896571,-0.1051,0.0055,1.0035
9.34070634,-0.1037,0.0068,1.0004
9.357961724,-0.1033,0.0075,0.9968
9.379671186,-0.1027,0.006,0.9976
9.381873224,-0.1026,0.006,0.999
9.402320417,-0.1032,0.0049,1.004
9.40418834,-0.1046,0.0065,1.0059
9.407745148,-0.1054,0.0087,1.0068
9.419216878,-0.1057,0.0101,1.0054
9.427586917,-0.1055,0.0092,1.0029
9.438514109,-0.1064,0.0075,0.9985
9.447662724,-0.1071,0.0044,0.9948
9.457366994,-0.1063,0.0011,0.9947
9.477531917,-0.1053,-0.0012,0.996
9.479510301,-0.1047,-0.0016,0.9969
9.498546647,-0.1047,-0.0021,0.9975
9.500471301,-0.1031,-0.0004,0.9992
9.50748384,-0.1005,-0.0009,0.999
9.519583109,-0.0996,0.0007,0.9984
9.527368801,-0.0998,0.0018,0.9985
9.537846686,-0.1014,0.0004,1.0007
9.54731557,-0.1052,-0.0009,1.0041
9.557507494,-0.108,-0.0004,1.0053
9.576371609,-0.1077,-0.0012,1.0052
9.578561455,-0.1062,-0.0023,1.0048
9.594068801,-0.1046,-0.0029,1.0035
9.597258763,-0.1037,-0.0035,1.0007
9.607260032,-0.1019,-0.0028,0.9987
9.61800484,-0.1005,0.0002,0.998
9.627091224,-0.1024,0.0024,0.9977
9.637331147,-0.1032,0.0033,1.0002
9.64720607,-0.1058,0.0022,1.0012
9.657409147,-0.1083,0.0028,1.0009
9.677389532,-0.1091,0.0031,0.999
9.679509993,-0.1091,0.0037,0.9973
9.699450224,-0.1097,0.0056,0.9981
9.701044993,-0.1079,0.0057,0.9962
9.707179724,-0.1065,0.0056,0.9973
9.718823186,-0.1059,0.0067,0.9976
9.727489532,-0.1044,0.0078,1.0001
9.737542724,-0.1044,0.0094,1.0007
9.747980609,-0.1069,0.0137,1.0004
9.757242801,-0.1076,0.0129,0.9998
9.775319224,-0.1064,0.0109,1.0002
9.777228147,-0.1049,0.0101,1.0017
9.793877032,-0.1031,0.0088,1.0031
9.797506763,-0.1033,0.0089,1.0045
9.80749507,-0.1044,0.0093,1.0069
9.819325186,-0.1053,0.0086,1.0105
9.82751657,-0.1042,0.0081,1.0136
9.837386686,-0.1044,0.0087,1.0142
9.84747257,-0.1038,0.0067,1.0124
9.857866993,-0.1042,0.007,1.0091
9.876168878,-0.1043,0.0078,1.0067
9.87878057,-0.1047,0.0071,1.0047
9.899402609,-0.1048,0.0055,1.0035
9.900835263,-0.1047,0.0045,1.0024
9.907342801,-0.1042,0.0066,1.0041
9.917179493,-0.104,0.0093,1.0042
9.927325263,-0.1054,0.0121,1.0081
9.937308993,-0.1065,0.0125,1.0098
9.947420416,-0.1068,0.0133,1.0109
9.957281378,-0.1073,0.0134,1.0111
9.974934416,-0.1105,0.011,1.0046
9.977469609,-0.1152,0.0095,0.9969
9.991526493,-0.1179,0.0057,0.9883
9.99719957,-0.1176,0.0022,0.9877
10.00738784,-0.1185,-0.0023,0.9868
10.01710142,-0.1159,-0.0034,0.9843
10.02769219,-0.1162,-0.004,0.9837
10.03721265,-0.1152,-0.0012,0.9886
10.04719911,-0.1168,0.0006,0.9953
10.05720238,-0.1187,0.0024,1.0009
10.07576176,-0.1203,0.0015,1.004
10.07797584,-0.1207,0.0001,1.0012
10.09195038,-0.1201,-0.0017,0.9974
10.09798965,-0.1189,-0.0006,0.9958
10.10706911,-0.1164,0.001,0.9938
10.11716472,-0.1157,0.0043,0.9929
10.12740342,-0.1146,0.0078,0.9926
10.13735192,-0.1132,0.0106,0.9933
10.14712792,-0.1129,0.0161,0.9937
10.15775661,-0.1124,0.0213,0.9969
10.17396811,-0.1145,0.0259,0.9986
10.17726349,-0.1178,0.0272,1.0039
10.19220222,-0.1214,0.0275,1.0081
10.19739869,-0.1223,0.026,1.0117
10.20710457,-0.123,0.0236,1.0111
10.21821849,-0.1224,0.0206,1.0073
10.22879292,-0.1209,0.0192,1.002
10.23732096,-0.1181,0.0175,0.9975
10.24715272,-0.1176,0.0144,0.9931
10.25752707,-0.1163,0.0133,0.9897
10.27505438,-0.1151,0.0136,0.9886
10.27814534,-0.1157,0.0156,0.9896
10.29521369,-0.1174,0.0187,0.994
10.29753638,-0.1174,0.017,0.9995
10.30711057,-0.1159,0.0145,1.0059
10.31752338,-0.1138,0.0126,1.0109
10.32722215,-0.111,0.0094,1.0107
10.3371773,-0.1098,0.005,1.0095
10.34729015,-0.1074,0.0023,1.0063
10.35770007,-0.1062,0.0005,1.0043
10.37293057,-0.1047,-0.0002,1.0007
10.37716922,-0.1048,0.0006,0.996
10.38772615,-0.1049,0.0035,0.9929
10.39955703,-0.106,0.0048,0.9935
10.40712803,-0.1082,0.0076,0.9948
10.41705592,-0.1102,0.0106,0.9973
10.4270018,-0.1096,0.0136,0.996
10.43709384,-0.1088,0.0167,0.9963
10.44731899,-0.1092,0.0169,0.999
10.45693265,-0.1083,0.0158,1.0009
10.47229384,-0.1087,0.0159,0.9984
10.47725599,-0.1086,0.0153,0.9966
10.48687753,-0.108,0.0166,0.9959
10.49895107,-0.1063,0.0181,0.9968
10.50721872,-0.1082,0.0206,0.9988
10.5170408,-0.1092,0.0249,1.0008
10.52709015,-0.1091,0.0286,0.9996
10.53713345,-0.1081,0.025,0.9962
10.54947592,-0.1114,0.0205,0.9976
10.55729565,-0.1119,0.0183,1.0009
10.56721726,-0.1134,0.0155,1.0089
10.57721311,-0.1116,0.0131,1.0156
10.59122576,-0.1107,0.0118,1.0178
10.60219365,-0.1091,0.0101,1.0135
10.60819376,-0.1054,0.0144,1.0053
10.61883526,-0.1003,0.0178,0.9974
10.62706742,-0.0969,0.0241,0.9925
10.63750026,-0.0958,0.029,0.9919
10.64888611,-0.0999,0.029,0.9957
10.65701895,-0.106,0.0255,1.002
10.66706753,-0.1101,0.02,1.009
10.67723353,-0.1129,0.0149,1.0126
10.68919099,-0.1103,0.0131,1.0144
10.70400449,-0.1037,0.0127,1.0109
10.70773899,-0.0986,0.0094,1.0054
10.71867811,-0.0944,0.01,1.0014
10.72727619,-0.0915,0.0161,0.9974
10.73713103,-0.092,0.0137,0.9953
10.74724811,-0.0974,0.0084,0.9944
10.75732261,-0.1008,0.0043,0.9984
10.77450045,-0.1,0.0061,1.0034
10.77736622,-0.1014,0.0116,1.0076
10.79242807,-0.0971,0.0161,1.0024
10.79737922,-0.093,0.0092,0.9946
10.80744265,-0.0922,0.0092,0.9866
10.81739692,-0.0856,-0.0032,0.981
10.82727488,-0.0815,-0.0035,0.9836
10.83717645,-0.0858,0.0051,0.9927
10.84910807,-0.0912,0.0172,1.0003
10.85720203,-0.0945,0.0266,1.0026
10.86898472,-0.0954,0.037,0.9974
10.87737861,-0.0888,0.0481,0.9841
10.89091607,-0.0732,0.0652,0.9721
10.91185049,-0.0498,0.0859,0.967
10.91349365,-0.0219,0.1083,0.9671
10.91781265,0.006,0.1268,0.974
10.92759822,0.0272,0.1344,0.9892
10.93725688,0.0437,0.1262,1.0083
10.94926399,0.0556,0.1075,1.0214
10.95714834,0.0636,0.0849,1.0236
10.96783411,0.054,0.0668,1.0067
10.97722392,0.0214,0.0575,0.975
10.98929695,-0.0226,0.0599,0.9312
11.00838076,-0.0801,0.0713,0.8859
11.01066165,-0.1274,0.0851,0.8582
11.02054857,-0.166,0.1027,0.8347
11.02776707,-0.1918,0.1123,0.8073
11.03733099,-0.2042,0.1036,0.7736
11.04902026,-0.1963,0.0848,0.7686
11.05777195,-0.1608,0.0605,0.7824
11.06717672,-0.1092,0.0464,0.8131
11.07713965,-0.0448,0.0575,0.8573
11.08995026,-0.0134,0.0805,0.9037
11.1059538,-0.0232,0.0994,0.9688
11.10802384,-0.0522,0.1162,1.036
11.11729303,-0.098,0.1244,1.0836
11.12707149,-0.1335,0.1277,1.084
11.13715553,-0.1647,0.1041,1.0517
11.14903553,-0.2028,0.0498,0.9497
11.15730911,-0.2356,-0.0912,0.8951
11.16723892,-0.2073,-0.1246,0.8332
11.17736657,-0.1592,-0.1353,0.7953
11.19255169,-0.1253,-0.1252,0.7964
11.21512099,-0.1069,-0.098,0.8488
11.21783688,-0.1233,-0.0651,0.9411
11.21895799,-0.1461,-0.0144,1.0792
11.22703488,-0.1875,0.0503,1.2173
11.23734157,-0.2309,0.1086,1.3244
11.24836276,-0.2527,0.1556,1.3743
11.25732122,-0.2707,0.1717,1.383
11.26726342,-0.2789,0.154,1.3238
11.27722026,-0.2807,0.1175,1.2243
11.29061476,-0.2759,0.0826,1.1117
11.29820599,-0.2579,0.0512,1.0036
11.3094918,-0.2371,0.0228,0.9209
11.3170413,-0.2166,0.0012,0.8801
11.32752888,-0.1926,0.0097,0.9005
11.33835026,-0.1769,0.0498,0.9668
11.35002445,-0.1798,0.1022,1.0812
11.35735103,-0.1875,0.1559,1.1955
11.36723476,-0.2112,0.1909,1.3036
11.37787595,-0.2307,0.2084,1.3947
11.3888893,-0.2422,0.2212,1.4305
11.40929792,-0.2422,0.2321,1.4318
11.41160792,-0.2204,0.2393,1.3767
11.42251761,-0.1947,0.2377,1.2785
11.42706711,-0.148,0.2199,1.1557
11.43744765,-0.1022,0.2003,1.025
11.44736965,-0.0429,0.1582,0.8921
11.45695538,-0.0027,0.0975,0.7912
11.47210338,-0.004,0.0649,0.7029
11.47718734,0.0148,0.0767,0.6302
11.4880338,0.0287,0.1328,0.5832
11.49802465,0.0002,0.2107,0.649
11.50686122,-0.0663,0.2701,0.809
11.5169418,-0.1499,0.2843,1.031
11.52698195,-0.1554,0.3214,1.2282
11.53712749,-0.0611,0.3566,1.3614
11.5483753,0.052,0.3762,1.4073
11.55690915,0.1853,0.3715,1.3748
11.56707195,0.2364,0.305,1.3125
11.57690072,0.1783,0.1594,1.2347
11.58698226,0.1059,0.0165,1.1649
11.59951726,0.0768,-0.0877,1.0841
11.60713342,0.0668,-0.1764,0.9654
11.61693476,0.0652,-0.2466,0.8262
11.62694595,0.0843,-0.3012,0.6964
11.63698445,0.0956,-0.3414,0.5793
11.64689265,0.1135,-0.3586,0.4885
11.65686822,0.1599,-0.3253,0.4285
11.66688492,0.2012,-0.2706,0.4339
11.67681457,0.1802,-0.2182,0.5347
11.68809711,0.1363,-0.2432,0.6069
11.70480945,0.0475,-0.1609,0.8348
11.70710726,-0.0054,-0.1098,1.0525
11.71696784,-0.081,-0.0233,1.2822
11.73171618,-0.1289,-0.021,1.4291
11.73691357,-0.1451,0.0286,1.5371
11.74692576,-0.1507,0.0828,1.546
11.75686399,-0.152,0.0888,1.4958
11.76702538,-0.1974,0.1029,1.3107
11.77739742,-0.1994,0.0735,1.2738
11.78741884,-0.218,0.0384,1.2011
11.80698472,-0.2471,0.0061,1.1739
11.80877576,-0.246,-0.0458,1.2182
11.81924399,-0.2902,-0.1303,1.2656
11.82707645,-0.3009,-0.2454,1.3498
11.83705745,-0.3272,-0.3689,1.4905
11.84929807,-0.2674,-0.476,1.7177
11.85707176,-0.2551,-0.4031,1.7363
11.86724192,-0.2596,-0.3178,1.6449
11.87699645,-0.2742,-0.2284,1.538
11.88978665,-0.2786,-0.1747,1.3752
11.90832695,-0.2091,-0.0761,1.1164
11.91107438,-0.1406,0.0459,0.8354
11.91921284,-0.0536,0.1415,0.5858
11.92729976,0.0177,0.2009,0.4236
11.93705168,0.0719,0.2403,0.3679
11.95010107,0.0849,0.2345,0.391
11.95699668,0.0479,0.2373,0.4311
11.96710915,-0.0133,0.2433,0.4119
11.97720999,0.0333,0.2779,0.3453
11.98947349,0.3621,0.2921,0.2391
12.01141411,0.6269,-0.0013,0.0727
12.01350949,0.7097,-0.3463,0.1549
12.01712395,1.0356,-0.6655,0.2298
12.02697368,0.9124,-0.7659,0.2827
12.03711649,0.6277,-0.5736,0.5168
12.04941368,0.2668,-0.3794,0.8424
12.05705703,-0.2157,-0.159,1.3734
12.06733934,-0.4614,-0.21,2.0082
12.07726572,-0.4857,-0.0793,2.4663
12.09041734,-0.2813,0.0403,2.5175
12.10887542,-0.0053,0.1123,2.2988
12.11150722,0.1294,0.1102,1.9433
12.12128561,0.1744,0.0761,1.5405
12.1275788,0.1489,0.0268,1.1674
12.13711515,0.0901,-0.0015,0.9314
12.14905342,0.0143,-0.053,0.8161
12.15713407,-0.0992,-0.1397,0.7268
12.16721292,-0.1427,-0.2049,0.7699
12.17731365,-0.1875,-0.2427,0.8672
12.19150261,-0.2293,-0.2844,1.0107
12.21670022,-0.2709,-0.2607,1.1468
12.21963438,-0.3199,-0.1468,1.2923
12.22194353,-0.365,0.0828,1.406
12.22732722,-0.3253,0.2367,1.3442
12.23723934,-0.2988,0.3166,1.2496
12.24711742,-0.3057,0.3712,1.1308
12.25712788,-0.3187,0.3767,0.9951
12.26712411,-0.284,0.3325,0.7963
12.27712934,-0.1876,0.3231,0.6003
12.28739072,-0.05,0.3227,0.4467
12.3044928,0.1,0.2879,0.3426
12.30741403,0.2047,0.1929,0.2582
12.31699245,0.1987,0.0704,0.1413
12.32702695,0.1049,-0.0403,0.1033
12.33721234,-0.0624,-0.1093,0.138
12.34706588,-0.2018,-0.1439,0.2901
12.35745603,-0.034,-0.2216,0.6071
12.36711622,0.4539,-0.1408,0.9776
12.38524076,0.9577,0.0844,1.1831
12.38785172,0.998,0.0812,1.3469
12.40372272,0.2923,-0.1755,1.9568
12.40734068,-0.2515,-0.3197,2.5289
12.4172488,-0.3264,-0.2535,2.5816
12.43830722,-0.4062,-0.1488,2.1639
12.44017257,-0.2521,-0.1287,1.6165
12.44820915,-0.088,-0.1952,1.1498
12.45700884,0.0384,-0.2653,0.9172
12.4670043,0.0563,-0.2962,0.7016
12.48519553,0.1197,-0.3155,0.6135
12.48826703,0.1495,-0.2785,0.6441
12.50533961,0.1601,-0.1661,0.7005
12.50785953,0.1162,-0.0451,0.7859
12.51710134,0.0508,0.0398,0.8892
12.52821288,-0.0195,0.14,0.9289
12.5371393,-0.002,0.1154,0.9326
12.54790468,-0.0569,0.1623,1.0035
12.55708815,-0.1324,0.2449,1.0084
12.56727761,-0.1445,0.2419,0.9646
12.58500038,-0.1313,0.209,0.881
12.58717384,-0.1107,0.1544,0.7746
12.60226061,-0.0966,0.0956,0.6467
12.60732665,-0.1014,-0.0116,0.5194
12.61714407,-0.1151,-0.1042,0.4341
12.6317038,-0.1452,-0.1952,0.3919
12.63733176,-0.1652,-0.2191,0.3955
12.64705245,-0.1873,-0.2465,0.4324
12.65736218,-0.1876,-0.2307,0.483
12.6670493,-0.1677,-0.1968,0.5945
12.68999403,-0.1401,-0.1355,0.7164
12.69248426,-0.1308,-0.0613,0.8927
12.69882991,-0.1388,0.0282,1.0808
12.7080268,-0.1816,0.1036,1.2931
12.71709788,-0.214,0.1589,1.4305
12.72798488,-0.251,0.1575,1.4528
12.73677153,-0.3145,0.0556,1.3539
12.74684191,-0.402,-0.1064,1.2428
12.75682088,-0.4887,-0.2332,1.2153
12.76682484,-0.5454,-0.2785,1.201
12.78295061,-0.5912,-0.2764,1.1606
12.80281461,-0.527,-0.1689,1.0302
12.80708215,-0.3086,-0.0057,1.0304
12.81732191,0.1327,-0.0586,0.9265
12.82814365,0.4522,-0.2088,1.0293
12.8380043,0.4365,-0.3615,1.3295
12.84704965,0.2095,-0.3358,1.651
12.85731165,0.0998,-0.2166,1.8395
12.8670928,0.15,-0.2139,1.8286
12.8861353,0.2623,-0.1853,1.6316
12.88837941,0.3662,-0.069,1.3268
12.90795595,0.4595,0.0327,1.0506
12.90992722,0.4573,0.1783,0.8462
12.91704011,0.4258,0.306,0.7272
12.93270815,0.3081,0.4322,0.7664
12.93678784,0.1482,0.467,0.8763
12.94673922,0.0021,0.409,1.0368
12.95690588,-0.1363,0.2563,1.1649
12.96669622,-0.0829,0.1684,1.1409
12.9828803,-0.0956,0.0705,1.139
12.98734288,-0.0617,0.0263,1.0971
13.01105291,-0.037,0.0057,1.0851
13.01241976,-0.0266,0.0166,1.0459
13.01697149,-0.0408,0.0155,1.0199
13.02811949,-0.0556,-0.0137,0.9788
13.03703399,-0.0843,-0.0373,0.9302
13.04700057,-0.0844,-0.0618,0.8741
13.05692838,-0.081,-0.0726,0.7917
13.06690703,-0.0744,-0.0564,0.7387
13.08194599,-0.0437,-0.0358,0.6722
13.08710168,-0.0514,-0.0159,0.6306
13.09969003,-0.0905,0.0087,0.6018
13.10725334,-0.1081,0.0531,0.6181
13.11679372,-0.1256,0.1009,0.6291
13.12700068,-0.1491,0.1648,0.6872
13.13680822,-0.1636,0.2226,0.7236
13.14702376,-0.1467,0.2305,0.7141
13.15703038,-0.1143,0.2074,0.6789
13.16902234,-0.0855,0.1526,0.6444
13.18914399,-0.0632,0.0831,0.6428
13.19122511,-0.0514,0.0026,0.68
13.20771976,-0.0757,-0.0679,0.7649
13.20951457,-0.1351,-0.1212,0.9069
13.21684595,-0.2096,-0.1313,1.0679
13.22784057,-0.2746,-0.1033,1.2207
13.23727211,-0.3036,-0.0539,1.3333
13.24698657,-0.3036,0.0233,1.3318
13.25702657,-0.2919,0.2436,1.3239
13.26711695,-0.3046,0.3353,1.3171
13.28302815,-0.3345,0.3819,1.3031
13.28724361,-0.3701,0.3805,1.2567
13.30279111,-0.4004,0.336,1.1844
13.30690272,-0.4229,0.2724,1.0968
13.31706972,-0.4212,0.1952,1.033
13.32970849,-0.3403,0.122,1.0373
13.33706276,-0.1395,0.085,1.1178
13.34732226,0.1286,0.1663,1.222
13.35683691,0.3986,0.2585,1.3432
13.36709215,0.5112,0.1633,1.4803
13.38494668,0.3511,-0.0487,1.6188
13.38716976,0.1794,-0.1965,1.6662
13.40107841,0.0864,-0.2585,1.528
13.40700084,0.0199,-0.2769,1.3199
13.41690018,-0.005,-0.2938,1.0632
13.42917784,-0.0332,-0.3467,0.8299
13.43712741,-0.0697,-0.4107,0.672
13.44710915,-0.0869,-0.4537,0.6159
13.45696261,-0.0726,-0.3707,0.665
13.46695603,-0.0434,-0.1917,0.7493
13.48186799,-0.0089,-0.0033,0.8949
13.48720718,-0.005,0.1165,1.031
13.50252391,-0.0092,0.209,1.13
13.51775199,-0.0087,0.2985,1.1886
13.52036545,-0.0526,0.3303,1.2495
13.52772999,-0.0849,0.374,1.2443
13.53684126,-0.0842,0.366,1.1923
13.54741845,-0.0934,0.3143,1.1021
13.55997226,-0.0823,0.2625,0.9797
13.56772465,-0.0859,0.195,0.852
13.57696126,-0.0839,0.1196,0.7547
13.58696988,-0.0969,0.0655,0.6721
13.60046661,-0.0759,0.014,0.5885
13.60686453,-0.1151,-0.0623,0.5415
13.62074453,-0.1491,-0.1429,0.5064
13.63220111,-0.1774,-0.209,0.4808
13.63696368,-0.2049,-0.2639,0.4489
13.64680345,-0.2085,-0.254,0.4218
13.65682399,-0.1997,-0.2086,0.4219
13.66694072,-0.2077,-0.1631,0.4621
13.68268499,-0.1813,-0.0999,0.4914
13.68697745,-0.165,-0.0396,0.5545
13.70183884,-0.1234,0.0167,0.6111
13.70690326,-0.0933,0.0838,0.664
13.71703661,-0.0431,0.1389,0.7411
13.7270538,-0.0087,0.1907,0.844
13.73694799,-0.0075,0.1997,1.0126
13.7468778,-0.0457,0.1682,1.2162
13.75685603,-0.1364,0.1019,1.416
13.7668933,-0.2521,-0.0001,1.6017
13.78548314,-0.3733,-0.1375,1.7134
13.7878538,-0.4764,-0.2786,1.7145
13.81063303,-0.5509,-0.3801,1.6364
13.81299107,-0.5855,-0.4183,1.5059
13.81698022,-0.58,-0.3836,1.3056
13.82722641,-0.5553,-0.2966,1.1132
13.83688857,-0.5199,-0.1829,0.949
13.84690399,-0.5133,-0.1011,0.8477
13.85726103,-0.3607,-0.0115,0.7751
13.86714303,-0.0496,0.0247,0.8437
13.88721988,0.2591,-0.0336,0.9654
13.88919941,0.2912,-0.0222,1.3434
13.90830414,0.0534,-0.0474,1.8018
13.91033711,-0.0132,-0.0495,2.0709
13.91725122,0.0298,-0.0828,2.0297
13.92745814,0.1109,-0.1302,1.737
13.93721461,0.1831,-0.1329,1.4511
13.9474208,0.2696,-0.0779,0.8317
13.95741872,0.3574,0.1313,0.5841
13.96729607,0.3299,0.2452,0.4185
13.98307688,0.2448,0.3127,0.3599
13.98773422,0.1201,0.2825,0.4826
14.00332172,0.0222,0.194,0.6497
14.00740218,-0.069,0.0622,0.815
14.01740738,-0.1279,-0.0395,1.0081
14.02823876,-0.1196,-0.1098,1.1096
14.03724134,-0.1026,-0.1345,1.1765
14.04744711,-0.0931,-0.1386,1.2182
14.05740749,-0.0942,-0.1195,1.224
14.0671278,-0.0914,-0.0789,1.2038
14.08311014,-0.1114,-0.0344,1.1404
14.08734084,-0.0999,0.0034,1.0294
14.10816964,-0.1015,0.0392,0.9099
14.10953672,-0.0632,0.0853,0.7845
14.11695214,-0.0561,0.1253,0.675
14.12839507,-0.0398,0.1589,0.6
14.13709491,-0.0338,0.1853,0.5232
14.14745641,-0.0469,0.1891,0.5073
14.16179011,-0.0619,0.1743,0.5046
14.16716149,-0.0904,0.1537,0.5071
14.17780976,-0.128,0.1471,0.5299
14.18724164,-0.1526,0.1479,0.5662
14.19886199,-0.1659,0.1351,0.6248
14.22059649,-0.1825,0.0919,0.7009
14.22301961,-0.2081,0.0237,0.8144
14.23284495,-0.2449,-0.0508,0.9324
14.2372448,-0.2779,-0.1138,1.0654
14.24736207,-0.2966,-0.1435,1.1776
14.25934803,-0.2836,-0.1305,1.27
14.26734753,-0.2587,-0.0849,1.2964
14.27742088,-0.2337,-0.0308,1.2425
14.2868848,-0.2152,0.0275,1.1441
14.30049426,-0.2039,0.1137,1.0654
14.32228545,-0.2178,0.2154,1.0357
14.32531361,-0.2632,0.3128,1.0608
14.32827253,-0.3544,0.3837,1.1197
14.33722084,-0.4328,0.3972,1.1668
14.34741991,-0.4494,0.3795,1.1944
14.35897707,-0.3365,0.3243,1.246
14.36708203,-0.0489,0.3814,1.3709
14.37737995,0.3776,0.4931,1.426
14.38722218,0.5727,0.3965,1.6085
14.40040399,0.4289,0.1873,1.846
14.42540441,0.1482,-0.0022,2.022
14.4278478,-0.0336,-0.0676,1.9811
14.42902422,-0.0965,-0.092,1.7259
14.43722272,-0.1116,-0.1765,1.4192
14.44746103,-0.0969,-0.3501,1.023
14.45891472,-0.0837,-0.5972,0.6606
14.46721838,-0.0359,-0.742,0.4266
14.47866738,-0.018,-0.8046,0.3248
14.48759526,0.0044,-0.7824,0.4494
14.50534868,0.0001,-0.5073,0.686
14.50896049,-0.0031,-0.2005,0.9107
14.5171488,-0.064,0.2281,1.1892
14.53344418,-0.009,-0.0077,1.1035
14.53720768,-0.1292,0.1975,1.2606
14.54707307,-0.2118,0.2853,1.3212
14.55876814,-0.2238,0.3349,1.2333
14.56707138,-0.194,0.3292,1.1392
14.57699872,-0.1529,0.2968,0.9738
14.58712145,-0.1234,0.2438,0.8438
14.6048313,-0.0763,0.203,0.6907
14.61198299,-0.0217,0.1509,0.5582
14.61715707,-0.0088,0.0999,0.4412
14.64174257,0.006,0.0421,0.345
14.6433273,0.002,-0.0247,0.2897
14.65174268,-0.0707,-0.1415,0.2853
14.66721334,-0.1743,-0.1082,0.5023
14.68294684,-0.2654,-0.0716,0.6897
14.68730211,-0.2946,-0.0678,0.8082
14.70936637,-0.3165,-0.0898,0.8838
14.71132737,-0.3268,-0.1093,0.9447
14.7174008,-0.2995,-0.1116,0.9604
14.7271968,-0.2703,-0.097,0.9527
14.73704476,-0.2125,-0.0676,0.9675
14.74702511,-0.1617,-0.0258,0.9787
14.75708541,-0.1207,0.0305,1.029
14.76722534,-0.113,0.1008,1.1238
14.77738749,-0.1389,0.1538,1.2434
14.78724761,-0.1918,0.1523,1.3624
14.79682584,-0.2846,0.0421,1.4432
14.81775384,-0.4031,-0.1374,1.473
14.81935611,-0.5403,-0.2935,1.4943
14.82779149,-0.644,-0.3607,1.4848
14.8370318,-0.6699,-0.3533,1.4049
14.84690926,-0.6264,-0.2981,1.2835
14.86037703,-0.4246,-0.252,1.1884
14.86671587,-0.0795,-0.329,1.0861
14.87720107,0.2775,-0.4471,1.101
14.88971541,0.3838,-0.3909,1.3779
14.91335699,-0.005,-0.1036,1.9493
14.91769622,-0.1353,-0.0176,1.9938
14.93635099,-0.1694,-0.0147,1.8489
14.93863899,-0.0578,0.0076,1.5011
14.94694495,0.1491,0.1328,1.114
14.95795064,0.3513,0.2823,0.7839
14.96694076,0.4827,0.386,0.5453
14.97738837,0.4788,0.4542,0.4176
14.98703522,0.423,0.503,0.35
14.99833695,0.3156,0.4505,0.4274
15.02313934,0.1868,0.2932,0.6049
15.02486991,0.0412,0.0917,0.819
15.02687953,-0.1011,-0.0783,1.0002
15.03701811,-0.193,-0.1873,1.1517
15.04711564,-0.2226,-0.2494,1.1739
15.05799826,-0.268,-0.2595,1.2278
15.06694437,-0.2067,-0.2101,1.2037
15.07694011,-0.1832,-0.1753,1.1837
15.08697553,-0.1462,-0.13,1.1316
15.09710611,-0.1141,-0.0779,1.0423
15.11794741,-0.0788,-0.0375,0.9169
15.11952776,-0.0551,-0.0024,0.7693
15.13127368,-0.0187,0.038,0.6545
15.13703757,-0.0128,0.0706,0.5287
15.14700861,-0.0136,0.1009,0.4617
15.15790137,-0.0308,0.118,0.4336
15.1670333,-0.0855,0.1217,0.4735
15.17691214,-0.1539,0.1214,0.5564
15.18719372,-0.2167,0.1322,0.6644
15.19718026,-0.2807,0.1654,0.7636
15.22252276,-0.3038,0.195,0.788
15.22410649,-0.2524,0.205,0.7008
15.22747807,-0.1661,0.1689,0.61
15.23703626,-0.1373,0.091,0.5654
15.24715111,-0.08,0.0097,0.5852
15.25705457,-0.0771,-0.0634,0.6836
15.26706053,-0.1187,-0.1113,0.8491
15.27731907,-0.1699,-0.1416,1.0793
15.28730822,-0.2444,-0.1327,1.2796
15.29836749,-0.2963,-0.085,1.4101
15.3195858,-0.3293,-0.0112,1.4555
15.32186084,-0.3349,0.0886,1.4344
15.32742537,-0.3341,0.1956,1.3888
15.33723826,-0.3498,0.2852,1.3387
15.3470118,-0.3884,0.3391,1.3146
15.35805399,-0.4656,0.3266,1.2534
15.3671413,-0.4008,0.2687,1.1904
15.37720414,-0.1648,0.2303,1.2323
15.38713753,0.1457,0.3263,1.3226
15.40068407,0.4184,0.3845,1.4065
15.4267263,0.4296,0.32,1.618
15.42927211,0.2621,0.1451,1.8314
15.43190384,0.0749,0.023,1.8736
15.43717141,-0.0487,-0.0523,1.7894
15.4470803,-0.0622,-0.124,1.5836
15.45811303,-0.0266,-0.207,1.2721
15.46708503,0.0043,-0.3105,0.959
15.47727457,0.0486,-0.4016,0.6932
15.48728907,0.118,-0.4803,0.5097
15.49764961,0.1603,-0.5143,0.402
15.5247808,0.1099,-0.5278,0.4076
15.52743111,0.0531,-0.3941,0.5944
15.52864095,-0.0194,-0.2146,0.7703
15.53739037,-0.0751,-0.0502,0.9196
15.54724549,-0.1159,0.0798,1.0708
15.55706226,-0.1507,0.1768,1.2027
15.56698334,-0.1672,0.2294,1.266
15.57711299,-0.2262,0.1978,1.292
15.58753734,-0.2029,0.1834,1.2236
15.59955811,-0.1867,0.1638,1.0903
15.62235718,-0.1459,0.155,0.9591
15.62392584,-0.1186,0.1277,0.7909
15.62721599,-0.0541,0.1099,0.6495
15.63814172,-0.0145,0.0799,0.5104
15.64746322,-0.0215,0.042,0.3809
15.65722099,-0.0128,0.0038,0.3293
15.66705161,-0.0186,-0.0358,0.2667
15.67713253,-0.0492,-0.0755,0.2624
15.68857418,-0.0877,-0.0877,0.2867
15.7012688,-0.1357,-0.0801,0.3691
15.72477049,-0.1785,-0.054,0.4876
15.7272728,-0.2204,-0.0409,0.6257
15.72874918,-0.257,-0.0528,0.7464
15.73716214,-0.2612,-0.0878,0.8524
15.74713137,-0.2415,-0.1125,0.9236
15.75823387,-0.214,-0.1228,0.9909
15.76726411,-0.1703,-0.1096,1.0651
15.7770631,-0.1319,-0.0777,1.1463
15.78755645,-0.1131,-0.0281,1.2511
15.79906441,-0.1397,0.0348,1.379
15.82734334,-0.2134,0.0977,1.5204
15.82903068,-0.3279,0.143,1.6486
15.83088826,-0.4374,0.1349,1.7088
15.83707457,-0.5284,0.0599,1.6904
15.8470468,-0.5767,-0.0596,1.5906
15.85854457,-0.5982,-0.1545,1.4536
15.8672051,-0.5771,-0.1736,1.3156
15.87716891,-0.511,-0.1207,1.1857
15.89415484,-0.3341,-0.0718,1.1016
15.89703207,-0.0425,-0.1018,1.0662
15.91598484,0.1179,-0.1931,1.1131
15.9186436,0.1103,-0.2491,1.3962
15.9270856,0.0654,-0.2287,1.6654
15.93706737,0.0221,-0.1342,1.7911
15.94700737,0.0035,-0.0401,1.7452
15.95842626,0.0227,-0.0195,1.543
15.96740226,0.1439,-0.0073,1.2799
15.97719384,0.2532,0.0073,0.9936
16.00137634,0.3569,0.0305,0.7027
16.0036923,0.4312,0.0771,0.4582
16.02890626,0.4178,0.1225,0.3215
16.03156699,0.3272,0.1412,0.3481
16.0330701,0.1736,0.1048,0.5472
16.03954107,0.0663,0.0308,0.7807
16.04733499,-0.0705,-0.0578,0.9154
16.05727341,-0.2121,-0.2019,1.1837
16.06780234,-0.216,-0.2249,1.221
16.07740791,-0.1766,-0.2012,1.1977
16.09741726,-0.1367,-0.1703,1.1335
16.09943453,-0.0839,-0.1138,1.0368
16.13139768,-0.0536,-0.0605,0.9209
16.13295637,-0.043,-0.0162,0.8076
16.13412664,-0.0359,0.0128,0.7125
16.14257118,-0.0268,0.0497,0.6301
16.14724203,-0.0228,0.0766,0.5507
16.15853995,0.0017,0.1066,0.5261
16.1670388,0.0224,0.1267,0.4915
16.17746399,-0.0011,0.14,0.4922
16.19849787,-0.0349,0.1309,0.5299
16.20012341,-0.0822,0.117,0.5856
16.23154014,-0.1517,0.1114,0.6639
16.23297595,-0.2185,0.1214,0.771
16.2342148,-0.2758,0.1524,0.8526
16.2419071,-0.2866,0.1821,0.8954
16.24713645,-0.2569,0.187,0.9045
16.25832091,-0.2179,0.1527,0.8995
16.26739776,-0.1705,0.0965,0.8976
16.27754099,-0.1341,0.036,0.9171
16.2960963,-0.1287,-0.0148,0.9659
16.29826837,-0.1626,-0.0523,1.0497
16.32272907,-0.2163,-0.0559,1.1447
16.32425318,-0.2731,-0.0075,1.2289
16.32711034,-0.3174,0.0613,1.2761
16.3409576,-0.3473,0.13,1.3139
16.34713672,-0.3771,0.1799,1.3423
16.35714972,-0.4143,0.2035,1.373
16.36731326,-0.4452,0.2156,1.4052
16.37720249,-0.4857,0.2177,1.4208
16.39553718,-0.5178,0.2101,1.4051
16.39829253,-0.4281,0.1945,1.3929
16.42371545,-0.0989,0.2456,1.4826
16.42543384,0.288,0.4856,1.5543
16.42806368,0.529,0.5762,1.4633
16.43925926,0.3827,0.4179,1.516
16.44715626,0.0909,0.2011,1.6651
16.45711345,-0.0867,0.0335,1.7006
16.46815241,-0.0451,-0.0597,1.52
16.4771821,0.0788,-0.1342,1.2896
16.50207303,0.1432,-0.209,1.0367
16.50510603,0.1505,-0.2967,0.7923
16.5072153,0.1571,-0.3878,0.5581
16.51747791,0.1808,-0.4205,0.4332
16.53146476,0.1201,-0.4115,0.3871
16.54204568,0.1637,-0.3604,0.4356
16.54714791,0.1132,-0.2312,0.6143
16.55723749,0.0304,-0.096,0.7914
16.56729676,-0.0834,0.045,0.9822
16.57715822,-0.1761,0.1506,1.1671
16.59571876,-0.2185,0.2056,1.2925
16.59819514,-0.2432,0.222,1.3377
16.62502195,-0.2182,0.2281,1.2756
16.62705722,-0.161,0.2318,1.1333
16.62831768,-0.109,0.2199,0.9773
16.6386618,-0.0462,0.1956,0.8139
16.64735764,-0.0086,0.1494,0.6621
16.6573103,0.0355,0.1104,0.5469
16.66730791,0.0264,0.0592,0.4294
16.67724653,0.0376,-0.0021,0.3596
16.69797234,0.0028,-0.0513,0.3233
16.6998676,-0.0299,-0.0779,0.2976
16.72929837,-0.0656,-0.1224,0.2993
16.73433603,-0.1019,-0.1582,0.3324
16.73570353,-0.1616,-0.1713,0.396
16.73813587,-0.2075,-0.1639,0.5226
16.74773549,-0.3095,-0.1495,0.7825
16.75721214,-0.3064,-0.1499,0.8635
16.76727272,-0.3082,-0.1435,0.9654
16.77692826,-0.2387,-0.0757,1.0117
16.7942926,-0.1494,0.0133,1.0487
16.79749541,-0.0892,0.0871,1.1146
16.82426941,-0.075,0.1179,1.2267
16.82595318,-0.1063,0.0955,1.355
16.8284841,-0.1929,0.0663,1.4647
16.83811591,-0.2992,0.0368,1.5103
16.84727622,-0.3982,-0.0173,1.4875
16.85713064,-0.4891,-0.0937,1.3994
16.86760357,-0.5591,-0.1847,1.3089
16.87703222,-0.607,-0.2586,1.2232
16.89342926,-0.6168,-0.2864,1.1528
16.89730864,-0.5873,-0.2532,1.1004
16.9208451,-0.4881,-0.1892,1.0767
16.92339057,-0.2222,-0.1391,1.1072
16.92722914,0.085,-0.1997,1.1486
16.93790226,0.1614,-0.2117,1.3671
16.94777433,0.0432,-0.1049,1.7556
16.95700037,0.0232,-0.0122,2.0353
16.96721237,0.0458,0.0827,2.0345
16.97717776,0.0457,0.0754,1.9264
16.99499733,0.0721,-0.009,1.6059
16.99782133,0.1306,-0.048,1.2638
17.02321987,0.2157,-0.0045,0.9654
17.02477653,0.3023,0.0864,0.6896
17.02729318,0.3684,0.1825,0.4573
17.04007076,0.3894,0.241,0.304
17.0476723,0.2981,0.2242,0.2955
17.05706699,0.2421,0.1769,0.3862
17.06710622,0.1372,0.0832,0.5629
17.0770581,0.0401,-0.009,0.7379
17.09425345,-0.0333,-0.0949,0.8911
17.09752987,-0.0853,-0.1576,0.9871
17.12210468,-0.1351,-0.2006,1.0709
17.12389603,-0.1628,-0.2007,1.1179
17.12737968,-0.1384,-0.193,1.1016
17.13735172,-0.1397,-0.1461,1.103
17.14721041,-0.1186,-0.0739,1.061
17.15795195,-0.0855,-0.0144,0.9824
17.16704745,-0.0558,0.0342,0.884
17.1770753,-0.0275,0.0963,0.7967
17.19401083,-0.0148,0.1483,0.7119
17.19731787,-0.0024,0.1835,0.6469
17.2233586,-0.015,0.204,0.6199
17.22524422,-0.0177,0.2271,0.6033
17.22775976,-0.1024,0.2023,0.6313
17.23709741,-0.1667,0.1814,0.6717
17.24716541,-0.207,0.1655,0.7075
17.25713553,-0.2553,0.1401,0.7699
17.26700933,-0.2841,0.1264,0.7773
17.27714441,-0.2676,0.1207,0.7398
17.29558083,-0.2215,0.0967,0.7102
17.29847276,-0.1786,0.0502,0.6727
17.32497957,-0.1341,-0.0169,0.703
17.32737091,-0.1125,-0.0761,0.76
17.32851876,-0.1159,-0.1346,0.8543
17.33741199,-0.1551,-0.1737,1.0002
17.3471708,-0.1904,-0.1719,1.1756
17.35720599,-0.2155,-0.1322,1.2965
17.36698826,-0.2411,-0.0649,1.3615
17.37725933,-0.2707,0.0365,1.3709
17.39498441,-0.2951,0.1571,1.346
17.39788572,-0.3348,0.2781,1.3076
17.42549264,-0.387,0.3737,1.2805
17.42823264,-0.4485,0.4207,1.243
17.42916695,-0.4841,0.4135,1.1857
17.43705337,-0.4831,0.3646,1.1315
17.44725783,-0.3775,0.2829,1.1416
17.45743176,0.1807,0.2868,1.2921
17.46727633,0.3583,0.2508,1.4116
17.47695526,0.2973,0.1477,1.7263
17.49412564,0.1964,0.0534,1.8858
17.49735445,0.117,-0.03,1.859
17.52645891,0.0899,-0.1004,1.6955
17.52840014,0.0712,-0.154,1.5007
17.52944057,0.0912,-0.2079,1.2394
17.5381671,0.097,-0.2778,0.9815
17.54713364,0.0836,-0.3489,0.7289
17.55715564,0.0524,-0.4098,0.5184
17.56839868,-0.0026,-0.4576,0.3794
17.57705857,-0.0556,-0.474,0.3678
17.59329753,-0.0914,-0.4009,0.4516
17.59737064,-0.1283,-0.2628,0.6219
17.62307376,-0.1302,-0.1093,0.7554
17.62459322,-0.1141,0.0127,0.873
17.62742057,-0.0798,0.1135,0.9572
17.63782657,-0.1163,0.1579,1.0368
17.64701068,-0.0901,0.1915,1.0432
17.65769857,-0.0732,0.1812,0.9957
17.66739337,-0.06,0.1642,0.944
17.67717545,-0.0581,0.1459,0.8576
17.6928938,-0.0385,0.1437,0.7715
17.69745468,-0.016,0.1418,0.6777
17.7206231,-0.0131,0.1222,0.6205
17.72243714,-0.0216,0.0704,0.5505
17.72738395,-0.0395,0.0189,0.4968
17.73737553,-0.0997,-0.0643,0.4928
17.74717537,-0.1495,-0.1071,0.5262
17.75717403,-0.2165,-0.1491,0.6128
17.76857937,-0.2663,-0.1666,0.7119
17.77694968,-0.3213,-0.177,0.8326
17.78715083,-0.3461,-0.1676,0.9181
17.79695868,-0.3517,-0.1556,0.9722
17.80884426,-0.3373,-0.1308,0.9755
17.8354186,-0.3057,-0.0996,0.9965
17.83752703,-0.257,-0.0612,1.0276
17.83853326,-0.1958,-0.0169,1.0786
17.8469068,-0.1571,0.037,1.1407
17.85711872,-0.156,0.0783,1.2257
17.86913033,-0.1877,0.122,1.3108
17.87704872,-0.248,0.1457,1.3599
17.88700953,-0.3191,0.111,1.3434
17.89698418,-0.3919,0.0173,1.2978
17.90929668,-0.5031,-0.0956,1.2815
17.93469356,-0.5731,-0.1695,1.2736
17.93754733,-0.6043,-0.1739,1.2572
17.93883103,-0.5283,-0.1658,1.2131
17.9470273,-0.2628,-0.2161,1.1976
17.95750676,0.0235,-0.3602,1.2348
17.96911041,0.1234,-0.3808,1.4635
17.97751456,0.1286,-0.2818,1.7914
17.98742337,0.1145,-0.1809,1.9431
17.9971433,0.0878,-0.104,1.9047
18.01190549,0.0341,-0.112,1.7555
18.0545748,0.0214,-0.1419,1.4701
18.0570548,0.0756,-0.085,1.1688
18.0582278,0.1854,0.0193,0.8548
18.0591998,0.2902,0.1302,0.5513
18.06014545,0.3626,0.2303,0.3346
18.06929003,0.3547,0.288,0.2814
18.0771591,0.256,0.2551,0.4033
18.08740849,0.1809,0.1683,0.5773
18.0970308,0.0553,0.0387,0.8313
18.10916726,-0.0591,-0.0992,1.021
18.14074649,-0.1517,-0.2156,1.1581
18.14245906,-0.2063,-0.2696,1.2217
18.14376322,-0.2256,-0.3038,1.2267
18.14776603,-0.2168,-0.2949,1.1801
18.15708349,-0.1604,-0.206,1.0378
18.1684916,-0.1213,-0.1434,0.9274
18.17706326,-0.0807,-0.0733,0.8109
18.18719726,-0.0414,-0.0128,0.7062
18.1970876,0.0009,0.0451,0.5975
18.21047953,0.0144,0.101,0.529
18.2447321,0.0314,0.1429,0.4379
18.24783668,0.0627,0.1863,0.417
18.24890176,0.0485,0.2117,0.4101
18.2511698,-0.0022,0.2253,0.4621
18.25727176,-0.0793,0.2406,0.5697
18.26924395,-0.1748,0.245,0.7021
18.27700806,-0.2608,0.2358,0.8359
18.28749056,-0.3017,0.2194,0.9163
18.29698583,-0.3025,0.1851,0.9301
18.31125649,-0.2741,0.1391,0.9107
18.34767799,-0.232,0.0849,0.889
18.34948276,-0.1898,0.0336,0.8929
18.3506476,-0.1496,-0.0065,0.9038
18.35145295,-0.1353,-0.0359,0.9413
18.35703195,-0.1314,-0.0558,1.0166
18.36821533,-0.1222,-0.052,1.0999
18.37708095,-0.1283,-0.0368,1.1728
18.38743199,-0.1397,-0.0093,1.2015
18.39741341,-0.1722,0.0464,1.1955
18.41334626,-0.2281,0.1355,1.2133
18.45021526,-0.3059,0.232,1.2612
18.45196737,-0.4085,0.2999,1.3337
18.4550146,-0.5094,0.3452,1.4074
18.45650722,-0.5496,0.3276,1.4066
18.45862703,-0.4694,0.2736,1.409
18.47058018,-0.2359,0.2856,1.4899
18.47719499,0.0605,0.4457,1.5535
18.48728603,0.2695,0.4106,1.5446
18.49739968,0.187,0.1732,1.6834
18.5103841,0.1044,0.0263,1.8395
18.54344672,0.0654,-0.041,1.797
18.54529922,0.0409,-0.0877,1.6566
18.54719849,0.0329,-0.0961,1.4766
18.5481758,0.0452,-0.1495,1.2412
18.55727826,0.0509,-0.2459,0.9778
18.56812095,0.057,-0.293,0.7707
18.57716749,0.0932,-0.3509,0.5707
18.58717803,0.098,-0.4059,0.3935
18.59718899,0.1639,-0.4632,0.3365
18.61005276,0.1735,-0.4647,0.3149
18.6431576,0.0831,-0.3884,0.3888
18.64469818,0.0018,-0.1873,0.6034
18.64594753,-0.0597,-0.0154,0.7726
18.64794237,-0.1228,0.1101,0.946
18.65742187,-0.1509,0.2097,1.0824
18.66921145,-0.1682,0.2516,1.1843
18.67712172,-0.1544,0.2668,1.2287
18.68734233,-0.1587,0.2128,1.2039
18.69726056,-0.1557,0.211,1.1489
18.70806741,-0.1242,0.1892,1.0341
18.73294541,-0.0821,0.1543,0.8793
18.73468837,-0.05,0.1052,0.7434
18.73740537,-0.0153,0.0585,0.6089
18.74716103,0.0244,0.0101,0.4907
18.75723799,-0.0403,-0.0507,0.4156
18.76725991,-0.0489,-0.0854,0.3869
18.7771576,-0.0821,-0.1416,0.3777
18.78717195,-0.1532,-0.2025,0.4322
18.79704626,-0.2292,-0.213,0.5574
18.80993937,-0.2691,-0.1858,0.6731
18.83706706,-0.3022,-0.1636,0.7945
18.83945806,-0.3023,-0.1314,0.8641
18.84094233,-0.2821,-0.1256,0.9008
18.84697899,-0.2435,-0.1126,0.9243
18.85702187,-0.1542,-0.0959,0.9306
18.8684991,-0.1404,-0.0149,1.001
18.87714953,-0.1314,0.0612,1.0828
18.88720749,-0.1586,0.1237,1.2118
18.89692006,-0.1976,0.1747,1.3331
18.90674922,-0.2285,0.1595,1.3967
18.93266003,-0.2675,0.0661,1.3853
18.93385268,-0.3374,-0.0744,1.341
18.93692445,-0.4422,-0.2045,1.3392
18.94809245,-0.5378,-0.279,1.3718
18.9568228,-0.6094,-0.2773,1.4005
18.9675198,-0.6348,-0.2257,1.3839
18.97709591,-0.6116,-0.141,1.3111
18.98702937,-0.4344,-0.08,1.2353
19.00737983,-0.0952,-0.0606,1.1782
19.00844845,0.2202,-0.0986,1.1734
19.03331083,0.3023,-0.132,1.3682
19.03462041,0.2769,-0.1382,1.6304
19.03691645,0.1891,-0.0912,1.7301
19.04720883,0.059,-0.0573,1.7729
19.05736283,0.027,-0.0864,1.6939
19.06898979,0.0986,-0.0697,1.4495
19.07709549,0.2211,0.0042,1.128
19.08708203,0.3261,0.111,0.8153
19.09694168,0.4095,0.2251,0.5811
19.10991383,0.4244,0.3137,0.4623
19.14277595,0.3153,0.3633,0.4977
19.14412872,0.2306,0.3965,0.6061
19.14502506,0.0721,0.32,0.7975
19.14887356,-0.0504,0.1978,0.9551
19.15754768,-0.1229,0.0705,1.0523
19.16962691,-0.1429,-0.0268,1.0847
19.17704556,-0.136,-0.074,1.0835
19.18694837,-0.0961,-0.0836,1.0247
19.1988621,-0.069,-0.043,0.9737
19.20680426,-0.0654,-0.037,0.9091
19.21696006,-0.0595,-0.0421,0.8508
19.22705587,-0.0672,-0.0396,0.7907
19.23709576,-0.0746,-0.0393,0.7439
19.27238041,-0.0873,-0.0266,0.6886
19.27381987,-0.0906,-0.0175,0.6292
19.27454664,-0.0889,0.0053,0.5849
19.2778091,-0.1071,0.0365,0.5607
19.28702272,-0.1278,0.0406,0.542
19.30774076,-0.1941,0.0534,0.6136
19.34066387,-0.2315,0.0687,0.6766
19.34223699,-0.2621,0.112,0.7326
19.3432131,-0.2492,0.159,0.7301
19.34689933,-0.2018,0.1735,0.7272
19.35701776,-0.1678,0.1459,0.7194
19.36692876,-0.1393,0.0895,0.7567
19.3769836,-0.1406,0.0138,0.8292
19.38704518,-0.1601,-0.0518,0.926
19.39746545,-0.2051,-0.0981,1.0538
19.40805799,-0.2554,-0.1211,1.1977
19.43438095,-0.2929,-0.1148,1.3011
19.43614095,-0.2923,-0.0639,1.3338
19.43802226,-0.2744,0.0341,1.3152
19.4470336,-0.2581,0.1637,1.273
19.4571191,-0.2685,0.2916,1.2534
19.46845122,-0.3356,0.3716,1.2739
19.47743091,-0.4313,0.413,1.3337
19.48712579,-0.5075,0.3964,1.363
19.49704726,-0.525,0.3392,1.3492
19.50689756,-0.4214,0.275,1.3262
19.53575479,-0.1711,0.2614,1.3649
19.53787176,0.1671,0.3092,1.3732
19.53954279,0.3505,0.289,1.7005
19.54692853,0.2714,0.209,1.7864
19.55710579,-0.0017,0.0781,1.7619
19.56685268,-0.004,0.0167,1.6013
19.57678241,0.049,-0.0601,1.3532
19.58716572,0.1074,-0.1741,1.0682
19.59706964,0.136,-0.3075,0.7999
19.6068136,0.168,-0.4417,0.6172
19.63505664,0.1428,-0.5277,0.5309
19.63721076,0.1197,-0.5538,0.5122
19.63881387,0.0506,-0.4785,0.6244
19.64768953,-0.0425,-0.3068,0.7808
19.65687399,-0.1079,-0.1267,0.9314
19.66752353,-0.1593,0.0263,1.0481
19.67734453,-0.1805,0.1352,1.0989
19.68688556,-0.177,0.2425,1.1531
19.70422399,-0.1424,0.1772,1.0939
19.70690179,-0.1548,0.1917,1.0222
19.73084376,-0.1331,0.1964,0.9389
19.73239703,-0.114,0.1913,0.8253
19.73698691,-0.0743,0.1697,0.7476
19.74825756,-0.0423,0.1506,0.6442
19.75738579,-0.022,0.1419,0.5657
19.76690479,-0.0176,0.1302,0.4944
19.77689622,-0.0117,0.09,0.4526
19.78711672,-0.0304,0.0322,0.4258
19.80398187,-0.0743,-0.0242,0.4377
19.80706229,-0.118,-0.0597,0.4737
19.82785295,-0.1681,-0.0899,0.5284
19.82946903,-0.2256,-0.1157,0.6204
19.83690783,-0.2884,-0.1272,0.7274
19.85091791,-0.3079,-0.1564,0.8066
19.85685933,-0.3397,-0.1619,0.8719
19.86692029,-0.3862,-0.2443,0.9287
19.8768091,-0.3524,-0.2448,0.9496
19.88691129,-0.3325,-0.2299,0.9474
19.90486599,-0.2546,-0.1755,0.9165
19.90758514,-0.1798,-0.0978,0.9236
19.93339622,-0.1328,-0.0145,0.9558
19.93506441,-0.1345,0.0643,1.029
19.93745372,-0.1619,0.1418,1.1353
19.94793141,-0.1995,0.1888,1.241
19.95700849,-0.2474,0.1749,1.32
19.96776887,-0.3299,0.0672,1.3834
19.97692079,-0.4634,-0.088,1.4354
19.98720487,-0.5784,-0.2095,1.4842
20.00591799,-0.6413,-0.268,1.4898
20.00828337,-0.6478,-0.2469,1.4479
20.03574456,-0.5669,-0.1913,1.3656
20.03825583,-0.306,-0.1738,1.3224
20.0393276,0.0425,-0.2536,1.2351
20.04779418,0.1952,-0.2687,1.3151
20.0572061,0.1567,-0.2209,1.5695
20.06720899,0.112,-0.1263,1.8273
20.07697183,0.023,-0.0182,1.9072
20.08713606,-0.074,0.0045,1.8325
20.10488668,-0.0442,-0.0352,1.6121
20.10759037,0.0542,-0.0131,1.273
20.13442668,0.176,0.0539,0.9295
20.13606645,0.3111,0.1355,0.6279
20.1382501,0.4032,0.2105,0.3673
20.14907426,0.3954,0.2564,0.24
20.15707122,0.2835,0.2467,0.2769
20.16729522,0.2464,0.2166,0.3825
20.17703295,0.0694,0.1141,0.6139
20.18753622,-0.0912,-0.0194,0.8531
20.2058056,-0.1658,-0.1211,1.0657
20.20738933,-0.1962,-0.1891,1.1572
20.24261014,-0.2149,-0.1969,1.2333
20.24468756,-0.1722,-0.1804,1.2152
20.24739745,-0.1474,-0.1439,1.1799
20.24840537,-0.0998,-0.0467,1.0146
20.25699326,-0.0943,0.0066,0.905
20.26747391,-0.0796,0.0548,0.7922
20.2771521,-0.0607,0.1019,0.6845
20.28762956,-0.0489,0.147,0.6006
20.30477845,-0.0304,0.198,0.5352
20.30777079,-0.0759,0.1967,0.4906
20.33520591,-0.0563,0.2029,0.4975
20.33730076,-0.1196,0.1831,0.5378
20.33891976,-0.1823,0.1744,0.6187
20.34811637,-0.2629,0.1775,0.6744
20.3571566,-0.3093,0.1953,0.717
20.36710329,-0.3036,0.1961,0.7122
20.37716176,-0.2728,0.1642,0.6869
20.38707537,-0.2339,0.1098,0.6771
20.40596295,-0.1995,0.0454,0.7057
20.40789487,-0.1818,-0.0086,0.7663
20.44260433,-0.1887,-0.061,0.862
20.44426956,-0.2013,-0.0759,1.0001
20.44576756,-0.2041,-0.0652,1.1416
20.44843137,-0.2009,-0.03,1.2236
20.45741764,-0.2113,0.0308,1.2394
20.46762018,-0.2464,0.1235,1.2411
20.4770771,-0.2899,0.2262,1.2493
20.48705829,-0.3701,0.2907,1.275
20.50811676,-0.4697,0.3242,1.3267
20.51095418,-0.554,0.328,1.3598
20.54674799,-0.5905,0.2939,1.3238
20.54890049,-0.6081,0.2513,1.2617
20.55032491,-0.4663,0.1443,1.1859
20.55111472,-0.2619,0.2041,1.4076
20.55738776,0.1858,0.2562,1.528
20.56719064,0.4262,0.2746,1.5496
20.57722852,0.3167,0.1697,1.6715
20.58715533,0.1754,0.0601,1.6968
20.60739683,0.0793,-0.0635,1.6351
20.6094386,0.0528,-0.1382,1.4668
20.64410149,0.0594,-0.1909,1.2401
20.64690287,0.0772,-0.2433,0.9997
20.64830022,0.0933,-0.3111,0.8199
20.65041341,0.0828,-0.3793,0.723
20.65724726,0.0385,-0.4688,0.6958
20.66733564,-0.0586,-0.4614,0.7758
20.67720395,-0.1532,-0.3409,0.9005
20.68715102,-0.1903,-0.168,1.0109
20.70448799,-0.1901,-0.0149,1.063
20.7074381,-0.1895,0.0634,1.0953
20.7401276,-0.154,0.1419,1.1005
20.74190918,-0.1189,0.2005,1.071
20.74310264,-0.0983,0.2287,0.9697
20.75240491,-0.0592,0.2298,0.8416
20.7571611,-0.0186,0.2201,0.7081
20.76722179,0.0203,0.2041,0.6036
20.77695495,0.0357,0.188,0.4809
20.78741337,0.052,0.1731,0.4106
20.80430014,0.0457,0.1498,0.3602
20.80718633,0.0136,0.1152,0.3731
20.83657533,-0.0275,0.0629,0.3789
20.83845641,-0.089,-0.0222,0.429
20.83949426,-0.1741,-0.1204,0.5145
20.84797795,-0.2533,-0.1874,0.6395
20.85721502,-0.3204,-0.2299,0.768
20.86758914,-0.3717,-0.2454,0.8889
20.87716568,-0.4037,-0.2438,0.9822
20.88751149,-0.4115,-0.2347,1.029
20.90355118,-0.3922,-0.2112,1.0278
20.90743506,-0.339,-0.1721,0.986
20.93784099,-0.2399,-0.1114,0.9354
20.93959172,-0.1485,-0.0233,0.8983
20.94066333,-0.0883,0.0617,0.975
20.95130487,-0.1676,0.1323,1.1116
20.95706745,-0.2428,0.0869,1.2579
20.96702599,-0.313,-0.0029,1.3686
20.97708379,-0.4074,-0.107,1.4153
20.98712087,-0.5132,-0.1964,1.4182
21.00392018,-0.6039,-0.2565,1.4066
21.00711345,-0.6292,-0.2613,1.3377
21.03342222,-0.6026,-0.2051,1.2313
21.03509241,-0.4874,-0.1603,1.1399
21.03727564,-0.2443,-0.1692,1.1562
21.04862183,0.0426,-0.2158,1.1414
21.05727364,0.125,-0.1858,1.3808
21.06701206,0.1099,-0.1466,1.7473
21.0772881,0.0011,-0.0839,1.8707
21.08693914,-0.1331,0.0054,1.815
21.10285122,-0.1951,0.0009,1.63
21.1072756,-0.1454,-0.033,1.3725
21.13746802,0.0453,0.0357,1.0473
21.1389221,0.2673,0.1222,0.7253
21.13977145,0.4445,0.2041,0.4529
21.14833987,0.4991,0.2595,0.3467
21.15714575,0.4169,0.2741,0.4035
21.1670641,0.356,0.2753,0.5642
21.17695091,0.2179,0.1801,0.8033
21.18722137,0.0658,0.0599,1.0461
21.20497202,-0.0746,-0.05,1.198
21.20707752,-0.1836,-0.1277,1.2612
21.23803768,-0.2685,-0.1584,1.3621
21.23949764,-0.2511,-0.141,1.3847
21.24042468,-0.2459,-0.1066,1.4005
21.24861506,-0.2058,-0.0269,1.3234
21.25703806,-0.1714,0.0228,1.1949
21.26711199,-0.1261,0.0547,0.9982
21.2770981,-0.0954,0.0763,0.8215
21.28711849,-0.0591,0.0993,0.6387
21.30462899,-0.0424,0.1297,0.5049
21.30718079,-0.0094,0.1539,0.384
21.33904614,0.0032,0.1537,0.3617
21.34047068,-0.0239,0.1428,0.34
21.34199764,-0.0435,0.1124,0.3972
21.34936699,-0.0936,0.0685,0.4912
21.35698918,-0.1693,0.0397,0.6047
21.36725868,-0.2571,0.0242,0.751
21.37978549,-0.3362,0.0492,0.8782
21.3870196,-0.3742,0.0803,0.9486
21.39701956,-0.3688,0.1,0.9419
21.40714714,-0.3401,0.1049,0.8852
21.42381187,-0.3082,0.0943,0.8204
21.46694822,-0.2664,0.0768,0.7688
21.46924318,-0.2263,0.0461,0.7478
21.47080487,-0.1851,0.0293,0.7446
21.47238172,-0.159,-0.0064,0.7719
21.47398052,-0.1385,-0.0404,0.8254
21.48188456,-0.1228,-0.0489,0.9218
21.48718468,-0.1202,0.0026,1.0558
21.49944756,-0.1522,0.108,1.1801
21.50701622,-0.224,0.2387,1.2793
21.51719799,-0.3387,0.3435,1.3778
21.5369891,-0.4873,0.393,1.4619
21.53883083,-0.6084,0.3667,1.4977
21.56972683,-0.6701,0.2974,1.4815
21.57166168,-0.6842,0.2509,1.4077
21.57322195,-0.608,0.2035,1.3167
21.58094037,-0.4048,0.1699,1.297
21.58712164,-0.0707,0.1368,1.2185
21.59713287,0.088,0.2376,1.3427
21.60727537,0.168,0.1022,1.4641
21.61936187,0.1502,0.0458,1.5684
21.65269325,0.1818,-0.0137,1.4479
21.65430083,0.1818,-0.0137,1.3
21.65526787,0.042,-0.2178,1.1451
21.65743329,-0.0178,-0.3084,0.9773
21.66721441,-0.0552,-0.3902,0.795
21.68136814,-0.0492,-0.4487,0.6737
21.68728287,-0.0439,-0.4658,0.6343
21.69736064,-0.1209,-0.4543,0.6858
21.70707679,-0.1733,-0.3556,0.8321
21.71962829,-0.2167,-0.1939,0.9689
21.75711491,-0.1947,-0.0362,1.0495
21.75927287,-0.1309,0.0834,1.1008
21.76238925,-0.0656,0.1716,1.1023
21.76339887,-0.0618,0.1642,1.0637
21.76814983,-0.0641,0.1975,1.0081
21.77921922,-0.0453,0.211,0.9172
21.78704945,-0.0076,0.2114,0.8095
21.79784249,0.004,0.1984,0.7179
21.80699399,0.045,0.1978,0.6297
21.81718825,0.0399,0.1846,0.5503
21.84040122,0.032,0.1588,0.5071
21.84267891,0.0013,0.1157,0.4981
21.88353945,-0.0468,0.0774,0.5205
21.88532329,-0.0788,0.025,0.524
21.88721837,-0.1224,-0.0194,0.5427
21.88824929,-0.1589,-0.039,0.596
21.88994218,-0.1834,-0.0363,0.6554
21.89784095,-0.1928,-0.0239,0.729
21.90697672,-0.213,-0.0123,0.7808
21.91728718,-0.2292,-0.0109,0.8276
21.93527241,-0.2414,-0.0156,0.8578
21.93717872,-0.2381,-0.0204,0.8775
21.97164029,-0.2001,-0.012,0.8889
21.97380252,-0.1549,0.0112,0.905
21.97492833,-0.1214,0.0336,0.948
21.98367449,-0.1284,0.053,1.0146
21.98691956,-0.1567,0.0606,1.1076
21.99727695,-0.1953,0.0504,1.2407
22.00704687,-0.2295,-0.0002,1.3427
22.01956214,-0.2927,-0.0953,1.4067
22.05123856,-0.3941,-0.2084,1.4236
22.05262345,-0.5238,-0.2993,1.4388
22.05408991,-0.6257,-0.3246,1.4222
22.05712529,-0.6707,-0.2651,1.361
22.06709137,-0.6534,-0.1478,1.2676
22.07787449,-0.578,-0.0872,1.1824
22.08701952,-0.2595,-0.0429,1.1462
22.09701345,0.118,-0.1517,1.1512
22.10711833,0.2974,-0.2073,1.3847
22.11743956,0.2984,-0.2057,1.7276
22.15889502,0.1587,-0.1364,1.9689
22.16092641,0.0307,-0.041,2.0577
22.16237252,-0.0062,-0.0114,2.0183
22.16429964,0.0374,-0.0687,1.6588
22.16720933,0.1335,-0.0561,1.2176
22.18012875,0.273,0.0331,0.8397
22.18726664,0.4077,0.1429,0.5402
22.19712441,0.4562,0.2421,0.3397
22.20738114,0.4058,0.3131,0.313
22.21874975,0.2807,0.2907,0.484
22.25207891,0.1589,0.1958,0.6991
22.25422368,-0.0105,0.0563,0.9282
22.25525006,-0.1275,-0.0862,1.1203
22.2573156,-0.1725,-0.1705,1.1911
22.26717568,-0.2248,-0.2132,1.2638
22.27847029,-0.2061,-0.2145,1.2326
22.28715945,-0.1964,-0.1874,1.198
22.29714175,-0.1672,-0.1342,1.1259
22.30700887,-0.1647,-0.1018,1.0462
22.31771233,-0.1438,-0.07,0.8236
22.35603868,-0.1355,-0.0539,0.8236
22.35824452,-0.0558,0.0696,0.5047
22.35943448,-0.0075,0.1204,0.4383
22.37154241,0.02,0.1603,0.359
22.38331641,0.0159,0.1821,0.3312
22.38695075,0.0151,0.2075,0.3511
22.39713329,-0.127,0.1891,0.4214
22.40732641,-0.1923,0.215,0.5349
22.41997291,-0.2652,0.2383,0.6406
22.44993629,-0.2839,0.2283,0.6727
22.45139852,-0.2569,0.1918,0.6727
22.45239948,-0.2113,0.1352,0.6657
22.45703979,-0.1816,0.0548,0.7202
22.46713448,-0.1461,-0.015,0.7835
22.47698145,-0.1466,-0.0748,0.8664
22.49319422,-0.1847,-0.1268,0.9985
22.50701095,-0.2415,-0.1726,1.296
22.51696733,-0.2604,-0.151,1.3785
22.53512645,-0.2744,-0.0599,1.4225
22.53741245,-0.2959,0.0741,1.4512
22.57267668,-0.3389,0.219,1.4642
22.57470033,-0.4251,0.3218,1.4839
22.57622422,-0.5217,0.3908,1.491
22.57886902,-0.5788,0.3977,1.434
22.5872161,-0.6042,0.3878,1.3368
22.59853175,-0.5901,0.354,1.2159
22.61999002,-0.4349,0.2217,1.0169
22.62189787,-0.3401,0.2821,1.2758
22.65966964,0.0475,0.2289,1.3538
22.66103064,0.3778,0.3434,1.3747
22.66226891,0.4501,0.2812,1.5379
22.66309318,0.3529,0.111,1.7436
22.66713748,0.2548,-0.0705,1.7506
22.67830956,0.195,-0.1943,1.5978
22.68726772,0.1816,-0.2414,1.3825
22.69714372,0.1978,-0.214,1.1337
22.70866929,0.204,-0.2081,0.8867
22.71710098,0.1997,-0.2736,0.7209
22.73630375,0.1531,-0.4035,0.6298
22.73856929,0.069,-0.4749,0.6533
22.77373841,-0.1025,-0.5148,0.8118
22.77574645,-0.2132,-0.3676,0.9638
22.77787787,-0.2553,-0.1874,1.0834
22.77886283,-0.2419,-0.0329,1.1541
22.78708056,-0.173,0.0843,1.1894
22.79713398,-0.1628,0.1361,1.1738
22.8071741,-0.089,0.168,1.0834
22.81700602,-0.0693,0.1885,0.966
22.84764495,-0.0059,0.2044,0.8378
22.8494081,0.0033,0.2237,0.6899
22.85036545,0.0335,0.2256,0.5672
22.85702752,0.0643,0.2263,0.4923
22.86713818,0.0759,0.2083,0.4306
22.87795706,0.0854,0.1614,0.3915
22.8870151,0.0603,0.1176,0.3484
22.8968766,0.0365,0.0485,0.3533
22.90708652,-0.0167,-0.0231,0.3575
22.91703229,-0.0845,-0.0955,0.4051
22.94676964,-0.1382,-0.1385,0.4934
22.94800852,-0.194,-0.1681,0.6131
22.94889387,-0.2336,-0.179,0.7278
22.95683225,-0.2788,-0.1879,0.8409
22.96734333,-0.3174,-0.1726,0.9475
22.97724764,-0.3413,-0.1373,1.0173
22.98687864,-0.3402,-0.0898,1.0548
22.9969611,-0.3046,-0.0478,1.047
23.00705806,-0.2558,-0.0128,1.0095
23.01995537,-0.2064,0.0021,0.9748
23.05033429,-0.1857,-0.0032,0.9593
23.05186945,-0.1654,-0.0362,1.0527
23.05284052,-0.1857,-0.0942,1.153
23.05720756,-0.2805,-0.1746,1.2849
23.06734475,-0.4267,-0.2342,1.4514
23.07849202,-0.5746,-0.2428,1.5871
23.08697929,-0.6773,-0.2024,1.6445
23.09697237,-0.7209,-0.1483,1.6062
23.10714083,-0.6878,-0.1211,1.5253
23.11878448,-0.4209,-0.1411,1.461
23.15067148,-0.0342,-0.2652,1.3594
23.15287041,0.1564,-0.2935,1.4217
23.15385168,0.1124,-0.2729,1.6239
23.16136587,0.1022,-0.2438,1.7842
23.16716741,0.0342,-0.1349,1.8391
23.17706914,-0.0479,-0.0584,1.8024
23.18707822,-0.0358,-0.0644,1.6215
23.19719414,0.0491,-0.0324,1.2805
23.21749456,0.1892,0.0537,0.9483
23.21895383,0.3431,0.1526,0.6341
23.24949779,0.4523,0.235,0.3976
23.25092091,0.472,0.283,0.3039
23.25194179,0.3798,0.2715,0.3575
23.25999333,0.365,0.2586,0.429
23.26701214,0.2003,0.1733,0.644
23.27767587,0.0099,0.0622,0.885
23.28697448,-0.1137,-0.0462,1.0688
23.29707256,-0.1609,-0.119,1.1424
23.31426864,-0.2376,-0.1534,1.2297
23.31713814,-0.2158,-0.1517,1.2355
23.34238483,-0.1853,-0.1298,1.2174
23.34381706,-0.1516,-0.0954,1.1612
23.34701498,-0.1502,-0.0588,1.085
23.36118045,-0.119,-0.0257,0.9677
23.36707918,-0.1037,-0.0081,0.8398
23.37767225,-0.0699,0.0247,0.7147
23.38714433,-0.0366,0.0517,0.5948
23.39745291,-0.0048,0.0726,0.5056
23.41410756,-0.0087,0.077,0.4277
23.41694779,0.001,0.0803,0.398
23.44602379,-0.0271,0.0685,0.3987
23.44827021,-0.0867,0.0491,0.4676
23.44951356,-0.2016,0.0536,0.5932
23.4588141,-0.3231,0.119,0.7614
23.46707995,-0.3899,0.2174,0.8837
23.47786433,-0.4002,0.2487,0.9192
23.48697548,-0.3556,0.2422,0.8701
23.49716633,-0.2919,0.2092,0.793
23.51392006,-0.2157,0.1513,0.7514
23.51693368,-0.1159,0.0875,0.7141
23.54816733,-0.0644,0.0342,0.7109
23.54984175,-0.0608,-0.0326,0.7746
23.55069268,-0.1008,-0.085,0.9143
23.55814737,-0.1587,-0.1044,1.109
23.56712021,-0.2135,-0.0854,1.2664
23.57784768,-0.265,-0.0226,1.3442
23.58691898,-0.3027,0.0812,1.3824
23.59739525,-0.3472,0.2057,1.3701
23.61407875,-0.408,0.2805,1.3351
23.61723014,-0.4754,0.3332,1.3135
23.64804495,-0.5449,0.3276,1.3299
23.64934045,-0.5392,0.2866,1.3326
23.65071241,-0.4054,0.2393,1.3968
23.65911879,-0.1344,0.2844,1.5439
23.66706906,0.1727,0.3731,1.6597
23.67890548,0.2706,0.3065,1.7811
23.68709468,0.1956,0.1779,1.9839
23.69779356,0.0958,0.0579,1.9734
23.7172311,0.0351,-0.0187,1.7834
23.71907479,0.0088,-0.087,1.5383
23.75680645,-0.0087,-0.171,1.2736
23.75875721,-0.032,-0.3749,0.6804
23.76026641,0.0346,-0.423,0.4961
23.7614936,0.0533,-0.4481,0.3196
23.76701041,0.1719,-0.4947,0.28
23.77707698,0.186,-0.5047,0.2849
23.78758214,0.0895,-0.4042,0.4443
23.79715991,-0.0147,-0.1896,0.653
23.81467768,-0.0573,-0.0112,0.8058
23.81723195,-0.0781,0.1383,0.9847
23.85250033,-0.1036,0.2298,1.1182
23.85400937,-0.1393,0.2802,1.2089
23.85488564,-0.1606,0.2773,1.2629
23.86405221,-0.1609,0.2514,1.2237
23.86717937,-0.1555,0.2542,1.1347
23.87691398,-0.1096,0.2639,0.9909
23.88713906,-0.0672,0.2336,0.8396
23.89687475,-0.0652,0.1983,0.6775
23.91268425,-0.009,0.1289,0.5525
23.91723206,-0.0167,0.0321,0.4164
23.94367718,-0.0347,-0.0708,0.3286
23.94481056,-0.0702,-0.1444,0.2917
23.94680179,-0.1236,-0.1902,0.3433
23.95872825,-0.183,-0.2118,0.4503
23.96687418,-0.2415,-0.2081,0.6114
23.97686602,-0.2855,-0.1785,0.7515
23.98761829,-0.3147,-0.1457,0.8736
23.99681418,-0.3512,-0.1328,0.9565
24.01236133,-0.2751,-0.0829,0.9534
24.01701187,-0.3574,-0.1046,1.0155
24.04168071,-0.2784,-0.0777,1.066
24.04296925,-0.2239,-0.0121,1.0901
24.04686975,-0.1779,0.0485,1.1056
24.05690845,-0.1301,0.1098,1.139
24.06688783,-0.1345,0.1362,1.1817
24.07694633,-0.1644,0.0903,1.2392
24.08702106,-0.2652,-0.0144,1.3083
24.09682868,-0.3965,-0.1327,1.3849
24.11276925,-0.532,-0.2309,1.4485
24.11687252,-0.6249,-0.2748,1.4916
24.14693268,-0.6491,-0.2613,1.4513
24.14902321,-0.6541,-0.2083,1.3541
24.15034298,-0.6187,-0.1319,1.2208
24.15717606,-0.5172,-0.0519,1.1071
24.16694106,-0.2348,0.057,1.0742
24.17710725,0.1303,0.0687,1.0528
24.18777895,0.4362,0.0054,1.1969
24.19682183,0.3622,-0.0909,1.5458
24.21263664,0.2298,-0.0528,1.7883
24.21706652,0.0926,0.014,1.913
24.24555621,0.0154,-0.0024,1.8467
24.24722087,0.0717,-0.0187,1.6152
24.24835764,0.1687,0.0321,1.2099
24.25980314,0.2218,0.1158,0.7974
24.26731237,0.2482,0.1875,0.5177
24.27748783,0.2708,0.2367,0.3815
24.28699895,0.2465,0.2626,0.4225
24.29719052,0.1584,0.2637,0.5823
24.31485398,0.0915,0.2503,0.7962
24.31721998,-0.0365,0.1699,0.9857
24.34814179,-0.1294,0.0765,1.1008
24.34953856,-0.1529,-0.0012,1.1404
24.35072587,-0.1892,-0.0492,1.1416
24.36035914,-0.1404,-0.0319,1.0846
24.36703879,-0.1075,-0.0358,0.9894
24.37707233,-0.1021,-0.05,0.906
24.38696006,-0.0898,-0.0663,0.8177
24.39701175,-0.0788,-0.0693,0.74
24.40831137,-0.0826,-0.0564,0.5719
24.4169606,-0.0712,-0.0529,0.5719
24.43045121,-0.0793,-0.0307,0.5051
24.43690337,-0.0911,0.012,0.4289
24.46206837,-0.081,0.0283,0.4283
24.46363764,-0.101,0.0375,0.4536
24.46724268,-0.118,0.0534,0.5159
24.47693452,-0.1667,0.091,0.6083
24.48711029,-0.2122,0.1598,0.7286
24.49685448,-0.2307,0.218,0.8256
24.50789083,-0.2359,0.2361,0.89
24.51692098,-0.2315,0.221,0.9464
24.52942883,-0.2187,0.1825,0.9698
24.53773068,-0.2085,0.1253,0.9952
24.56330294,-0.1953,0.0867,1.0291
24.56471364,-0.2119,0.0519,1.0697
24.56725718,-0.2376,0.0298,1.1122
24.57715875,-0.2477,0.0125,1.1509
24.58742129,-0.243,-0.0011,1.1625
24.59714341,-0.2413,-0.0001,1.1338
24.60701206,-0.2386,0.0463,1.1149
24.61712756,-0.2604,0.1191,1.1115
24.62987479,-0.3271,0.1978,1.1484
24.63716421,-0.4185,0.2586,1.2162
24.67154644,-0.5088,0.2824,1.2991
24.67291521,-0.5878,0.2913,1.3861
24.67414902,-0.6153,0.2614,1.399
24.67723902,-0.6055,0.2177,1.3977
24.68841464,-0.4369,0.1761,1.4348
24.69735106,-0.1212,0.2189,1.5234
24.70777579,0.1599,0.3848,1.6737
24.71691137,0.2435,0.2951,1.7133
24.73265741,0.1888,0.1926,1.8203
24.76912837,0.1423,0.0987,1.7237
24.77475991,0.0904,0.0054,1.5722
24.77650002,0.0906,-0.0704,1.3763
24.77806183,0.0917,-0.1053,1.1728
24.77925744,0.1037,-0.1441,0.9775
24.78980606,0.0941,-0.1979,0.7593
24.79707991,0.1063,-0.2647,0.6009
24.80895194,0.0349,-0.3586,0.4466
24.81708002,0.061,-0.4352,0.4366
24.82706075,0.0324,-0.4823,0.5218
24.83806856,-0.0722,-0.3831,0.6875
24.84832575,-0.1389,-0.2246,0.8435
24.89559629,-0.1728,-0.0839,0.9543
24.89794606,-0.1571,0.1097,1.0819
24.89900302,-0.1716,0.0503,1.1752
24.89991106,-0.2025,0.1027,1.2362
24.90087452,-0.1781,0.1555,1.1972
24.90741429,-0.1345,0.1744,1.0935
24.91711441,-0.1063,0.1807,0.9469
24.92729025,-0.075,0.1813,0.7984
24.93817991,-0.0451,0.1708,0.6762
24.94810941,0.0107,0.1428,0.5731
24.99692979,0.032,0.0909,0.4722
24.99956179,-0.0005,0.0288,0.399
25.00102691,-0.0075,-0.0149,0.3626
25.0026721,-0.0136,-0.0535,0.334
25.0049311,-0.0577,-0.0893,0.3395
25.00965548,-0.1308,-0.1193,0.4245
25.01746268,-0.2135,-0.125,0.5325
25.02814218,-0.2896,-0.1055,0.686
25.04812091,-0.3475,-0.0871,0.8228
25.05008364,-0.3655,-0.0811,0.9411
25.0830201,-0.3469,-0.0738,1.0271
25.08514468,-0.297,-0.048,1.0901
25.08744968,-0.2411,-0.0087,1.1184
25.08825429,-0.2025,0.041,1.1583
25.09698052,-0.2031,0.0729,1.2072
25.10700725,-0.2167,0.0782,1.2529
25.11685498,-0.2395,0.0789,1.2936
25.12887694,-0.2606,0.0332,1.3058
25.16924368,-0.3044,-0.0677,1.2765
25.17076871,-0.3843,-0.1748,1.2782
25.17181514,-0.4787,-0.2133,1.3089
25.17309329,-0.5705,-0.1837,1.3593
25.1770981,-0.6276,-0.1101,1.3627
25.19062041,-0.6286,-0.0486,1.3583
25.19680256,-0.3753,-0.0409,1.3073
25.20684521,-0.1068,-0.1397,1.3185
25.21676298,0.0762,-0.1815,1.3944
25.22910602,0.0633,-0.1766,1.5505
25.27287379,0.1251,-0.134,1.6412
25.27420714,0.1104,-0.1158,1.5841
25.27502533,0.1533,-0.1643,1.4827
25.27573268,0.202,-0.2509,1.2742
25.27698414,0.2196,-0.2582,1.0354
25.28768337,0.2581,-0.1991,0.857
25.29676168,0.3038,-0.1094,0.7233
25.30706994,0.3271,0.0004,0.6694
25.31707775,0.2935,0.0958,0.7255
25.33067656,0.2056,0.1507,0.8766
25.37306479,0.0509,0.1264,1.0558
25.3745041,-0.0875,0.0577,1.2013
25.37569968,-0.1895,-0.0364,1.2753
25.37684494,-0.2325,-0.0974,1.2737
25.37818891,-0.2246,-0.1064,1.219
25.38790102,-0.1732,-0.0777,1.1126
25.39691814,-0.1178,-0.039,0.9832
25.4069171,-0.0788,-0.0159,0.8567
25.41688641,-0.0445,-0.0049,0.7398
25.43019175,-0.0337,0.0037,0.6478
25.47736791,-0.0156,0.011,0.5598
25.47879221,0.0024,0.0194,0.492
25.4795876,0.0156,0.0461,0.4406
25.48054879,0.0071,0.0733,0.3702
25.48154464,0.018,0.1033,0.3678
25.48860225,-0.0128,0.1248,0.3647
25.49693417,-0.0526,0.136,0.4063
25.50692994,-0.1345,0.1594,0.481
25.51699291,-0.2351,0.1936,0.6082
25.52679744,-0.2808,0.2232,0.738
25.56299271,-0.2886,0.2212,0.8171
25.56441014,-0.2684,0.1924,0.8683
25.56521537,-0.2332,0.1394,0.8967
25.56697144,-0.2005,0.0755,0.9304
25.57701098,-0.1918,0.009,0.9661
25.58877591,-0.2036,-0.0386,1.0192
25.59677033,-0.2328,-0.0601,1.068
25.60683883,-0.2698,-0.0585,1.1094
25.61690902,-0.2818,-0.0351,1.1296
25.62796767,-0.2714,0.012,1.1236
25.67003452,-0.2601,0.0876,1.1209
25.67125644,-0.2662,0.1969,1.1391
25.67189237,-0.2882,0.3218,1.1992
25.67273137,-0.3393,0.4214,1.2607
25.67696529,-0.4244,0.474,1.3345
25.68698341,-0.5149,0.4858,1.4045
25.69694929,-0.579,0.4463,1.423
25.70697187,-0.6157,0.3711,1.3725
25.71715029,-0.622,0.2856,1.2831
25.72761802,-0.5182,0.1815,1.2572
25.76401814,-0.2047,0.0986,1.3591
25.76525091,0.2432,0.2002,1.5434
25.7662386,0.6549,0.2844,1.4964
25.76725552,0.4296,0.1415,1.6937
25.77684221,0.2177,-0.0101,1.765
25.79027556,0.0976,-0.1356,1.6168
25.79675156,0.0412,-0.1992,1.3853
25.80683879,0.007,-0.2471,1.1403
25.81799625,-0.0264,-0.3078,0.8618
25.82703248,0.0371,-0.4952,0.5226
25.84357052,0.0492,-0.5534,0.4902
25.84699737,0.0678,-0.4385,0.6023
25.88193367,-0.0246,-0.4941,0.7316
25.88441725,-0.1391,-0.3092,0.9307
25.88517437,-0.1643,-0.1174,1.0465
25.89584098,-0.1545,0.0142,1.1247
25.89717156,-0.1401,0.1295,1.1629
25.90805429,-0.1466,0.2007,1.1799
25.91733325,-0.1422,0.2601,1.1369
25.92681764,-0.1127,0.2985,1.0554
25.94341756,-0.0788,0.3227,0.9602
25.94690498,-0.0683,0.3177,0.8178
25.98127787,-0.0213,0.2999,0.7272
25.98324521,-0.005,0.262,0.6241
25.98426291,0.0162,0.1987,0.5431
25.99344044,-0.0023,0.127,0.4566
25.99687329,-0.0276,0.0691,0.4225
26.00684656,-0.0429,-0.0032,0.4041
26.01683264,-0.0746,-0.0707,0.3819
26.02979829,-0.1156,-0.1226,0.4301
26.06400283,-0.1565,-0.1448,0.5058
26.06540748,-0.198,-0.1377,0.619
26.06645141,-0.2233,-0.125,0.7391
26.06752875,-0.2485,-0.1157,0.8359
26.07702748,-0.256,-0.0941,0.911
26.08749514,-0.2566,-0.0551,0.9462
26.09698917,-0.2564,-0.0088,0.9609
26.10708429,-0.2488,0.0476,1.0028
26.11699925,-0.254,0.0938,1.044
26.12984464,-0.2526,0.1141,1.1027
26.16642171,-0.2558,0.1171,1.1591
26.16840267,-0.2378,0.0911,1.1907
26.16943625,-0.2268,0.0178,1.2149
26.17046337,-0.2579,-0.1082,1.2274
26.17697541,-0.3572,-0.2373,1.264
26.18868641,-0.4659,-0.3238,1.325
26.19721117,-0.5557,-0.3411,1.3923
26.20697783,-0.6198,-0.2889,1.4509
26.21722856,-0.6535,-0.1961,1.4706
26.22874606,-0.6332,-0.0943,1.4244
26.26598798,-0.477,-0.0244,1.3194
26.26832725,-0.1882,-0.0156,1.3031
26.26930648,0.1361,-0.1203,1.3245
26.27030417,0.1891,-0.1877,1.4886
26.27699033,0.0963,-0.1396,1.6747
26.28865044,0.002,-0.0006,1.7724
26.29692717,-0.0855,0.0811,1.8301
26.30811267,-0.0602,0.1009,1.6784
26.31738164,0.061,0.1797,1.3483
26.32905083,0.2813,0.3349,0.9591
26.36618771,0.4845,0.4485,0.5847
26.3696366,0.5349,0.4613,0.3512
26.37058364,0.483,0.4571,0.2873
26.37292237,0.3611,0.4179,0.4123
26.37720367,0.2005,0.2993,0.6292
26.38725067,0.057,0.1375,0.9043
26.39722841,-0.0687,-0.0006,1.1363
26.40728598,-0.2171,-0.1223,1.2985
26.41742217,-0.1786,-0.1378,1.3025
26.42725237,-0.1978,-0.146,1.2526
26.46058041,-0.1856,-0.1182,1.2204
26.46223621,-0.1728,-0.0705,1.1513
26.4631851,-0.1479,-0.0281,1.0339
26.46765956,-0.1195,-0.0042,0.9153
26.47745552,-0.0985,0.0081,0.7664
26.48693206,-0.1097,-0.0002,0.6354
26.49716725,-0.0794,0.0129,0.5393
26.50728187,-0.0552,0.0213,0.435
26.52471144,-0.0402,0.025,0.3833
26.5274414,-0.0123,-0.0184,0.353
26.55850987,-0.0354,-0.0657,0.3884
26.55990894,-0.1191,-0.1251,0.4538
26.56074302,-0.188,-0.1572,0.5849
26.56728379,-0.2806,-0.147,0.7415
26.57727487,-0.3622,-0.0596,0.8993
26.5887554,-0.3872,0.0282,0.9396
26.5972434,-0.3591,0.0842,0.9438
26.60710075,-0.3126,0.102,0.8887
26.62749175,-0.2521,0.1096,0.8361
26.62876106,-0.1965,0.112,0.7883
26.66631214,-0.1611,0.1016,0.8342
26.6683844,-0.1528,0.0697,0.8965
26.6694879,-0.1533,0.0313,1.0346
26.6707826,-0.1846,0.0059,1.2366
26.67724052,-0.24,0.0503,1.4487
26.6873386,-0.3138,0.1606,1.6026
26.69704621,-0.3897,0.3075,1.6546
26.70711687,-0.4702,0.4368,1.6326
26.72434564,-0.549,0.5062,1.54
26.72746425,-0.5749,0.5006,1.4009
26.76364087,-0.5959,0.4433,1.2967
26.7655584,-0.595,0.3652,1.1811
26.76765844,-0.4881,0.2085,1.0565
26.76879575,-0.536,0.3352,1.109
26.7773776,-0.2222,0.1875,1.2697
26.78756348,0.1691,0.2532,1.4253
26.79732744,0.4799,0.3202,1.4992
26.80713479,0.575,0.2199,1.6173
26.82536575,0.4435,0.0551,1.6751
26.82751448,0.2541,-0.1671,1.5854
26.86311279,0.1228,-0.3155,1.4184
26.86459667,0.0465,-0.3955,1.1958
26.86583587,0.0699,-0.3755,0.9657
26.86854921,0.089,-0.3561,0.7315
26.87766952,0.0923,-0.3808,0.6312
26.88826725,0.0627,-0.3939,0.6499
26.89703071,-0.0126,-0.3842,0.7443
26.90738387,-0.112,-0.304,0.9263
26.92529021,-0.2069,-0.1776,1.0515
26.92747625,-0.2465,-0.0699,1.1513
26.9632226,-0.2212,0.0325,1.1618
26.96483837,-0.211,0.048,1.1736
26.9675471,-0.1418,0.0782,1.0979
26.96878794,-0.146,0.085,0.9891
26.97703783,-0.0954,0.1007,0.8862
26.98698998,-0.0552,0.1129,0.7594
26.9972169,-0.0217,0.1182,0.6474
27.00753967,0.0159,0.1291,0.5568
27.01918029,0.0302,0.1234,0.487
27.0272836,0.0588,0.136,0.4107
27.04125783,0.0503,0.1167,0.3742
27.04760744,0.0253,0.0832,0.3567
27.07832083,-0.0167,0.0294,0.3571
27.0800874,-0.0429,-0.0118,0.35
27.0809784,-0.1138,-0.0687,0.3966
27.08849829,-0.1355,-0.09,0.4543
27.09688075,-0.1559,-0.0837,0.5361
27.10732225,-0.1819,-0.059,0.6373
27.11818594,-0.2271,-0.0305,0.7528
27.12763398,-0.2869,-0.0062,0.887
27.14124029,-0.326,0.0178,1.0028
27.14745883,-0.3424,0.0414,1.1077
27.17645098,-0.2963,0.0685,1.1876
27.17878379,-0.2422,0.0999,1.2554
27.1795351,-0.1976,0.1267,1.3069
27.18757271,-0.1882,0.1372,1.3473
27.19700967,-0.2023,0.0862,1.3623
27.2070906,-0.2535,-0.0315,1.3425
27.21700875,-0.3632,-0.1404,1.3493
27.22736314,-0.6083,-0.2414,1.4159
27.24188471,-0.6621,-0.2113,1.3963
27.24708394,-0.6726,-0.1542,1.3439
27.2790864,-0.6649,-0.0803,1.2848
27.28097706,-0.5685,-0.0219,1.2292
27.28553748,-0.2819,-0.0348,1.196
27.28719252,0.0418,-0.2033,1.1969
27.29860479,0.2062,-0.3398,1.4397
27.3069879,0.2199,-0.4194,1.7303
27.31857675,0.226,-0.353,1.872
27.32691714,0.1506,-0.216,1.8016
27.33775956,0.0928,-0.1255,1.6219
27.34773729,0.0904,-0.0619,1.2973
27.3571631,0.1441,-0.0126,0.9099
27.39482144,0.2402,0.0478,0.586
27.39634017,0.3375,0.12,0.3535
27.39793829,0.3898,0.1816,0.2662
27.3989739,0.3556,0.2118,0.3591
27.4071166,0.3325,0.24,0.5287
27.41902844,0.071,0.1848,0.8826
27.42734417,-0.1201,0.089,1.2026
27.43730967,-0.2369,-0.0231,1.4052
27.4470609,-0.2994,-0.1019,1.5201
27.4574239,-0.2731,-0.1126,1.4507
27.49967567,-0.2424,-0.1115,1.3373
27.50326521,-0.1947,-0.0854,1.1689
27.50431879,-0.1627,-0.0744,1.0007
27.50535714,-0.1201,-0.0634,0.844
27.50750317,-0.0922,-0.038,0.7131
27.5190576,-0.1075,-0.0204,0.6054
27.52706856,-0.0602,-0.0016,0.5303
27.53765714,-0.0558,0.0299,0.4065
27.54807421,0.0126,0.0564,0.3566
27.55832248,0.0261,0.0733,0.2755
27.59596333,0.0282,0.074,0.2588
27.59824814,-0.0216,0.0613,0.2571
27.60304594,-0.0823,0.0685,0.3127
27.6040866,-0.1796,0.1085,0.4358
27.60843567,-0.2669,0.1838,0.6054
27.61809417,-0.3028,0.2345,0.7418
27.62755256,-0.3099,0.2278,0.826
27.63707006,-0.2869,0.1783,0.8633
27.64713979,-0.266,0.1033,0.8817
27.65709244,-0.2344,0.0451,0.9282
27.69313463,-0.242,0.0035,0.9797
27.69465106,-0.2342,-0.0195,1.0531
27.69564902,-0.2248,-0.026,1.2104
27.69771075,-0.2096,-0.0088,1.3285
27.70733494,-0.2128,0.0151,1.3718
27.71752917,-0.2304,0.0502,1.3506
27.72717371,-0.2813,0.1103,1.324
27.73710067,-0.3621,0.1943,1.3287
27.7474046,-0.4766,0.2595,1.3668
27.76018856,-0.5797,0.2954,1.4118
27.80199048,-0.6011,0.2552,1.3422
27.8039659,-0.7261,0.3199,1.3758
27.80515556,-0.6541,0.2347,1.3124
27.80651283,-0.4328,0.1666,1.359
27.80792283,-0.1004,0.2449,1.4735
27.81796837,0.3412,0.344,1.5393
27.82701625,0.5459,0.2988,1.5572
27.84076375,0.4156,0.1147,1.6795
27.84769017,0.2752,-0.0733,1.6276
27.8855054,0.1495,-0.2121,1.4607
27.88801444,0.0793,-0.2579,1.2401
27.88955248,0.0706,-0.2698,0.9848
27.89059787,0.0778,-0.304,0.7573
27.89703752,0.0801,-0.3789,0.651
27.90730113,0.0154,-0.4134,0.6552
27.91752448,-0.0676,-0.3809,0.7445
27.92763694,-0.198,-0.0917,1.0473
27.93726606,-0.2094,0.0507,1.1493
27.94721379,-0.166,0.1423,1.2055
27.96357325,-0.1467,0.2101,1.2234
27.9674604,-0.0976,0.2618,1.179
27.9773254,-0.0586,0.2687,1.0587
28.01271533,-0.0287,0.2593,0.9021
28.01456967,-0.0137,0.2469,0.7569
28.01574198,0.0086,0.2262,0.62
28.0172421,0.0526,0.2114,0.5139
28.02722802,0.0105,0.1746,0.3915
28.04247256,0.0161,0.1157,0.3308
28.04712656,0.0053,0.0493,0.3017
28.08301863,0.0095,-0.0198,0.2306
28.08442844,-0.0304,-0.1206,0.2152
28.08519852,-0.0614,-0.1941,0.248
28.08740625,-0.1073,-0.256,0.3216
28.09714013,-0.144,-0.2753,0.4376
28.10729529,-0.1856,-0.2695,0.5812
28.11706979,-0.2345,-0.2421,0.7525
28.12703867,-0.2888,-0.1991,0.9331
28.1405556,-0.3297,-0.1517,1.0977
28.14730583,-0.3496,-0.0854,1.2352
28.18473167,-0.3496,-0.0209,1.3259
28.18640248,-0.3369,0.0187,1.3798
28.18758702,-0.3261,0.0208,1.3868
28.18849306,-0.3159,0.0081,1.3414
28.19853533,-0.3159,0.0057,1.2679
28.20702021,-0.3082,0.0136,1.2043
28.21967813,-0.2772,0.0061,1.1366
28.22708156,-0.2713,-0.0288,1.071
28.23698171,-0.3023,-0.07,1.0896
28.2473959,-0.3767,-0.1038,1.17
28.2578286,-0.4744,-0.1132,1.2771
28.30144344,-0.5635,-0.0864,1.3631
28.30360521,-0.6146,-0.028,1.4104
28.30433379,-0.5549,-0.0009,1.4266
28.30509748,-0.3208,-0.0591,1.393
28.30721044,-0.0062,-0.1661,1.416
28.3169954,0.0097,-0.2204,1.5375
28.32721963,0.0031,-0.2342,1.6601
28.34061121,0.0515,-0.193,1.6481
28.34697948,0.0368,-0.1279,1.567
28.38115056,0.0158,-0.1192,1.4656
28.38252271,0.0602,-0.1327,1.2985
28.38361063,0.1432,-0.0872,1.0731
28.38722375,0.248,0.0005,0.824
28.39809071,0.329,0.0986,0.6147
28.40701344,0.3837,0.1851,0.4637
28.41753067,0.3687,0.2292,0.4069
28.42704302,0.2778,0.2166,0.4865
28.43827252,0.2125,0.1945,0.6496
28.4471461,0.0446,0.1269,0.9049
28.47531383,-0.0977,0.0436,1.1105
28.47751583,-0.1742,-0.0232,1.2572
28.4788724,-0.2832,-0.0822,1.364
28.48716306,-0.2511,-0.0602,1.3623
28.49954752,-0.2265,-0.0603,1.2993
28.50696917,-0.1874,-0.0386,1.2024
28.51710317,-0.1628,-0.0319,1.0673
28.52704506,-0.1289,-0.0062,0.9303
28.53801621,-0.0996,0.0233,0.8154
28.5469606,-0.0544,0.0525,0.7016
28.57397617,-0.0809,0.0825,0.5733
28.57540244,-0.063,0.1136,0.5001
28.57717006,-0.0468,0.1374,0.445
28.58718121,-0.0608,0.1408,0.4004
28.5990241,-0.074,0.1437,0.4091
28.60719598,-0.1121,0.1296,0.449
28.61730752,-0.1605,0.1145,0.5235
28.62714771,-0.2311,0.1124,0.6357
28.63792575,-0.3044,0.1394,0.7801
28.68081802,-0.2746,0.1367,0.7682
28.68279921,-0.229,0.108,0.7411
28.68366413,-0.1994,0.0612,0.7267
28.6844511,-0.1739,-0.0031,0.7057
28.68748786,-0.168,-0.0684,0.7362
28.69927998,-0.1721,-0.1184,0.8069
28.70739986,-0.1893,-0.1352,0.9263
28.71820083,-0.1996,-0.1134,1.073
28.72708756,-0.2132,-0.0733,1.2046
28.73992852,-0.2347,-0.0205,1.2891
28.78369856,-0.2783,0.0346,1.3322
28.7851016,-0.3412,0.0878,1.3592
28.78629721,-0.4205,0.1334,1.3746
28.78782021,-0.5068,0.1683,1.3987
28.78880206,-0.5885,0.2044,1.4106
28.79936579,-0.612,0.2053,1.3665
28.80708098,-0.5178,0.1798,1.337
28.81731179,-0.2575,0.2057,1.4029
28.8270891,0.088,0.3546,1.5081
28.83804183,0.31,0.4053,1.5984
28.88111402,0.1764,0.2516,1.8439
28.88314936,0.0255,0.1086,1.9802
28.88399994,-0.1278,-0.0013,1.8696
28.88524244,-0.1829,-0.068,1.6685
28.8872969,-0.157,-0.1125,1.4264
28.89926456,-0.0949,-0.199,1.1105
28.90741598,-0.0365,-0.2999,0.787
28.91725479,0.048,-0.3557,0.5494
28.92728206,0.1487,-0.3698,0.4131
28.93719321,0.2543,-0.3727,0.3369
28.97607667,0.2218,-0.332,0.2719
28.97820394,0.1529,-0.1653,0.4689
28.97937567,0.0539,0.0149,0.6674
28.98023806,-0.0585,0.1575,0.8272
28.98837494,-0.1513,0.2587,1.0068
28.99893875,-0.2009,0.3152,1.1492
29.00723586,-0.224,0.3023,1.2445
29.01722017,-0.2274,0.2984,1.2699
29.02775948,-0.2426,0.2653,1.2187
29.0385486,-0.1807,0.2334,1.1107
29.08298483,-0.1099,0.1935,0.9665
29.08447656,-0.0511,0.1423,0.7907
29.08537136,-0.0046,0.0976,0.6174
29.08656421,0.048,0.0452,0.4747
29.08831029,0.0076,-0.0035,0.3644
29.09886198,-0.0093,-0.0414,0.3134
29.10721636,-0.0359,-0.0985,0.3075
29.11741933,-0.093,-0.1422,0.3451
29.12711394,-0.1633,-0.1597,0.4369
29.14012394,-0.2359,-0.1555,0.5827
29.1818381,-0.304,-0.1478,0.7616
29.18349194,-0.3866,-0.179,0.9034
29.18443548,-0.4277,-0.2184,0.9949
29.18543567,-0.4349,-0.243,1.0515
29.18739563,-0.3621,-0.2188,1.0305
29.19878344,-0.27,-0.178,0.9955
29.20710675,-0.1724,-0.1192,0.9365
29.2171454,-0.0812,-0.0456,0.8743
29.22721683,-0.1019,-0.0226,0.9389
29.23690833,-0.1103,0.0474,1.0133
29.28544263,-0.1823,0.1289,1.1166
29.28784502,-0.2466,0.1737,1.2461
29.28881894,-0.3199,0.1413,1.3444
29.28975167,-0.3993,0.042,1.4139
29.29110971,-0.4815,-0.0991,1.4376
29.29764571,-0.5648,-0.2074,1.4492
29.30729313,-0.6164,-0.2292,1.455
29.31740994,-0.6174,-0.1863,1.4288
29.32739463,-0.6078,-0.0849,1.3465
29.33739517,-0.4343,0.1319,1.1682
29.39038086,-0.1509,0.1774,1.1325
29.39183013,0.1936,0.1079,1.1491
29.39271513,0.3845,-0.0024,1.3691
29.3937676,0.2552,-0.0641,1.6706
29.39605813,0.1192,-0.0344,1.8547
29.3979936,-0.0445,-0.0344,1.8454
29.40773486,-0.0883,-0.0103,1.6908
29.41749771,-0.0072,0.0144,1.3784
29.42712721,0.103,0.0646,0.9742
29.4377991,0.1935,0.1248,0.6174
29.49014256,0.2456,0.1604,0.3318
29.49157925,0.272,0.1233,0.2038
29.49244379,0.2058,0.103,0.3844
29.49351463,0.1411,0.0909,0.6159
29.50077179,0.0021,0.0556,0.8992
29.50768133,-0.1171,0.0194,1.1035
29.51743656,-0.2051,-0.0226,1.2162
29.52729533,-0.283,-0.0415,1.2927
29.53723402,-0.2818,-0.033,1.2654
29.58138667,-0.2625,-0.0169,1.2028
29.58289336,-0.226,-0.0178,1.1035
29.58369048,-0.1881,-0.0398,0.9863
29.58450621,-0.1621,-0.045,0.8548
29.58739913,-0.1286,-0.0461,0.7307
29.5979301,-0.0869,-0.0203,0.6142
29.60727821,-0.0459,0.0067,0.5128
29.61741398,-0.0487,0.0271,0.429
29.62716013,-0.0419,0.0586,0.3717
29.63731175,-0.0525,0.081,0.3562
29.65489956,-0.0954,0.0936,0.3735
29.65777186,-0.1675,0.1008,0.4485
29.71525525,-0.2384,0.1082,0.5559
29.71724971,-0.3178,0.1215,0.6799
29.71837763,-0.3546,0.148,0.7903
29.71942583,-0.334,0.139,0.8316
29.72043494,-0.2893,0.1016,0.8488
29.72142333,-0.2511,0.0456,0.8751
29.72720698,-0.2163,-0.0087,0.8999
29.73711936,-0.2081,-0.0534,0.9494
29.75427325,-0.2288,-0.0789,1.0469
29.75786852,-0.2595,-0.0798,1.152
29.80372783,-0.2871,-0.0567,1.2214
29.80512379,-0.3009,-0.0158,1.2392
29.80651621,-0.3139,0.0623,1.2309
29.80786744,-0.3147,0.1329,1.2094
29.80865567,-0.3498,0.1823,1.2158
29.81751502,-0.3987,0.2161,1.2557
29.82742906,-0.4343,0.2224,1.2986
29.83703136,-0.4837,0.2283,1.3136
29.8526594,-0.5279,0.1824,1.3053
29.85739809,-0.5301,0.1147,1.2791
29.89458417,-0.3898,0.0921,1.3045
29.89781186,-0.0583,0.1941,1.4023
29.89921802,0.2411,0.2917,1.5115
29.90036352,0.301,0.2774,1.656
29.90729725,0.2187,0.1648,1.777
29.91712736,0.1182,0.045,1.7776
29.9272609,0.0513,-0.0186,1.6452
29.93696533,0.0321,-0.0472,1.428
29.95150702,0.0481,-0.1059,1.1543
29.95777248,0.052,-0.2077,0.8677
29.99110706,0.0319,-0.3139,0.671
29.99282909,0.0475,-0.4038,0.6075
29.99408748,0.0171,-0.4226,0.6166
30.00199321,-0.0391,-0.3258,0.719
30.00704129,-0.0955,-0.1821,0.8752
30.01740821,-0.1263,-0.0566,1.0729
30.02716533,-0.1263,0.0393,1.1197
30.03745075,-0.1046,0.1327,1.1474
30.05221506,-0.102,0.1437,1.0928
30.05714609,-0.0783,0.1454,1.0017
30.0954134,-0.0667,0.1452,0.8856
30.09791567,-0.0377,0.1476,0.7693
30.09906906,-0.0181,0.1445,0.6518
30.10084809,0.0028,0.134,0.5509
30.10715998,0.0002,0.1054,0.4713
30.11705094,0.0072,0.063,0.4117
30.12884106,0.0029,0.0083,0.3786
30.13721148,-0.0331,-0.0263,0.393
30.14797679,-0.0613,-0.0575,0.414
30.15702779,-0.1086,-0.0708,0.451
30.17087509,-0.1564,-0.0763,0.5029
30.2113274,-0.1978,-0.0665,0.5767
30.21329536,-0.2229,-0.0514,0.6456
30.21438544,-0.232,-0.0509,0.7058
30.21534609,-0.2183,-0.0574,0.7649
30.21734156,-0.1841,-0.0437,0.8174
30.22941579,-0.1281,-0.0011,0.9108
30.23699202,-0.1018,0.0511,1.0263
30.24756198,-0.1239,0.1025,1.1857
30.25701229,-0.2078,0.1202,1.3956
30.2678969,-0.2959,0.1075,1.6017
30.30696875,-0.3671,0.0831,1.7243
30.3085604,-0.402,0.045,1.7072
30.31097902,-0.413,-0.0336,1.5612
30.31233836,-0.4548,-0.1416,1.3729
30.31839894,-0.5149,-0.2438,1.2276
30.32920898,-0.564,-0.3032,1.1674
30.33709317,-0.5845,-0.3011,1.1469
30.34715425,-0.5862,-0.2223,1.1405
30.35708671,-0.5306,-0.0633,1.1115
30.36926021,-0.4379,0.0662,1.1206
30.41180386,-0.1283,0.1975,1.1415
30.41332644,0.2205,0.1598,1.1679
30.41444702,0.393,-0.0502,1.3745
30.41540359,0.3743,-0.2204,1.7349
30.41732517,0.2734,-0.1667,1.8528
30.42879306,0.1529,-0.0707,1.8279
30.43742379,0.1395,-0.0843,1.6692
30.44725448,0.1669,-0.0765,1.3345
30.45723579,0.1752,-0.0286,0.9965
30.46716279,0.1972,0.059,0.7151
30.5056544,0.2301,0.1415,0.5229
30.50766048,0.2751,0.2074,0.4329
30.5085254,0.2619,0.2389,0.4858
30.50963356,0.1724,0.229,0.6426
30.51706563,0.025,0.1557,0.8746
30.52848144,-0.1062,0.0544,1.0715
30.53710575,-0.1769,-0.0341,1.1896
30.54714352,-0.1842,-0.0691,1.2193
30.5570804,-0.2013,-0.0646,1.2092
30.56931417,-0.1577,-0.0553,1.107
30.61125744,-0.1393,-0.0685,0.9907
30.61323921,-0.1121,-0.0614,0.8633
30.61457383,-0.0961,-0.0695,0.742
30.61537425,-0.0739,-0.0573,0.6268
30.61730583,-0.0528,-0.045,0.529
30.62853121,-0.0402,-0.0092,0.4757
30.63700621,-0.0257,0.021,0.379
30.64707167,0.0127,0.0533,0.3291
30.65700163,0.0187,0.0761,0.3057
30.66877352,-0.0031,0.08,0.3141
30.73219013,-0.068,0.0927,0.386
30.73355533,-0.1501,0.1097,0.514
30.73463117,-0.2204,0.1417,0.6685
30.73545198,-0.2668,0.1573,0.8032
30.73652536,-0.2989,0.1363,0.9281
30.73846052,-0.332,0.023,1.1254
30.73970302,-0.328,-0.0322,1.1932
30.74751329,-0.3227,-0.0666,1.2303
30.75707529,-0.3178,-0.0803,1.2334
30.76835394,-0.2844,-0.0636,1.2284
30.81168394,-0.2514,-0.0352,1.1655
30.81325625,-0.2107,0.0079,1.0851
30.81448883,-0.1882,0.0793,1.0002
30.81525813,-0.1837,0.1692,0.9574
30.81719548,-0.2266,0.2387,0.9769
30.82871494,-0.3314,0.2588,1.0695
30.83718417,-0.4597,0.2504,1.1983
30.84767213,-0.5788,0.2259,1.3349
30.85720171,-0.6417,0.1721,1.3846
30.87085844,-0.6165,0.1176,1.4167
30.9156694,-0.4001,0.1011,1.4867
30.91782298,-0.0167,0.1857,1.5866
30.91877048,0.3247,0.322,1.6724
30.91952129,0.4233,0.3327,1.8024
30.92057732,0.3213,0.2182,1.8501
30.92804852,0.1649,0.0985,1.7511
30.93692479,0.0825,-0.0293,1.5785
30.94742271,0.0605,-0.1231,1.3759
30.95728221,0.0899,-0.1783,1.1317
30.9713379,0.0981,-0.2465,0.8601
31.01797502,0.0847,-0.3571,0.624
31.01930567,0.0803,-0.4681,0.5246
31.0206704,-0.0098,-0.5507,0.5216
31.02148375,-0.0461,-0.5519,0.7192
31.02285267,-0.1294,-0.3808,0.9161
31.02854636,-0.1692,-0.1704,1.0966
31.03702448,-0.1672,-0.0055,1.203
31.04744752,-0.171,0.1071,1.2588
31.05716606,-0.1364,0.1992,1.2791
31.07107694,-0.1164,0.2359,1.2066
31.12953986,-0.1046,0.2342,1.0968
31.13172309,-0.0517,0.2373,0.8008
31.13270998,-0.0154,0.2331,0.6799
31.13440036,0.0258,0.2224,0.569
31.13546009,0.0503,0.2049,0.4597
31.1374374,0.0717,0.1557,0.3732
31.14702732,0.0333,0.116,0.3464
31.15698894,0.0203,0.0531,0.3194
31.17007694,-0.017,-0.0329,0.3112
31.21477302,-0.073,-0.0881,0.3445
31.21591444,-0.1278,-0.1352,0.3943
31.21777006,-0.1901,-0.1638,0.4835
31.21854352,-0.2478,-0.1554,0.6075
31.21928871,-0.284,-0.1439,0.7166
31.22741971,-0.3007,-0.1362,0.8085
31.23675459,-0.3691,-0.1697,0.919
31.24696363,-0.3454,-0.1462,0.9714
31.25679171,-0.3208,-0.0965,1.0002
31.2669494,-0.2505,-0.0274,1.0134
31.31870421,-0.1829,0.0342,1.0491
31.31992863,-0.1524,0.0785,1.1023
31.32062906,-0.1671,0.0983,1.1876
31.32124279,-0.2189,0.1101,1.2777
31.32239386,-0.2691,0.0937,1.3596
31.32929817,-0.3127,0.0282,1.3999
31.33753002,-0.3936,-0.0815,1.4027
31.34701259,-0.5023,-0.1882,1.4195
31.35687479,-0.5863,-0.2382,1.4237
31.36693063,-0.6473,-0.2232,1.4055
31.40789202,-0.477,-0.1682,1.352
31.41194906,-0.477,-0.1682,1.352
31.41267771,-0.1681,-0.2606,1.2871
31.41340009,0.0765,-0.3448,1.3715
31.41691556,0.1098,-0.3039,1.6574
31.42759609,-0.0453,-0.0633,1.978
31.43682009,-0.1504,0.0226,1.9064
31.44863894,-0.1544,-0.0255,1.7235
31.45677448,-0.0732,-0.0387,1.399
31.48940886,0.1018,0.0525,1.0123
31.49077932,0.3004,0.1692,0.6626
31.49161271,0.4444,0.2641,0.3746
31.49704456,0.4637,0.3066,0.2326
31.50752786,0.3963,0.3092,0.2679
31.51683452,0.3622,0.2673,0.3486
31.52734829,0.221,0.152,0.529
31.53823271,0.0634,0.0208,0.7619
31.55043767,-0.0755,-0.0792,0.9695
31.55680429,-0.1845,-0.1421,1.1393
31.59419294,-0.2355,-0.1747,1.2142
31.59567652,-0.3007,-0.1747,1.3068
31.59669844,-0.2538,-0.1372,1.296
31.59782459,-0.2293,-0.1157,1.273
31.60704494,-0.1721,-0.0644,1.1603
31.61693471,-0.1401,-0.034,1.035
31.62731448,-0.0889,0.0054,0.8832
31.63679971,-0.0638,0.0282,0.7197
31.64685036,-0.0195,0.0672,0.5808
31.65680794,-0.0138,0.093,0.4592
31.66682352,0.0101,0.122,0.3987
31.70927448,0.0125,0.1195,0.3297
31.71052175,-0.0077,0.1099,0.3445
31.71119279,-0.0592,0.0898,0.4112
31.71185017,-0.1456,0.0807,0.5414
31.71683898,-0.2541,0.1021,0.6903
31.72763113,-0.3365,0.1732,0.8111
31.73695882,-0.3501,0.2362,0.8487
31.75179098,-0.3012,0.2419,0.8138
31.75735363,-0.2355,0.206,0.7597
31.79690548,-0.1831,0.1498,0.7294
31.79838079,-0.1437,0.0861,0.7282
31.79902998,-0.135,0.0342,0.7595
31.7999164,-0.1291,0.0061,0.8408
31.80708956,-0.1554,-0.011,0.9626
31.81698382,-0.1969,-0.017,1.0967
31.82693148,-0.2419,-0.0147,1.1933
31.83689532,-0.293,0.0001,1.2548
31.84848667,-0.3412,0.049,1.3091
31.85678121,-0.4066,0.1283,1.3637
31.89570932,-0.4774,0.2061,1.4077
31.89702963,-0.5549,0.2498,1.4278
31.8977074,-0.6154,0.2525,1.3927
31.89837132,-0.6379,0.2245,1.3196
31.90682259,-0.5818,0.1554,1.1526
31.91676644,-0.5297,0.1954,1.2782
31.92707105,-0.2307,0.1478,1.3901
31.93678763,0.1527,0.3116,1.4974
31.95279082,0.4301,0.3825,1.6421
31.99305775,0.3742,0.2913,1.9022
31.99474255,0.219,0.1588,1.997
31.99577644,0.0851,0.0247,1.8438
31.99726248,-0.0035,-0.0853,1.5843
31.99832336,-0.0202,-0.1495,1.3084
32.00899179,0.0004,-0.1969,0.9936
32.01682948,0.0275,-0.2825,0.6921
32.0271274,0.0939,-0.3958,0.502
32.03692248,0.0877,-0.486,0.4297
32.04966563,0.053,-0.4874,0.4902
32.0921239,-0.0313,-0.3988,0.6634
32.09341105,-0.1053,-0.2531,0.8243
32.09462663,-0.1329,-0.0972,0.9569
32.09650517,-0.1393,0.0442,1.084
32.09749775,-0.15,0.1366,1.163
32.10830475,-0.1564,0.1898,1.1787
32.11683429,-0.1616,0.182,1.1425
32.12778686,-0.1608,0.1818,1.03
32.13679602,-0.0689,0.1788,0.7486
32.14840171,-0.027,0.1455,0.6332
32.19439944,-0.0021,0.1207,0.5157
32.19590825,0.0216,0.0811,0.4148
32.19753063,0.0249,0.0397,0.3706
32.19880063,0.02,-0.001,0.3442
32.19977671,-0.0143,-0.0386,0.3634
32.20711629,-0.0531,-0.0651,0.401
32.21693852,-0.1156,-0.082,0.4634
32.22809236,-0.1849,-0.0856,0.5695
32.23700705,-0.2595,-0.0782,0.7151
32.24691205,-0.332,-0.0836,0.8498
32.26464929,-0.3809,-0.1129,0.9524
32.26715217,-0.3867,-0.1346,1.0042
32.31033405,-0.3494,-0.1208,1.0056
32.31148359,-0.2729,-0.0762,0.9775
32.31205132,-0.1815,-0.0182,0.9407
32.31268567,-0.1113,0.0539,0.937
32.31708629,-0.0921,0.1127,0.9793
32.32776802,-0.1231,0.1592,1.0729
32.33702855,-0.1815,0.171,1.2085
32.34847505,-0.2373,0.1366,1.3399
32.39292621,-0.31,0.0655,1.4195
32.39432505,-0.4031,-0.0241,1.4586
32.39530794,-0.4841,-0.1046,1.4425
32.39604067,-0.553,-0.1537,1.4166
32.39701555,-0.6026,-0.1527,1.375
32.40820686,-0.621,-0.1024,1.3221
32.41694298,-0.5614,-0.0476,1.2731
32.42752252,-0.3591,-0.049,1.2662
32.43702079,-0.0386,-0.1816,1.2785
32.44682625,0.2342,-0.2736,1.5079
32.46705759,0.1815,-0.2799,1.7636
32.4685694,0.0798,-0.182,1.8562
32.50978671,-0.0408,-0.0249,1.8366
32.51138679,-0.1214,0.0448,1.7334
32.51243144,-0.0991,0.0498,1.4903
32.51336482,0.0601,0.0926,1.1502
32.51688802,0.2391,0.1627,0.7735
32.52724063,0.3817,0.2456,0.4466
32.5371824,0.438,0.3029,0.2682
32.54724436,0.3453,0.29,0.2737
32.56711552,0.3115,0.2574,0.3761
32.56845894,0.1631,0.1456,0.6281
32.61224967,0.0087,0.0259,0.9199
32.61392963,-0.1208,-0.0735,1.1352
32.61501617,-0.2074,-0.1455,1.2228
32.61591805,-0.2829,-0.1744,1.3002
32.61767509,-0.259,-0.157,1.2549
32.62711105,-0.2212,-0.1512,1.1937
32.63741144,-0.1913,-0.1175,1.1096
32.64744686,-0.1636,-0.1009,0.9962
32.66454302,-0.1244,-0.0719,0.8528
32.66737475,-0.0882,-0.0528,0.7244
32.70821248,-0.0828,-0.0393,0.5752
32.70965029,-0.0539,-0.0173,0.461
32.71060179,-0.0387,0.0053,0.3707
32.71131709,0.0034,0.0204,0.3183
32.71712763,0.0032,0.0143,0.2681
32.7271159,-0.0055,0.0084,0.3049
32.73726109,-0.0465,0.0066,0.3685
32.74712598,-0.1209,0.0117,0.5042
32.76894879,-0.2245,0.0568,0.6759
32.7704529,-0.317,0.1494,0.8422
32.81264763,-0.3682,0.2336,0.982
32.81434163,-0.3731,0.2614,1.0389
32.81535748,-0.347,0.2465,1.0431
32.8164989,-0.3026,0.2009,1.028
32.81750248,-0.2444,0.1476,0.999
32.82717932,-0.1884,0.0875,0.9759
32.83684648,-0.1477,0.0337,1.0284
32.84689179,-0.1546,-0.0447,1.0693
32.85688225,-0.2041,-0.0716,1.1409
32.86685259,-0.2678,-0.0502,1.2256
32.87915425,-0.3517,0.0195,1.3169
32.88759171,-0.4373,0.1302,1.4038
32.92296702,-0.5549,0.2245,1.4575
32.92426032,-0.5672,0.2216,1.4001
32.92509067,-0.701,0.2917,1.442
32.92740086,-0.6677,0.2101,1.3586
32.93704425,-0.5896,0.1702,1.3122
32.94682675,-0.4219,0.1424,1.3586
32.96445098,-0.0999,0.2149,1.4922
32.96714425,0.2209,0.3126,1.5085
33.01307094,0.3777,0.2992,1.6274
33.01478367,0.3595,0.1841,1.7643
33.01579867,0.2537,-0.0035,1.6691
33.0176664,0.1279,-0.1617,1.4471
33.02000867,0.0691,-0.247,1.2423
33.02702759,0.0518,-0.2475,1.0067
33.03710894,0.0654,-0.2477,0.7626
33.04694802,0.0762,-0.3037,0.5665
33.06283167,0.0718,-0.3535,0.4878
33.06722878,0.0568,-0.3622,0.5552
33.10815513,-0.018,-0.2917,0.714
33.10954148,-0.107,-0.1576,0.8663
33.11042513,-0.178,-0.0258,1.04
33.11112113,-0.2163,0.0851,1.1696
33.1169764,-0.1996,0.1748,1.2319
33.12729317,-0.2248,0.1864,1.2633
33.1371099,-0.2051,0.1945,1.1894
33.14698625,-0.1654,0.2068,1.0605
33.16445105,-0.1058,0.2207,0.9023
33.16696632,-0.048,0.2255,0.7323
33.2054424,-0.0188,0.2306,0.5955
33.20685052,0.036,0.2201,0.4626
33.20812048,0.0618,0.1666,0.3458
33.20894648,0.0406,0.1141,0.2786
33.21693778,0.0365,0.0607,0.2422
33.22734444,0.0138,-0.0081,0.2139
33.23698994,-0.0162,-0.0602,0.218
33.24676767,-0.0685,-0.1079,0.2889
33.26195982,-0.1248,-0.122,0.3849
33.26725017,-0.1802,-0.1302,0.5277
33.30372694,-0.2467,-0.1423,0.6834
33.30532928,-0.297,-0.1551,0.8267
33.30692525,-0.3525,-0.1777,0.9887
33.30774136,-0.3533,-0.1631,1.1349
33.31730178,-0.309,-0.1092,1.219
33.32677871,-0.2498,-0.0376,1.2829
33.33683936,-0.2217,0.004,1.3331
33.34683936,-0.2207,0.0264,1.3864
33.36140282,-0.2639,0.0167,1.3905
33.36682594,-0.3269,0.0049,1.3668
33.40631902,-0.3645,-0.0355,1.3263
33.40779917,-0.3938,-0.1335,1.266
33.40884902,-0.4559,-0.2306,1.2157
33.41019452,-0.5314,-0.2753,1.2505
33.41726378,-0.5904,-0.2504,1.2644
33.42737459,-0.6053,-0.1448,1.233
33.43713617,-0.6176,-0.0045,1.1931
33.44709494,-0.5651,0.1229,1.2017
33.46231232,-0.354,0.1705,1.2563
33.46711202,-0.005,0.1126,1.2975
33.50594213,0.2527,0.0767,1.5581
33.50764232,0.2033,0.0121,1.8229
33.50869913,0.1722,0.0023,1.861
33.50977428,0.101,0.0388,1.7767
33.51692344,0.0305,0.0109,1.6182
33.52717921,0.06,-0.0293,1.3671
33.53796048,0.2222,0.0042,0.6732
33.54708405,0.2893,0.0815,0.3891
33.56230282,0.3296,0.1565,0.2295
33.56712655,0.3274,0.2055,0.2406
33.6059174,0.2519,0.2199,0.4117
33.60751102,0.1609,0.2027,0.6491
33.60830655,-0.0133,0.1278,0.9446
33.60890752,-0.1677,0.029,1.2041
33.61730878,-0.2531,-0.0592,1.3441
33.62723778,-0.2955,-0.0994,1.4274
33.63801228,-0.274,-0.0821,1.3838
33.6473069,-0.2426,-0.0888,1.2979
33.66427963,-0.1943,-0.0883,1.149
33.66751644,-0.1686,-0.1082,1.005
33.70554567,-0.1373,-0.1107,0.8508
33.70728913,-0.1197,-0.1054,0.7057
33.70808921,-0.0827,-0.0843,0.5869
33.70879178,-0.0665,-0.064,0.4551
33.71679125,-0.0265,-0.037,0.3641
33.72767744,-0.0377,-0.036,0.3038
33.73712567,-0.01,-0.0398,0.2794
33.74714321,-0.0263,-0.0525,0.2927
33.76430575,-0.0777,-0.064,0.3678
33.76715321,-0.1565,-0.039,0.5023
33.81104055,-0.2653,0.0562,0.6908
33.8126844,-0.3425,0.166,0.8761
33.81404675,-0.3794,0.2298,1.0031
33.81490448,-0.3765,0.2489,1.0448
33.81732817,-0.3635,0.237,1.046
33.82732836,-0.3464,0.198,1.0201
33.84121702,-0.2988,0.1553,1.0013
33.84685194,-0.2443,0.1147,0.9865
33.85814117,-0.1834,0.0594,0.9918
33.86724244,-0.177,0.0737,1.0433
33.87963905,-0.1781,0.0581,1.109
33.92235082,-0.1845,0.0287,1.1535
33.9238344,-0.253,0.0905,1.1833
33.92472532,-0.324,0.1967,1.2232
33.92544721,-0.4233,0.3001,1.3193
33.92745002,-0.5501,0.3403,1.4013
33.93902175,-0.6412,0.3299,1.439
33.94710455,-0.6758,0.2928,1.4136
33.95735302,-0.6606,0.2359,1.3502
33.96693578,-0.5182,0.1678,1.3634
33.97995863,-0.2331,0.1721,1.4624
34.02479902,0.2008,0.2332,1.5645
34.02725963,0.2858,0.2069,1.6801
34.0288149,0.1495,0.1152,1.7893
34.02955209,0.0276,0.0029,1.7143
34.03064325,-0.0365,-0.0837,1.52
34.03899159,-0.0219,-0.1214,1.3055
34.04724152,0.0175,-0.1535,1.0549
34.05719648,0.0509,-0.2238,0.794
34.06741925,0.0774,-0.2944,0.5734
34.07816113,0.1196,-0.3633,0.4595
34.12233494,0.087,-0.3788,0.4389
34.12380617,-0.0088,-0.3474,0.57
34.12472382,-0.1148,-0.232,0.7782
34.12550213,-0.1886,-0.0831,0.9648
34.12736878,-0.2215,0.052,1.1095
34.14057567,-0.1986,0.1653,1.1857
34.14717709,-0.1821,0.2101,1.1758
34.15742528,-0.1341,0.2237,1.0933
34.16698267,-0.1632,0.2344,1.0144
34.17711809,-0.1224,0.2038,0.8927
34.2210659,-0.0595,0.2028,0.7481
34.22261021,-0.0344,0.1786,0.6114
34.22348428,-0.0044,0.1627,0.4973
34.22429805,0.0122,0.1415,0.4316
34.22835359,0.0208,0.0977,0.3819
34.23875025,-0.0227,0.0406,0.3775
34.24728286,-0.0691,0.0018,0.4405
34.25766471,-0.1353,-0.0296,0.5369
34.26716048,-0.2168,-0.0519,0.6396
34.28000244,-0.2861,-0.0717,0.758
34.32479148,-0.3397,-0.101,0.8389
34.32651598,-0.3911,-0.1319,0.9001
34.32788867,-0.4098,-0.1463,0.9259
34.32879651,-0.3994,-0.1386,0.927
34.32974028,-0.3411,-0.1135,0.9038
34.33804175,-0.2711,-0.0798,0.889
34.34708651,-0.2237,-0.0313,0.9047
34.35801598,-0.2119,0.0162,0.9577
34.36704825,-0.2456,0.0253,1.0406
34.37957001,-0.2932,0.0031,1.1435
34.42221213,-0.3233,-0.0188,1.2578
34.42357667,-0.3396,-0.0504,1.3202
34.42437751,-0.3895,-0.0954,1.3586
34.4251124,-0.4857,-0.1488,1.3753
34.42741348,-0.5805,-0.1617,1.3869
34.44055025,-0.6611,-0.1268,1.368
34.44718359,-0.7068,-0.0524,1.3074
34.45718817,-0.7236,0.0224,1.2454
34.46751025,-0.6472,0.0689,1.2171
34.47750198,-0.4332,0.0237,1.2858
34.53118586,-0.0877,-0.1402,1.4258
34.53270298,0.128,-0.1747,1.8636
34.53419336,0.1284,-0.0486,1.8101
34.53522605,0.0864,0.0425,1.642
34.54206217,0.0431,0.0303,1.4826
34.54726236,0.0613,0.0173,1.2767
34.55724848,0.125,0.0243,0.9468
34.56714594,0.1935,0.0578,0.605
34.57795359,0.2664,0.1068,0.3731
34.6294834,0.2989,0.1501,0.2857
34.63102871,0.274,0.1677,0.3699
34.63196025,0.1843,0.1444,0.6047
34.63274609,0.0558,0.0811,0.8721
34.63394555,-0.1156,-0.0094,1.1372
34.64118855,-0.2353,-0.1036,1.331
34.64732428,-0.2913,-0.1616,1.395
34.65717217,-0.3121,-0.1805,1.4206
34.66699528,-0.2696,-0.1532,1.3502
34.67719855,-0.2,-0.1134,1.2229
34.72612567,-0.1287,-0.0948,1.0534
34.72778228,-0.1032,-0.09,0.88
34.72866628,-0.1114,-0.0859,0.7168
34.7294599,-0.0897,-0.071,0.5836
34.73047663,-0.0641,-0.0309,0.4771
34.74043471,-0.0446,0.0088,0.3858
34.74747978,-0.0529,0.0374,0.3282
34.75732451,-0.021,0.053,0.3134
34.7673189,-0.0385,0.0497,0.3066
34.78090771,-0.0676,0.0545,0.3577
34.8441404,-0.1109,0.0871,0.4504
34.84553498,-0.2049,0.1577,0.5907
34.84745698,-0.2957,0.2726,0.7418
34.8484079,-0.3357,0.3231,0.8272
34.84942951,-0.343,0.3194,0.8528
34.85051144,-0.3237,0.2819,0.8466
34.85246028,-0.2957,0.2152,0.8529
34.8572659,-0.2624,0.1393,0.8762
34.86714051,-0.1677,0.0131,0.8256
34.87817898,-0.3126,0.1118,1.0257
34.92405578,-0.252,0.0705,1.066
34.92525713,-0.2251,0.0855,1.133
34.92669405,-0.2467,0.1064,1.1514
34.92768144,-0.2444,0.1054,1.169
34.92836275,-0.2832,0.1147,1.1857
34.93719359,-0.3476,0.1412,1.3257
34.94692994,-0.5374,0.1768,1.3889
34.95726278,-0.6202,0.1671,1.4228
34.96708578,-0.679,0.1272,1.3976
34.98070451,-0.7087,0.0847,1.3061
35.02484486,-0.7135,0.0473,1.2258
35.02660259,-0.6027,0.0048,1.2392
35.02754313,-0.3555,0.0181,1.4337
35.02839951,-0.0022,0.1973,1.6904
35.02954617,0.3495,0.3252,1.7573
35.03690405,0.3624,0.312,1.747
35.04728786,0.2932,0.1917,1.6858
35.05712528,0.2861,0.0497,1.5174
35.06712859,0.2563,-0.0481,1.3365
35.07695317,0.2102,-0.0912,1.1223
35.11915936,0.139,-0.1334,0.8929
35.12049978,0.073,-0.1979,0.7001
35.12152136,0.0161,-0.2863,0.5366
35.12267748,-0.0375,-0.3904,0.5119
35.12696594,-0.1058,-0.4523,0.6076
35.13690617,-0.1865,-0.3947,0.7671
35.14709432,-0.2413,-0.2552,0.8992
35.15690944,-0.2725,-0.1153,1.0017
35.16851805,-0.2448,-0.0083,1.0651
35.17903428,-0.1802,0.059,1.0695
35.22752578,-0.1292,0.1151,1.0363
35.22903086,-0.0969,0.1435,0.956
35.23017709,-0.0399,0.1742,0.8232
35.23124859,-0.0103,0.219,0.7239
35.23245124,0.0225,0.2618,0.6045
35.23834882,0.0371,0.2885,0.5215
35.24703601,0.032,0.2949,0.4655
35.25787448,0.025,0.2585,0.4303
35.2675069,0.0265,0.1847,0.4143
35.28003505,-0.0285,0.0889,0.4253
35.33129013,-0.0379,0.0206,0.4428
35.33301424,-0.0952,-0.0324,0.5289
35.3357099,-0.1533,-0.0869,0.6359
35.33736959,-0.2278,-0.1408,0.7642
35.33975463,-0.3154,-0.1892,0.9047
35.34097009,-0.3845,-0.2033,1.0272
35.34712367,-0.4454,-0.1969,1.1135
35.35993736,-0.4512,-0.1451,1.1581
35.36722644,-0.4198,-0.0748,1.159
35.40445563,-0.375,-0.0106,1.1548
35.40616701,-0.3202,0.0226,1.135
35.40735332,-0.2845,0.0253,1.1368
35.40831798,-0.2768,0.0055,1.1393
35.41799482,-0.2753,-0.0027,1.1605
35.42701009,-0.2789,0.0089,1.1822
35.43694424,-0.2757,-0.0127,1.2021
35.44700113,-0.3098,-0.087,1.2158
35.45700448,-0.3899,-0.172,1.2555
35.46818809,-0.5019,-0.207,1.3168
35.47747555,-0.5953,-0.1864,1.3263
35.5211439,-0.6467,-0.1256,1.2909
35.52290978,-0.5965,-0.0749,1.2468
35.5242579,-0.4099,-0.0945,1.2578
35.52594513,-0.1399,-0.2222,1.3335
35.52727255,0.039,-0.2713,1.5341
35.53736567,0.0976,-0.232,1.7558
35.54704809,0.1283,-0.1417,1.7589
35.55717282,0.0531,-0.0325,1.6706
35.56699798,-0.0287,0.0159,1.5732
35.57707009,-0.0193,0.0252,1.4092
35.62129413,0.084,0.0892,1.1039
35.62283236,0.2174,0.2049,0.7614
35.62364798,0.3291,0.3199,0.4809
35.62441648,0.3856,0.4049,0.3178
35.62726244,0.3595,0.4217,0.3428
35.6370564,0.242,0.3285,0.5209
35.64696836,0.1064,0.1892,1.0517
35.65710701,-0.1903,-0.1036,1.244
35.66728163,-0.2444,-0.1869,1.2835
35.67982436,-0.3375,-0.2135,1.3185
35.72348074,-0.2976,-0.2099,1.2538
35.72487763,-0.2447,-0.1884,1.1686
35.72590113,-0.1913,-0.1642,1.042
35.72765655,-0.1644,-0.1505,0.903
35.72860498,-0.1318,-0.1347,0.7875
35.73709251,-0.1164,-0.0975,0.6755
35.74703755,-0.0839,-0.0397,0.5631
35.75723786,-0.0618,0.0142,0.4834
35.77726998,-0.0269,0.0629,0.4195
35.77867659,-0.0127,0.0892,0.374
35.81944682,-0.0103,0.1074,0.3833
35.82081228,-0.0363,0.1085,0.4134
35.82170467,-0.1011,0.1035,0.4878
35.82273563,-0.1869,0.1179,0.5971
35.82708874,-0.2962,0.1627,0.7355
35.83729194,-0.3481,0.2183,0.8278
35.84706478,-0.3445,0.2144,0.8479
35.85743544,-0.2927,0.1891,0.8127
35.87392821,-0.2349,0.1253,0.7631
35.87722344,-0.198,0.0916,0.7517
35.91805632,-0.1914,0.0657,0.7809
35.9194969,-0.1732,-0.0024,0.8244
35.92037928,-0.176,-0.0415,0.9146
35.92112967,-0.193,-0.0579,1.0414
35.92699598,-0.2046,-0.0586,1.1788
35.93707744,-0.2166,-0.0376,1.2642
35.94722759,-0.2507,0.0252,1.3316
35.95726648,-0.3175,0.1465,1.3846
35.97596913,-0.4139,0.274,1.405
35.97805359,-0.5148,0.332,1.4042
36.03202236,-0.595,0.3159,1.3557
36.03413517,-0.6166,0.2664,1.264
36.03521813,-0.584,0.2251,1.1923
36.03676586,-0.4206,0.2027,1.2582
36.03815801,-0.194,0.267,1.4561
36.03958367,0.0496,0.3997,1.6136
36.04715171,0.1825,0.3875,1.8153
36.05698582,0.085,0.2232,1.9261
36.07424001,-0.0429,0.0772,1.8037
36.07725559,-0.1058,-0.004,1.6102
36.11807736,-0.1053,-0.0785,1.4
36.11981982,-0.0564,-0.1449,1.1862
36.12118878,0.0128,-0.2172,0.9276
36.12254782,0.0866,-0.2902,0.6568
36.12700178,0.1443,-0.3762,0.442
36.13702074,0.2058,-0.4245,0.3672
36.14701348,0.2135,-0.423,0.3979
36.15732782,0.1147,-0.3523,0.5709
36.17352551,0.0101,-0.2167,0.7867
36.17719894,-0.098,-0.0614,1.0085
36.21909724,-0.1939,0.0836,1.2466
36.22109128,-0.246,0.1928,1.4114
36.22245413,-0.3076,0.208,1.5263
36.22391463,-0.3,0.1783,1.4873
36.2272394,-0.2535,0.1666,1.3158
36.23720563,-0.1891,0.1609,1.104
36.24706671,-0.0999,0.1605,0.8854
36.25739663,-0.0475,0.1333,0.7004
36.27382486,0.0042,0.0888,0.5245
36.27707771,0.0307,0.0357,0.3745
36.31817109,0.0555,-0.0079,0.3012
36.31972921,0.0575,-0.0401,0.2391
36.32054197,0.0601,-0.0707,0.2257
36.32124636,0.03,-0.0993,0.2285
36.32707936,-0.0126,-0.1073,0.279
36.3372664,-0.0982,-0.0865,0.4036
36.3470789,-0.1978,-0.0464,0.7736
36.35731424,-0.3735,-0.0376,0.9273
36.37445363,-0.4176,-0.0816,0.9985
36.37698474,-0.4578,-0.1297,1.0423
36.41855986,-0.3966,-0.1202,0.9909
36.42014421,-0.329,-0.0876,0.9218
36.42127109,-0.2228,-0.0231,0.8736
36.4226299,-0.1323,0.0191,0.8448
36.42702928,-0.1356,0.049,0.9952
36.43935271,-0.1318,0.0815,1.1524
36.44690413,-0.1846,0.096,1.288
36.4580884,-0.2339,0.0654,1.3811
36.47520836,-0.3046,-0.0327,1.4133
36.47715171,-0.4048,-0.1388,1.4024
36.52170074,-0.5398,-0.2314,1.3923
36.52356628,-0.6425,-0.2718,1.3933
36.52511274,-0.6859,-0.2489,1.3709
36.52667055,-0.6794,-0.1761,1.328
36.52787451,-0.6684,-0.0915,1.2601
36.53702505,-0.6055,-0.0222,1.2
36.54711178,-0.4003,0.0381,1.1738
36.55836221,-0.0822,0.0314,1.1619
36.57596817,0.1652,0.0162,1.2566
36.5788109,0.1985,-0.0706,1.5099
36.63011578,0.1119,-0.1885,1.7419
36.63291113,0.0007,-0.2028,1.8356
36.63435009,-0.0923,-0.2122,1.8073
36.6367839,0.0945,-0.088,1.2251
36.63832032,0.2454,0.026,0.8085
36.64705109,0.3568,0.1429,0.4834
36.66058586,0.4012,0.2088,0.3103
36.71243917,0.3676,0.2281,0.3268
36.7143314,0.2734,0.2317,0.4752
36.71610671,0.1545,0.2403,0.7146
36.71823063,-0.0208,0.2283,1.0272
36.7193259,-0.184,0.1678,1.2522
36.72066105,-0.2741,0.0859,1.3713
36.72720774,-0.3183,0.0586,1.404
36.73732074,-0.2779,0.0693,1.3244
36.74690513,-0.2191,0.0694,1.1954
36.75703617,-0.1654,0.0732,1.0651
36.77492809,-0.1182,0.0596,0.8949
36.77707855,-0.082,0.0418,0.7422
36.81786401,-0.0445,0.0308,0.6034
36.81917563,-0.0176,0.0228,0.4865
36.81984105,-0.0253,0.0051,0.3926
36.8204769,0.0024,0.002,0.3678
36.82700967,-0.0292,-0.0161,0.3233
36.83735694,-0.0305,-0.0275,0.3484
36.84678709,-0.0578,-0.0436,0.3761
36.85679713,-0.1244,-0.0417,0.4472
36.87290894,-0.2096,-0.0078,0.564
36.87739171,-0.331,0.084,0.7571
36.91565367,-0.3971,0.2018,0.9245
36.91732409,-0.4113,0.2436,0.9887
36.91822563,-0.3811,0.234,0.9846
36.91894232,-0.3307,0.1969,0.9434
36.92687921,-0.3049,0.1141,0.8928
36.9372124,-0.1897,0.01,0.7846
36.94691121,-0.2511,0.0652,0.918
36.9571259,-0.2014,-0.028,0.9379
36.97212747,-0.1929,-0.06,0.9908
36.97719617,-0.2135,-0.0493,1.0539
37.01774378,-0.2194,-0.0451,1.1203
37.01912421,-0.2541,-0.0156,1.1871
37.02002374,-0.3005,0.0518,1.2526
37.02068297,-0.3773,0.146,1.3295
37.02701217,-0.4647,0.235,1.39
37.03706667,-0.5705,0.2737,1.4254
37.04725401,-0.6452,0.2707,1.407
37.05739063,-0.6907,0.167,1.244
37.07265871,-0.5669,0.0774,1.2579
37.07713471,-0.2979,0.0847,1.3682
37.1182009,0.0837,0.2049,1.4844
37.11983901,0.2993,0.2413,1.6698
37.12122182,0.2573,0.1517,1.838
37.1229764,0.1603,0.0491,1.7373
37.12698021,0.0733,-0.0376,1.5099
37.13783278,0.0236,-0.1082,1.2973
37.14879844,0.0059,-0.1686,1.0383
37.15693017,0.0222,-0.2453,0.7895
37.1685154,0.0605,-0.3412,0.6078
37.17699444,0.0708,-0.447,0.5237
37.18986905,0.0597,-0.4742,0.6003
37.24123097,-0.0177,-0.4226,0.7875
37.24301086,-0.1426,-0.3075,0.9938
37.24404509,-0.2383,-0.1752,1.138
37.24501697,-0.2863,-0.0652,1.2253
37.24602651,-0.2475,0.0348,1.2517
37.24914332,-0.2676,0.0497,1.2434
37.25707528,-0.2544,0.0767,1.1794
37.27269136,-0.2027,0.1291,1.0389
37.27693105,-0.1472,0.1754,0.8877
37.31707913,-0.069,0.1954,0.7068
37.31881632,-0.0304,0.2113,0.5691
37.31967559,0.0151,0.1964,0.4589
37.3204044,0.0233,0.1935,0.3937
37.3268604,0.0424,0.1874,0.3556
37.33689847,0.0392,0.1869,0.3182
37.34888282,0.0296,0.1726,0.3089
37.35707801,-0.0088,0.1338,0.3274
37.36791717,-0.0607,0.0947,0.3754
37.37708113,-0.1386,0.0463,0.4628
37.38704944,-0.2314,-0.0101,0.6058
37.40483997,-0.3077,-0.0972,0.7264
37.40682944,-0.3917,-0.182,0.853
37.45329644,-0.4159,-0.1991,0.9413
37.45472886,-0.3809,-0.1603,0.9589
37.45539747,-0.31,-0.0932,0.9406
37.45610024,-0.221,-0.0235,0.9177
37.45691313,-0.1477,0.0386,0.907
37.4671447,-0.1085,0.1019,0.9695
37.47680394,-0.1427,0.1532,1.0968
37.48785067,-0.2158,0.1706,1.2821
37.53260117,-0.2778,0.1333,1.4374
37.53450417,-0.3519,0.0353,1.5069
37.53546755,-0.4467,-0.0958,1.52
37.53661378,-0.5348,-0.2057,1.4629
37.53780717,-0.6,-0.2575,1.3839
37.54859263,-0.6428,-0.2425,1.3107
37.55703497,-0.6505,-0.179,1.255
37.56752194,-0.6339,-0.0884,1.2143
37.57720017,-0.6043,0.0191,1.1795
37.58842401,-0.5039,0.0994,1.1052
37.63271017,-0.2511,0.1316,1.1283
37.63429194,0.0932,-0.0131,1.148
37.63514394,0.1699,-0.1699,1.4656
37.63587009,0.0541,-0.1924,1.7807
37.63830094,0.0767,-0.1289,1.8807
37.6484537,0.0789,-0.0822,1.7265
37.65686336,0.0539,-0.0842,1.4627
37.66708028,0.1197,-0.0586,1.1702
37.67670932,0.1981,-0.0061,0.8485
37.68778328,0.2516,0.0832,0.5628
37.73433328,0.3062,0.1956,0.4303
37.7358954,0.2824,0.2817,0.4589
37.7371012,0.2056,0.3375,0.5909
37.7381822,0.0701,0.3154,0.8507
37.73913994,-0.0811,0.2246,1.1314
37.74999617,-0.1945,0.0872,1.324
37.75682005,-0.2318,-0.0164,1.3889
37.76718544,-0.2259,-0.0287,1.2485
37.77694786,-0.1964,-0.004,1.0907
37.78756667,-0.1483,-0.0084,0.9061
37.83634867,-0.1273,-0.0424,0.7198
37.83777997,-0.1107,-0.0833,0.5901
37.83863674,-0.0921,-0.113,0.4963
37.83930997,-0.0379,-0.1184,0.3622
37.84779236,-0.0294,-0.1138,0.3253
37.85731774,-0.0136,-0.1009,0.312
37.86697494,-0.0214,-0.0886,0.3105
37.87691059,-0.059,-0.0663,0.344
37.88698447,-0.1235,-0.0325,0.4427
37.9344279,-0.2014,0.0398,0.5912
37.93573763,-0.2825,0.1522,0.7647
37.93665732,-0.3467,0.2321,0.9177
37.9375534,-0.3859,0.2582,1.0296
37.93861317,-0.3711,0.2296,1.0443
37.94882144,-0.3275,0.1676,1.0294
37.95689217,-0.2547,0.1059,1.0045
37.96699313,-0.1962,0.0475,0.951
37.97698413,-0.1411,-0.0095,0.8926
37.99024794,-0.1893,0.0358,0.9795
38.04089605,-0.173,0.0266,1.0185
38.04240686,-0.1758,0.0614,1.0745
38.04341282,-0.1945,0.1219,1.1024
38.04421359,-0.2288,0.2129,1.1385
38.0449589,-0.2999,0.3094,1.1942
38.05204724,-0.4085,0.3652,1.287
38.05706682,-0.5183,0.3724,1.3923
38.06724194,-0.6113,0.3229,1.4682
38.07691055,-0.6524,0.2428,1.4839
38.09029547,-0.5733,0.1641,1.4708
38.13734651,-0.3185,0.1291,1.5239
38.13910267,0.0374,0.194,1.6395
38.1400229,0.2712,0.208,1.7476
38.14112132,0.2383,0.1578,1.9582
38.14265928,0.1016,0.0688,1.9934
38.15001894,-0.0685,-0.0209,1.8253
38.15711167,-0.1192,-0.0892,1.6152
38.16683267,-0.0766,-0.1246,1.3493
38.17712201,0.0006,-0.1719,1.0426
38.18683351,0.055,-0.2414,0.7464
38.20372363,0.1191,-0.297,0.541
38.20708374,0.1592,-0.3591,0.3944
38.25536401,0.2303,-0.3568,0.3768
38.2573009,0.2362,-0.3126,0.4591
38.25847282,0.1248,-0.2433,0.619
38.25936274,0.004,-0.1456,0.7837
38.26054728,-0.1575,-0.0373,0.9324
38.26811724,-0.2662,0.0632,1.0784
38.27685244,-0.3092,0.1192,1.1741
38.28728255,-0.3235,0.1107,1.2537
38.3406889,-0.3016,0.1018,1.2386
38.34261755,-0.2612,0.0911,1.1199
38.34369936,-0.1853,0.0905,0.9554
38.34440394,-0.0446,0.0871,0.5939
38.35086263,-0.0042,0.0689,0.4219
38.35687482,0.0333,0.043,0.2913
38.36785632,0.0613,0.0153,0.1934
38.3772924,0.0755,-0.0261,0.113
38.38708267,0.063,-0.0511,0.1171
38.4127662,0.0064,-0.07,0.1907
38.41443951,-0.048,-0.0472,0.3454
38.41816401,-0.2875,-0.0912,0.8211
38.42728363,-0.2875,-0.0912,0.8211
38.45591997,-0.3816,-0.1527,1.045
38.45784143,-0.4241,-0.1731,1.1905
38.45877501,-0.4164,-0.1523,1.1895
38.46781617,-0.3594,-0.0402,1.1959
38.47713447,-0.2948,-0.0006,1.1652
38.48778159,-0.2907,0.0436,1.1638
38.53140751,-0.3143,0.0829,1.169
38.5327529,-0.3046,0.1191,1.2336
38.5335432,-0.289,0.1313,1.271
38.5344572,-0.2885,0.0752,1.2851
38.53735524,-0.3584,-0.0508,1.2938
38.54878393,-0.4559,-0.2035,1.3244
38.55697924,-0.5294,-0.2993,1.3559
38.56700355,-0.5739,-0.3012,1.3643
38.57691001,-0.5869,-0.219,1.3483
38.58720986,-0.5824,-0.0901,1.2578
38.63239005,-0.5443,0.0335,1.1404
38.63426432,-0.3507,0.1368,1.0846
38.63504355,0.1233,0.2125,1.0885
38.63600217,0.4887,0.1344,1.1302
38.63775928,0.3646,-0.0298,1.4639
38.64981743,0.2174,-0.07,1.6711
38.6671754,0.0865,0.0453,1.6885
38.67700074,0.1579,0.0847,1.4735
38.68705932,0.1909,0.1103,1.0811
38.70280336,0.1672,0.1275,0.755
38.74865382,0.1132,0.1429,0.5265
38.75034667,0.0958,0.1339,0.613
38.7511452,0.0296,0.1213,0.8113
38.75196551,-0.081,0.0782,1.0516
38.75690393,-0.1763,0.014,1.2186
38.76757067,-0.2343,-0.0296,1.2842
38.77701278,-0.2371,-0.0414,1.2909
38.78944932,-0.1941,-0.0311,1.2105
38.83462728,-0.1681,-0.0053,1.077
38.83604874,-0.1576,0.0109,0.954
38.8378807,-0.1564,0.0084,0.809
38.8387019,-0.1342,-0.0144,0.6748
38.83979009,-0.1116,-0.0193,0.5641
38.84694251,-0.0572,-0.0156,0.4708
38.85732686,-0.0407,-0.0035,0.4154
38.86706305,-0.0181,0.0045,0.3636
38.87721005,-0.0148,0.0051,0.3626
38.8889547,-0.0368,0.0013,0.3842
38.9343167,-0.068,0.0011,0.4156
38.9356529,-0.0991,0.0274,0.4584
38.93742501,-0.1375,0.0613,0.4922
38.93852286,-0.1819,0.1075,0.5651
38.93949851,-0.2191,0.1487,0.6648
38.94854943,-0.2395,0.1692,0.7677
38.95690855,-0.2541,0.1566,0.8657
38.9670634,-0.2571,0.1266,0.9422
38.97719997,-0.2529,0.0855,1.0328
38.98890243,-0.2448,0.0711,1.0804
39.03262397,-0.2607,0.0668,1.1475
39.03451067,-0.274,0.0816,1.2184
39.03544813,-0.2822,0.0925,1.2742
39.03798367,-0.2874,0.1103,1.3006
39.03909036,-0.2988,0.1296,1.2631
39.04750751,-0.3068,0.1942,1.1948
39.05706432,-0.3258,0.2632,1.1296
39.06720374,-0.384,0.2954,1.087
39.07724555,-0.4672,0.2679,1.0982
39.0877312,-0.5411,0.2024,1.1366
39.13153867,-0.615,0.1215,1.1892
39.13299228,-0.6573,0.0355,1.2096
39.1343007,-0.6411,-0.0286,1.222
39.13503109,-0.4801,-0.075,1.3464
39.13714813,-0.1213,0.104,1.5377
39.14819317,0.2678,0.2928,1.7369
39.1568357,0.3908,0.2984,1.7435
39.16710905,0.1054,-0.0632,1.5691
39.18442524,-0.0324,-0.1781,1.3607
39.18708482,-0.0738,-0.204,1.1459
39.22653901,-0.004,-0.1904,0.9351
39.23086232,0.1049,-0.2238,0.7763
39.23253493,0.1412,-0.29,0.734
39.23417574,0.0796,-0.3367,0.8247
39.23738555,-0.0605,-0.31,0.9957
39.24708301,-0.1929,-0.1962,1.1451
39.25706393,-0.2653,-0.0551,1.2446
39.26719436,-0.283,0.0809,1.3419
39.28442936,-0.2662,0.2041,1.3912
39.28715428,-0.2438,0.2871,1.3679
39.33053686,-0.2161,0.3296,1.2764
39.33195755,-0.1725,0.3294,1.1157
39.33277128,-0.113,0.3017,0.9175
39.33353797,-0.0282,0.2637,0.7176
39.33748763,0.0473,0.2224,0.5245
39.34854286,0.0883,0.1711,0.3465
39.35719451,0.0974,0.1279,0.2348
39.36728628,0.128,0.0815,0.1214
39.38834424,0.148,0.0078,0.0524
39.39040255,0.1446,-0.0757,0.0022
39.44493628,0.0834,-0.1391,0.0208
39.44659232,0.0966,-0.1637,0.0475
39.44797013,0.0276,-0.159,0.2128
39.44882786,-0.0388,-0.1383,0.431
39.44950543,-0.2173,-0.0789,0.7617
39.45043682,-0.3505,-0.0465,1.0785
39.45710047,-0.4388,-0.0491,1.2563
39.4670102,-0.5168,-0.0233,1.4104
39.48701432,-0.5399,0.0011,1.485
39.48852386,-0.457,0.0559,1.4611
39.53487997,-0.392,0.0932,1.3935
39.53647436,-0.2376,0.0667,1.178
39.53785143,-0.3116,0.1347,1.1633
39.5387559,-0.2127,0.0465,1.0229
39.53967228,-0.1836,-0.0101,0.9346
39.54724443,-0.2069,-0.1314,0.9118
39.55697786,-0.2731,-0.2736,0.9843
39.56717986,-0.4184,-0.4055,1.1332
39.58841963,-0.6025,-0.4788,1.3053
39.59037416,-0.7146,-0.4333,1.4114
39.64500505,-0.7528,-0.2956,1.4569
39.64710693,-0.733,-0.1333,1.3966
39.64933809,-0.688,-0.0002,1.3008
39.65037497,-0.5996,0.1065,1.1766
39.6512599,-0.3776,0.1886,1.1705
39.65262316,0.0159,0.219,1.1934
39.65729336,0.2682,0.1126,1.229
39.66704724,0.231,-0.0099,1.5769
39.68508743,0.1195,-0.1168,1.7192
39.6877737,-0.0281,-0.1623,1.6934
39.73338251,-0.1007,-0.1798,1.5617
39.73497724,-0.0655,-0.1708,1.3691
39.73595663,0.0595,-0.1007,1.0648
39.73811901,0.182,-0.0015,0.6902
39.73900459,0.2908,0.1361,0.4267
39.7478989,0.3596,0.2327,0.32
39.75710909,0.3324,0.2551,0.3558
39.76712266,0.2121,0.2438,0.5866
39.78451259,0.0756,0.2172,0.9004
39.78724897,-0.1176,0.1455,1.2682
39.83051693,-0.2968,0.0513,1.4932
39.83202828,-0.3639,-0.0236,1.5666
39.83293386,-0.3694,-0.0386,1.5182
39.83390101,-0.2761,-0.0083,1.3139
39.83733251,-0.2003,0.0035,1.093
39.84827909,-0.1349,0.007,0.891
39.85694174,-0.0908,-0.005,0.7101
39.86755659,-0.0366,-0.0037,0.4575
39.88353536,-0.0219,-0.0035,0.3851
39.88721947,-0.0182,-0.0032,0.3632
39.92510209,-0.0403,-0.0064,0.3341
39.92677082,-0.041,-0.0161,0.3713
39.9278472,-0.0815,-0.0249,0.4168
39.92890547,-0.1313,-0.0315,0.474
39.93724105,-0.1987,-0.0155,0.5739
39.94716105,-0.3012,0.0238,0.722
39.95725259,-0.3646,0.1164,0.8786
39.9669259,-0.3808,0.1909,0.9876
39.98734982,-0.3538,0.2165,0.9882
39.98891751,-0.3154,0.2027,0.9461
40.03195313,-0.2707,0.1697,0.8782
40.03331047,-0.2281,0.1206,0.7994
40.03435855,-0.1561,0.0459,0.7293
40.03523293,-0.1936,0.0668,0.781
40.03718243,-0.1931,0.0257,0.8501
40.04702432,-0.1961,0.038,0.9771
40.05709893,-0.2206,0.0722,1.1149
40.06707893,-0.241,0.108,1.2218
40.08757413,-0.2944,0.1682,1.3354
40.08887451,-0.376,0.2419,1.425
40.13492505,-0.4754,0.3022,1.481
40.1370049,-0.5694,0.3202,1.4967
40.13811216,-0.6367,0.2944,1.4594
40.13930655,-0.6688,0.2597,1.3386
40.14066209,-0.6729,0.2345,1.2072
40.14699386,-0.5774,0.1994,1.1264
40.15714163,-0.3483,0.1918,1.2091
40.16718705,0.0034,0.2863,1.3822
40.1856919,0.3241,0.3545,1.5015
40.18763447,0.3334,0.2843,1.7213
40.23207155,0.2174,0.12,1.7873
40.23441497,0.06,-0.0529,1.6706
40.23571197,-0.0519,-0.2042,1.4851
40.23656732,-0.0892,-0.3097,1.2512
40.23746913,-0.0469,-0.363,0.9494
40.24727309,0.0299,-0.4132,0.6876
40.25713316,0.1033,-0.4735,0.5211
40.26708466,0.1124,-0.5028,0.5077
40.28373732,0.0735,-0.4779,0.6479
40.28694697,-0.0517,-0.3848,0.8672
40.3246769,-0.1823,-0.234,1.058
40.32650593,-0.2634,-0.0799,1.2265
40.32910124,-0.2861,0.0578,1.3087
40.33002113,-0.2687,0.1526,1.3322
40.33697401,-0.2322,0.2074,1.2967
40.34702086,-0.1941,0.2085,1.1489
40.35709982,-0.1726,0.2332,1.0184
40.3670007,-0.1296,0.2169,0.8162
40.38459951,-0.0429,0.2089,0.6801
40.38730001,0.0039,0.1805,0.5298
40.42888201,0.047,0.1633,0.4213
40.43051001,0.0564,0.1333,0.3573
40.43140751,0.0491,0.1005,0.3214
40.4321624,0.0101,0.0697,0.3312
40.43700355,-0.0439,0.0161,0.3578
40.44706724,-0.1055,-0.0271,0.425
40.4571387,-0.1739,-0.0716,0.5118
40.46702559,-0.2386,-0.1063,0.6128
40.48493859,-0.295,-0.1333,0.73
40.48729601,-0.3523,-0.1527,0.8343
40.54318513,-0.3963,-0.1798,0.9076
40.54467197,-0.3905,-0.1682,0.9367
40.5454602,-0.3555,-0.1294,0.9282
40.54660247,-0.2812,-0.0765,0.8923
40.54782374,-0.2018,-0.0217,0.8513
40.54879139,-0.1391,0.0335,0.8162
40.55714378,-0.1277,0.0947,0.8262
40.56693301,-0.1581,0.1661,1.0428
40.58631793,-0.2464,0.1587,1.219
40.58786428,-0.2926,0.0575,1.3792
40.6350687,-0.3959,-0.0721,1.4923
40.63660978,-0.5157,-0.1727,1.5345
40.63794774,-0.6095,-0.211,1.5069
40.63912413,-0.6721,-0.2031,1.4271
40.64071936,-0.687,-0.1665,1.3263
40.64774155,-0.6605,-0.1026,1.2171
40.65747324,-0.6177,-0.0236,1.1272
40.66700859,-0.4788,0.047,1.0905
40.68430128,-0.2419,0.0277,1.0695
40.68723816,0.0504,-0.1356,1.2279
40.72627986,0.1103,-0.2543,1.5798
40.72780524,0.1418,-0.2856,1.803
40.72864151,0.1527,-0.2009,1.8064
40.72955424,0.0737,-0.1281,1.6587
40.73702743,0.0211,-0.1046,1.4677
40.74731178,0.1002,-0.0435,1.2122
40.75710751,0.2139,0.0272,0.8849
40.76713189,0.3131,0.1287,0.5727
40.78427543,0.3784,0.2201,0.3881
40.7874557,0.3479,0.2613,0.3931
40.82802874,0.2428,0.2706,0.5658
40.82943047,0.1137,0.2522,0.8055
40.83040355,-0.0644,0.1705,1.1022
40.83113874,-0.188,0.0649,1.3131
40.83717501,-0.2255,-0.0156,1.4278
40.84719947,-0.2505,-0.0418,1.4274
40.85709709,-0.2025,-0.012,1.3166
40.86701874,-0.1623,-0.0072,1.1801
40.88336832,-0.1316,-0.0015,0.9962
40.8875102,-0.1076,-0.0109,0.8424
40.92885663,-0.0859,-0.0126,0.7125
40.93040155,-0.0761,-0.0138,0.6133
40.93121993,-0.1016,-0.0148,0.5251
40.93196647,-0.0548,0.0125,0.4669
40.93699928,-0.0613,0.0233,0.4054
40.94711189,-0.0353,0.0398,0.388
40.96185643,-0.0608,0.036,0.3893
40.96706913,-0.0942,0.012,0.4306
40.97696905,-0.1518,-0.0043,0.4923
40.98693786,-0.1978,-0.0002,0.5701
40.99938878,-0.2592,0.021,0.6854
41.04184663,-0.2994,0.0803,0.7854
41.04349639,-0.3028,0.1291,0.8718
41.04440382,-0.2945,0.1372,0.9308
41.04564286,-0.2962,0.1024,0.9634
41.04789751,-0.2992,0.0465,0.9755
41.06011755,-0.28,0.0112,0.9946
41.06748497,-0.2678,-0.0005,1.0141
41.07720397,-0.2579,0.0138,1.0269
41.08707997,-0.2389,0.0542,1.0578
41.09831636,-0.2321,0.0904,1.0745
41.14316297,-0.2284,0.12,1.0934
41.14456639,-0.2483,0.1615,1.1057
41.14546074,-0.2884,0.2116,1.1415
41.1468872,-0.3624,0.2404,1.191
41.14792366,-0.4603,0.2237,1.2609
41.15981551,-0.5573,0.1748,1.3167
41.16723551,-0.6357,0.1115,1.3415
41.17710555,-0.6725,0.0563,1.3238
41.18717882,-0.6127,0.0177,1.3571
41.1980642,-0.4064,0.0684,1.4932
41.24405759,-0.0059,0.2532,1.675
41.24659209,0.2718,0.342,1.7766
41.24841132,0.2237,0.327,1.9305
41.24992443,0.1178,0.1728,1.847
41.25113282,0.0112,0.0121,1.5698
41.25905316,-0.0854,-0.1353,1.2905
41.26723639,-0.1043,-0.2239,0.7615
41.27769447,-0.0136,-0.2784,0.4925
41.28742886,0.041,-0.3144,0.3514
41.30033313,0.0926,-0.3117,0.364
41.34400766,0.117,-0.2336,0.5146
41.34552043,0.0475,-0.1025,0.73
41.34717928,-0.0705,0.0325,0.9367
41.34816997,-0.1634,0.1476,1.1179
41.34914705,-0.2125,0.2183,1.2797
41.35848605,-0.28,0.2792,1.4448
41.36854139,-0.2959,0.2784,1.4707
41.37777063,-0.2779,0.2464,1.3906
41.38706443,-0.2424,0.2074,1.1975
41.39700636,-0.1827,0.1805,0.9859
41.41413993,-0.0978,0.1452,0.7679
41.41721343,-0.0526,0.0895,0.5551
41.45884982,-0.0083,0.043,0.3826
41.46023116,0.0173,0.0155,0.2557
41.46107913,0.0573,-0.0302,0.1666
41.46205409,0.0469,-0.0583,0.1401
41.46687363,0.0462,-0.0787,0.1269
41.47713516,0.0182,-0.0867,0.1798
41.48725043,-0.0472,-0.0608,0.301
41.49732651,-0.1361,-0.0303,0.5024
41.54022301,-0.2415,-0.0442,0.6849
41.54167182,-0.3363,-0.0992,0.8497
41.54259528,-0.3891,-0.1101,0.9784
41.54399716,-0.3856,-0.0831,1.0224
41.54697247,-0.3756,-0.0145,1.0528
41.55818351,-0.2807,0.0445,1.0516
41.56708905,-0.2169,0.0804,1.025
41.57704739,-0.1818,0.0877,1.0122
41.58727586,-0.1897,0.0744,1.0486
41.59999678,-0.2132,0.0429,1.1164
41.65280678,-0.2433,-0.0363,1.2021
41.65453009,-0.3049,-0.1545,1.2742
41.65560166,-0.4114,-0.2566,1.3423
41.6566957,-0.5165,-0.302,1.3924
41.65788989,-0.5847,-0.2696,1.3922
41.65885186,-0.6205,-0.1801,1.3536
41.66726847,-0.6359,-0.0614,1.3084
41.68048774,-0.631,0.0253,1.2521
41.68728559,-0.4836,0.0625,1.1976
41.72732097,-0.2066,-0.0291,1.2639
41.72874197,0.1208,-0.1423,1.4253
41.7297577,0.1231,-0.1854,1.7676
41.73059316,0.0825,-0.1659,1.9835
41.73703266,-0.0203,-0.0566,1.9896
41.74727643,-0.1165,-0.0059,1.8904
41.75914643,-0.1187,-0.0165,1.6415
41.7671202,-0.0177,0.0275,1.2636
41.77704989,0.1379,0.1204,0.8471
41.78731101,0.2867,0.2183,0.51
41.79703397,0.3949,0.2954,0.301
41.81771647,0.3949,0.3396,0.2618
41.81935439,0.3274,0.3514,0.3891
41.87609474,0.2201,0.311,0.5746
41.8780267,0.0589,0.1893,0.8887
41.87905043,-0.0842,0.0491,1.1457
41.88007216,-0.175,-0.0651,1.2739
41.88091693,-0.3072,-0.147,1.3439
41.88230362,-0.2905,-0.1369,1.3234
41.88695086,-0.264,-0.1162,1.2756
41.89716878,-0.2161,-0.0878,1.1872
41.91683362,-0.1997,-0.0838,1.0563
41.91856997,-0.1551,-0.0734,0.9137
41.96451359,-0.1281,-0.054,0.7686
41.9662857,-0.096,-0.0379,0.6133
41.96739451,-0.0569,-0.0053,0.5013
41.96819562,0.018,0.0524,0.3335
41.96908486,0.018,0.0524,0.2812
41.97692128,-0.011,0.0271,0.3101
41.98702462,-0.0678,0.0001,0.3571
42.00120609,-0.1296,-0.0084,0.4774
42.04562728,-0.2259,0.012,0.6304
42.04748212,-0.3134,0.0908,0.7773
42.04852336,-0.3602,0.1501,0.8973
42.04938205,-0.3531,0.1637,0.9188
42.05048005,-0.3167,0.1394,0.8744
42.06020836,-0.2755,0.0969,0.8238
42.06700855,-0.2393,0.0429,0.8041
42.07717074,-0.2166,-0.0072,0.8126
42.08734251,-0.2117,-0.0368,0.851
42.09711336,-0.2205,-0.0446,0.9309
42.14298328,-0.2398,-0.0304,1.0114
42.14435286,-0.2343,0.0236,1.1172
42.14509443,-0.266,0.0624,1.1896
42.14622447,-0.3117,0.1313,1.2423
42.14780078,-0.355,0.1924,1.269
42.15966374,-0.5028,0.315,1.3928
42.16711189,-0.5529,0.3429,1.4343
42.17707062,-0.6001,0.3516,1.428
42.18720043,-0.6005,0.3086,1.393
42.19711839,-0.4575,0.2431,1.3944
42.24176797,-0.2025,0.3014,1.5123
42.24337597,0.216,0.427,1.6746
42.24430216,0.3917,0.3712,1.8242
42.24506916,0.1909,0.2062,1.9802
42.24740855,-0.045,0.0299,1.9362
42.25805016,-0.1645,-0.1237,1.7199
42.26693336,-0.1929,-0.2551,1.4515
42.27695151,-0.1506,-0.3605,1.1421
42.2870972,-0.0864,-0.4465,0.778
42.29700389,-0.0214,-0.5224,0.4779
42.34203816,0.0883,-0.5486,0.3574
42.34344447,0.167,-0.49,0.407
42.34482759,0.1126,-0.3523,0.608
42.34598597,0.0116,-0.1846,0.8708
42.34772086,-0.1025,-0.028,1.1243
42.35952624,-0.1804,0.1165,1.2825
42.3672152,-0.2298,0.2316,1.4398
42.37713816,-0.2277,0.275,1.4942
42.38697982,-0.2935,0.2323,1.4191
42.39815609,-0.2613,0.206,1.245
42.44126201,-0.1979,0.1946,1.0175
42.44304482,-0.1491,0.1978,0.8025
42.44394243,-0.0437,0.1752,0.6047
42.44479932,0.012,0.1516,0.4253
42.44720874,0.0407,0.1173,0.2886
42.45902143,0.0708,0.0877,0.1962
42.46698805,0.0817,0.0628,0.1314
42.47702712,0.0592,0.0252,0.1043
42.48696343,0.0161,0.0252,0.1191
42.49690032,-0.0206,-0.01,0.1568
42.53971005,-0.0785,0.0001,0.25
42.5412552,-0.1549,0.0043,0.3969
42.54245312,-0.2194,0.0056,0.5537
42.54344101,-0.2693,-0.0303,0.712
42.54700836,-0.3269,-0.0741,0.8524
42.55979336,-0.3443,-0.0991,0.9557
42.5673312,-0.3387,-0.1,1.0194
42.5771362,-0.2973,-0.0689,1.0719
42.58686774,-0.3176,-0.0757,1.1545
42.59899609,-0.2996,-0.0629,1.2111
42.64515262,-0.3189,-0.0509,1.2451
42.64752132,-0.2951,-0.0277,1.2311
42.64835497,-0.242,-0.0333,1.1703
42.64932447,-0.2188,-0.0683,1.1115
42.65052689,-0.2625,-0.1279,1.1052
42.6571652,-0.3712,-0.1684,1.1839
42.66706528,-0.4895,-0.156,1.4368
42.67713516,-0.6608,-0.0073,1.5428
42.68719874,-0.709,0.0716,1.5759
42.69744959,-0.7128,0.146,1.5259
42.74438797,-0.6155,0.1881,1.4228
42.74618089,-0.3138,0.1594,1.3383
42.74776228,0.109,0.0131,1.2465
42.74857647,0.2349,-0.1294,1.3629
42.74975451,0.1311,-0.2165,1.5951
42.75834082,0.0752,-0.2284,1.6766
42.76720785,0.0126,-0.1986,1.6117
42.77724132,-0.0206,-0.1677,1.4727
42.78721778,0.0199,-0.1088,1.2241
42.79708174,0.1079,-0.0167,0.9193
42.84396605,0.2353,0.0897,0.5879
42.84531935,0.3385,0.1885,0.336
42.84643397,0.4038,0.2496,0.2471
42.84754489,0.4033,0.2646,0.3443
42.84838216,0.3039,0.2678,0.6023
42.85706435,0.1313,0.2426,0.9857
42.86708535,-0.1758,0.1377,1.3958
42.87711143,-0.2767,0.0365,1.6728
42.8958127,-0.3994,-0.0533,1.8305
42.89742551,-0.3954,-0.0688,1.7654
42.94150593,-0.3316,-0.0344,1.6008
42.94356005,-0.262,-0.0177,1.3398
42.94465378,-0.2105,-0.021,1.101
42.9460537,-0.1393,-0.0392,0.8751
42.94775078,-0.159,-0.0822,0.6907
42.95847893,-0.0869,-0.0805,0.5321
42.96706466,-0.0912,-0.0956,0.3855
42.97719682,-0.0239,-0.0838,0.2838
42.9950817,0.0274,-0.0774,0.1801
42.99712701,0.0652,-0.0767,0.1048
43.04137235,0.071,-0.0772,0.0708
43.04299693,0.0302,-0.0743,0.0829
43.04424874,-0.0423,-0.0504,0.1627
43.04518032,-0.1488,0.029,0.3538
43.04745478,-0.2481,0.1594,0.5641
43.0578377,-0.2951,0.2413,0.7389
43.06712774,-0.3347,0.2766,0.9055
43.07724855,-0.2998,0.2737,0.9711
43.09492197,-0.2298,0.2378,1.001
43.09715462,-0.1614,0.191,0.9937
43.13968405,-0.124,0.1473,1.0395
43.1410647,-0.1408,0.1047,1.1371
43.1420292,-0.2147,0.0721,1.2658
43.14282905,-0.3259,0.0456,1.383
43.14732189,-0.4362,0.0313,1.4689
43.15745643,-0.5614,0.0268,1.5623
43.16709185,-0.5793,0.0375,1.5466
43.17722912,-0.7085,0.1057,1.6086
43.19372943,-0.5365,0.0905,1.5937
43.19789274,-0.1524,0.2532,1.552
43.2396197,0.1837,0.5377,1.5436
43.24209282,0.3979,0.7519,1.554
43.24308178,0.1623,0.6409,1.646
43.24424974,-0.2761,0.3117,1.7991
43.24718074,-0.6246,0.0656,1.9002
43.25706666,-0.7484,-0.1281,1.8617
43.26714566,-0.5687,-0.3098,1.6563
43.27707009,-0.248,-0.4301,1.2413
43.29703743,0.0473,-0.4509,0.9197
43.29841482,0.3044,-0.4196,0.7663
43.34063316,0.4924,-0.358,0.6544
43.34218928,0.5846,-0.3485,0.5543
43.34297278,0.5196,-0.311,0.5083
43.34370332,0.3716,-0.225,0.5167
43.34708243,0.1518,-0.103,0.6501
43.35737359,-0.0555,0.0048,1.1065
43.36696089,-0.269,0.1399,1.3484
43.37725109,-0.3556,0.1267,1.4259
43.39690416,-0.3417,0.1355,1.5444
43.39846762,-0.2604,0.122,1.5406
43.43981885,-0.1711,0.0974,1.3328
43.44149247,-0.1105,0.0809,1.0885
43.4425847,-0.0639,0.0583,0.8341
43.44353451,-0.012,0.0437,0.6114
43.44706601,-0.0232,0.0211,0.4146
43.45706685,-0.0344,0.0198,0.2728
43.46705616,-0.0213,0.0122,0.1974
43.47703916,-0.0187,-0.0158,0.1521
43.49525651,0.0062,-0.0318,0.1437
43.49717078,0.0293,-0.0448,0.1523
43.54101447,0.0452,-0.0349,0.1847
43.54252401,0.0333,-0.0098,0.2424
43.54340685,-0.005,0.025,0.3563
43.54412055,-0.0784,0.0365,0.5354
43.54703062,-0.1749,0.0164,0.7242
43.55732939,-0.2841,-0.0184,0.8723
43.56702162,-0.3522,-0.0313,0.983
43.57717705,-0.3487,-0.0388,1.0024
43.59568762,-0.3204,-0.0493,0.982
43.5975427,-0.2955,-0.0618,0.9792
43.64089339,-0.2617,-0.0634,0.9688
43.64260655,-0.2491,-0.0507,0.98
43.64348616,-0.2327,-0.0136,1.0315
43.64458801,-0.2278,0.0283,1.1372
43.64721255,-0.2562,0.0613,1.2979
43.65711424,-0.2999,0.049,1.465
43.66725124,-0.3419,-0.0224,1.5793
43.67697851,-0.4098,-0.1275,1.6138
43.69554016,-0.4964,-0.2281,1.5584
43.69728443,-0.5637,-0.2817,1.4514
43.74154712,-0.5678,-0.2927,1.3216
43.74326708,-0.4156,-0.3011,1.2275
43.7440397,-0.1843,-0.4241,1.1739
43.74480201,-0.1179,-0.5396,1.2883
43.74776639,-0.0972,-0.4002,1.5351
43.75705658,-0.0766,-0.2121,1.6707
43.76718828,-0.0799,-0.0343,1.6868
43.7771187,-0.1435,0.0998,1.7099
43.79487224,-0.1645,0.1808,1.6366
43.79720543,-0.0952,0.2022,1.469
43.84067935,0.0622,0.232,1.1793
43.84224935,0.2224,0.2724,0.9341
43.84314666,0.3615,0.2926,0.7335
43.84395666,0.457,0.2977,0.5805
43.84779697,0.4686,0.2652,0.4776
43.85738785,0.3971,0.181,0.4843
43.86755332,0.3145,0.0759,0.5264
43.87706432,0.1495,-0.0324,0.6804
43.89648235,-0.0144,-0.1037,0.8431
43.89835962,-0.1411,-0.1438,0.9981
43.94393855,-0.24,-0.1689,1.1155
43.94533855,-0.3431,-0.1771,1.2488
43.9465242,-0.318,-0.16,1.2844
43.94755858,-0.2968,-0.1351,1.2738
43.94847435,-0.2621,-0.1004,1.222
43.95710978,-0.2179,-0.0451,1.1115
43.96802358,-0.1694,0.0011,0.9727
43.97725843,-0.1134,0.0536,0.8058
43.99479251,-0.0635,0.0858,0.6424
43.99699539,-0.0271,0.1141,0.505
44.0397987,0.0192,0.1286,0.38
44.04117512,0.0415,0.1352,0.3142
44.04238001,0.0325,0.1093,0.2538
44.04316593,0.0308,0.0761,0.2718
44.04762016,-0.0191,0.0214,0.324
44.05720008,-0.0986,-0.0139,0.5698
44.06760524,-0.2736,0.0739,0.7119
44.07702589,-0.3032,0.1763,0.8035
44.09509097,-0.2945,0.2245,0.8751
44.09710524,-0.2762,0.2266,0.9091
44.14029243,-0.2592,0.1976,0.9306
44.14179301,-0.2361,0.1581,0.9753
44.1427137,-0.22,0.1222,1.0196
44.14348116,-0.2237,0.0834,1.0616
44.14726108,-0.2333,0.0441,1.0974
44.15762805,-0.2184,0.02,1.1377
44.16751674,-0.2012,-0.0027,1.143
44.1771772,-0.1688,0.0269,1.1234
44.19284408,-0.1876,0.1109,1.1297
44.1971537,-0.2636,0.2099,1.1633
44.23560705,-0.3908,0.2533,1.237
44.23772797,-0.5559,0.2195,1.3439
44.2385847,-0.6914,0.1565,1.4391
44.23923143,-0.6788,0.0504,1.3707
44.24710832,-0.7416,0.1031,1.5384
44.25707751,-0.4617,0.0354,1.6139
44.26736708,-0.1158,0.1325,1.6678
44.27749724,0.1996,0.2449,1.67
44.29430147,0.3012,0.3029,1.7755
44.29703051,0.2718,0.2384,1.8066
44.33915751,0.1807,0.1037,1.6649
44.34053158,0.0886,-0.0303,1.4644
44.34131901,0.0424,-0.1212,1.2486
44.3423217,0.036,-0.1551,0.9937
44.34719324,0.0443,-0.2006,0.742
44.35729908,0.0635,-0.2674,0.5127
44.36703578,0.0661,-0.3517,0.408
44.37700478,0.0677,-0.3904,0.4641
44.39334885,-0.0098,-0.3545,0.6347
44.39717516,-0.129,-0.2435,0.838
44.43735485,-0.204,-0.1,1.0068
44.43890024,-0.2204,0.0232,1.1359
44.43974297,-0.2102,0.1058,1.206
44.44050824,-0.2212,0.1358,1.2257
44.4474767,-0.2121,0.1421,1.1801
44.45738235,-0.2238,0.1689,1.0951
44.46906255,-0.1847,0.1741,0.9634
44.47700197,-0.1237,0.1881,0.8231
44.4871782,-0.0757,0.1886,0.6604
44.49690855,-0.0299,0.1711,0.515
44.50880335,0.0136,0.1459,0.3811
44.55543747,0.0425,0.09,0.3112
44.55711578,0.0374,0.0452,0.218
44.55850282,0.0247,-0.0149,0.1599
44.55928851,0.0026,-0.0522,0.1656
44.5601382,-0.0613,-0.0895,0.2344
44.57131751,-0.1269,-0.0981,0.3529
44.57703047,-0.2105,-0.1094,0.5192
44.58725932,-0.3077,-0.1426,0.6976
44.59704701,-0.3948,-0.1824,0.8625
44.61083435,-0.455,-0.1846,1.0181
44.65627582,-0.4698,-0.155,1.1263
44.65826305,-0.419,-0.102,1.1877
44.65914816,-0.3424,-0.0517,1.2208
44.65991132,-0.2849,-0.0241,1.2582
44.66066055,-0.2564,-0.0039,1.2684
44.66858074,-0.2337,0.0236,1.2716
44.67746532,-0.2152,0.0309,1.2603
44.68794143,-0.2372,-0.0188,1.2524
44.69693851,-0.309,-0.1185,1.2671
44.70721289,-0.4324,-0.2146,1.3259
44.72462108,-0.5547,-0.2513,1.3715
44.72743958,-0.645,-0.2088,1.3916
44.76787501,-0.6976,-0.1052,1.3732
44.7694127,-0.71,0.0237,1.2791
44.77077301,-0.3153,0.1368,1.2528
44.77157962,0.1013,0.0436,1.2678
44.77717878,0.2753,-0.0694,1.4718
44.78803289,0.2198,-0.1678,1.7268
44.79700208,0.1887,-0.1474,1.8182
44.80694458,0.0955,-0.0763,1.7291
44.82649812,0.034,-0.0699,1.57
44.82801005,0.069,-0.073,1.3201
44.86910828,0.1496,-0.0238,0.9759
44.87058701,0.2413,0.0548,0.6557
44.87135893,0.3072,0.1297,0.4148
44.87214316,0.3359,0.1721,0.3235
44.87739928,0.2608,0.1639,0.431
44.8879362,0.1349,0.1186,0.6623
44.89697001,-0.0093,0.0462,0.9147
44.90911162,-0.1358,-0.0253,1.149
44.95517839,-0.2311,-0.1055,1.2788
44.95751101,-0.2547,-0.122,1.3162
44.95858612,-0.2822,-0.1471,1.3193
44.9597067,-0.2522,-0.1389,1.235
44.96087366,-0.2187,-0.138,1.1269
44.9684582,-0.1794,-0.1237,0.9927
44.97732224,-0.1641,-0.1127,0.8442
44.98729674,-0.1375,-0.087,0.7095
44.99698001,-0.1101,-0.0491,0.6001
45.00768289,-0.0592,0.0104,0.5012
45.05211224,-0.0109,0.0506,0.4165
45.05392785,-0.0279,0.0727,0.3294
45.05472543,0.031,0.0934,0.334
45.0554977,0.0049,0.081,0.3121
45.05713824,-0.0437,0.0612,0.3777
45.06844066,-0.1131,0.0546,0.4545
45.07726347,-0.197,0.0715,0.5628
45.08717539,-0.2886,0.1121,0.6783
45.09705878,-0.3264,0.1769,0.7753
45.11037958,-0.3186,0.2024,0.8256
45.15439593,-0.2901,0.1879,0.876
45.1559272,-0.2428,0.152,0.9245
45.15689505,-0.189,0.1112,0.9656
45.15822101,-0.1489,0.0947,0.993
45.15910097,-0.1498,0.0914,1.068
45.17041889,-0.1215,0.0807,1.0955
45.17722939,-0.1334,0.0671,1.1376
45.18710243,-0.1371,0.084,1.1693
45.19692124,-0.1956,0.1313,1.2103
45.20716001,-0.2701,0.1932,1.2552
45.24942628,-0.379,0.2344,1.3161
45.25103485,-0.5134,0.2271,1.3785
45.2519517,-0.5962,0.1896,1.4355
45.25341685,-0.5475,0.1412,1.5005
45.25704843,-0.3016,0.1825,1.6261
45.26777131,0.0613,0.3572,1.7242
45.27712489,0.2896,0.4553,1.8327
45.28696428,0.1663,0.3854,1.9803
45.29689705,-0.0733,0.2124,1.9885
45.30865955,-0.2596,0.0671,1.8711
45.35113728,-0.3185,-0.0002,1.6894
45.35268062,-0.27,-0.0636,1.4439
45.35375581,-0.1992,-0.2025,1.1412
45.3545642,-0.1184,-0.3826,0.8433
45.35743105,-0.0021,-0.5099,0.5678
45.36722881,0.1042,-0.5494,0.3987
45.37719928,0.2387,-0.4978,0.3065
45.38726631,0.3283,-0.3944,0.3154
45.39720481,0.226,-0.2492,0.4445
45.40882435,0.1617,-0.0733,0.64
45.45278551,-0.0178,0.0942,0.8495
45.45465216,-0.2022,0.3402,1.0874
45.45554455,-0.176,0.1882,1.133
45.45673197,-0.2966,0.2673,1.2601
45.45822208,-0.3266,0.2409,1.3052
45.47020408,-0.2618,0.1783,1.1873
45.47784889,-0.1837,0.1197,1.0146
45.48709578,-0.1004,0.0454,0.8182
45.49708624,-0.0403,-0.0332,0.5912
45.50733039,-0.0109,-0.1064,0.4209
45.55129435,-0.0105,-0.1597,0.2989
45.5532432,-0.0122,-0.2085,0.224
45.55424816,-0.0607,-0.2248,0.2077
45.55510012,-0.0828,-0.2185,0.2178
45.55774781,-0.1026,-0.1749,0.2834
45.56715893,-0.1555,-0.1037,0.3914
45.57706701,-0.2276,-0.0088,0.5696
45.58702689,-0.2836,0.0302,0.7196
45.59684285,-0.3718,-0.0404,0.8479
45.60833412,-0.4341,-0.0871,0.9593
45.65276255,-0.439,-0.1025,1.0169
45.65444639,-0.3839,-0.1092,0.9935
45.65534701,-0.2954,-0.0969,0.9715
45.65710797,-0.2134,-0.0684,0.9199
45.65842651,-0.1407,-0.0272,0.8987
45.6675882,-0.1173,0.0222,0.9187
45.67689074,-0.1266,0.0779,0.992
45.6873227,-0.1732,0.1201,1.1206
45.69693128,-0.2435,0.1284,1.2576
45.70714943,-0.3419,0.0794,1.3572
45.75014697,-0.4687,-0.0158,1.4202
45.75186897,-0.595,-0.1173,1.46
45.75280458,-0.6617,-0.1698,1.4774
45.75378374,-0.6627,-0.1366,1.4421
45.75729997,-0.6215,-0.0417,1.3707
45.76806389,-0.5563,0.0695,1.2945
45.77687528,-0.3871,0.1371,1.275
45.78698112,-0.0304,0.1097,1.2793
45.79689458,0.2485,0.0137,1.4062
45.80843635,0.2549,-0.1129,1.6519
45.85322758,0.1785,-0.1987,1.7891
45.8550277,0.0569,-0.1432,1.8038
45.85594578,-0.0577,-0.1103,1.7465
45.85691297,-0.0622,-0.1002,1.61
45.85820651,0.0434,-0.0281,1.341
45.86931066,0.1448,0.0628,0.974
45.87694443,0.2348,0.1627,0.6478
45.88701458,0.2866,0.2535,0.3927
45.89731124,0.2642,0.3038,0.2723
45.91175628,0.1852,0.2946,0.3292
45.95486758,0.0776,0.2194,0.5415
45.95648962,-0.0307,0.1233,0.7687
45.95785231,-0.12,0.0217,1.0197
45.95864297,-0.2052,-0.0768,1.1769
45.95941397,-0.2222,-0.1377,1.2397
45.96785712,-0.2266,-0.1097,1.2329
45.97703378,-0.2014,-0.0809,1.147
45.98726128,-0.2034,-0.0555,1.0624
45.99694731,-0.177,-0.0406,0.9504
46.00736231,-0.1764,-0.0349,0.8429
46.05235043,-0.1583,-0.0202,0.719
46.05384716,-0.128,0.0007,0.5973
46.05464104,-0.0961,0.0243,0.4879
46.0554347,-0.0408,0.0525,0.4117
46.05718108,-0.0892,0.0487,0.3402
46.06716731,-0.0525,0.0501,0.3334
46.0770227,-0.1025,0.027,0.3307
46.08716193,-0.1449,0.001,0.4031
46.09697831,-0.2012,-0.0032,0.4807
46.10711185,-0.2698,0.0164,0.5794
46.14948816,-0.333,0.0718,0.6878
46.15118474,-0.3313,0.1193,0.7511
46.15207047,-0.3028,0.1007,0.7847
46.15278308,-0.2693,0.0452,0.8033
46.15704862,-0.2293,-0.0272,0.9494
46.16717093,-0.2187,-0.0164,1.0465
46.17696416,-0.1954,0.0255,1.1776
46.18711551,-0.178,0.0853,1.2869
46.20457808,-0.1865,0.1594,1.3055
46.20713901,-0.241,0.2515,1.2667
46.24833974,-0.2989,0.326,1.1839
46.24997366,-0.4071,0.3359,1.1195
46.2508432,-0.5173,0.2746,1.1068
46.25172339,-0.562,0.2047,1.1449
46.25720762,-0.4649,0.1577,1.2721
46.2673377,-0.1717,0.2658,1.5335
46.27719024,0.2891,0.565,1.7924
46.28743574,0.532,0.6987,2.0601
46.30426781,0.2678,0.4837,2.2538
46.30726708,-0.1085,0.1981,2.3325
46.34875978,-0.4488,-0.0293,2.1286
46.35155862,-0.5829,-0.1918,1.9619
46.35324897,-0.4645,-0.3541,1.6635
46.35467424,-0.3599,-0.6005,1.1799
46.35716008,-0.2206,-0.7317,0.706
46.36727139,-0.1055,-0.7318,0.5056
46.37725793,0.0905,-0.6843,0.3927
46.38685839,0.3017,-0.5918,0.278
46.40437689,0.4217,-0.4485,0.2681
46.40730712,0.3464,-0.0771,0.4174
46.44911728,0.2581,0.0765,0.6464
46.45080751,0.058,0.1242,0.7726
46.45173978,-0.1191,0.3457,1.0774
46.45251558,-0.2565,0.488,1.2616
46.45719247,-0.3015,0.5093,1.4226
46.46801001,-0.3277,0.4411,1.4771
46.47713654,-0.3241,0.3496,1.4331
46.48744643,-0.2819,0.2228,1.2709
46.50575554,-0.2044,0.0948,1.0401
46.50733766,-0.1446,-0.0112,0.8039
46.55203712,-0.0987,-0.0988,0.5524
46.55347612,-0.0395,-0.1546,0.3465
46.55454843,-0.0257,-0.1746,0.1998
46.55532139,0.0921,-0.225,0.0732
46.55743385,0.0056,-0.1823,0.1059
46.5675592,0.0396,-0.1606,0.1142
46.57715528,0.0379,-0.0793,0.1554
46.58711489,-0.0238,0.0509,0.2919
46.60494151,-0.1581,0.1645,0.5487
46.60731331,-0.2938,0.1805,0.785
46.65038508,-0.3959,0.1186,0.9576
46.65185093,-0.4422,0.0224,1.0583
46.65278974,-0.4037,-0.0151,1.0993
46.65383885,-0.2886,-0.038,1.0448
46.65718412,-0.304,-0.004,1.1008
46.66721654,-0.2124,-0.0368,1.0747
46.67709731,-0.1777,-0.0341,1.0687
46.68692285,-0.184,-0.0342,1.088
46.70412431,-0.188,-0.0293,1.1482
46.70765224,-0.2427,-0.0346,1.2298
46.75012993,-0.3148,-0.1021,1.2859
46.75174551,-0.4462,-0.1901,1.325
46.75277712,-0.5731,-0.2345,1.3762
46.75374258,-0.6469,-0.2064,1.3894
46.75723581,-0.6458,-0.1225,1.3493
46.76735966,-0.5973,-0.0106,1.276
46.77712835,-0.5562,0.0947,1.1977
46.78743281,-0.5194,0.1979,1.1291
46.80503147,-0.4672,0.2563,1.0715
46.80732239,-0.1816,0.2788,1.09
46.84892147,0.2224,0.0491,1.1126
46.85071939,0.3382,-0.2988,1.3452
46.85167774,0.1779,-0.4267,1.6367
46.85271185,0.1412,-0.3335,1.7222
46.85693401,0.1004,-0.2169,1.4083
46.86722854,0.1202,-0.1143,1.1382
46.87726312,0.1572,-0.0321,0.8543
46.88758208,0.1899,0.114,0.6391
46.90417404,0.2317,0.2742,0.5314
46.90762547,0.2606,0.3754,0.5675
46.95270793,0.1758,0.3976,0.7758
46.95439697,0.0303,0.3597,1.1082
46.95519385,-0.1375,0.2229,1.4302
46.95604185,-0.2173,0.071,1.5637
46.95740381,-0.2312,-0.0421,1.5294
46.96729524,-0.2202,-0.0718,1.3941
46.97722704,-0.2002,-0.0622,1.2122
46.98712062,-0.1874,-0.0699,1.0351
46.99889454,-0.1655,-0.0866,0.8712
47.0072542,-0.1407,-0.1044,0.719
47.02065458,-0.1292,-0.1236,0.6248
47.02688835,-0.0778,-0.1323,0.5206
47.06702812,-0.0708,-0.1416,0.4678
47.06853701,-0.0346,-0.1285,0.4324
47.0693672,-0.0216,-0.1008,0.3903
47.07028158,-0.0078,-0.0734,0.3551
47.07709008,-0.0065,-0.0271,0.2905
47.08738204,-0.0362,0.0453,0.243
47.09937362,-0.0669,0.1119,0.2466
47.10716847,-0.1416,0.1766,0.3287
47.12046889,-0.2188,0.2505,0.4881
47.12738262,-0.2818,0.2768,0.6786
47.16643316,-0.3358,0.2455,0.8546
47.16789497,-0.365,0.1759,0.9802
47.16905066,-0.3709,0.0947,1.0922
47.17002316,-0.3286,0.0365,1.1783
47.17729516,-0.2756,-0.0018,1.2466
47.18757539,-0.3043,0.0647,1.3505
47.1972127,-0.3208,0.0484,1.3597
47.20730739,-0.3395,0.071,1.3368
47.22241708,-0.3632,0.1065,1.2173
47.22724097,-0.374,0.1744,1.1282
47.26844027,-0.4162,0.2413,1.077
47.26992916,-0.4732,0.2575,1.0591
47.27075008,-0.5591,0.221,1.1035
47.27144397,-0.6321,0.1757,1.1652
47.27690147,-0.683,0.1329,1.2275
47.28753416,-0.6867,0.076,1.3068
47.29749604,-0.4856,0.0658,1.529
47.30729751,-0.0016,0.2796,1.8572
47.32234958,0.5124,0.5051,1.9937
47.32754766,0.4834,0.4936,2.0287
47.36860901,0.1379,0.2891,1.9846
47.37079139,-0.1594,0.0785,1.7859
47.37161666,-0.2745,-0.0826,1.5384
47.37236624,-0.2628,-0.2416,1.227
47.37719054,-0.1708,-0.3814,0.8282
47.38757674,-0.0071,-0.4709,0.5071
47.39740339,0.154,-0.4689,0.3851
47.40724612,0.2646,-0.4032,0.4865
47.42231485,0.2675,-0.2996,0.6705
47.42744235,0.111,-0.2364,0.8723
47.46731404,-0.0386,-0.1478,1.0075
47.4688412,-0.1797,-0.0118,1.162
47.46976062,-0.2548,0.1237,1.2549
47.47057635,-0.2617,0.2228,1.2852
47.47698243,-0.259,0.2233,1.2924
47.48708785,-0.2377,0.2261,1.2137
47.49753301,-0.1874,0.2119,1.0564
47.50721881,-0.1136,0.1986,0.8854
47.52229424,-0.0296,0.1728,0.693
47.52699454,0.0465,0.1397,0.5419
47.56975743,0.08,0.098,0.4195
47.57124451,0.0955,0.0531,0.3255
47.57206427,0.065,0.0128,0.2891
47.57276724,0.0216,-0.0475,0.2781
47.5771532,-0.0088,-0.074,0.2952
47.58780835,-0.0546,-0.0688,0.3369
47.59734024,-0.1098,-0.0537,0.4388
47.6071567,-0.1694,-0.031,0.5669
47.61714512,-0.2435,-0.0076,0.7264
47.62710358,-0.2944,-0.0225,0.8697
47.63817327,-0.3323,-0.074,0.9541
47.68434597,-0.3369,-0.1066,0.9938
47.68596739,-0.3015,-0.1013,0.9855
47.68711308,-0.2608,-0.0748,0.9655
47.6879307,-0.2253,-0.0402,0.9937
47.68856027,-0.2187,-0.0045,1.057
47.69788304,-0.235,0.0117,1.1718
47.70690247,-0.2884,0.0037,1.3079
47.71697251,-0.3727,-0.0195,1.4503
47.72691377,-0.4782,-0.0445,1.5546
47.73835497,-0.5794,-0.0658,1.5792
47.78353589,-0.6072,-0.0886,1.5042
47.7850027,-0.5949,-0.1203,1.3659
47.78636831,-0.5703,-0.1452,1.229
47.78749981,-0.5523,-0.1478,1.1464
47.78846381,-0.5718,-0.1377,1.0903
47.7991302,-0.5761,-0.0715,1.0868
47.80714124,-0.6411,0.0139,1.1506
47.81738093,-0.6224,0.1182,1.1553
47.82751843,-0.4076,0.1881,1.1834
47.83872235,-0.0235,0.0421,1.1922
47.88621908,0.3329,-0.2475,1.2909
47.88818335,0.4259,-0.368,1.5135
47.88899724,0.3441,-0.2968,1.6347
47.88986497,0.3304,-0.1429,1.5296
47.89083289,0.2922,-0.054,1.3866
47.89791416,0.2318,-0.0555,1.2346
47.90776697,0.2066,-0.0435,1.0183
47.91737858,0.1804,0.0067,0.8398
47.93495085,0.1754,0.0912,0.6918
47.93737847,0.1744,0.1867,0.6069
47.97939839,0.151,0.2609,0.6497
47.98085535,0.0535,0.3192,0.8271
47.98174766,-0.0849,0.3064,1.0655
47.98264101,-0.1744,0.2263,1.2048
47.98739527,-0.1813,0.138,1.2482
47.9976912,-0.1583,0.0727,1.1967
48.00728004,-0.1399,0.0337,1.1099
48.02046439,-0.109,-0.0137,0.976
48.06726681,-0.0948,-0.0606,0.8524
48.06872381,-0.0847,-0.1136,0.7302
48.06954624,-0.0938,-0.1684,0.6458
48.07049058,-0.1031,-0.2119,0.5766
48.07158685,-0.1163,-0.2327,0.5482
48.07833843,-0.119,-0.2298,0.5221
48.08735627,-0.1059,-0.199,0.487
48.09850847,-0.1127,-0.1537,0.4561
48.10719362,-0.08,-0.0937,0.4374
48.11725685,-0.0755,-0.0227,0.4158
48.12731797,-0.0958,0.0485,0.4434
48.13962158,-0.1501,0.1251,0.51
48.19256877,-0.2086,0.2011,0.6216
48.19454108,-0.2617,0.2508,0.7348
48.19547566,-0.3161,0.2606,0.8319
48.19645508,-0.3258,0.2365,0.879
48.1978055,-0.2906,0.1961,0.8876
48.19881389,-0.2329,0.1402,0.9086
48.20711143,-0.17,0.0765,0.9466
48.217158,-0.1753,-0.0103,0.9968
48.23598231,-0.2366,-0.0926,1.0914
48.23813931,-0.3059,-0.1467,1.3349
48.29231243,-0.3679,-0.1792,1.3765
48.29437674,-0.409,-0.0633,1.3574
48.29559639,-0.4024,0.0738,1.3169
48.29671739,-0.4413,0.2085,1.2634
48.29845985,-0.5118,0.3053,1.2932
48.2998475,-0.572,0.3439,1.2916
48.30743131,-0.6254,0.3381,1.2605
48.31712677,-0.6484,0.2973,1.2201
48.33603762,-0.6342,0.2301,1.2136
48.33769789,-0.4733,0.1565,1.3329
48.38468708,-0.1764,0.1672,1.5082
48.38639335,0.1399,0.199,1.6305
48.38776243,0.3078,0.2161,1.7128
48.38868016,0.3465,0.1803,1.8022
48.38973931,0.27,0.0366,1.6638
48.39724239,0.1523,-0.1099,1.3974
48.40708466,0.0859,-0.198,1.162
48.4207962,0.0794,-0.2138,0.927
48.46780981,0.0969,-0.2166,0.7135
48.46932235,0.1112,-0.2609,0.5883
48.47033343,0.0969,-0.3365,0.5825
48.47106674,0.0077,-0.3806,0.6808
48.47194727,-0.1437,-0.3671,0.8586
48.47697381,-0.2711,-0.2682,1.0433
48.487207,-0.3269,-0.1342,1.1402
48.49717935,-0.3155,-0.0143,1.2039
48.5069112,-0.2785,0.0803,1.2057
48.51736624,-0.2242,0.1793,1.1576
48.5665177,-0.1801,0.2238,1.0582
48.56830835,-0.113,0.2458,0.9067
48.56908893,-0.0401,0.248,0.7442
48.57032397,0.0161,0.2294,0.5869
48.57129539,0.0573,0.2182,0.4678
48.579555,0.0688,0.2234,0.3619
48.58756216,0.091,0.2155,0.273
48.59788797,0.0982,0.1842,0.2361
48.60847574,0.1102,0.1583,0.2121
48.620864,0.0833,0.1159,0.2105
48.66880289,0.0046,0.0628,0.2634
48.670431,-0.0897,0.0067,0.3718
48.67129274,-0.2042,-0.0476,0.5363
48.67211516,-0.3071,-0.1251,0.709
48.67303843,-0.3884,-0.1842,0.8581
48.68030997,-0.4183,-0.1798,0.9843
48.68706331,-0.4687,-0.1797,1.0741
48.69718658,-0.4421,-0.1284,1.1556
48.70737412,-0.3773,-0.0617,1.2049
48.72087147,-0.3385,-0.0132,1.2466
48.76592908,-0.313,0.0115,1.2788
48.76753224,-0.3213,0.0288,1.2909
48.76848316,-0.3583,0.0303,1.2571
48.76924477,-0.3735,0.0415,1.2175
48.77056766,-0.3599,0.0182,1.1557
48.7783252,-0.3434,-0.0696,1.099
48.7869962,-0.3762,-0.1923,1.0824
48.7973432,-0.4722,-0.2856,1.16
48.80724254,-0.5756,-0.3169,1.2853
48.81705704,-0.6468,-0.27,1.3849
48.83880466,-0.6905,-0.1568,1.415
48.84020554,-0.7007,-0.0552,1.3486
48.88548274,-0.5271,0.0004,1.3434
48.88689085,-0.1368,-0.0832,1.3368
48.88802185,0.243,-0.2665,1.3879
48.88880985,0.1702,-0.3242,1.6023
48.88955593,0.1101,-0.2758,1.7737
48.8973397,0.0583,-0.1559,1.8488
48.90728012,-0.0475,-0.0744,1.7936
48.91699897,-0.0526,-0.0177,1.582
48.93404227,0.0417,0.0551,1.1969
48.93722312,0.1429,0.1051,0.7685
48.97887162,0.2221,0.157,0.2849
48.98042747,0.2764,0.198,0.3227
48.9812855,0.2183,0.1853,0.5149
48.98236889,0.1355,0.1631,0.7825
48.98693885,-0.0358,0.0877,1.0368
48.99699681,-0.1535,0.0129,1.2285
49.00722093,-0.2492,-0.0559,1.2969
49.0170797,-0.2917,-0.0717,1.2948
49.03665308,-0.2939,-0.058,1.2583
49.03867404,-0.2538,-0.0441,1.1447
49.0864912,-0.1929,-0.0359,1.0133
49.08827343,-0.1653,-0.0589,0.8559
49.08916689,-0.1255,-0.0685,0.7071
49.09026658,-0.0993,-0.0551,0.595
49.09110724,-0.0297,-0.0148,0.4882
49.09720316,0.0236,0.0286,0.3794
49.10720631,0.0434,0.0682,0.3133
49.11699166,0.0381,0.0779,0.2707
49.1370732,0.011,0.0795,0.2822
49.13862673,-0.0375,0.0693,0.3406
49.18979631,-0.1168,0.0624,0.4399
49.19175704,-0.1835,0.0743,0.5895
49.19279589,-0.2715,0.0965,0.7611
49.19375531,-0.3446,0.1491,0.9143
49.19467439,-0.377,0.1816,1.0041
49.20074439,-0.3746,0.1887,1.0383
49.2088405,-0.3442,0.1693,1.0223
49.2171517,-0.2974,0.1339,0.9717
49.23263112,-0.2601,0.089,0.912
49.23785493,-0.241,0.0211,0.8407
49.27951566,-0.2843,0.0258,0.911
49.28122385,-0.2839,-0.0296,0.9273
49.28234443,-0.2774,-0.0459,0.9769
49.28328889,-0.2643,-0.0313,1.0764
49.28701493,-0.2757,0.0081,1.1872
49.29731527,-0.2984,0.0656,1.2946
49.30853366,-0.3689,0.114,1.3772
49.31718423,-0.4642,0.135,1.4314
49.33460816,-0.5678,0.1454,1.4574
49.33714408,-0.6468,0.1385,1.4437
49.38183081,-0.6919,0.1103,1.3709
49.3834105,-0.658,0.0807,1.3022
49.38446112,-0.4206,0.0754,1.3833
49.38519708,-0.0191,0.1935,1.5093
49.38741562,0.3442,0.338,1.5871
49.39746477,0.4064,0.3375,1.7253
49.40736139,0.2615,0.1895,1.7511
49.41724654,0.0597,0.061,1.6223
49.43481504,-0.0735,-0.0235,1.4351
49.43727116,-0.162,-0.1187,1.2268
49.47904377,-0.16,-0.194,0.9563
49.48045993,-0.0583,-0.2475,0.7038
49.48133497,0.0469,-0.3155,0.4923
49.48236716,0.21,-0.3882,0.4257
49.48722877,0.2521,-0.4208,0.5001
49.4970855,0.1032,-0.383,0.7158
49.50882289,-0.0847,-0.2755,0.9545
49.5169807,-0.2348,-0.1233,1.1504
49.53313673,-0.3155,0.022,1.3414
49.53732127,-0.3296,0.144,1.5027
49.57807112,-0.3269,0.2068,1.5509
49.57946143,-0.318,0.2314,1.4473
49.58034377,-0.2432,0.2673,1.2317
49.58115489,-0.1394,0.2514,0.9444
49.58726462,-0.1402,0.3174,0.7842
49.59707054,-0.0457,0.2952,0.576
49.60753962,0.0347,0.2714,0.385
49.61691935,0.0469,0.2403,0.2492
49.63417658,0.1029,0.2094,0.1554
49.63748066,0.1209,0.1698,0.073
49.67959035,0.1308,0.106,0.0134
49.68104693,0.0442,-0.0542,0.0192
49.68202358,-0.0592,-0.0934,0.1335
49.68281589,-0.1775,-0.1074,0.3435
49.68696112,-0.3134,-0.1415,0.6265
49.69712808,-0.4002,-0.1636,0.8492
49.708125,-0.4711,-0.1555,1.0949
49.71702197,-0.4422,-0.1109,1.2599
49.73615166,-0.3568,-0.0271,1.2778
49.7379782,-0.2994,0.0369,1.2534
49.78639681,-0.2413,0.0417,1.175
49.78793297,-0.2966,0.0417,1.1892
49.78886354,-0.3365,0.0099,1.2132
49.78976477,-0.4132,-0.015,1.2368
49.79068916,-0.4481,-0.054,1.2247
49.79746504,-0.4597,-0.1306,1.2077
49.80725181,-0.4642,-0.2238,1.1631
49.81693454,-0.4623,-0.285,1.1645
49.83461827,-0.4893,-0.2926,1.222
49.83766958,-0.5111,-0.2171,1.28
49.87996373,-0.5624,-0.0917,1.3772
49.88142966,-0.6062,0.022,1.4404
49.88248135,-0.5029,0.0536,1.4541
49.88325977,-0.2091,-0.0136,1.4083
49.88759135,0.0501,-0.1059,1.5153
49.89722812,0.111,-0.1483,1.712
49.90901827,0.1049,-0.1967,1.8451
49.91718185,0.0755,-0.1566,1.8446
49.92753262,0.0143,-0.1308,1.7586
49.93700377,-0.0035,-0.1192,1.5611
49.94824008,0.0768,-0.0479,1.2155
49.99588158,0.2245,0.058,0.8266
49.99831062,0.3352,0.1726,0.5333
49.99925677,0.3764,0.2725,0.3743
50.00034712,0.34,0.3145,0.3512
50.00150727,0.2402,0.2485,0.4918
50.0089247,0.0987,0.1523,0.7637
50.0171235,-0.0858,0.0357,1.044
50.0272275,-0.2111,-0.0816,1.2965
50.03719335,-0.2714,-0.1781,1.4092
50.04902227,-0.3004,-0.2101,1.4137
50.09682497,-0.2597,-0.2058,1.3171
50.09842027,-0.247,-0.1801,1.2055
50.0991975,-0.1848,-0.1345,1.0313
50.09988162,-0.1427,-0.1141,0.8706
50.10054585,-0.1049,-0.1058,0.7207
50.10870773,-0.075,-0.0842,0.5807
50.11730497,-0.0316,-0.0271,0.4531
50.12811416,0.0089,0.0359,0.3601
50.13692339,0.0558,0.113,0.3079
50.14795023,0.0368,0.1501,0.2632
50.19234758,0.0169,0.1641,0.2944
50.19387043,-0.0279,0.1606,0.3775
50.19490962,-0.0981,0.14,0.4917
50.19578743,-0.1942,0.1424,0.6437
50.19767423,-0.321,0.1617,0.8133
50.21173504,-0.4073,0.198,0.9431
50.21744239,-0.4176,0.208,0.9832
50.227635,-0.3801,0.1912,0.9637
50.23712143,-0.3029,0.1168,0.8658
50.24999823,-0.2696,0.12,0.8409
50.29527296,-0.2285,0.0665,0.7917
50.2969127,-0.1868,-0.0165,0.7572
50.29826431,-0.1831,-0.0618,0.7777
50.29902335,-0.1786,-0.087,0.8529
50.30008512,-0.1956,-0.0858,0.9336
50.30861893,-0.198,-0.0606,1.0417
50.3171847,-0.2372,-0.0048,1.1339
50.32735304,-0.3028,0.0843,1.2546
50.33712785,-0.4108,0.1716,1.3754
50.3473765,-0.5432,0.2299,1.541
50.39445366,-0.7078,0.1835,1.5026
50.39584612,-0.7144,0.1489,1.3922
50.39782339,-0.6864,0.0927,1.2422
50.3987822,-0.6358,0.0485,1.1221
50.39982827,-0.4621,-0.012,1.1183
50.41055143,-0.1456,0.0205,1.2915
50.4169977,0.2387,0.2066,1.4202
50.42742304,0.4139,0.2702,1.5932
50.436927,0.3264,0.1702,1.7877
50.44727323,0.1858,-0.0139,1.7415
50.49298131,0.0568,-0.1465,1.5263
50.4944792,-0.0104,-0.202,1.2372
50.49523973,-0.0083,-0.1926,0.9661
50.49612927,-0.006,-0.2152,0.6877
50.49778385,-0.004,-0.2913,0.5051
50.50821208,-0.0298,-0.3994,0.4852
50.5171907,-0.1073,-0.4463,0.6069
50.52730546,-0.1834,-0.3855,0.8025
50.53717054,-0.2535,-0.2387,1.0144
50.547278,-0.2805,-0.0814,1.1708
50.59225023,-0.2521,0.0473,1.2418
50.5937672,-0.2132,0.1358,1.2747
50.59461223,-0.1868,0.1923,1.2235
50.59533854,-0.156,0.2282,1.1092
50.59739189,-0.1116,0.2483,0.9704
50.60884912,-0.0847,0.2212,0.8034
50.61698466,-0.0464,0.2432,0.6583
50.62756643,0.0029,0.2202,0.5327
50.63716081,0.02,0.198,0.4256
50.64910081,0.0359,0.1456,0.3312
50.71066108,0.0175,0.1038,0.2597
50.71218712,0.0288,0.0322,0.2207
50.71299885,0.0095,-0.0315,0.1725
50.71396916,-0.0391,-0.0881,0.22
50.71495712,-0.1047,-0.1537,0.2978
50.71607662,-0.203,-0.2051,0.4544
50.71739808,-0.3191,-0.2442,0.6678
50.72824296,-0.4054,-0.2723,0.8328
50.73739423,-0.4665,-0.306,0.9914
50.75238554,-0.4584,-0.2673,1.0802
50.79599896,-0.3872,-0.1786,1.1071
50.79801962,-0.2879,-0.082,1.1129
50.79885316,-0.1876,0.0222,1.1239
50.7995975,-0.144,0.1351,1.1462
50.80047373,-0.1468,0.2422,1.2225
50.80788031,-0.1772,0.3017,1.3164
50.81699485,-0.2255,0.278,1.3814
50.82727377,-0.3087,0.1433,1.3895
50.83695258,-0.4437,-0.0351,1.3631
50.84694466,-0.6001,-0.1961,1.361
50.89457496,-0.6982,-0.2761,1.3658
50.89609585,-0.7213,-0.2617,1.3377
50.89717185,-0.6881,-0.1731,1.2774
50.89825831,-0.6135,-0.052,1.1762
50.8991047,-0.471,0.0392,1.083
50.90781854,-0.1797,0.0792,1.0575
50.91713108,0.236,-0.0099,1.0909
50.92732635,0.3804,-0.1764,1.3588
50.93713531,0.2351,-0.3117,1.6937
50.9493912,0.0601,-0.2607,1.8604
50.99688243,-0.058,-0.1448,1.8768
50.99927408,-0.0588,-0.0871,1.7947
51.00029435,0.0434,-0.0424,1.5444
51.00142785,0.1672,0.0357,1.1581
51.00282481,0.283,0.1336,0.777
51.00849877,0.3538,0.2366,0.5029
51.01691043,0.3745,0.3433,0.412
51.02707766,0.2767,0.4246,0.5364
51.03695116,0.0818,0.3833,0.8145
51.04935493,-0.1165,0.2447,1.2959
51.09492239,-0.2726,-0.004,1.3647
51.09634458,-0.3182,-0.0967,1.3845
51.0977577,-0.3166,-0.1182,1.2865
51.09859946,-0.2726,-0.1009,1.1374
51.0995025,-0.2182,-0.0961,0.9596
51.10731227,-0.1788,-0.1136,0.7984
51.11722908,-0.1479,-0.1495,0.665
51.13005304,-0.1355,-0.1766,0.5596
51.13711362,-0.1041,-0.187,0.4631
51.17387246,-0.0865,-0.1864,0.4031
51.17537896,-0.0409,-0.1601,0.3224
51.17636596,-0.0136,-0.1311,0.2514
51.17746366,-0.0082,-0.0869,0.2201
51.18716085,-0.0203,-0.0432,0.2287
51.19694846,-0.0567,0.0039,0.2725
51.2075282,-0.1416,0.0586,0.3971
51.21696654,-0.2325,0.1394,0.5832
51.2275795,-0.2923,0.2171,0.7505
51.23702973,-0.3434,0.2453,0.8852
51.24905762,-0.3608,0.2348,0.9749
51.30015558,-0.3392,0.2105,1.0062
51.30171919,-0.3177,0.166,1.0107
51.30266843,-0.2932,0.117,0.9958
51.30346369,-0.2663,0.0705,0.9985
51.30466289,-0.2509,0.0362,0.993
51.311162,-0.2388,0.0094,1.0153
51.31709719,-0.2426,-0.018,1.0706
51.32731943,-0.2217,-0.0498,1.0884
51.33693169,-0.2204,-0.0533,1.1155
51.34906481,-0.2599,0.0123,1.1669
51.39428708,-0.3266,0.1261,1.2319
51.39581454,-0.4285,0.2211,1.3123
51.39707412,-0.5502,0.2709,1.3952
51.39940081,-0.6279,0.2781,1.4601
51.40113666,-0.66,0.2486,1.479
51.40719135,-0.6257,0.2184,1.416
51.41713377,-0.5472,0.1364,1.3532
51.42907627,-0.2343,0.1791,1.4596
51.43739008,0.1457,0.3213,1.5428
51.47608619,0.3378,0.3483,1.6755
51.47824885,0.2806,0.264,1.7761
51.48009735,0.1686,0.1112,1.7941
51.48092093,0.0779,-0.0132,1.6693
51.48704985,-0.0475,-0.1236,1.4302
51.49720173,-0.1256,-0.2198,1.1497
51.50706946,-0.1349,-0.3144,0.8233
51.51693308,-0.1462,-0.4664,0.5764
51.52919031,-0.1163,-0.5982,0.5553
51.53702823,-0.038,-0.6187,0.6704
51.57590285,0.0006,-0.5174,0.9
51.57790027,-0.1007,-0.3269,1.0985
51.57875277,-0.1876,-0.156,1.2209
51.57981335,-0.222,-0.0322,1.2709
51.59185793,-0.2079,0.052,1.2585
51.59720816,-0.1797,0.1167,1.1667
51.60763596,-0.1799,0.1119,1.0338
51.61694331,-0.101,0.1087,0.8474
51.62840227,-0.0131,0.1736,0.6694
51.67728273,0.0601,0.2259,0.529
51.67891604,0.145,0.2778,0.3864
51.67971389,0.1979,0.2976,0.2701
51.68045689,0.2144,0.2989,0.154
51.68130596,0.2367,0.2549,0.0933
51.68923823,0.2362,0.1769,0.0722
51.69725489,0.2001,0.0882,0.0726
51.70750023,0.0573,0.0026,0.2184
51.71704793,-0.1256,-0.116,0.4599
51.72819881,-0.3531,-0.216,0.7781
51.77259962,-0.4946,-0.2917,1.0368
51.77458327,-0.6489,-0.3731,1.4066
51.77553208,-0.5697,-0.3275,1.3616
51.77671,-0.4498,-0.2447,1.2923
51.77830166,-0.3023,-0.1242,1.1995
51.79198989,-0.2027,-0.0046,1.103
51.79709466,-0.1157,0.0944,1.0456
51.80719431,-0.1809,0.117,1.1831
51.8169395,-0.1899,0.1433,1.275
51.82709043,-0.2858,0.1368,1.3401
51.84658919,-0.3882,0.0903,1.3916
51.84823808,-0.4751,0.0144,1.4021
51.89197946,-0.5353,-0.0465,1.3656
51.89346512,-0.5783,-0.0854,1.3046
51.89450731,-0.6037,-0.1,1.2466
51.8952735,-0.5932,-0.0756,1.1888
51.89722689,-0.493,-0.0315,1.1564
51.90884081,-0.2344,-0.0691,1.1788
51.91715385,0.1285,-0.2362,1.1993
51.92771608,0.2189,-0.3448,1.4206
51.94619016,0.1054,-0.334,1.7709
51.94852508,0.0489,-0.2256,1.9005
51.99623158,0.0011,-0.081,1.7976
51.99838758,-0.0219,-0.0369,1.5772
51.99927493,0.0397,-0.041,1.3096
52.00035723,0.1562,-0.0062,0.9854
52.00153131,0.2769,0.0529,0.7063
52.00860916,0.3636,0.1101,0.4873
52.01704935,0.4019,0.179,0.3831
52.02737181,0.3583,0.2465,0.4406
52.04433008,0.2378,0.2386,0.6142
52.04719293,0.0654,0.1274,0.8281
52.09017839,-0.0647,-0.0021,1.0324
52.09171843,-0.1616,-0.0859,1.1789
52.09248085,-0.2288,-0.1264,1.2626
52.09321062,-0.269,-0.1119,1.2943
52.09730323,-0.2394,-0.0699,1.2443
52.10751131,-0.2198,-0.0404,1.1864
52.11718227,-0.1842,-0.0029,1.08
52.12726219,-0.1542,0.0132,0.9488
52.14695962,-0.1318,0.0275,0.8228
52.14826346,-0.0685,0.0629,0.6941
52.19228935,-0.0884,0.0822,0.5541
52.19386916,-0.0337,0.119,0.4616
52.19478593,0.0044,0.1396,0.3979
52.19550346,0.0012,0.1449,0.3207
52.19745427,0.0187,0.1077,0.3227
52.20732189,-0.0235,0.047,0.3332
52.21697043,-0.0998,-0.0204,0.4113
52.22728639,-0.2212,-0.0656,0.5431
52.2443145,-0.3525,-0.0688,0.7428
52.24726881,-0.4645,0.0111,0.9242
52.28732066,-0.4968,0.0884,1.017
52.28898554,-0.4813,0.128,1.0296
52.29030385,-0.4048,0.1382,0.9591
52.29105766,-0.2987,0.1329,0.8541
52.297365,-0.1669,0.0667,0.7185
52.30736096,-0.1371,0.0876,0.6429
52.31717569,-0.1226,0.0601,0.7343
52.3273205,-0.1035,-0.0194,0.792
52.34470662,-0.1038,-0.0898,0.8678
52.34950992,-0.1544,-0.0817,1.0396
52.38841992,-0.3571,0.1197,1.3652
52.38988635,-0.4863,0.2386,1.4719
52.39071342,-0.6114,0.3152,1.5603
52.39707631,-0.6616,0.2814,1.5449
52.407544,-0.7234,0.3015,1.5753
52.41728742,-0.613,0.2232,1.5507
52.42715831,-0.3465,0.2149,1.583
52.44378242,0.027,0.3101,1.5976
52.4475695,0.2494,0.29,1.8926
52.49024881,0.0403,0.1554,1.9459
52.49215681,-0.1338,0.0136,1.8129
52.49321335,-0.1742,-0.1222,1.6133
52.49444273,-0.1228,-0.2494,1.3284
52.49797119,-0.0415,-0.37,0.9838
52.50736108,0.0238,-0.4773,0.6516
52.5169165,0.0651,-0.5257,0.4054
52.52735239,0.1485,-0.5321,0.3027
52.54395219,0.1759,-0.503,0.2574
52.54768723,0.1611,-0.3819,0.4139
52.58803592,0.0544,-0.2336,0.6342
52.58942223,-0.0384,-0.0822,0.8023
52.59040846,-0.1422,0.0491,0.9648
52.59120196,-0.2124,0.1494,1.0802
52.59718723,-0.248,0.2154,1.1425
52.60710927,-0.2687,0.2218,1.1832
52.61696039,-0.2474,0.2165,1.12
52.62685477,-0.2166,0.2132,0.9959
52.64336162,-0.1655,0.2025,0.871
52.68723242,-0.0095,0.1865,0.597
52.68864662,0.0417,0.1664,0.4737
52.68967192,0.0668,0.1412,0.3724
52.69048939,0.0696,0.1031,0.2923
52.69712912,0.0125,0.0734,0.2689
52.70719008,-0.0446,0.0258,0.297
52.71718073,-0.1081,0.0006,0.3928
52.72714219,-0.1974,-0.0226,0.5295
52.743324,-0.3005,-0.0634,0.7255
52.7480435,-0.3825,-0.1314,0.8876
52.78754789,-0.4606,-0.2047,1.026
52.78897069,-0.4854,-0.2299,1.1082
52.79028016,-0.4302,-0.2242,1.1063
52.79105546,-0.4178,-0.1798,1.1383
52.79699304,-0.2904,-0.1429,1.0895
52.807314,-0.2221,-0.09,1.0363
52.817118,-0.188,-0.0252,1.026
52.82748085,-0.2023,0.0452,1.0608
52.84504,-0.2161,0.1064,1.1199
52.84740073,-0.2554,0.138,1.2229
52.88816377,-0.2974,0.0942,1.291
52.88990831,-0.3905,-0.0384,1.3237
52.89083419,-0.5184,-0.175,1.3991
52.89163331,-0.6456,-0.2542,1.4707
52.89694735,-0.7029,-0.25,1.4904
52.90712435,-0.6869,-0.1505,1.4222
52.91712635,-0.6505,-0.0335,1.3135
52.92712977,-0.5064,0.0734,1.2143
52.94320108,-0.2011,0.1233,1.1436
52.94778866,0.1437,0.0823,1.1095
52.99049927,0.2966,-0.0451,1.3044
52.99671762,0.2447,-0.1902,1.5888
52.99781577,0.1901,-0.1899,1.7117
52.99871704,0.1301,-0.0992,1.626
52.99975604,0.0707,-0.0737,1.4875
53.00735512,0.0961,-0.0561,1.2587
53.01868481,0.161,-0.0204,0.9318
53.02714166,0.211,0.0534,0.6006
53.04229604,0.2536,0.1325,0.3909
53.04764858,0.2678,0.1826,0.3312
53.09251204,0.2316,0.2038,0.4258
53.09435223,0.1097,0.2136,0.6404
53.09522227,-0.0038,0.2279,0.9111
53.09628742,-0.1731,0.1678,1.1679
53.09774023,-0.2656,0.0905,1.3409
53.107489,-0.2857,0.0134,1.3796
53.11853646,-0.2658,-0.016,1.3221
53.12719296,-0.2213,-0.0274,1.203
53.142084,-0.168,-0.0377,0.8756
53.14743254,-0.1531,-0.1027,0.7462
53.18916696,-0.1363,-0.1179,0.6396
53.19067173,-0.1391,-0.1272,0.5507
53.19144066,-0.1093,-0.1185,0.4807
53.19217462,-0.0826,-0.1035,0.4251
53.19707242,-0.061,-0.0917,0.3789
53.20726492,-0.045,-0.077,0.3569
53.21727758,-0.0628,-0.0684,0.3745
53.22713719,-0.1313,-0.0457,0.4371
53.24202892,-0.2299,0.0268,0.5753
53.2470965,-0.3048,0.1441,0.7268
53.28779654,-0.3639,0.2259,0.8735
53.28917977,-0.3803,0.2643,0.9464
53.29027096,-0.3619,0.2587,0.9681
53.29102558,-0.325,0.2206,1.0024
53.29721946,-0.2658,0.1737,1.0031
53.30694208,-0.1848,0.0873,0.9385
53.31729173,-0.2296,0.0978,1.0615
53.32743916,-0.1848,0.03,1.0737
53.34507139,-0.1821,0.0081,1.1105
53.34760412,-0.179,0.0176,1.153
53.41076262,-0.1945,0.0694,1.1744
53.41226781,-0.2548,0.1639,1.2015
53.4132155,-0.3445,0.2559,1.2566
53.41427092,-0.473,0.2918,1.3116
53.41523662,-0.5995,0.2736,1.3917
53.41648762,-0.6749,0.2389,1.4178
53.42167562,-0.6875,0.1996,1.4239
53.42737889,-0.5894,0.1568,1.4252
53.44246181,-0.3535,0.1684,1.512
53.44742942,0.0057,0.2419,1.5974
53.49027523,0.2673,0.2359,1.6472
53.49227969,0.2741,0.1504,1.7717
53.49308265,0.1876,0.0358,1.7596
53.49402712,0.0711,-0.07,1.624
53.49730746,-0.0046,-0.147,1.4269
53.50740404,-0.0242,-0.1963,1.2008
53.51737873,0.0127,-0.2399,0.9107
53.52709808,0.0443,-0.2941,0.64
53.54173077,0.0806,-0.3728,0.43
53.54718,0.1038,-0.4151,0.3461
53.58812377,0.0816,-0.4198,0.4343
53.58947862,-0.0243,-0.3583,0.6224
53.59059335,-0.1421,-0.2303,0.8348
53.59137381,-0.214,-0.0777,0.9963
53.59686204,-0.2257,0.1209,1.1233
53.60734819,-0.1928,0.1228,1.1585
53.61966177,-0.2112,0.1705,1.1796
53.62770512,-0.1958,0.2413,1.1396
53.63704042,-0.1732,0.263,1.0481
53.6472285,-0.1383,0.2557,0.8892
53.65919258,-0.0914,0.2349,0.7429
53.70552904,-0.0384,0.1992,0.6065
53.70765389,-0.0004,0.2018,0.5016
53.70845108,0.0276,0.1643,0.3935
53.70930335,0.0252,0.1248,0.311
53.7103965,0.0327,0.0834,0.2789
53.71899973,-0.0015,0.0235,0.2574
53.72699096,-0.0619,-0.0315,0.3276
53.73783746,-0.1627,-0.0569,0.4603
53.74708404,-0.27,-0.0735,0.6518
53.76107165,-0.3792,-0.116,0.833
53.80687223,-0.4843,-0.1848,0.9912
53.80841004,-0.4887,-0.1984,1.0454
53.80927012,-0.5192,-0.2329,1.1134
53.81029862,-0.423,-0.1858,1.0638
53.81116789,-0.3055,-0.1351,1.0021
53.82140865,-0.2122,-0.0745,0.9488
53.82721162,-0.1532,-0.0216,0.9518
53.83713273,-0.1544,0.0497,0.9937
53.84715531,-0.2305,0.1241,1.2046
53.85862796,-0.2766,0.0702,1.3151
53.90417204,-0.3575,-0.0718,1.3557
53.90595119,-0.4964,-0.2304,1.3999
53.90710177,-0.6425,-0.3272,1.4568
53.90819442,-0.738,-0.3325,1.4811
53.90949862,-0.7385,-0.2478,1.4125
53.91900708,-0.6985,-0.1196,1.2947
53.92732246,-0.5951,0.0101,1.1602
53.93743362,-0.4103,0.0809,1.1013
53.94723835,-0.018,0.0942,1.076
53.95911369,0.3158,-0.0226,1.1536
53.96725746,0.3442,-0.1653,1.4701
54.00767931,0.2209,-0.1722,1.7478
54.00907415,0.1082,-0.0501,1.8225
54.01004435,0.0365,0.0261,1.7497
54.01110631,0.0428,0.0283,1.5849
54.01920754,0.1112,0.0501,1.2637
54.0272155,0.1706,0.1138,0.9053
54.03725189,0.2029,0.2112,0.6054
54.04761327,0.2256,0.2959,0.4119
54.05733112,0.2096,0.3258,0.3892
54.10523746,0.1245,0.2977,0.5323
54.10722758,0.0148,0.2178,0.7311
54.10802896,-0.0976,0.1138,0.9462
54.10889592,-0.1537,0.0217,1.0966
54.10990308,-0.1875,-0.0586,1.1718
54.12068677,-0.2035,-0.0931,1.1954
54.12692292,-0.2046,-0.1022,1.1364
54.13781335,-0.1953,-0.1452,1.073
54.14723939,-0.1705,-0.1683,0.9591
54.16064831,-0.1704,-0.1893,0.8617
54.20778392,-0.1616,-0.1964,0.7541
54.20921389,-0.1528,-0.1917,0.6622
54.21034469,-0.1496,-0.177,0.5631
54.21109385,-0.12,-0.1512,0.4996
54.21204508,-0.1081,-0.1207,0.4189
54.21904269,-0.0654,-0.0901,0.3715
54.22710208,-0.0384,-0.055,0.3439
54.23847454,-0.0484,-0.0272,0.3441
54.24698854,-0.0914,0.0107,0.4085
54.25684185,-0.1531,0.0771,0.5273
54.301352,-0.2343,0.1634,0.6779
54.30308742,-0.2905,0.2394,0.8223
54.30406412,-0.3292,0.2822,0.9431
54.30497077,-0.3509,0.2766,1.0247
54.30736331,-0.3351,0.2322,1.109
54.32033304,-0.3055,0.1957,1.1617
54.34042212,-0.2234,0.1394,1.2066
54.34709612,-0.2,0.1429,1.2424
54.38625108,-0.1717,0.1213,1.2479
54.38802969,-0.1818,0.1115,1.1799
54.38889639,-0.2232,0.1085,1.133
54.38974446,-0.3066,0.1362,1.1385
54.39695658,-0.4102,0.1671,1.1779
54.40743527,-0.5139,0.1783,1.2455
54.41979708,-0.5967,0.1605,1.3
54.42714431,-0.6546,0.1193,1.3377
54.43702246,-0.6788,0.0724,1.3217
54.4471575,-0.5921,0.0209,1.3458
54.45781558,-0.3674,0.045,1.4879
54.51881885,-0.0407,0.1856,1.6052
54.52020585,0.1981,0.2251,1.6372
54.52103865,0.204,0.1665,1.8152
54.52197781,0.1523,0.0886,1.8314
54.5230145,0.1044,-0.0197,1.6409
54.52414588,0.0766,-0.0966,1.1689
54.52689104,0.0766,-0.1143,1.1689
54.53754885,0.1049,-0.1266,0.6207
54.54709188,0.1094,-0.1871,0.4026
54.55812408,0.1109,-0.2533,0.309
54.61239142,0.0665,-0.307,0.3398
54.61428808,-0.0439,-0.2718,0.5013
54.61537104,-0.143,-0.1269,0.7203
54.61637092,-0.1942,0.0285,0.9078
54.61823635,-0.21,0.1521,1.0621
54.61958731,-0.2333,0.2066,1.1894
54.62737596,-0.2282,0.238,1.2603
54.64117088,-0.2419,0.2165,1.2434
54.64726442,-0.1673,0.1848,1.1139
54.68744127,-0.1477,0.2014,0.9946
54.68900719,-0.0965,0.1997,0.8071
54.69024396,-0.0425,0.2024,0.6695
54.69128254,-0.0183,0.1862,0.4967
54.69717135,0.0107,0.1513,0.3808
54.70741781,0.0081,0.0937,0.2992
54.71741835,-0.0021,0.0221,0.2604
54.7269555,-0.0327,-0.0561,0.2377
54.73710423,-0.1189,-0.1341,0.3109
54.74723365,-0.1991,-0.1766,0.4494
54.75881158,-0.2907,-0.1936,0.6185
54.80953158,-0.3663,-0.1891,0.7903
54.81158069,-0.4236,-0.1819,0.9555
54.81267969,-0.4474,-0.172,1.0793
54.81370815,-0.4308,-0.1405,1.136
54.81661515,-0.3596,-0.0981,1.1266
54.81771758,-0.2606,-0.0464,1.0892
54.82707304,-0.1881,0.0028,1.0537
54.84190088,-0.1557,0.0424,1.0701
54.84696954,-0.168,0.0559,1.1126
54.88720027,-0.2162,0.0271,1.1558
54.88873323,-0.2817,-0.0369,1.2125
54.88983892,-0.3528,-0.1349,1.2508
54.89091204,-0.4389,-0.2485,1.2813
54.89725335,-0.5652,-0.344,1.3437
54.9071805,-0.6711,-0.3792,1.4225
54.91707288,-0.7219,-0.3379,1.4346
54.92724892,-0.7344,-0.2332,1.3797
54.93730404,-0.7235,-0.0998,1.3175
54.94745492,-0.6141,0.0061,1.2355
54.95731296,-0.2929,0.1013,1.2242
55.00389396,0.2016,0.1202,1.1366
55.00576727,0.4042,0.0269,1.2273
55.00706315,0.2988,-0.1363,1.5258
55.00822462,0.2204,-0.1735,1.7111
55.00941292,0.0829,-0.1417,1.6907
55.01923238,-0.0431,-0.1187,1.614
55.02700096,-0.0073,-0.0938,1.4448
55.03732196,0.0749,-0.0282,1.0785
55.04710623,0.1465,0.0672,0.7057
55.05822435,0.2052,0.1601,0.4401
55.10593319,0.2525,0.2088,0.3282
55.10748038,0.2449,0.2283,0.3972
55.10833435,0.152,0.2347,0.5943
55.10910019,0.047,0.2392,0.8381
55.10999046,-0.0811,0.1972,1.0952
55.11691269,-0.1752,0.1195,1.2456
55.12743488,-0.2008,0.0406,1.2824
55.13794031,-0.2628,-0.0065,1.2786
55.15481181,-0.2427,0.0018,1.2317
55.15778854,-0.2138,-0.0173,1.1586
55.19945835,-0.1926,-0.0387,1.068
55.20078877,-0.1654,-0.0581,0.9472
55.20168519,-0.1251,-0.0695,0.8207
55.20255631,-0.135,-0.0619,0.6966
55.20720558,-0.0969,-0.0451,0.5692
55.217365,-0.0729,-0.0292,0.4569
55.22697727,-0.0392,-0.0034,0.3827
55.23719962,-0.0432,0.0204,0.3369
55.25479735,-0.0784,0.0373,0.3884
55.257704,-0.1511,0.0785,0.5
55.30020973,-0.2482,0.1509,0.6282
55.30178588,-0.3235,0.2366,0.7632
55.30268508,-0.3502,0.2747,0.8385
55.30340346,-0.331,0.272,0.8575
55.30711512,-0.299,0.218,0.8232
55.31814512,-0.2521,0.1441,0.8168
55.32708027,-0.2023,0.074,0.7964
55.33780004,-0.1641,0.0042,0.7944
55.35444842,-0.1749,-0.0107,0.8895
55.35694042,-0.1923,-0.0531,1.0001
55.39840581,-0.2344,-0.0678,1.1382
55.39980688,-0.2712,-0.0595,1.2444
55.40068935,-0.3227,0.0068,1.326
55.40143896,-0.382,0.1129,1.3829
55.40707738,-0.4569,0.2044,1.4508
55.41781285,-0.5303,0.2608,1.4977
55.42676765,-0.6066,0.2794,1.5153
55.43694492,-0.6683,0.2557,1.5156
55.44718808,-0.6872,0.2328,1.4705
55.45701665,-0.6309,0.1623,1.4454
55.50486808,-0.4041,0.1281,1.5065
55.50658577,-0.0264,0.2167,1.5864
55.50781973,0.2779,0.2979,1.6233
55.50856842,0.3497,0.2834,1.7673
55.50945754,0.2874,0.1484,1.7811
55.51720604,0.1578,-0.0203,1.5853
55.52703081,0.0436,-0.1493,1.3511
55.53742462,-0.0282,-0.2114,1.0941
55.55477123,-0.0492,-0.2432,0.8088
55.55746112,-0.0651,-0.3011,0.5029
55.60920338,0.0086,-0.3655,0.3307
55.61078046,0.0768,-0.3965,0.3298
55.61165231,0.0584,-0.401,0.4518
55.61399804,-0.0497,-0.3404,0.676
55.61508269,-0.1677,-0.2101,0.9216
55.61978954,-0.2265,-0.0476,1.0747
55.62716273,-0.2394,0.0833,1.1707
55.63751461,-0.2467,0.1622,1.1969
55.65434408,-0.2188,0.1907,1.1584
55.65743185,-0.2075,0.2303,1.1132
55.70778358,-0.1484,0.2476,0.9925
55.70941411,-0.0904,0.2566,0.8837
55.71060496,-0.0232,0.2554,0.719
55.71154327,0.0068,0.2272,0.5774
55.712615,0.0363,0.1874,0.4762
55.71894965,0.0308,0.1396,0.369
55.72736677,0.0155,0.086,0.2959
55.73744504,-0.0067,0.0232,0.2613
55.75513504,-0.0364,-0.0287,0.2641
55.75722027,-0.0955,-0.0704,0.337
55.80801042,-0.1726,-0.1147,0.4542
55.80944065,-0.2819,-0.1761,0.6483
55.81052823,-0.3724,-0.2276,0.8361
55.81137773,-0.4479,-0.246,0.993
55.8137715,-0.4804,-0.2256,1.0801
55.81981919,-0.4554,-0.1876,1.1012
55.82719219,-0.3894,-0.1472,1.0715
55.83708431,-0.3093,-0.1113,1.0129
55.85400523,-0.2283,-0.0691,0.9657
55.85699692,-0.1825,-0.0277,0.9438
55.9000235,-0.1623,0.0244,0.949
55.90171004,-0.1711,0.0694,1.012
55.90275569,-0.2047,0.0829,1.1234
55.90379338,-0.2729,0.0314,1.2515
55.90717235,-0.4047,-0.0816,1.3627
55.91720727,-0.5631,-0.1733,1.4964
55.92701065,-0.6915,-0.2063,1.6009
55.93683735,-0.7428,-0.1086,1.5107
55.95524115,-0.6817,-0.0265,1.3582
55.95722242,-0.4576,0.0257,1.2507
56.00079823,-0.1002,0.0051,1.1579
56.00251465,0.2211,-0.0632,1.2344
56.00336004,0.2617,-0.1484,1.4881
56.00439819,0.1709,-0.177,1.7055
56.00710046,0.0393,-0.0821,1.8027
56.0173095,-0.1126,-0.0045,1.7668
56.0273465,-0.1617,-0.0049,1.6211
56.03694469,-0.0553,0.0288,1.3459
56.05329223,0.1163,0.1008,0.9825
56.05730473,0.2492,0.1893,0.6393
56.09890831,0.3389,0.2658,0.3795
56.10034281,0.3583,0.306,0.2674
56.10120619,0.2752,0.3116,0.3297
56.10215623,0.148,0.2821,0.5272
56.10714261,0.0382,0.2285,0.7319
56.11703573,-0.0958,0.1333,0.9706
56.12714342,-0.1901,0.0332,1.1143
56.13695542,-0.2364,-0.0534,1.1718
56.15548411,-0.284,-0.0959,1.2247
56.15734211,-0.2599,-0.0735,1.1955
56.20037904,-0.2419,-0.0783,1.1459
56.20193227,-0.2091,-0.0847,1.0583
56.20281,-0.1995,-0.091,0.9496
56.20355408,-0.1654,-0.0866,0.8303
56.20740831,-0.1423,-0.0796,0.6977
56.21744011,-0.123,-0.0586,0.5844
56.22728127,-0.079,-0.0398,0.4751
56.23733258,-0.0689,-0.0249,0.3903
56.254794,-0.0336,-0.0143,0.3529
56.25724661,-0.0406,-0.0204,0.3225
56.31089242,-0.0836,-0.0259,0.3833
56.31569904,-0.1468,-0.0071,0.4881
56.31682985,-0.2435,0.0454,0.6332
56.31801861,-0.3386,0.1267,0.7793
56.31894169,-0.3759,0.2095,0.8771
56.31983038,-0.3792,0.2228,0.9161
56.32730996,-0.348,0.1945,0.9308
56.33693858,-0.3106,0.152,0.9293
56.35452335,-0.2631,0.1112,0.9616
56.35782854,-0.2274,0.0878,0.9929
56.405029,-0.2022,0.0711,1.0467
56.40669442,-0.1859,0.0638,1.0947
56.40780558,-0.1979,0.0541,1.1732
56.40855238,-0.1924,0.0401,1.164
56.40947569,-0.2526,0.0348,1.159
56.41851827,-0.3094,0.0716,1.173
56.42708081,-0.4073,0.1184,1.2149
56.43717754,-0.5211,0.1406,1.2644
56.45398504,-0.6387,0.1325,1.3202
56.45744535,-0.7161,0.1022,1.3378
56.51041796,-0.7322,0.0607,1.3386
56.51176881,-0.6188,0.02,1.3709
56.51267192,-0.3156,0.0912,1.5077
56.51392173,0.0934,0.2505,1.6267
56.51478538,0.2957,0.2522,1.6981
56.51855446,0.2276,0.1753,1.9383
56.52731638,0.1296,0.0611,1.9653
56.53715408,0.0442,-0.0364,1.7709
56.55496354,0.0204,-0.0724,1.4825
56.55690008,0.0164,-0.0972,1.1666
56.59973123,0.0211,-0.13,0.8495
56.60116131,0.0083,-0.1925,0.5602
56.6023215,0.0243,-0.2824,0.3376
56.60305565,0.0619,-0.3368,0.2902
56.60720831,0.0581,-0.3098,0.3534
56.61722927,0.0183,-0.1871,0.5327
56.62695985,-0.0539,-0.0404,0.725
56.63689146,-0.1427,0.2036,1.058
56.65259677,-0.1571,0.265,1.1443
56.65740754,-0.1873,0.3214,1.2268
56.69755246,-0.2,0.3364,1.2318
56.69909031,-0.1974,0.3249,1.173
56.70005692,-0.182,0.2911,1.0723
56.70090519,-0.1175,0.2491,0.9129
56.70692927,-0.0613,0.1901,0.7396
56.71739569,0.0106,0.1346,0.5883
56.72737419,0.0612,0.0588,0.4284
56.73738404,0.061,-0.0087,0.342
56.75226708,0.0595,-0.0934,0.2631
56.75805119,0.032,-0.1764,0.2224
56.79736465,-0.0517,-0.2327,0.2827
56.798881,-0.1577,-0.2318,0.449
56.79967619,-0.2839,-0.2151,0.6595
56.80040565,-0.4002,-0.1937,0.8706
56.80713919,-0.5042,-0.1893,1.0657
56.81699142,-0.4886,-0.146,1.1115
56.82727446,-0.5232,-0.1083,1.1677
56.83724473,-0.4108,-0.0535,1.1181
56.85278284,-0.2976,-0.0057,1.007
56.857787,-0.173,0.0242,0.8865
56.89826646,-0.1218,0.0481,0.8349
56.89980542,-0.1057,0.0451,0.8416
56.90082704,-0.1462,0.0392,0.9372
56.90193331,-0.2039,0.0086,1.0767
56.90694258,-0.2796,-0.0412,1.2358
56.91696204,-0.3806,-0.1046,1.3431
56.92701008,-0.4897,-0.1606,1.409
56.93696073,-0.5878,-0.1781,1.4241
56.95371384,-0.6591,-0.1506,1.3952
56.95716765,-0.6975,-0.082,1.33
56.99920492,-0.6929,0.0161,1.2439
57.00102934,-0.6527,0.0886,1.1757
57.00232488,-0.4312,0.1446,1.1696
57.00392808,-0.0826,0.0762,1.1412
57.00705754,0.1891,-0.1174,1.3123
57.01735038,0.2361,-0.2442,1.722
57.0271135,0.1757,-0.2632,1.9808
57.03731838,0.0588,-0.1553,1.9487
57.05247277,-0.0705,-0.0804,1.7572
57.05713346,-0.106,-0.0831,1.5098
57.09884946,-0.0143,-0.0589,1.1838
57.10025477,0.1334,0.0076,0.8124
57.10112527,0.2496,0.0895,0.4868
57.10205273,0.3517,0.1681,0.2682
57.10723161,0.369,0.2144,0.2171
57.11698458,0.2446,0.2222,0.3632
57.12910454,0.1441,0.2089,0.5877
57.13707634,-0.052,0.1157,0.8914
57.14761458,-0.1834,0.0067,1.1291
57.15687392,-0.2464,-0.0999,1.2446
57.17092165,-0.3081,-0.1578,1.3531
57.21634611,-0.3088,-0.1807,1.3382
57.21827469,-0.2982,-0.1791,1.2776
57.21903911,-0.2439,-0.1559,1.1849
57.21974819,-0.2029,-0.144,1.0366
57.22062358,-0.1764,-0.1125,0.8835
57.22839823,-0.1479,-0.0829,0.7445
57.23722261,-0.1186,-0.0446,0.6049
57.24726911,-0.0829,-0.0081,0.4715
57.25708058,0.0029,0.0398,0.4013
57.26802631,-0.0511,0.0421,0.2918
57.31443908,0.0294,0.0707,0.2941
57.31580061,-0.0027,0.0668,0.2971
57.31777904,-0.0574,0.0687,0.3981
57.31872915,-0.1477,0.1052,0.5447
57.31966911,-0.2702,0.1543,0.7211
57.32876361,-0.3709,0.2257,0.986
57.33708346,-0.4299,0.2544,1.0203
57.34804777,-0.399,0.2233,1.0064
57.35704788,-0.3497,0.1683,0.9731
57.36715161,-0.2915,0.119,0.9257
57.38451931,-0.1676,0.0214,0.7968
57.387485,-0.2558,0.1163,0.9499
57.43194323,-0.181,0.0508,0.9337
57.43326327,-0.141,0.0491,0.9473
57.43438788,-0.1362,0.055,0.9909
57.435199,-0.1631,0.0677,1.0136
57.4369315,-0.2265,0.0858,1.0716
57.44709834,-0.32,0.1279,1.1559
57.45697481,-0.4344,0.1556,1.2617
57.46944523,-0.5488,0.1697,1.3498
57.52375434,-0.6442,0.1534,1.4254
57.52527477,-0.6845,0.1209,1.3985
57.52712227,-0.6976,0.0955,1.3475
57.52812931,-0.5805,0.0745,1.3267
57.52891361,-0.3419,0.1399,1.409
57.53014061,0.002,0.2821,1.5181
57.53706334,0.2226,0.3292,1.6136
57.552001,0.2002,0.2723,1.8628
57.55723088,0.1224,0.171,1.9326
57.60420454,0.0395,0.0462,1.7501
57.60586704,-0.0078,-0.0585,1.4773
57.60679342,-0.0181,-0.1382,1.2254
57.60812096,0.0004,-0.2106,0.9318
57.60910911,-0.0104,-0.2844,0.6279
57.616968,-0.0169,-0.3616,0.384
57.62855384,0.0447,-0.4163,0.2966
57.63678111,0.0795,-0.456,0.343
57.64774538,0.0007,-0.3942,0.5003
57.65690231,-0.1074,-0.2044,0.7319
57.66734831,-0.1594,-0.0105,0.8961
57.68746596,-0.1695,0.1378,1.0261
57.68899661,-0.1714,0.2378,1.1138
57.74567461,-0.1451,0.2926,1.1619
57.74777973,-0.1852,0.2855,1.1782
57.74874596,-0.1919,0.2794,1.1376
57.74986473,-0.1654,0.2516,1.0307
57.75083284,-0.1334,0.2232,0.9028
57.75184061,-0.061,0.1868,0.7095
57.75699131,-0.0324,0.168,0.5906
57.767054,0.0125,0.1002,0.4424
57.7880865,0.0448,0.022,0.3469
57.78968107,0.0385,-0.0651,0.2827
57.84024604,0.0077,-0.1449,0.2448
57.84230381,-0.0476,-0.2069,0.2817
57.84619557,-0.159,-0.2383,0.4305
57.84757507,-0.2428,-0.2216,0.6072
57.84861842,-0.32,-0.1881,0.767
57.84976734,-0.4142,-0.1799,0.9339
57.85719207,-0.4561,-0.1814,1.0523
57.86775738,-0.4554,-0.1319,1.1407
57.91452969,-0.3991,-0.0684,1.1649
57.91595557,-0.3154,0.0061,1.174
57.91685807,-0.2641,0.0617,1.1899
57.91791581,-0.24,0.0994,1.2208
57.91884896,-0.2427,0.124,1.2544
57.92815088,-0.2496,0.1218,1.2883
57.93705527,-0.2453,0.0817,1.2788
57.94712234,-0.2511,-0.0143,1.2215
57.95733227,-0.3379,-0.1665,1.1402
57.96735054,-0.4451,-0.2888,1.1054
57.98837892,-0.5425,-0.3166,1.1015
57.9905255,-0.6084,-0.2597,1.1243
58.04266781,-0.6172,-0.1479,1.1094
58.04397454,-0.6113,-0.0232,1.0934
58.04461223,-0.5498,0.0706,1.0691
58.04682677,-0.0195,0.0439,1.2427
58.04790404,0.1804,-0.0426,1.4766
58.04891073,0.2003,-0.1237,1.8202
58.05706557,0.1765,-0.107,1.9968
58.06726631,0.1137,-0.0787,1.8929
58.08450846,0.1011,-0.1099,1.7122
58.08758611,0.1291,-0.1346,1.4248
58.13098034,0.1867,-0.074,1.0707
58.132357,0.2558,0.0622,0.7611
58.13323961,0.3293,0.2267,0.5084
58.1343675,0.3647,0.3459,0.3727
58.13753481,0.3299,0.4013,0.4013
58.14734707,0.2108,0.3954,0.5821
58.15709381,0.0539,0.3304,0.8076
58.1681835,-0.1083,0.2023,1.0346
58.21556977,-0.2369,0.0473,1.2173
58.21686473,-0.2617,-0.0507,1.2777
58.21810634,-0.2932,-0.1057,1.3179
58.21893042,-0.2582,-0.1051,1.2406
58.21983369,-0.2301,-0.1153,1.1519
58.22846996,-0.1893,-0.1484,1.0173
58.23685515,-0.1564,-0.1796,0.8745
58.24701727,-0.1329,-0.1898,0.7433
58.25726292,-0.0912,-0.1791,0.6251
58.27004984,-0.0629,-0.146,0.5171
58.32890457,-0.0327,-0.1026,0.4344
58.33047046,-0.0013,-0.0555,0.3627
58.3312465,0.0177,-0.0149,0.3109
58.33198481,0.0089,0.0203,0.3281
58.33288215,-0.0318,0.0643,0.3992
58.33389284,-0.1134,0.118,0.5262
58.3370175,-0.2343,0.1714,0.7131
58.34721915,-0.3029,0.2266,0.8448
58.35731242,-0.3525,0.2564,0.9549
58.3693995,-0.3632,0.2441,1.0053
58.42017,-0.3347,0.1929,1.0072
58.42191615,-0.2932,0.1244,1.0017
58.42301011,-0.2366,0.058,0.9896
58.42375904,-0.1847,0.0105,0.9883
58.42475804,-0.1737,-0.0291,1.0335
58.43110331,-0.1886,-0.0396,1.1045
58.43741346,-0.2154,-0.0311,1.194
58.44717469,-0.246,-0.0055,1.2814
58.45734611,-0.2751,0.0468,1.3268
58.46880496,-0.3088,0.1643,1.3257
58.51353188,-0.3507,0.3106,1.2937
58.51512069,-0.4141,0.3847,1.2532
58.516103,-0.5096,0.3662,1.2629
58.51700134,-0.5563,0.2717,1.2312
58.51840384,-0.5345,0.1485,1.155
58.52878146,-0.5498,0.1463,1.2738
58.53706838,-0.3258,0.1032,1.4199
58.54755004,0.0164,0.2103,1.5512
58.55751654,0.2697,0.2128,1.6791
58.56735415,0.2847,0.147,1.851
58.61244246,0.2152,0.0353,1.8487
58.61394523,0.109,-0.0847,1.6299
58.61477742,0.0357,-0.168,1.4024
58.61553565,-0.0022,-0.2182,1.1606
58.61744873,0.0169,-0.2316,0.9157
58.62774611,0.0486,-0.2652,0.6754
58.63704042,0.0513,-0.3406,0.4449
58.64721257,0.0822,-0.3979,0.3298
58.66076919,0.095,-0.4124,0.356
58.66929734,0.0559,-0.3539,0.5066
58.71491038,-0.0247,-0.2265,0.6943
58.71694884,-0.1021,-0.0781,0.8932
58.7181675,-0.15,0.0596,1.0912
58.72003069,-0.1783,0.1681,1.2322
58.7210235,-0.1896,0.2223,1.3199
58.72715023,-0.2231,0.2097,1.2165
58.73729319,-0.193,0.2255,1.1001
58.74744931,-0.1382,0.2593,0.9248
58.767557,-0.0746,0.2557,0.7486
58.76877665,-0.0076,0.2456,0.5911
58.82023261,0.0336,0.2106,0.4599
58.82189973,0.0387,0.1493,0.3527
58.82276338,0.0232,0.086,0.302
58.82415457,0.0059,0.0142,0.2471
58.82858661,-0.0634,-0.0373,0.2796
58.82949461,-0.1245,-0.0671,0.3514
58.8373885,-0.189,-0.0861,0.4751
58.84996957,-0.2628,-0.0985,0.6192
58.90219692,-0.3226,-0.1316,0.742
58.90354096,-0.3312,-0.1444,0.8349
58.90441969,-0.3461,-0.1509,0.9059
58.90528869,-0.3286,-0.1357,0.9841
58.90742157,-0.2595,-0.0783,1.0304
58.9106113,-0.2245,-0.0321,1.0828
58.91726304,-0.2162,-0.0038,1.1572
58.9275545,-0.2499,-0.005,1.2469
58.93709015,-0.3066,-0.0374,1.3335
58.94724454,-0.3656,-0.0715,1.3971
58.9686663,-0.4053,-0.1235,1.4402
58.97056669,-0.4488,-0.2123,1.4402
59.01406811,-0.5428,-0.2954,1.4313
59.01546965,-0.6105,-0.3159,1.4169
59.01647657,-0.642,-0.2516,1.3513
59.01737323,-0.6021,-0.1171,1.2401
59.01849519,-0.5216,-0.0232,1.1388
59.02683023,-0.2536,-0.0192,1.096
59.03692007,0.0107,-0.1007,1.1528
59.04723723,0.0782,-0.1008,1.4391
59.06500573,0.0486,-0.0876,1.7745
59.06720015,0.0447,-0.0183,1.924
59.11270042,-0.0507,0.0782,1.9108
59.11451357,-0.1173,0.0796,1.8275
59.11533984,-0.0622,0.0122,1.543
59.11612565,0.0815,0.0263,1.1403
59.11771754,0.2469,0.1008,0.7769
59.12705277,0.3966,0.1969,0.504
59.13747419,0.433,0.2667,0.3059
59.14720919,0.382,0.2879,0.2832
59.16445954,0.2895,0.2458,0.4228
59.1672728,0.1854,0.1659,0.6325
59.21057923,0.0335,0.0592,0.8397
59.21203104,-0.0958,-0.0496,1.0208
59.21283784,-0.1597,-0.112,1.1083
59.21370019,-0.2766,-0.1611,1.1982
59.21739465,-0.2653,-0.1653,1.1732
59.22769257,-0.2475,-0.1687,1.1478
59.23687911,-0.2136,-0.1528,1.0861
59.2476235,-0.1843,-0.1384,0.9925
59.26542242,-0.1667,-0.1162,0.8944
59.26709777,-0.1275,-0.0832,0.776
59.3139115,-0.0903,-0.047,0.6753
59.31524519,-0.0803,-0.012,0.5722
59.31619007,-0.0523,0.0375,0.5132
59.31736554,-0.0342,0.0754,0.4521
59.31856984,-0.0193,0.1077,0.4248
59.32715423,-0.0322,0.1209,0.4356
59.33699123,-0.0751,0.1275,0.5038
59.34709369,-0.1566,0.1443,0.6343
59.36500138,-0.2689,0.1876,0.7785
59.36720677,-0.3395,0.2372,0.9242
59.41826857,-0.3772,0.2559,1.0052
59.41983488,-0.3804,0.2414,0.9839
59.420726,-0.3318,0.214,0.9499
59.42151077,-0.2855,0.1744,0.8815
59.424064,-0.2274,0.1186,0.7988
59.43111588,-0.1544,-0.0132,0.7969
59.43746319,-0.1578,-0.0566,0.8497
59.44715046,-0.1719,-0.0732,0.9544
59.46471365,-0.1808,-0.0666,1.0494
59.46732434,-0.2172,-0.0589,1.1102
59.51791123,-0.2851,-0.0388,1.1669
59.51939134,-0.3613,0.0304,1.2573
59.52024165,-0.4533,0.1371,1.3846
59.52136373,-0.5466,0.226,1.4871
59.52298404,-0.5931,0.2606,1.5171
59.52858919,-0.5665,0.2391,1.4364
59.53703904,-0.4506,0.2263,1.444
59.54711142,-0.206,0.2766,1.4845
59.56574077,0.0254,0.3709,1.508
59.56791323,0.1781,0.3166,1.5973
59.62590342,0.1415,0.213,1.7877
59.62835569,0.0787,0.096,1.8377
59.62946054,-0.006,0.0307,1.7209
59.63048554,-0.0465,-0.0236,1.557
59.6316088,-0.0569,-0.0732,1.3659
59.63286969,-0.0464,-0.1548,1.1265
59.63731507,-0.0341,-0.2569,0.8629
59.64711365,-0.0004,-0.3415,0.6363
59.66443754,0.0097,-0.4108,0.4121
59.6673678,0.0685,-0.4418,0.2955
59.71144757,0.1302,-0.4341,0.2637
59.71271865,0.0897,-0.3546,0.3632
59.71366615,-0.028,-0.1816,0.5934
59.71446984,-0.0866,-0.0126,0.8148
59.717139,-0.1222,0.1302,1.035
59.72736954,-0.1703,0.2232,1.1988
59.7371728,-0.1948,0.2654,1.3004
59.74724704,-0.2058,0.2607,1.3234
59.76441977,-0.1985,0.259,1.2697
59.76764488,-0.1504,0.2388,1.1107
59.81143092,-0.1248,0.2307,0.9673
59.81299815,-0.0665,0.2018,0.7521
59.81426292,-0.0271,0.1753,0.5812
59.81524515,0.0086,0.1405,0.4286
59.81719642,0.0182,0.0812,0.2983
59.82742719,0.0439,0.0192,0.2088
59.8369935,0.0054,-0.0369,0.2005
59.84743488,-0.0112,-0.0559,0.2215
59.8632268,-0.0996,-0.0693,0.3453
59.8678905,-0.1935,-0.0807,0.5476
59.9078855,-0.3164,-0.1004,0.7765
59.90972696,-0.4345,-0.1314,0.994
59.91099473,-0.5128,-0.1581,1.1259
59.91216942,-0.5377,-0.1782,1.1864
59.91707646,-0.4253,-0.1698,1.1188
59.92753592,-0.4522,-0.1445,1.1375
59.93724769,-0.2882,-0.1239,1.0807
59.94979123,-0.1799,-0.0734,1.0328
59.96867538,-0.1132,-0.0268,1.0067
59.97119238,-0.0847,0.0205,1.0488
60.069953,-0.1206,0.073,1.1132
60.07190965,-0.2747,-0.049,1.2673
60.07304988,-0.4346,-0.1836,1.3367
60.07445477,-0.6049,-0.2475,1.4373
60.07593392,-0.7025,-0.2132,1.4851
60.07790553,-0.72,-0.1088,1.4397
60.08087853,-0.6973,0.0079,1.3434
60.08244619,-0.5637,0.1049,1.2559
60.08352627,-0.2239,0.162,1.1541
60.08441807,0.146,0.0844,1.0648
60.08940577,0.3064,-0.0099,1.255
60.09800146,0.2806,-0.1241,1.577
60.11507261,0.2061,-0.1386,1.7695
60.11696038,0.1098,-0.0856,1.6627
60.1638058,0.0269,-0.089,1.4007
60.1650135,0.1009,-0.0292,1.0425
60.16584092,0.2011,0.0793,0.7333
60.1667135,0.2693,0.2022,0.4704
60.16752519,0.3103,0.3083,0.3346
60.17710165,0.2686,0.349,0.3833
60.19539992,0.1336,0.3068,0.5576
60.19730542,0.0261,0.2362,0.787
60.23667361,-0.1404,0.1004,0.9929
60.2373193,-0.2409,-0.0228,1.1821
60.23778323,-0.2717,-0.1149,1.2584
60.23809861,-0.2932,-0.1584,1.3022
60.2488808,-0.2635,-0.1802,1.2504
60.269645,-0.2364,-0.2047,1.1707
60.27036177,-0.1902,-0.1975,1.0462
60.29064023,-0.1608,-0.1705,0.9136
60.29130469,-0.1491,-0.1394,0.7785
60.30188919,-0.1164,-0.0955,0.6726
60.3220218,-0.0934,-0.0524,0.5873
60.32280892,-0.0388,-0.0073,0.4859
60.3304378,0.0134,0.0325,0.3991
60.34135142,0.0084,0.0462,0.3109
60.34692684,0.016,0.0614,0.3183
60.35705569,-0.0558,0.0715,0.3643
60.38124596,-0.1482,0.1169,0.5138
60.38260296,-0.2471,0.1808,0.6755
60.38830723,-0.3305,0.2309,0.847
60.42370742,-0.3789,0.2382,0.9648
60.42467853,-0.3771,0.1527,1.0707
60.44014784,-0.3325,0.1014,1.064
60.44073788,-0.2355,0.0276,0.9642
60.44686288,-0.2542,0.0644,1.0191
60.45679796,-0.1923,0.0171,0.992
60.46688965,-0.168,0.0115,0.9815
60.47682392,-0.1561,0.0219,1.0196
60.48710884,-0.1706,0.0636,1.0738
60.49682596,-0.2257,0.1386,1.1374
60.50696742,-0.3123,0.2366,1.1986
60.51691477,-0.4195,0.3036,1.2683
60.52710165,-0.5416,0.3119,1.3228
60.53711677,-0.623,0.2739,1.3729
60.54736923,-0.6174,0.2011,1.3925
60.55713565,-0.4441,0.1513,1.4617
60.56713353,-0.0838,0.2459,1.5755
60.57713234,0.2413,0.3072,1.6759
60.58753538,0.2524,0.2259,1.8924
60.59687211,0.1113,0.0898,2.0259
60.60677777,-0.0118,0.011,1.9319
60.61680065,-0.0806,-0.0206,1.7219
60.62693919,-0.1098,-0.0766,1.4248
60.63689592,-0.1119,-0.1792,1.0934
60.64691346,-0.0909,-0.3012,0.7776
60.65700211,-0.0403,-0.4059,0.4925
60.66721238,0.0268,-0.4689,0.2956
60.677163,0.1258,-0.4416,0.2435
60.68709542,0.1599,-0.344,0.3468
60.69912796,0.0651,-0.2147,0.5667
60.70719046,-0.0432,-0.0748,0.7878
60.71789284,-0.1338,0.063,0.9693
60.7269058,-0.1764,0.1706,1.0861
60.73703661,-0.2058,0.2487,1.1642
60.74691142,-0.207,0.2924,1.203
60.756842,-0.2085,0.3143,1.1922
60.76924396,-0.1897,0.3127,1.1062
60.77745634,-0.1325,0.284,0.9969
60.78698103,-0.0688,0.2406,0.8419
60.7977005,0.0344,0.1901,0.5509
60.80701557,0.0463,0.1402,0.417
60.8169285,0.0496,0.0205,0.3381
60.8268335,0.0111,-0.0428,0.3145
60.83689619,-0.0517,-0.0826,0.325
60.84682065,-0.1176,-0.1165,0.391
60.85730303,-0.218,-0.1283,0.5312
60.86735519,-0.3189,-0.138,0.7037
60.87685846,-0.3836,-0.1389,0.8251
60.88683957,-0.4014,-0.1022,0.9192
60.89698842,-0.4395,-0.1229,0.9761
60.90728934,-0.3964,-0.0932,0.9792
60.91792753,-0.2913,-0.045,0.9805
60.92687523,-0.1902,-0.0042,0.9408
60.93712565,-0.1307,0.0354,0.9368
60.9472505,-0.1301,0.0632,1.0076
60.95683284,-0.1875,0.0354,1.1244
60.96702984,-0.2722,-0.0319,1.2719
60.97687069,-0.3804,-0.0766,1.391
60.98719411,-0.4698,-0.1168,1.442
60.99725961,-0.5344,-0.1758,1.4173
61.00734142,-0.5957,-0.2362,1.3476
61.018311,-0.6463,-0.2624,1.2756
61.02795846,-0.669,-0.2246,1.2037
61.0373045,-0.6477,-0.1324,1.1305
61.047415,-0.6182,-0.0239,1.0996
61.05743503,-0.519,0.0693,1.0972
61.06729534,-0.2877,0.087,1.1567
61.07724619,-0.0261,-0.0296,1.2571
61.08720219,0.1769,-0.1479,1.5864
61.09851807,0.1943,-0.2342,1.8987
61.10721211,0.1345,-0.1764,1.932
61.11678165,0.0506,-0.0602,1.756
61.12740742,0.0007,-0.0373,1.5303
61.13707357,0.0522,-0.0304,1.2257
61.14687876,0.1524,0.0164,0.89
61.15702119,0.2492,0.1163,0.5938
61.16683853,0.3367,0.2488,0.3528
61.17829338,0.352,0.3385,0.2555
61.18685823,0.2486,0.369,0.3931
61.1968068,0.1637,0.3884,0.6329
61.20691426,-0.0546,0.2728,0.9342
61.2193898,-0.1758,0.1281,1.166
61.22716696,-0.2489,-0.0137,1.3091
61.23676865,-0.2588,-0.1121,1.3376
61.24686373,-0.2794,-0.1455,1.3317
61.257824,-0.2343,-0.1196,1.2107
61.26872392,-0.1871,-0.1263,1.1023
61.27694342,-0.1722,-0.1437,0.9139
61.28719965,-0.1484,-0.1546,0.7836
61.2974068,-0.1399,-0.162,0.6682
61.30699123,-0.1274,-0.159,0.5753
61.31768753,-0.1229,-0.1394,0.4955
61.3276078,-0.0856,-0.0964,0.4209
61.33687403,-0.0421,-0.0591,0.3805
61.34797538,-0.0187,-0.0139,0.3699
61.35728665,-0.0186,0.0173,0.3949
61.36735619,-0.0612,0.0784,0.477
61.377163,-0.1819,0.1477,0.6442
61.38708876,-0.2703,0.2344,0.8078
61.39796073,-0.3475,0.2981,0.9412
61.40751026,-0.4007,0.313,0.9938
61.41706296,-0.3881,0.2952,1.0015
61.42714707,-0.3536,0.2469,0.9791
61.43722138,-0.2885,0.1818,0.9474
61.4471963,-0.2189,0.107,0.9141
61.4573168,-0.1281,-0.0054,0.8871
61.46715038,-0.1913,0.0137,1.0216
61.47717169,-0.2011,-0.0647,1.1093
61.4874055,-0.2123,-0.1114,1.1547
61.49744742,-0.269,-0.1011,1.2075
61.50710646,-0.3165,-0.0231,1.2478
61.51819092,-0.4749,0.2608,1.2932
61.52984215,-0.5718,0.3341,1.3265
61.53819326,-0.6358,0.3508,1.3776
61.55095707,-0.6633,0.325,1.3674
61.56825557,-0.5234,0.2213,1.3237
61.57737938,-0.3042,0.2112,1.3944
61.58790696,-0.0165,0.2384,1.4591
61.59752142,0.1413,0.214,1.52
61.60749953,0.147,0.1809,1.6867
61.61744846,0.1264,0.1107,1.7192
61.62923588,0.0818,0.015,1.6029
61.63895123,0.0546,-0.0762,1.4238
61.64894442,0.0435,-0.1491,1.228
61.6590253,0.0657,-0.2031,1.0056
61.67204042,0.0831,-0.2665,0.7616
61.68890557,0.0925,-0.3979,0.4542
61.70140719,0.0277,-0.4187,0.4299
61.70982926,-0.0829,-0.3723,0.5607
61.71899834,-0.1827,-0.2389,0.7355
61.72922807,-0.2436,-0.0864,0.8672
61.73897715,-0.2397,0.0534,0.966
61.75201265,-0.2025,0.1416,1.0399
61.76890503,-0.1664,0.2051,1.0957
61.78088903,-0.1429,0.2398,1.0388
61.7899908,-0.1108,0.2337,0.9241
61.800502,-0.0765,0.2255,0.8229
61.81304846,-0.0528,0.2057,0.6983
61.8288453,0.0125,0.1733,0.5303
61.83986353,0.0217,0.1432,0.4641
61.84844307,0.0176,0.1054,0.4167
61.85936257,-0.0083,0.0545,0.3914
61.87000276,-0.0754,-0.0028,0.4207
61.8790783,-0.1459,-0.0434,0.5005
61.889892,-0.2282,-0.0789,0.6238
61.89947403,-0.3059,-0.1091,0.752
61.91153565,-0.3777,-0.1516,0.8812
61.91967719,-0.4283,-0.1896,0.9662
61.93175161,-0.4576,-0.2066,1.0422
61.94869669,-0.3646,-0.17,1.0715
61.9600575,-0.2829,-0.1162,1.0361
61.96876284,-0.2191,-0.0696,1.0434
61.97969038,-0.2008,-0.0202,1.0687
61.99344788,-0.2121,0.0081,1.1947
62.00867819,-0.283,0.0258,1.2379
62.02388573,-0.3473,-0.0048,1.2841
62.03898276,-0.5363,-0.1434,1.3175
62.04913269,-0.6226,-0.1603,1.347
62.06407538,-0.6637,-0.1187,1.2896
62.07905942,-0.5498,0.0002,1.257
62.09043326,-0.3152,-0.0445,1.2512
62.10008942,-0.0793,-0.1533,1.3078
62.10944273,0.0508,-0.1742,1.5863
62.11958523,0.0404,-0.1649,1.8176
62.13113757,-0.0456,-0.0989,1.7858
62.13945265,-0.0456,-0.017,1.7858
62.1490488,-0.1071,-0.0254,1.5939
62.16244126,0.0418,-0.0569,1.0034
62.17903565,0.1876,0.0341,0.7151
62.19164934,0.38,0.2091,0.3057
62.20888542,0.2555,0.2391,0.3775
62.22364969,0.1534,0.1859,0.5996
62.23906446,-0.1351,-0.0084,1.0582
62.25025342,-0.2227,-0.0898,1.1982
62.25888999,-0.2691,-0.1317,1.2625
62.26954461,-0.3101,-0.1437,1.3173
62.27944338,-0.2973,-0.134,1.3003
62.29013861,-0.2595,-0.1168,1.2335
62.29752703,-0.2024,-0.0959,1.1101
62.31119792,-0.1677,-0.0656,0.9803
62.31799842,-0.1285,-0.0448,0.8247
62.32763823,-0.1141,-0.0314,0.6769
62.33749665,-0.0933,-0.0073,0.5548
62.34753265,-0.048,0.0255,0.4689
62.35736096,-0.0724,0.0277,0.3836
62.36753711,-0.0384,0.0406,0.3816
62.37719103,-0.0542,0.0305,0.3891
62.38799665,-0.0997,0.0132,0.4694
62.39777757,-0.1909,0.002,0.6017
62.68293384,-0.2726,0.0325,0.7492
62.68419211,-0.3443,0.1048,0.8761
62.68526519,-0.3698,0.1874,0.9389
62.68750296,-0.3568,0.2228,0.9455
62.68832953,-0.329,0.2176,0.8896
62.68908388,0.0578,0.1572,0.4226
62.69038626,0.0134,0.0811,0.336
62.69142976,-0.0149,-0.0072,0.3072
62.69232615,-0.079,-0.1013,0.3332
62.6933828,-0.1597,-0.1691,0.4461
62.69456438,-0.2521,-0.2138,0.6028
62.69576319,-0.3312,-0.2327,0.7517
62.69683738,-0.4102,-0.2398,0.9207
62.70277353,-0.458,-0.222,1.0691
62.71294453,-0.4781,-0.191,1.1546
62.72289388,-0.4307,-0.1328,1.197
62.73248388,-0.3575,-0.0635,1.2154
62.74285265,-0.2987,-0.0182,1.2262
62.75262034,-0.2562,0.0048,1.2692
62.76271707,-0.2278,0.0215,1.3045
62.77272234,-0.2211,0.0508,1.3261
62.78289157,-0.2321,0.0638,1.3037
62.79258684,-0.2574,0.0344,1.2428
62.80281696,-0.3216,-0.0511,1.1894
62.81287119,-0.4455,-0.1581,1.2013
62.82257419,-0.5777,-0.2234,1.2662
62.83247507,-0.6661,-0.2184,1.3207
62.84480096,-0.6606,-0.1666,1.3158
62.85266303,-0.5152,-0.1314,1.324
62.86289169,-0.3001,-0.1579,1.2253
62.87259715,-0.0958,-0.1422,1.335
62.88281338,0.0364,-0.0915,1.5588
62.8927118,0.159,-0.1037,1.7028
62.90271034,0.0352,-0.0695,1.7654
62.91310023,-0.0092,-0.0832,1.6785
62.92281865,0.0219,-0.0457,1.4332
62.93306434,0.1451,0.0556,1.1354
62.94333015,0.2781,0.1906,0.822
62.95304519,0.3672,0.3379,0.5173
62.96292688,0.3797,0.4319,0.329
62.97293003,0.2938,0.3938,0.3485
62.98281134,0.1529,0.2783,0.5294
62.99306646,0.0489,0.1731,0.7035
63.00304111,-0.0821,0.0122,0.8989
63.01289811,-0.1543,-0.007,1.0769
63.02282407,-0.1801,-0.0691,1.121
63.03325826,-0.2255,-0.1627,1.1658
63.04280469,-0.2441,-0.1902,1.1788
63.05276265,-0.2488,-0.1928,1.1517
63.06683834,-0.2287,-0.1823,1.0861
63.07278949,-0.2114,-0.1543,0.9966
63.08289396,-0.1726,-0.1259,0.8668
63.09280053,-0.1548,-0.092,0.7416
63.10314622,-0.1077,-0.0528,0.6054
63.11277003,-0.0696,-0.0206,0.4975
63.12308011,-0.0333,0.01,0.4069
63.13353669,-0.0178,0.0327,0.3463
63.14340476,-0.0473,0.0402,0.3331
63.15321842,-0.0818,0.0755,0.4173
63.16301261,-0.1515,0.1196,0.5183
63.17270672,-0.2389,0.1721,0.6908
63.1830463,-0.3362,0.2285,0.8448
63.19304915,-0.3694,0.2599,0.9429
63.20303407,-0.3768,0.2573,0.9711
63.21290326,-0.3485,0.2365,0.9708
63.22290326,-0.3083,0.1691,0.9114
63.23266322,-0.3044,0.1708,0.9286
63.24282784,-0.2753,0.0993,0.9096
63.25276903,-0.2456,0.0614,0.8931
63.26288888,-0.2106,0.0412,0.892
63.27280653,-0.1753,0.0338,0.8932
63.28349722,-0.1625,0.0276,0.9201
63.29288307,-0.1812,0.0162,0.9761
63.30297684,-0.2222,0.017,1.0462
63.3132038,-0.2973,0.0393,1.1546
63.3229948,-0.399,0.0798,1.2763
63.33267076,-0.5056,0.1317,1.3802
63.34300172,-0.6021,0.1648,1.4458
63.3529803,-0.6616,0.1667,1.4264
63.36292146,-0.6809,0.1521,1.3542
63.37289153,-0.6725,0.1247,1.2656
63.38284119,-0.5829,0.0883,1.2463
63.3928988,-0.3647,0.1333,1.3111
63.40291272,-0.0358,0.2915,1.415
63.41294376,0.241,0.3627,1.5328
63.42303761,0.257,0.3285,1.7155
63.43305942,0.1876,0.2091,1.7858
63.44418796,0.0743,0.0785,1.6915
63.45281961,0.0155,-0.0175,1.4969
63.56181261,-0.0061,-0.0845,1.2395
63.56326946,-0.0046,-0.1424,0.9433
63.56456542,-0.0029,-0.2165,0.68
63.56583103,-0.0133,-0.3092,0.489
63.5671968,-0.0031,-0.3749,0.4284
63.56825046,-0.006,-0.3558,0.4809
63.56899996,-0.0386,-0.2424,0.6314
63.57002846,-0.1074,-0.0965,0.8021
63.57143499,-0.1644,0.0432,0.9587
63.57240019,-0.1954,0.1699,1.0697
63.57341876,-0.2072,0.294,1.2329
63.57450461,-0.2072,0.294,1.2329
63.58283696,-0.2239,0.3294,1.2798
63.59290169,-0.1831,0.3108,1.2174
63.60274522,-0.0676,0.25,0.884
63.61273661,-0.0285,0.1998,0.7168
63.62340196,0.0248,0.1405,0.5631
63.63306022,0.0257,0.069,0.4036
63.64278742,0.0184,0.0147,0.3448
63.6531413,-0.001,-0.045,0.2928
63.66329938,-0.0213,-0.097,0.2763
63.67265588,-0.0733,-0.1369,0.311
63.68282326,-0.1356,-0.1466,0.4329
63.6928923,-0.2276,-0.1384,0.6249
63.7032883,-0.3363,-0.1256,0.8333
63.71307046,-0.4106,-0.129,0.9937
63.72358242,-0.4572,-0.1286,1.0657
63.73307107,-0.4547,-0.1151,1.0381
63.74324922,-0.3933,-0.0827,0.9645
63.75270042,-0.3033,-0.055,0.8786
63.76260576,-0.1978,-0.0205,0.8058
63.77305972,-0.1203,0.0125,0.7763
63.78297461,-0.0997,0.0404,0.8073
63.79292753,-0.1467,0.0544,0.935
63.8031548,-0.2268,0.0385,1.1403
63.81417257,-0.3176,0.0043,1.3378
63.82294369,-0.4001,-0.0506,1.4574
63.83290176,-0.4906,-0.1489,1.4986
63.84331511,-0.5635,-0.2416,1.4666
63.85319007,-0.6209,-0.2788,1.3888
63.86302084,-0.6557,-0.2369,1.2629
63.87299334,-0.6599,-0.1171,1.1349
63.88329322,-0.6434,-0.0038,1.0287
63.89317188,-0.5192,0.071,1.0449
63.90317699,-0.2474,0.0974,1.1402
63.91292592,0.0172,0.0327,1.27
63.92311134,0.2017,-0.0393,1.6619
63.93304134,0.1826,-0.123,1.9968
63.94310126,0.1032,-0.068,2.0585
63.95338946,-0.0335,0.0225,1.9343
63.96303526,-0.0972,0.0115,1.7343
63.97319338,-0.0413,0.0027,1.4465
63.98331372,0.0989,0.0589,1.0614
63.99321419,0.232,0.1499,0.6845
64.00324572,0.3208,0.2318,0.4185
64.01303803,0.3395,0.2812,0.2802
64.02329661,0.2503,0.2832,0.3606
64.0331298,0.0971,0.2183,0.5656
64.04329915,0.021,0.1587,0.7725
64.05296372,-0.1087,0.0588,0.9907
64.06289642,-0.1827,-0.0268,1.1546
64.0737118,-0.2222,-0.1016,1.2116
64.08382192,-0.266,-0.1223,1.2528
64.09318719,-0.2461,-0.1181,1.1989
64.10326438,-0.2212,-0.1138,1.1155
64.11311138,-0.1941,-0.101,1.012
64.12330322,-0.1632,-0.0869,0.8892
64.13317588,-0.1294,-0.0831,0.7666
64.14330803,-0.1165,-0.0784,0.6485
64.15323457,-0.0809,-0.0684,0.5477
64.16329092,-0.0628,-0.0496,0.4699
64.17311688,-0.0221,-0.0132,0.4154
64.18320588,-0.0022,0.0128,0.3762
64.19320392,-0.0123,0.0214,0.384
64.20329892,-0.0578,0.036,0.4393
64.21314495,-0.1202,0.0751,0.5408
64.22340949,-0.2122,0.1388,0.6844
64.23320499,-0.3302,0.2103,0.8452
64.24331272,-0.3821,0.2974,0.9712
64.25319203,-0.4086,0.3274,1.028
64.26329838,-0.3892,0.3332,1.0255
64.27342888,-0.2882,0.2494,0.9082
64.28330615,-0.3083,0.3205,0.8496
64.2931728,-0.1881,0.1207,0.8248
64.30340015,-0.1693,0.064,0.8056
64.31317038,-0.1595,0.015,0.8283
64.32326499,-0.179,-0.0274,0.8989
64.33392357,-0.2191,-0.0697,1.0026
64.34347184,-0.2777,-0.1062,1.1026
64.3530223,-0.339,-0.1135,1.1942
64.36298834,-0.4088,-0.0624,1.296
64.37303322,-0.483,0.041,1.382
64.38372792,-0.5455,0.1604,1.4156
64.39527415,-0.584,0.2432,1.3746
64.41251719,-0.5736,0.2471,1.2009
64.42251438,-0.4358,0.24,1.2572
64.43416365,-0.1874,0.385,1.4099
64.44253692,0.1127,0.5083,1.5057
64.45247838,0.2216,0.4435,1.7116
64.46268034,0.1231,0.2692,1.9339
64.4725938,-0.0121,0.0971,1.9235
64.48316669,-0.0834,0.0162,1.764
64.49663199,-0.0706,-0.0292,1.556
64.50330992,-0.0235,-0.1015,1.3074
64.51323719,0.0211,-0.2095,1.0376
64.52324888,0.0459,-0.3233,0.7832
64.53319315,0.0546,-0.4096,0.5745
64.54450169,0.0699,-0.4912,0.4082
64.55296799,0.1062,-0.5508,0.3496
64.56321669,0.0803,-0.5624,0.4154
64.5730003,-0.0183,-0.4468,0.5981
64.58346915,-0.1215,-0.2052,0.8464
64.59321845,-0.1571,0.0286,0.9888
64.60343895,-0.1851,0.1998,1.1352
64.61320519,-0.1816,0.309,1.2472
64.62329769,-0.2019,0.3341,1.299
64.63316892,-0.2042,0.3116,1.2937
64.64323726,-0.2085,0.297,1.2251
64.65316992,-0.1545,0.2823,1.0928
64.66328999,-0.1228,0.2697,0.9322
64.67312703,-0.0589,0.2375,0.7784
64.68310242,-0.0125,0.2056,0.6196
64.69309511,0.0131,0.1589,0.493
64.70571238,0.0184,0.0969,0.3812
64.71431595,0.0098,0.0193,0.3109
64.72284295,-0.0469,-0.0613,0.3235
64.7326873,-0.0853,-0.1236,0.3422
64.74284888,-0.1352,-0.1582,0.3867
64.75288876,-0.2149,-0.1694,0.5215
64.76295292,-0.2965,-0.1781,0.6827
64.77290753,-0.3605,-0.1926,0.8044
64.78285253,-0.3831,-0.2067,0.8955
64.79280861,-0.4165,-0.2231,0.9427
64.80276565,-0.4429,-0.2681,0.9646
64.81265207,-0.3941,-0.248,0.9441
64.82285361,-0.3458,-0.2256,0.8954
64.83269957,-0.2685,-0.1957,0.865
64.84280834,-0.2132,-0.1572,0.8674
64.85262976,-0.1893,-0.1082,0.8954
64.86247719,-0.1755,-0.0268,0.9601
64.87252642,-0.1809,0.0597,1.0352
64.88295619,-0.1934,0.1157,1.1642
64.89247872,-0.2306,0.1003,1.257
64.90251219,-0.344,0.0264,1.3586
64.91243595,-0.5007,-0.054,1.482
64.92254138,-0.6532,-0.0969,1.584
64.93236599,-0.7377,-0.0982,1.5915
64.94355126,-0.7512,-0.0553,1.5024
64.95244057,-0.7096,0.0078,1.3797
64.96236942,-0.5904,0.0347,1.2664
64.9759558,-0.3358,0.0235,1.1807
64.98311261,0.0964,-0.0595,1.1801
64.99278707,0.0964,-0.0595,1.1801
65.00267949,0.0821,-0.13,1.609
65.01247326,-0.0238,-0.1115,1.7044
65.02259999,-0.1105,-0.1052,1.7362
65.03248299,-0.0766,-0.1313,1.6001
65.04256111,0.0395,-0.0851,1.3069
65.05798257,0.1924,0.0103,0.9749
65.06269503,0.3268,0.1333,0.6926
65.07238661,0.4024,0.2692,0.4925
65.08236542,0.3729,0.3822,0.4225
65.09250922,0.2527,0.4059,0.5341
65.10247753,0.104,0.3343,0.7581
65.11278169,-0.0359,0.2285,0.9577
65.12255111,-0.143,0.1057,1.0953
65.13307299,-0.2168,-0.0076,1.1699
65.14309776,-0.2459,-0.0945,1.2069
65.15319288,-0.2614,-0.145,1.1973
65.16286522,-0.2262,-0.1219,1.1425
65.17350892,-0.1892,-0.124,1.0533
65.18270392,-0.1638,-0.1079,0.9412
65.19268469,-0.1445,-0.0827,0.8299
65.20330742,-0.1234,-0.0733,0.7198
65.2146763,-0.0961,-0.0655,0.621
65.22360361,-0.1093,-0.0467,0.5238
65.23313892,-0.0572,-0.0377,0.4391
65.24448522,-0.0304,-0.0257,0.3775
65.25431422,-0.0341,-0.0238,0.3288
65.26419461,-0.0088,-0.0151,0.3349
65.27791926,-0.0674,-0.007,0.3878
65.29738642,-0.2742,0.1035,0.7085
65.30607668,-0.3711,0.2136,0.8962
65.31417284,-0.4143,0.29,1.0142
65.32396853,-0.4114,0.3153,1.0522
65.33710618,-0.3812,0.2989,1.0385
65.34569934,-0.3202,0.2563,0.9839
65.35429426,-0.1943,0.1266,0.8251
65.36409511,-0.2701,0.1744,0.9027
65.37342176,-0.1989,0.0552,0.8444
65.38377576,-0.1857,-0.01,0.8543
65.39312395,-0.2066,-0.0669,0.9275
65.40325865,-0.2372,-0.1018,1.0477
65.41304507,-0.2701,-0.1014,1.1889
65.42397418,-0.3078,-0.0442,1.297
65.43551607,-0.3633,0.0723,1.366
65.45388157,-0.5029,0.2884,1.3752
65.46371618,-0.5727,0.3086,1.3302
65.47421245,-0.6089,0.2775,1.2847
65.48391865,-0.6284,0.2259,1.2263
65.49351311,-0.616,0.1733,1.1898
65.50353084,-0.5273,0.1173,1.2014
65.51560515,-0.2763,0.1695,1.3046
65.79529803,0.0379,0.3037,1.4261
65.79654115,0.2391,0.2874,1.4952
65.79792722,0.188,0.1691,1.7095
65.79928192,0.0839,0.036,1.7627
65.80064357,-0.0195,-0.1059,1.6464
65.80755107,-0.065,-0.2251,1.448
65.80872776,-0.1676,-0.1686,0.3687
65.8168123,-0.2575,-0.1904,0.5249
65.81829915,-0.336,-0.2122,0.6971
65.81941968,-0.4068,-0.2305,0.8612
65.82057476,-0.47,-0.2488,0.9998
65.82197557,-0.4801,-0.2487,1.0809
65.82318649,-0.4344,-0.2139,1.0768
65.8241393,-0.354,-0.1719,1.0196
65.82540992,-0.2591,-0.1263,0.9497
65.82743434,-0.1906,-0.082,0.901
65.83603449,-0.1543,-0.0243,0.8997
65.84685407,-0.1617,0.0408,0.9462
65.85589253,-0.1925,0.081,1.0531
65.86973884,-0.2347,0.0652,1.2149
65.87639318,-0.3106,-0.0224,1.3212
65.88617134,-0.4621,-0.1415,1.4216
65.8959048,-0.6279,-0.2459,1.5243
65.90793665,-0.7517,-0.2883,1.5655
65.91642226,-0.774,-0.2489,1.5042
65.92623607,-0.7643,-0.1609,1.3579
65.93622342,-0.7075,-0.0481,1.2087
65.94630918,-0.6259,0.0838,1.0603
65.95624603,-0.4623,0.1831,0.953
65.97414411,-0.1277,0.2917,0.9157
65.97626718,0.2232,0.1952,0.8986
65.98721338,0.3643,0.0034,1.1934
65.99625076,0.2548,-0.118,1.6267
66.00773722,0.111,-0.1101,1.8527
66.01651165,0.0338,-0.0697,1.8435
66.02653499,-0.0167,-0.1077,1.6839
66.03639072,0.0095,-0.1278,1.4281
66.04673457,0.1193,-0.0646,1.0688
66.05640638,0.2573,0.1619,0.5064
66.06632492,0.2896,0.2717,0.381
66.07740715,0.2387,0.348,0.4499
66.08621965,0.0853,0.3579,0.6747
66.09620661,-0.0898,0.2803,0.9164
66.10647149,-0.2002,0.1632,1.0925
66.11639434,-0.2292,0.0706,1.2131
66.12708538,-0.2292,-0.0224,1.2469
66.1391143,-0.2194,-0.0904,1.2397
66.14829395,-0.1976,-0.1242,1.1771
66.16043972,-0.175,-0.147,1.0886
66.1672453,-0.1438,-0.1653,0.9816
66.17605484,-0.1489,-0.1774,0.8543
66.18593922,-0.1524,-0.1743,0.7576
66.19725618,-0.1506,-0.1622,0.682
66.20650842,-0.1391,-0.1335,0.6014
66.21863953,-0.1037,-0.0945,0.517
66.22719222,-0.1015,-0.0662,0.4338
66.23645845,-0.0558,-0.0286,0.3766
66.2464888,-0.0458,-0.0026,0.3301
66.25647968,-0.0702,0.0233,0.3425
66.26660676,-0.118,0.0717,0.42
66.27730395,-0.1895,0.1401,0.5491
66.28694034,-0.2497,0.2239,0.6887
66.2970628,-0.295,0.2748,0.8115
66.31006018,-0.3218,0.2726,0.9042
66.32000638,-0.3145,0.2052,0.927
66.32776576,-0.35,0.1857,1.0068
66.33731941,-0.3064,0.1132,1.0396
66.34716911,-0.281,0.0535,1.0599
66.36122199,-0.2651,-0.0056,1.0696
66.36800541,-0.2504,-0.0362,1.1293
66.37816322,-0.2334,-0.059,1.1283
66.38796811,-0.2298,-0.0552,1.1215
66.39784676,-0.2415,0.0147,1.1029
66.40800153,-0.2739,0.1415,1.1276
66.41804291,-0.3487,0.2713,1.1633
66.42777711,-0.4575,0.3437,1.2213
66.43810911,-0.5841,0.348,1.2809
66.44780634,-0.6733,0.317,1.3505
66.45814499,-0.6866,0.2626,1.3634
66.46809341,-0.5606,0.2257,1.3976
66.47926338,-0.2928,0.2871,1.4886
66.48810368,0.0336,0.361,1.5676
66.49783457,0.184,0.3253,1.6827
66.50795007,0.0806,0.2179,1.8632
66.51785707,-0.089,0.0942,1.8974
66.52955503,-0.2353,0.0206,1.8163
66.54108645,-0.2497,-0.0324,1.6349
66.54877657,-0.1456,-0.091,1.3531
66.55743807,-0.032,-0.2072,1.0352
66.56746865,0.0721,-0.3329,0.7362
66.57722988,0.172,-0.411,0.5259
66.5872228,0.2122,-0.4274,0.3958
66.59734115,0.2415,-0.4218,0.3749
66.60798741,0.1753,-0.3595,0.5107
66.61639211,0.0523,-0.2244,0.7333
66.62670761,-0.0597,-0.0812,0.8926
66.63703153,-0.1824,0.0445,1.062
66.64686218,-0.2367,0.1763,1.1662
66.9247263,-0.3108,0.2251,1.2894
66.9263193,-0.2895,0.24,1.3122
66.92753768,-0.2823,0.2239,1.2814
66.92887807,-0.2497,0.2025,1.1833
66.93002888,-0.2025,0.1663,1.0387
66.93096761,-0.4136,0.1125,1.0951
66.93216484,-0.2631,0.052,0.9064
66.93435588,-0.0901,-0.0349,0.6985
66.93570726,0.0149,-0.1279,0.4792
66.93646484,-0.0169,-0.146,0.2723
66.93715884,-0.0232,-0.0878,0.2114
66.93824149,0.0309,-0.0104,0.163
66.94062195,0.0688,0.0255,0.1518
66.94383126,0.1118,0.0112,0.1849
66.94894791,0.1735,-0.0282,0.2045
66.95960099,0.2446,-0.0798,0.1191
66.9690358,0.2316,-0.1016,0.0677
66.97950076,0.1173,-0.1363,0.1102
66.98893891,-0.0865,-0.1759,0.2111
66.99969188,-0.2444,-0.1931,0.3246
67.01001338,-0.3599,-0.214,0.4751
67.02091999,-0.4406,-0.2184,0.5927
67.0327103,0.161,-0.254,0.9574
67.03994188,0.161,-0.2369,0.9574
67.04987307,0.8469,0.0104,1.1155
67.05986822,1.2926,0.3153,1.3726
67.07066684,1.1986,0.5426,1.3566
67.08069791,0.5134,0.6663,1.1953
67.09687007,-0.3737,0.4264,1.3112
67.10062738,-0.6826,0.0611,1.5717
67.10910176,-0.9825,-0.1259,1.7586
67.11942653,-1.5057,-0.343,1.9866
67.12928468,-1.7244,-0.5409,2.4263
67.13946172,-1.394,-0.3948,2.2156
67.14896934,-0.7261,-0.1981,1.613
67.15948715,-1.0543,0.1369,1.5091
67.17023641,-0.7872,0.1217,1.2544
67.17893368,-0.574,0.2316,1.0344
67.18945476,-0.442,0.2722,0.9464
67.19911503,-0.3899,0.3349,0.8578
67.20986418,-0.3478,0.3657,0.9805
67.21884068,-0.3445,0.4198,0.9463
67.22877972,-0.3566,0.43,0.9161
67.23959134,-0.3177,0.3988,0.9061
67.24934199,-0.1548,0.3236,0.8261
67.25917153,-0.0905,0.2384,0.6811
67.26913957,-0.0486,0.1049,0.4457
67.27914626,0.0235,-0.0325,0.2257
67.28914603,0.0836,-0.1316,0.0551
67.29921322,0.1449,-0.1677,-0.0522
67.3105978,0.17,-0.1471,-0.0851
67.3207713,0.1384,-0.0967,-0.0443
67.3308693,0.0533,-0.0204,0.0354
67.33977561,-0.0287,0.0368,0.1038
67.35003065,-0.0894,0.0514,0.1578
67.35994334,-0.107,0.0231,0.1985
67.36982903,0.0439,0.0732,0.2615
67.38020307,0.4333,0.0523,0.4242
67.38948395,0.8563,-0.0009,0.2193
67.40013776,0.9143,-0.1577,0.4368
67.4102618,0.4341,-0.3043,1.1469
67.42259288,-0.3066,0.08,1.5705
67.43502041,-0.4598,0.2915,1.7254
67.44136968,-0.5041,0.6617,1.8505
67.45041088,-1.0616,0.7478,2.1702
67.46179326,-1.4079,0.5829,2.4769
67.47288326,-1.1587,0.3932,2.4809
67.48081118,-0.8299,0.1898,2.2995
67.49096634,-0.5857,0.0633,1.9863
67.50056803,-0.7942,0.275,2.05
67.51090807,-0.6999,0.1054,1.8882
67.52372345,-0.6517,0.0999,1.6552
67.53175003,-0.7592,0.1297,1.5495
67.54128222,-0.745,0.0728,1.3927
67.55089499,-0.7398,0.0601,1.1557
67.56074972,-0.578,0.0611,1.0181
67.57075995,-0.3709,0.0112,0.8468
67.58180157,-0.2306,-0.0461,0.6744
67.59145664,-0.1134,-0.0693,0.4572
67.60268714,-0.0308,-0.0402,0.2864
67.61291403,0.0303,-0.0221,0.2354
67.62472791,0.1131,-0.0303,0.1794
67.63511391,0.1509,-0.0187,0.1336
67.6422283,0.2237,-0.0208,0.1524
67.65134141,0.2375,-0.068,0.091
67.66070003,0.2527,-0.1208,0.0643
67.67035061,0.1804,-0.1472,0.07
67.68110414,0.021,-0.1523,0.1126
67.69085284,-0.1158,-0.1498,0.1709
67.70065299,-0.2184,-0.1669,0.2325
67.71084576,-0.2934,-0.1805,0.3371
67.72584288,-0.2696,-0.2311,0.6282
67.73997607,0.6086,-0.1152,0.8532
67.75302553,1.2246,0.1628,1.3306
67.76124518,1.2246,0.4123,1.3306
67.77081695,0.5885,0.632,1.3996
67.78066541,-0.3382,0.4391,1.8004
67.79085972,-0.7431,0.0184,1.9722
67.80072572,-1.1128,-0.3068,2.0532
67.81076364,-1.7506,-0.4096,2.3523
67.82460972,-1.9316,-0.7059,2.7279
67.84070241,-1.1541,-0.1898,1.6535
67.85245438,-0.8808,0.0287,1.4999
67.85934434,-0.5642,0.1601,1.0916
67.86923226,-0.3395,0.2446,0.9142
67.87936276,-0.1589,0.3402,0.7465
67.88912853,-0.027,0.3413,0.7565
67.89889476,-0.0566,0.4737,0.7837
67.90928218,-0.1874,0.5051,0.8752
67.91970868,-0.2,0.5553,0.9787
67.9310978,-0.1917,0.5722,0.9237
67.9396443,-0.1323,0.5166,0.7886
67.9521648,-0.0613,0.3733,0.5033
67.96110995,0.0038,0.2452,0.3281
67.98243884,0.1153,0.0375,0.0486
67.98991557,0.1533,-0.0138,-0.0889
67.99952353,0.0972,-0.0658,-0.1512
68.01118218,0.0948,-0.1022,-0.1903
68.02103572,0.08,-0.1725,-0.1278
68.03035284,0.0093,-0.077,-0.0983
68.03995257,0.0596,-0.0167,0.0407
68.05027811,-0.0898,0.066,-0.1137
68.06453341,-0.0275,0.2296,-0.0437
68.08503761,1.3641,0.1959,0.345
68.09139876,1.8928,-0.5459,0.2713
68.10080372,1.4831,-0.8083,-0.0107
68.11243753,-0.2713,-0.3023,1.5351
68.1207298,-0.6897,0.0406,2.6009
68.13077964,-0.7639,1.024,3.1724
68.14520311,-1.4518,1.4766,3.444
68.16545464,-1.1102,0.9814,2.9981
68.17076345,-0.6665,0.9056,2.4641
68.18417988,-0.3433,0.5111,1.801
68.2004963,-0.2816,0.0678,1.1693
68.21089549,-0.334,-0.12,1.2418
68.22050268,-0.5278,-0.2812,1.2857
68.23584372,-0.6222,-0.3426,1.4213
68.24416076,-0.64,-0.424,1.4635
68.25260738,-0.6444,-0.4843,1.5996
68.26081414,-0.6247,-0.4385,1.5178
68.27080653,-0.5673,-0.345,1.3624
68.28071811,-0.4908,-0.2077,1.0925
68.29135338,-0.3272,-0.101,0.7731
68.30079914,-0.1897,-0.0845,0.6255
68.31092134,-0.0118,-0.0607,0.5334
68.32055076,0.206,-0.0293,0.4551
68.33086768,0.3353,0.0158,0.2748
68.34076207,0.3903,0.0344,0.0261
68.35079472,0.4404,0.0184,-0.2058
68.36074653,0.3608,-0.0327,-0.3142
68.37073888,0.3571,-0.119,-0.5019
68.38208957,0.2851,-0.1743,-0.7049
68.39153157,0.0661,-0.1739,-0.8201
68.40080391,-0.2913,-0.0461,-0.3555
68.41066795,-0.0073,-0.1727,-0.3233
68.42066434,0.1038,-0.245,-0.0412
68.43083645,0.769,-0.2079,0.5254
68.4408063,1.465,0.0054,0.8922
68.45081138,1.8405,0.6692,0.9336
68.46077184,1.7547,0.7572,0.6049
68.47078361,0.2095,0.6837,1.0731
68.48431468,-1.7314,0.1576,2.5256
68.50055464,-1.9523,-0.4843,3.9995
68.51081572,-1.7197,-0.5177,3.9995
68.52087057,-1.3397,-0.709,2.6929
68.5307693,-1.3189,-0.3522,2.6929
68.82358834,-0.5725,-0.3215,0.9557
68.82609764,-0.5725,-0.3215,0.4632
68.83122172,-0.1186,0.0035,0.5761
68.83242168,-0.2248,0.1717,0.8934
68.8403533,-0.3158,0.2799,1.2132
68.84186495,-0.4368,0.3772,1.4509
68.84432314,-0.5058,0.4222,1.6059
68.84539899,0.4038,-0.374,-0.8447
68.84700484,0.6296,-0.1323,-0.1443
68.84811368,1.0585,-0.4642,0.4118
68.84924868,1.8803,0.1827,0.296
68.85169545,2.3014,0.6213,0.3298
68.85334495,1.4903,0.4967,0.4312
68.85478545,0.47,0.1873,0.6786
68.85594068,-2.3092,-0.374,2.1775
68.85830237,-2.8176,-0.3222,3.6674
68.86029164,-2.4179,-0.7934,3.9995
68.86321034,-1.9999,-0.685,3.8525
68.8712298,-1.646,-0.7073,2.6367
68.88104857,-1.0041,-0.6601,1.9419
68.89120218,-0.643,-0.4751,1.1084
68.90122514,-0.2135,-0.3596,0.7091
68.91143441,-0.0728,-0.1386,0.3566
68.92177807,0.0059,0.0335,0.6718
68.93146318,-0.1785,0.1747,0.8585
68.94129403,-0.192,0.266,1.1773
68.95214849,-0.3453,0.3517,1.3386
68.96246591,-0.5018,0.419,1.5401
68.97135741,-0.5317,0.3867,1.455
68.98127891,-0.5344,0.3931,1.4062
68.9912778,-0.3079,0.3397,1.1413
69.00119841,-0.0978,0.2982,0.8387
69.01133868,0.0211,0.2248,0.5468
69.02105472,0.1388,0.139,0.3314
69.03122637,0.2345,0.0512,0.1564
69.04114161,0.4945,0.0073,-0.2263
69.05140299,0.5148,0.0533,-0.2852
69.06183049,0.514,0.065,-0.6607
69.07186403,0.4154,0.0998,-0.7657
69.08097295,0.3742,0.1724,-0.8258
69.09097561,0.6601,0.3728,-0.2017
69.10100476,0.6591,-0.0461,0.4567
69.11103991,1.418,-0.4137,0.2668
69.12111391,1.4127,-0.8124,0.2632
69.13107487,0.98,-0.856,0.0321
69.14103264,0.2591,-0.7169,0.693
69.15135399,-0.9728,-0.2835,1.4997
69.16115495,-1.7458,0.2784,3.8133
69.17123141,-1.324,0.896,3.9995
69.18142037,-1.6023,0.6518,3.6375
69.19148164,-1.1834,0.4075,2.9572
69.20098103,-0.4903,0.2055,2.0312
69.21108107,-0.5802,0.8043,1.8213
69.22169561,-0.197,0.6179,1.3376
69.23143514,-0.0961,0.384,1.244
69.24106614,-0.3204,0.2171,1.045
69.25103091,-0.3955,0.0349,1.0985
69.26105172,-0.4573,-0.1156,1.137
69.2712088,-0.6165,-0.1691,1.273
69.28095757,-0.6307,-0.2229,1.3101
69.29105945,-0.6467,-0.2058,1.3349
69.30107257,-0.6756,-0.1311,1.2753
69.31105334,-0.6425,-0.0457,1.1592
69.32097253,-0.5063,0.0083,0.9692
69.33159126,-0.3103,0.0198,0.7597
69.34301703,-0.113,-0.0479,0.6021
69.35205607,0.0155,-0.1633,0.463
69.3620388,0.1524,-0.2792,0.3485
69.37198757,0.2585,-0.3562,0.2564
69.38555445,0.3398,-0.3881,-0.0558
69.39563007,0.3711,-0.3823,-0.1695
69.40100534,0.3643,-0.3407,-0.2315
69.41105307,0.3754,-0.3464,-0.492
69.42108941,0.2505,-0.2231,-0.5923
69.43150895,0.2133,-0.1316,-0.6561
69.4420003,0.4233,-0.5088,-0.6944
69.45160337,0.7437,-0.4893,0.2307
69.46200018,1.4814,-0.0228,0.4194
69.47196161,1.9306,0.5038,0.5321
69.48125141,1.5978,0.8363,0.2847
69.49131291,0.804,0.8801,0.4572
69.50152176,-0.7938,0.3248,1.3504
69.5114878,-2.2696,-0.2502,2.5662
69.52200576,-2.468,-0.9776,3.9995
69.53189214,-2.0915,-0.8443,3.9995
69.54180753,-1.8981,-0.7341,3.6505
69.55146307,-0.9099,-0.6916,2.37
69.56109622,-0.83,-0.599,2.1093
69.57094245,-0.1914,-0.4218,1.0702
69.58135799,-0.1904,-0.3726,0.74
69.5914838,-0.374,-0.1179,0.4025
69.60145653,-0.1439,0.1075,0.7102
69.87134191,-0.1854,0.2553,0.9565
69.87268334,-0.3462,0.3546,1.2454
69.87362237,-0.4573,0.4164,1.4705
69.87451145,-0.5355,0.4266,1.4705
69.87542768,-0.4617,0.3772,1.2679
69.87612576,0.5613,-0.1544,0.449
69.8770168,1.4446,-0.2634,0.3507
69.87828341,1.8963,0.3236,0.4427
69.87965187,1.2868,0.4285,0.1952
69.8807983,0.5909,0.3342,0.2673
69.88217622,-0.4084,-0.0188,0.9052
69.88346441,-1.809,-0.4437,2.3408
69.89004445,-2.4013,-0.7415,3.9078
69.89834022,-1.9367,-0.6381,3.9995
69.90672495,-1.8073,-0.6174,3.8732
69.91616249,-0.7523,-0.6117,2.4671
69.9262243,-0.8542,-0.4667,1.6478
69.93480322,-0.3402,-0.6269,1.3608
69.94476603,-0.4383,-0.4225,0.6069
69.95486107,-0.157,-0.221,0.7443
69.96481276,-0.1791,0.007,0.8289
69.97508441,-0.3137,0.1818,1.0991
69.9848638,-0.4367,0.2321,1.3337
69.99495457,-0.5788,0.3055,1.5313
70.00482741,-0.6426,0.3062,1.5932
70.01490957,-0.688,0.2645,1.55
70.02501007,-0.4143,0.1152,1.203
70.03648218,-0.7685,0.2333,1.2576
70.04475045,-0.4325,0.0161,0.9962
70.05585126,-0.2525,-0.0528,0.7235
70.06472437,-0.1121,-0.0848,0.4422
70.07460884,-0.0397,-0.0749,0.2985
70.08471507,0.0873,-0.0568,0.1543
70.09635641,0.3615,0.0329,-0.0298
70.10508734,0.3615,0.0329,-0.0298
70.11485722,0.4977,0.1018,-0.1393
70.12481503,0.5755,0.1755,-0.2613
70.13489253,0.5277,0.2592,-0.3443
70.14500299,0.5116,0.3224,-0.4577
70.15501757,0.386,0.3687,-0.5472
70.16551607,0.468,0.2209,0.2687
70.17529434,0.9466,0.1112,0.2568
70.18515207,1.1587,-0.1532,0.3734
70.19572641,1.243,-0.418,0.4107
70.2053446,1.0046,-0.4827,-0.0355
70.21515853,0.1557,-0.5002,0.8025
70.22483564,-1.8869,-0.4406,2.7616
70.2353536,-1.9028,0.3615,3.9995
70.24534718,-1.5454,0.6591,3.9995
70.25526384,-1.356,0.2729,3.2057
70.26521637,-0.7224,0.2779,2.1575
70.27499191,-0.4652,0.5438,1.7578
70.28461284,-0.1964,0.4824,1.1275
70.29501457,-0.0608,0.3892,1.0476
70.3051518,-0.1793,0.3242,0.8291
70.31491484,-0.1517,0.1819,0.9172
70.32482141,-0.3242,0.1051,1.1377
70.33542176,-0.444,0.0266,1.2934
70.34483491,-0.5417,-0.0227,1.4454
70.35486634,-0.675,-0.05,1.5189
70.36486468,-0.7466,-0.052,1.5829
70.37490249,-0.7216,-0.027,1.5433
70.3848703,-0.6308,-0.0199,1.3654
70.39506953,-0.4878,-0.0406,1.0878
70.40473434,-0.3611,-0.0794,0.8242
70.41472945,-0.2442,-0.146,0.6484
70.42484134,-0.1466,-0.2615,0.4754
70.43486591,-0.0974,-0.3464,0.1948
70.44544403,0.042,-0.363,0.1688
70.45508968,0.1664,-0.332,0.0368
70.46509468,0.318,-0.3297,-0.0371
70.47508534,0.4365,-0.2963,-0.1302
70.4850728,0.4608,-0.2014,-0.3487
70.49514184,0.34,-0.2139,-0.471
70.50514137,0.4467,-0.3701,-0.7091
70.51515964,0.3285,-0.3365,-0.8359
70.52513945,0.151,-0.4198,-0.3991
70.53552949,0.8642,-0.3281,0.146
70.54540757,1.3874,-0.0683,0.1278
70.55508099,1.8305,0.377,0.279
70.56485587,1.8408,0.703,0.3139
70.57630041,0.838,0.709,0.3067
70.58686314,-0.7311,0.5104,0.8188
70.59994687,-2.3524,-0.1285,2.2983
70.6098888,-2.5752,-0.7277,3.9995
70.61970453,-2.0034,-0.6444,3.9995
70.62987533,-1.847,-0.563,3.7987
70.63690099,-1.3036,-0.6458,2.4719
70.64779676,-1.0283,-0.6181,2.2763
70.65776907,-0.608,-0.4645,1.5428
70.95007341,-0.1859,-0.4705,0.7903
70.95096503,-0.323,-0.2301,0.6385
70.95161153,-0.3282,-0.0123,0.7859
70.95228453,-0.3872,0.109,1.0168
70.95441376,-0.4134,0.2375,1.2352
70.95527276,-0.3663,0.295,1.2875
70.95606714,-0.3615,-0.5948,0.9164
70.95676737,-0.4026,-0.4578,0.6477
70.95745333,-0.2763,-0.2073,0.5912
70.95843253,-0.1396,-0.0464,0.8526
70.95912353,-0.1666,0.0952,1.0455
70.95987926,-0.2735,0.2129,1.2046
70.9606916,-0.4055,0.2863,1.3761
70.96164349,-0.3952,0.2937,1.3288
70.96360264,-0.5122,0.4318,1.3157
70.97396107,-0.2745,0.4262,1.0751
70.98344564,-0.0988,0.4121,0.8389
70.9955483,0.0734,0.4121,0.6153
71.00360499,0.2209,0.4297,0.398
71.0131658,0.3149,0.4208,0.2303
71.02497364,0.3822,0.3987,0.0315
71.03340603,0.4312,0.3318,-0.1345
71.04646645,0.5135,0.277,-0.2641
71.05413333,0.4972,0.2265,-0.272
71.06382533,0.4495,0.1765,-0.4355
71.07389514,0.3501,0.1549,-0.5194
71.08464087,0.4007,0.2008,-0.3693
71.09541007,0.3352,0.091,0.1085
71.10466483,0.8093,-0.0401,0.0745
71.11558514,1.0018,-0.333,0.0992
71.1315121,1.122,-0.5758,0.0327
71.13536583,0.9797,-0.8392,-0.1308
71.14354133,0.4578,-0.7929,0.1545
71.15378333,0.3441,-0.4311,1.0746
71.16335872,-0.8359,0.0987,2.5055
71.17352418,-2.3769,0.6265,3.9995
71.18370337,-1.5921,0.5965,3.5165
71.19382287,-1.4657,0.2166,3.5165
71.2035413,-0.8448,0.0904,2.1262
71.21338276,-0.2797,0.5637,1.5548
71.22383083,-0.0844,0.5261,1.4026
71.23518122,-0.1215,0.3766,1.1427
71.24507487,-0.1848,0.2006,1.1396
71.25540826,-0.5033,0.0253,1.2339
71.26604722,-0.5309,-0.0248,1.3486
71.27797603,-0.6437,-0.102,1.4729
71.2860358,-0.7616,-0.16,1.5371
71.2951996,-0.7393,-0.1434,1.5676
71.30512333,-0.6372,-0.1123,1.4602
71.31544795,-0.4399,-0.0928,1.1986
71.32608272,-0.2784,-0.1211,0.9914
71.3350593,-0.1797,-0.2371,0.7187
71.34778307,-0.1151,-0.3534,0.4104
71.35997691,-0.0699,-0.419,0.2656
71.36939557,0.0425,-0.4459,0.1286
71.3785431,0.1648,-0.4033,-0.0387
71.3870651,0.2675,-0.3886,-0.1303
71.3952451,0.3748,-0.3707,-0.2724
71.40518014,0.3882,-0.3386,-0.4757
71.41529107,0.4714,-0.2576,-0.6483
71.4259636,0.452,-0.1738,-0.7277
71.43505568,0.2195,0.1237,-0.3456
71.44554522,0.8104,-0.3957,-0.0316
71.45507822,1.0214,-0.1237,0.1191
71.46707714,1.3993,0.173,0.1942
71.47642749,1.5302,0.4179,0.3865
71.48632318,1.0669,0.4521,0.3227
71.49506468,0.4237,0.4722,0.4312
71.50502353,-0.2526,0.0307,0.6722
71.51450633,-1.5151,-0.4066,1.7916
71.52918718,-2.7963,-0.7824,3.9995
71.54518003,-1.9025,-0.4845,3.8712
71.55525168,-0.98,-0.4967,2.7227
71.56482991,-0.9563,-0.3447,2.264
71.57354664,-0.4858,-0.489,1.4211
71.5837688,-0.246,-0.5023,0.9709
71.59346864,-0.1612,-0.3406,0.6633
71.6049951,-0.2173,-0.2709,0.7352
71.61476391,-0.4101,-0.1129,0.848
71.62393683,-0.3916,-0.0474,1.1274
71.63587868,-0.4476,0.0712,1.2765
71.64403649,-0.5128,0.1779,1.3951
71.65593222,-0.489,0.2386,1.3784
71.66413295,-0.3916,0.2466,1.2302
71.67802764,-0.1918,0.2723,0.928
71.68845507,-0.2381,0.4091,0.8049
71.7046256,0.0674,0.407,0.3288
71.71825433,0.1924,0.3269,0.141
71.72850622,0.3254,0.1818,-0.1461
71.73816976,0.446,0.0439,-0.1879
71.7547201,0.5654,0.0138,-0.3582
71.76866199,0.43,0.1109,-0.5784
71.7850271,0.1307,0.2808,-0.4703
71.79483318,-0.1775,0.1753,-0.1987
71.80831291,0.7499,0.4549,0.2626
71.81953937,1.1633,0.4139,0.5413
71.83823145,1.7304,-0.4402,0.2933
71.84600068,0.8564,-1.4132,0.5901
71.85536583,-0.2861,-0.9116,1.0842
71.86611595,-2.9719,-0.1104,3.703
71.87441933,-2.9719,-0.1104,3.703
71.88583656,-1.9377,0.2011,3.9143
71.89467526,-1.3856,0.1074,2.672
71.9053011,-0.9555,0.524,1.7959
71.91951199,-0.3729,0.5673,1.7022
71.93579206,0.1407,0.8028,0.9836
71.94437072,-0.0282,0.6971,1.0039
71.95484176,-0.0735,0.5238,1.0359
71.96649483,-0.2012,0.3231,1.1201
71.97481006,-0.3911,0.1511,1.2571
71.98919464,-0.5148,-0.0914,1.3136
71.99911014,-0.5647,-0.2628,1.3849
72.01844153,-0.5818,-0.4944,1.2703
72.02468206,-0.6103,-0.6259,1.0607
72.03482618,-0.5405,-0.6501,0.8397
72.04790503,-0.4636,-0.6418,0.6842
72.06613199,-0.0831,-0.4311,0.415
72.07873656,0.1175,-0.3316,0.3516
72.08885045,0.2231,-0.2582,0.1899
72.10445387,0.3296,-0.1038,-0.2593
72.11893206,0.3221,-0.025,-0.427
72.1283616,0.4137,-0.0032,-0.6904
72.1374246,0.2182,0.2262,-0.7145
72.14618314,0.6236,-0.1737,-0.8023
72.15962841,0.7718,-0.1923,-0.0305
72.16896772,1.1864,-0.0715,0.5206
72.18492706,1.5469,0.6089,0.2614
72.19508114,0.9033,0.5942,0.1612
72.20917887,0.3964,0.6551,0.3331
72.22491849,-2.7829,-0.7952,3.0917
72.23515087,-2.2332,-0.9666,3.9995
72.24979691,-2.321,-0.8419,3.9995
72.25746237,-1.3431,-0.8293,3.4568
72.2675746,-1.5213,-0.6147,2.1862
72.27589868,-0.6541,-0.8534,1.4963
72.28513222,-0.2428,-0.6992,0.8258
72.29501422,-0.1923,-0.4059,0.2547
72.30499487,0.0076,-0.1797,0.2235
72.31552841,0.0472,0.0109,0.3584
72.3255236,-0.0871,0.1945,0.6166
72.33533726,-0.2316,0.3007,0.9298
72.34598399,-0.4947,0.4195,1.1117
72.35524737,-0.5909,0.4725,1.364
72.36980133,-0.5041,0.4906,1.3273
72.38497268,-0.0679,0.376,0.8172
72.39917133,-0.124,0.4472,0.7356
72.41609653,0.0983,0.2349,0.3236
72.42507618,0.106,0.0943,0.2461
72.43939745,0.1173,0.0107,0.0601
72.44769976,0.1422,-0.0061,-0.0825
72.4582143,0.1582,0.0158,-0.241
72.46772333,0.1921,0.057,-0.2758
72.47634749,0.1921,0.1069,-0.2758
72.4869791,0.7385,0.2008,-0.06
72.50018837,0.9161,0.1819,0.0623
72.50954545,0.9161,-0.1892,0.0508
72.5254396,1.3464,-0.4433,0.1737
72.53580587,0.8087,-0.5399,0.1737
72.8260346,0.843,-0.776,-0.4396
72.8279401,0.456,-0.6004,0.8791
72.83069376,-2.5572,0.5675,3.9995
72.83667749,-1.7435,0.3651,3.9995
72.83857883,-1.4238,0.0105,3.4192
72.84052926,-0.7992,0.2632,2.4459
72.85873929,-0.458,-0.2443,0.6472
72.85979429,-0.54,-0.3144,0.7283
72.86076522,-0.5597,-0.3183,0.7917
72.87113829,-0.5531,-0.2976,0.824
72.87218299,-0.5057,-0.2731,0.8343
72.87320291,-0.4335,-0.2272,0.8492
72.87437914,-0.3549,-0.1727,0.8883
72.87553529,-0.3071,-0.1107,0.9524
72.88983437,-0.2924,-0.0511,1.0688
72.89121741,-0.2951,0.0004,1.1735
72.89228306,-0.3285,0.0347,1.2701
72.89332368,-0.411,0.0584,1.3459
72.89492179,-0.5547,0.0479,1.3819
72.8988376,-0.7396,-0.0137,1.3918
72.90891076,-0.9041,-0.0958,1.368
72.91890641,-0.9824,-0.1504,1.293
72.92880514,-0.9629,-0.1609,1.1677
72.93887291,-0.8578,-0.1361,1.0245
72.94883845,-0.703,-0.1075,0.9414
72.95909003,-0.3391,-0.1164,0.9186
72.96883406,-0.0864,-0.1171,1.0179
72.97921491,-0.0655,-0.1676,1.3669
72.98894641,-0.0751,-0.2106,1.9271
72.99923068,-0.2064,-0.1642,1.9542
73.00914583,-0.2508,-0.14,1.7622
73.01903091,-0.1692,-0.1346,1.4919
73.02898426,-0.0248,-0.1196,1.1702
73.03946595,0.1357,-0.0787,0.8868
73.04901414,0.254,-0.0055,0.6826
73.0589416,0.301,0.0999,0.5188
73.0686121,0.2747,0.1904,0.4753
73.07901883,0.1277,0.2198,0.5654
73.08897364,-0.0461,0.2086,0.7197
73.09925187,-0.1845,0.1742,0.8581
73.10880172,-0.2779,0.1173,0.9645
73.11941937,-0.3296,0.0513,1.0493
73.12889045,-0.3597,-0.01,1.0973
73.13936445,-0.3445,-0.0611,1.0836
73.14873829,-0.3263,-0.1007,1.0593
73.15907891,-0.2889,-0.1323,1.001
73.16941029,-0.2597,-0.1556,0.9246
73.17927987,-0.2253,-0.1653,0.8336
73.18872426,-0.2031,-0.1692,0.739
73.20582483,-0.1879,-0.172,0.6395
73.2112266,-0.1695,-0.1671,0.5538
73.21937056,-0.1416,-0.16,0.4773
73.2292956,-0.1294,-0.1579,0.4202
73.2394086,-0.1349,-0.1441,0.3954
73.25016672,-0.156,-0.1257,0.4066
73.2592891,-0.1937,-0.0949,0.4565
73.26898883,-0.2316,-0.0451,0.5399
73.27913503,-0.2918,0.0473,0.6403
73.28908614,-0.3544,0.1422,0.7273
73.2991186,-0.3919,0.191,0.7752
73.30906264,-0.4184,0.2003,0.801
73.31941141,-0.444,0.1826,0.8356
73.32901783,-0.47,0.1517,0.8811
73.33922603,-0.462,0.1285,0.9512
73.3490411,-0.4306,0.1208,1.0225
73.35961406,-0.3679,0.1211,1.0914
73.36980241,-0.2945,0.1201,1.1102
73.37929856,-0.2218,0.1168,1.0742
73.38903145,-0.2055,0.1402,1.0365
73.39904141,-0.2584,0.1747,1.0269
73.40921033,-0.3805,0.2136,1.0577
73.41926622,-0.5441,0.2125,1.0953
73.42936745,-0.7074,0.1684,1.1405
73.43927076,-0.8139,0.1054,1.1855
73.44978576,-0.858,0.0512,1.1828
73.45904383,-0.8244,0.0125,1.1669
73.46895537,-0.6974,-0.0206,1.214
73.47899722,-0.4812,-0.001,1.3454
73.49114791,-0.2713,0.0222,1.4542
73.49979779,-0.234,-0.0195,1.5882
73.51042076,-0.2574,-0.0567,1.7845
73.51987906,-0.2772,-0.0919,1.7823
73.53063056,-0.2399,-0.0966,1.6482
73.5399151,-0.1554,-0.101,1.4559
73.55075029,-0.0666,-0.1171,1.2347
73.55971122,0.0263,-0.1415,0.9985
73.56993226,0.1151,-0.1775,0.7927
73.57968945,0.1748,-0.2171,0.6087
73.58997749,0.1802,-0.2791,0.4667
73.60376687,-0.0787,-0.3365,0.4306
73.61115999,-0.2359,-0.3647,0.592
73.62048364,-0.2359,-0.3259,0.592
73.63491726,-0.3843,-0.0978,0.9269
73.64408156,-0.4659,-0.0013,1.0483
73.65481068,-0.4572,0.1107,1.1512
73.66413726,-0.4054,0.1474,1.1618
73.6712811,-0.3498,0.1598,1.1491
73.67995383,-0.2664,0.1524,1.0732
73.69043872,-0.2951,0.1507,1.0384
73.70065653,-0.2094,0.1573,0.929
73.71476564,-0.1517,0.1616,0.8218
73.73040972,-0.1063,0.1269,0.5977
73.74136337,-0.0944,0.0749,0.495
73.75241045,-0.0969,0.0462,0.4223
73.76046979,-0.1094,-0.0192,0.3509
73.77440953,-0.1544,-0.0822,0.3281
73.7818801,-0.2498,-0.1474,0.3604
73.79580791,-0.3536,-0.2038,0.457
73.80544326,-0.4428,-0.2425,0.5793
73.81569679,-0.5124,-0.2503,0.6734
73.82330968,-0.5398,-0.2454,0.7696
73.84423095,-0.505,-0.2096,0.8606
73.85487041,-0.4452,-0.1786,0.8839
73.87084518,-0.3343,-0.0867,0.9664
73.8858476,-0.3147,-0.0254,1.0858
73.90294626,-0.4035,-0.0311,1.3383
73.92056864,-0.5904,-0.0667,1.3979
73.93082795,-0.6988,-0.1118,1.3178
73.94093791,-0.8091,-0.1684,1.2307
73.9531701,-0.897,-0.206,1.1517
73.9659751,-0.9304,-0.2033,1.0594
73.98080872,-0.868,-0.0834,0.9115
73.99096206,-0.7378,-0.0315,0.917
74.00592399,-0.4018,-0.0064,0.9632
74.01426641,-0.0603,-0.0275,1.0552
74.02539195,-0.0564,-0.0413,1.2783
74.04062526,-0.14,-0.0792,1.8117
74.05095591,-0.2196,-0.1217,1.892
74.06434864,-0.248,-0.2323,1.7384
74.0723851,-0.1377,-0.2761,1.4801
74.08088702,0.0103,-0.2555,1.2027
74.09311064,0.1522,-0.2041,0.9485
74.10226849,0.2375,-0.114,0.7125
74.11144941,0.2579,-0.004,0.5343
74.12090356,0.2002,0.1069,0.4523
74.12939295,0.0859,0.1941,0.4799
74.13953079,-0.0397,0.2271,0.6028
74.14922949,-0.1576,0.2091,0.7339
74.15939014,-0.2581,0.1411,0.8435
74.1706856,-0.3485,0.0504,0.961
74.17968291,-0.395,-0.0252,1.0748
74.19328845,-0.3819,-0.0569,1.1216
74.20146326,-0.36,-0.091,1.1012
74.21918587,-0.306,-0.165,1.045
74.23150537,-0.2827,-0.1892,0.9644
74.24148826,-0.2624,-0.1959,0.875
74.25093179,-0.2392,-0.193,0.7633
74.26115014,-0.2099,-0.1757,0.6734
74.54419406,-0.1758,-0.1529,0.581
74.54533579,-0.1424,-0.1358,0.532
74.54650079,-0.1926,-0.1215,0.4884
74.54752364,-0.2041,-0.0928,0.5123
74.54872933,-0.2398,-0.0424,0.5477
74.55210972,-0.2896,0.0453,0.6769
74.55313518,0.2187,0.6837,0.5486
74.55419641,0.4313,0.7051,0.7835
74.55498802,0.3882,0.7142,1.0249
74.5610861,0.2044,0.6376,1.1629
74.56231533,0.1724,0.5403,1.1716
74.56678995,0.3985,0.5554,0.9074
74.59925568,0.3985,0.5554,0.9074
74.60903283,0.3961,0.5876,0.6918
74.61158606,0.3314,0.6249,0.621
74.61284252,0.2376,0.6606,0.6595
74.61396991,0.1008,0.7997,0.9236
74.61474833,0.1008,0.7997,0.9236
74.61608706,0.07,0.8288,0.9045
74.62069533,0.0523,0.8162,0.8702
74.63052602,0.0696,0.7747,0.7654
74.64100479,0.12,0.7473,0.7734
74.65076918,0.1868,0.6733,0.631
74.66173522,0.237,0.6453,0.5921
74.67053749,0.2202,0.6268,0.6308
74.68066568,0.1796,0.5852,0.6279
74.69086199,0.092,0.5774,0.6722
74.70104722,0.0515,0.5773,0.6809
74.71081302,0.0357,0.583,0.6742
74.72028222,-0.0061,0.5332,0.6976
74.7305601,-0.0039,0.5145,0.7374
74.7438586,0.0763,0.5943,0.8014
74.75168622,0.0533,0.5937,0.8455
74.76090426,0.0182,0.5487,0.8508
74.77481641,-0.0062,0.4897,0.8692
74.78060187,0.0083,0.4768,0.9082
74.79089814,0.0187,0.573,0.9092
74.80059799,0.0252,0.5761,0.8196
74.81043183,-0.0109,0.4896,0.8275
74.82060395,-0.02,0.4615,0.8513
74.83067564,0.0122,0.4796,0.8139
74.84123483,-0.0048,0.5209,0.792
74.8518631,-0.0409,0.513,0.7975
74.86179772,-0.0734,0.5007,0.7918
74.87426229,-0.0509,0.5392,0.7112
74.88071295,-0.0602,0.5512,0.6853
74.89140929,-0.1708,0.4961,0.924
74.90055783,-0.2331,0.4749,1.0559
74.91045922,-0.2073,0.4241,1.0964
74.92044133,-0.1279,0.3794,1.1083
74.93050618,-0.0558,0.3321,1.0361
74.9434791,-0.0705,0.2999,1.1073
74.9508496,0.0173,0.3165,1.0521
74.96031818,-0.0191,0.3429,1.0566
74.97056733,-0.0776,0.3982,1.0754
74.9807416,-0.1074,0.4018,1.0675
74.99166683,-0.1041,0.3799,1.0626
75.00039479,-0.0387,0.3925,1.0323
75.01328837,0.0369,0.4187,0.9914
75.02058133,0.0667,0.436,0.9457
75.03113856,0.0522,0.4041,0.916
75.04103891,0.0325,0.3545,0.8518
75.05050668,0.0217,0.36,0.7509
75.06097552,0.0277,0.4194,0.7093
75.07094949,0.0311,0.4539,0.7286
75.08099349,0.0188,0.4409,0.7716
75.09139637,0.0104,0.4244,0.7974
75.10088629,0.0172,0.4266,0.8354
75.11093179,0.0114,0.4277,0.8931
75.12087845,-0.011,0.4189,0.9367
75.13126622,-0.0347,0.4066,0.9635
75.14279033,-0.0577,0.4023,0.9742
75.15069556,-0.0621,0.4141,0.9762
75.16070456,-0.063,0.4153,0.9483
75.17205841,-0.0651,0.3941,0.9102
75.18082168,-0.0739,0.3354,0.7901
75.1916371,-0.071,0.3174,0.7712
75.20053175,-0.0514,0.323,0.8493
75.21179722,0.0059,0.315,0.9197
75.2204201,0.0402,0.2833,0.9664
75.23099606,0.0155,0.2597,1.0406
75.24093229,0.0834,0.3696,1.0503
75.25064614,0.1016,0.4031,1.0307
75.26277633,0.0697,0.3706,1.0084
75.27459172,0.0291,0.3707,1.0512
75.28234441,0.0291,0.3707,1.0512
75.29154029,0.0481,0.3946,1.0732
75.30038014,0.076,0.3898,1.0677
75.31125114,0.0848,0.354,1.0833
75.32060795,0.0807,0.3296,1.0889
75.33076199,0.0597,0.3527,1.1166
75.34102145,0.0419,0.4095,1.1186
75.35086556,0.0313,0.4424,1.0764
75.36536014,0.0274,0.4313,1.021
75.37066687,-0.005,0.4001,0.972
75.38131399,-0.0253,0.4013,0.9528
75.39112629,-0.0297,0.415,0.937
75.40041141,-0.014,0.4234,0.9241
75.41106191,-0.0469,0.3663,0.8596
75.42028156,-0.0144,0.3738,0.7876
75.43059433,0.029,0.406,0.7368
75.44067464,0.0597,0.4335,0.7512
75.45060368,0.0684,0.4329,0.7886
75.46153072,0.0717,0.4275,0.8118
75.47057456,0.0592,0.4325,0.8388
75.48041068,0.0272,0.4583,0.8532
75.49055183,-0.0169,0.4758,0.8367
75.50035191,-0.0669,0.472,0.8302
75.51128214,-0.1085,0.4533,0.8608
75.52039049,-0.0515,0.5159,0.9418
75.53066175,-0.0826,0.4553,1.0522
75.54036441,-0.1507,0.385,1.0666
75.55042799,-0.1204,0.3876,1.0136
75.56237222,-0.0694,0.388,0.9275
75.5709726,-0.0068,0.3531,0.9019
75.58128241,0.091,0.4194,0.8597
75.59183833,0.086,0.3815,0.8408
75.60102156,0.1301,0.4267,0.8183
75.6107781,0.1306,0.4663,0.7565
75.62385637,0.0374,0.4893,0.774
75.63107452,-0.0792,0.4777,0.8308
75.64220049,-0.112,0.4319,0.8598
75.65109864,-0.1484,0.438,0.8909
75.66140183,-0.2092,0.4802,0.9496
75.67085322,-0.1686,0.5151,0.996
75.68072987,-0.2154,0.4665,0.9947
75.69046202,-0.1113,0.4643,0.9987
75.70077891,-0.0038,0.4632,0.8906
75.71064622,0.016,0.4613,0.8088
75.72053022,-0.0305,0.4575,0.8082
75.73181914,-0.0679,0.444,0.8343
75.74127806,-0.0815,0.424,0.8571
75.75089356,-0.0627,0.4428,0.8926
75.76077491,-0.0528,0.4389,0.9281
75.77100725,-0.0599,0.4299,0.9617
75.78052806,-0.0619,0.4437,0.9894
75.79103752,-0.0677,0.4358,1.0095
75.80038618,-0.073,0.4196,0.997
75.81044525,-0.0985,0.3886,0.992
75.82055902,-0.0921,0.4031,0.9747
75.83067245,-0.0807,0.4236,0.908
75.84062299,-0.0743,0.4347,0.8553
75.85073587,-0.0691,0.4399,0.8
75.86083272,-0.0695,0.4415,0.7609
75.87072072,-0.0854,0.4517,0.7818
75.88046502,-0.0992,0.4669,0.8647
75.89317775,-0.1047,0.4726,0.9538
75.90081041,-0.1113,0.4661,1.0064
75.91122895,-0.1219,0.4622,1.007
75.92131106,-0.1168,0.4479,0.9754
75.93088252,-0.098,0.431,0.9434
75.94143322,-0.075,0.423,0.9109
75.95101902,-0.0541,0.4264,0.8784
75.96082025,-0.0533,0.4279,0.8724
75.97220633,-0.0586,0.4399,0.9138
75.98114695,-0.0666,0.4556,0.9585
75.99080445,-0.0823,0.4632,0.9841
76.00111937,-0.1021,0.4633,0.9887
76.01127529,-0.1103,0.4617,0.9684
76.02340587,-0.1086,0.4517,0.9491
76.03097987,-0.1053,0.4413,0.9384
76.04109975,-0.093,0.4365,0.9346
76.05083287,-0.0799,0.4327,0.9268
76.06055179,-0.0778,0.4302,0.9147
76.07190025,-0.0869,0.4306,0.9078
76.08070941,-0.1027,0.4345,0.9188
76.0919576,-0.1175,0.4421,0.9345
76.10079556,-0.1336,0.4465,0.9484
76.11168187,-0.1446,0.4352,0.9473
76.12419068,-0.1357,0.4195,0.9353
76.13105764,-0.1138,0.4189,0.9292
76.14079079,-0.0952,0.4296,0.9234
76.15096683,-0.0943,0.4356,0.9119
76.16111256,-0.1077,0.4374,0.9064
76.17352918,-0.1193,0.4365,0.9017
76.18123606,-0.1325,0.4297,0.8962
76.19125448,-0.1416,0.3971,0.8999
76.20103291,-0.1253,0.3893,0.905
76.21112414,-0.1167,0.3958,0.9203
76.22101329,-0.1255,0.4023,0.938
76.23138325,-0.1338,0.4152,0.9375
76.24358822,-0.1371,0.419,0.9234
76.25103295,-0.1361,0.4143,0.8997
76.26117756,-0.1281,0.4174,0.8921
76.27109798,-0.1101,0.4194,0.895
76.28176818,-0.104,0.4174,0.8973
76.29149498,-0.1176,0.4295,0.8937
76.30185914,-0.143,0.4404,0.873
76.31109541,-0.168,0.42,0.8611
76.32113675,-0.1743,0.4297,0.8697
76.33133591,-0.172,0.4106,0.8689
76.34201079,-0.1748,0.4007,0.8801
76.35117856,-0.1551,0.3721,0.9168
76.3610756,-0.1341,0.3264,0.9168
76.37174833,-0.0453,0.3781,0.9314
76.38110837,0.0232,0.4139,0.924
76.39198898,0.0448,0.4378,0.906
76.40125018,0.0101,0.4542,0.8816
76.41136268,-0.0562,0.4399,0.8611
76.42103306,-0.1206,0.4216,0.8741
76.43097691,-0.1647,0.4073,0.9005
76.44113645,-0.1643,0.3991,0.9093
76.45108533,-0.1463,0.388,0.916
76.46109372,-0.1375,0.3716,0.9368
76.47087887,-0.157,0.3583,0.9703
76.48124787,-0.1633,0.3575,0.9613
76.49084102,-0.1484,0.3404,0.9296
76.5008736,-0.1156,0.3341,0.9372
76.51097264,-0.1048,0.3536,0.9893
76.52167691,-0.1105,0.3855,1.0041
76.53108587,-0.1284,0.3976,0.9686
76.54120233,-0.1426,0.3925,0.9268
76.55120445,-0.1843,0.3822,0.8716
76.56146006,-0.1963,0.3871,0.7977
76.57107902,-0.2005,0.3552,0.7486
76.58208479,-0.2409,0.318,0.744
76.5911261,-0.1741,0.3919,0.8542
76.60201148,-0.1047,0.4184,0.891
76.61223172,-0.097,0.401,0.9304
76.62110556,-0.1021,0.3845,1.0225
76.63123406,-0.0955,0.3316,1.1176
76.64104375,-0.0803,0.2687,1.1672
76.65119845,-0.0617,0.27,1.1713
76.66078048,-0.0628,0.2963,1.1308
76.67148325,-0.1002,0.3158,1.0753
76.68100006,-0.1454,0.3095,0.9874
76.69110422,-0.1619,0.312,0.9086
76.70083337,-0.1632,0.3325,0.8631
76.71114645,-0.1771,0.3599,0.832
76.72102468,-0.0882,0.3991,0.7782
76.73082337,0.0056,0.4099,0.768
76.74086095,-0.0095,0.3909,0.8865
76.75104883,-0.1104,0.3459,1.0236
76.76107491,-0.2085,0.2938,1.1407
76.77107875,-0.2398,0.2756,1.18
76.78182102,-0.2146,0.2945,1.1128
76.79110187,-0.1945,0.2966,1.0001
76.80110729,-0.129,0.3822,0.9651
76.81116225,-0.0914,0.4569,0.9149
76.82087868,-0.1303,0.4268,0.8607
76.83110856,-0.1876,0.4194,0.8021
76.8407751,-0.2008,0.3812,0.7835
76.85124556,-0.1307,0.4213,0.7663
76.8620246,-0.1269,0.396,0.8697
76.87120083,-0.1504,0.3943,0.8881
76.88121356,-0.182,0.3928,0.9406
76.89131287,-0.1932,0.3936,0.9771
76.90105398,-0.1898,0.3963,1.0087
76.91110533,-0.1913,0.3798,1.0398
76.92107718,-0.1686,0.3869,1.0393
76.93137387,-0.1499,0.3864,0.9958
76.94103175,-0.1207,0.3932,0.8658
76.95121218,-0.1422,0.4235,0.7676
76.96204479,-0.2201,0.4041,0.7818
76.97086102,-0.2356,0.43,0.8549
76.98200091,-0.2703,0.4534,0.958
76.99138875,-0.3014,0.4402,0.9767
77.00122929,-0.248,0.4183,0.9381
77.01209737,-0.2129,0.3862,0.8818
77.02185987,-0.1815,0.368,0.8729
77.0311141,-0.1422,0.3966,0.9554
77.04123629,-0.2163,0.3577,1.0301
77.0506536,-0.2433,0.3899,1.0969
77.06080725,-0.2889,0.3903,1.0944
77.07092472,-0.1813,0.4589,1.1594
77.08089583,-0.1708,0.4494,1.0624
77.09081125,-0.1277,0.4234,0.949
77.10509464,-0.1245,0.4134,0.82
77.11085714,-0.1502,0.4131,0.7577
77.12236875,-0.0765,0.4066,0.7512
77.1307781,-0.0099,0.3869,0.7847
77.1411316,0.0138,0.3746,0.8212
77.15064306,-0.0123,0.3743,0.8634
77.16060152,-0.0699,0.3814,0.8944
77.17148633,-0.1396,0.3938,0.8992
77.18039418,-0.1841,0.4091,0.874
77.19063264,-0.1932,0.4228,0.8529
77.20033245,-0.1896,0.4163,0.858
77.21078691,-0.1698,0.3946,0.8894
77.22102764,-0.1397,0.3723,0.9313
77.23083206,-0.1109,0.3546,0.969
77.24040941,-0.104,0.3447,1.004
77.25079779,-0.1003,0.3627,1.0296
77.26921433,-0.1163,0.3839,1.0151
77.27205421,-0.1407,0.3884,0.9737
77.28067971,-0.1463,0.3891,0.9304
77.29060291,-0.1367,0.3937,0.9041
77.30070583,-0.1158,0.3959,0.8808
77.31059602,-0.0947,0.3953,0.8615
77.32084218,-0.0922,0.3914,0.871
77.33051614,-0.112,0.3831,0.9032
77.34066656,-0.1281,0.3765,0.9364
77.35049787,-0.1369,0.3766,0.9547
77.36074848,-0.145,0.3786,0.9617
77.37089979,-0.1463,0.3943,0.9512
77.38039868,-0.1397,0.4121,0.935
77.39058991,-0.1368,0.4124,0.9225
77.41266429,-0.1286,0.4075,0.9137
77.41344729,-0.1202,0.4021,0.9108
77.42046787,-0.1132,0.3986,0.9103
77.43087752,-0.1224,0.3876,0.9169
77.44073429,-0.1382,0.3801,0.9109
77.45064541,-0.1578,0.3734,0.9109
77.46048395,-0.1556,0.375,0.9165
77.47092914,-0.1461,0.3746,0.9267
77.48071468,-0.1373,0.376,0.9395
77.49068306,-0.1222,0.3876,0.9387
77.5004261,-0.1164,0.3938,0.9341
77.51075983,-0.1211,0.391,0.9225
77.52039925,-0.1349,0.3779,0.9131
77.53125571,-0.1373,0.377,0.9076
77.54057264,-0.1371,0.372,0.9142
77.55055706,-0.1355,0.3723,0.9396
77.56135014,-0.1252,0.3715,0.9362
77.57161914,-0.1138,0.3645,0.9493
77.58197395,-0.1035,0.3639,0.954
77.59185925,-0.1064,0.3594,0.9618
77.60123764,-0.1112,0.363,0.9661
77.61148245,-0.104,0.3862,0.9624
77.62145218,-0.0958,0.3858,0.975
77.63130614,-0.1151,0.3512,0.9555
77.64133037,-0.1305,0.3415,0.9201
77.65078191,-0.1266,0.3478,0.9017
77.6659446,-0.1171,0.3505,0.8884
77.6708556,-0.1119,0.3514,0.8959
77.68096698,-0.1145,0.3547,0.9185
77.69114579,-0.1229,0.3632,0.9427
77.70092206,-0.1214,0.3724,0.959
77.71074133,-0.1146,0.3662,0.9643
77.72058518,-0.1219,0.3628,0.9539
77.73112275,-0.119,0.3668,0.9368
77.74048783,-0.1147,0.3602,0.9361
77.7524686,-0.1208,0.3413,0.9346
77.76102429,-0.122,0.333,0.9319
77.7715731,-0.1174,0.3375,0.9529
77.78111321,-0.1123,0.3443,0.9716
77.79107233,-0.1141,0.3412,0.9808
77.8013086,-0.1224,0.3378,0.9775
77.81159275,-0.132,0.3434,0.9765
77.82144045,-0.1312,0.3498,0.9738
77.83222718,-0.1251,0.3566,0.9585
77.84153895,-0.1209,0.3605,0.9367
77.85126168,-0.1101,0.3668,0.918
77.86144779,-0.1046,0.3586,0.9181
77.87132156,-0.1082,0.3464,0.9281
77.88139591,-0.1262,0.3385,0.9436
77.89248298,-0.1356,0.3456,0.9462
77.90119325,-0.1328,0.3635,0.9489
77.91131168,-0.1309,0.3661,0.9379
77.92131983,-0.1334,0.3634,0.9292
77.93169729,-0.1303,0.3668,0.926
77.94148387,-0.1234,0.3706,0.93
77.95157633,-0.1156,0.374,0.932
77.96180545,-0.1131,0.3677,0.9351
77.97163179,-0.1086,0.3668,0.9395
77.98204271,-0.1096,0.3707,0.9431
77.99179768,-0.1114,0.3833,0.9555
78.00272206,-0.114,0.3939,0.9629
78.01262014,-0.1186,0.3895,0.9482
78.02187995,-0.1213,0.3737,0.927
78.03249637,-0.1224,0.3646,0.9302
78.04145364,-0.1228,0.361,0.9472
78.05197248,-0.1325,0.361,0.9772
78.06196137,-0.1275,0.3572,0.9947
78.07188771,-0.1215,0.3509,0.9843
78.08226848,-0.1162,0.3505,0.9565
78.09167748,-0.114,0.348,0.944
78.10250868,-0.0905,0.3549,0.9615
78.11112233,-0.0978,0.3336,0.939
78.12079179,-0.0884,0.3676,0.9273
78.13103729,-0.1088,0.3734,0.9318
78.14087683,-0.1515,0.344,0.9335
78.15095252,-0.1352,0.3503,0.9558
78.16098029,-0.0971,0.3749,0.9626
78.17152006,-0.1421,0.3502,0.9428
78.18083864,-0.071,0.3492,0.9408
78.19098433,-0.1518,0.3269,0.9312
78.20097318,-0.0776,0.347,0.9314
78.21082971,-0.1274,0.3362,0.9155
78.22107414,-0.0672,0.3494,0.9749
78.23111029,-0.1882,0.3573,0.9569
78.24092402,-0.1835,0.3919,0.9464
78.25099398,-0.2046,0.3969,0.9268
78.26079121,-0.1779,0.3772,0.9198
78.27134571,-0.1044,0.3899,0.8815
78.2807911,-0.0906,0.3815,0.8656
78.29095502,-0.1123,0.3751,0.9064
78.30123675,-0.1307,0.3765,0.9352
78.31087948,-0.1489,0.3761,0.9496
78.32099244,-0.16,0.3738,0.9738
78.33082906,-0.1418,0.3739,0.9792
78.34109479,-0.1215,0.3833,0.9124
78.35153879,-0.0904,0.4445,0.9574
78.36109698,-0.0811,0.4119,0.9019
78.37135275,-0.102,0.3617,0.8559
78.38057218,-0.1217,0.3411,0.8607
78.39094518,-0.0915,0.3242,0.9182
78.40285248,-0.0281,0.3214,0.9408
78.41085552,-0.0975,0.337,0.9579
78.42116641,-0.0815,0.3572,0.986
78.43077721,-0.1775,0.4058,1.005
78.44115948,-0.2154,0.417,0.9577
78.45128864,-0.2764,0.4306,0.8907
78.4608861,-0.2604,0.3855,0.8405
78.47166552,-0.1698,0.4015,0.8221
78.4811641,-0.1834,0.4172,0.8541
78.49116471,-0.1717,0.4396,0.9438
78.50264018,-0.1628,0.4473,1.0136
78.51084648,-0.1732,0.4246,1.0436
78.52177483,-0.183,0.4129,1.0423
78.53074375,-0.1815,0.4803,0.7929
78.54102802,-0.2232,0.4626,0.9874
78.55193044,-0.2682,0.3843,0.9227
78.56062083,-0.1959,0.3893,0.8523
78.57088668,-0.127,0.3975,0.8294
78.5819131,-0.1204,0.3795,0.8216
78.59088868,-0.1294,0.3696,0.8453
78.60292341,-0.0479,0.4071,0.8646
78.61078564,-0.1054,0.4242,0.8664
78.62103106,-0.028,0.4669,0.8724
78.63090898,-0.12,0.4594,0.8873
78.64126098,-0.0952,0.4904,0.944
78.6517546,-0.1566,0.4639,0.9318
78.66075129,-0.1217,0.4908,0.9353
78.67110614,-0.2331,0.4754,0.9413
78.68059271,-0.2679,0.4764,0.9962
78.69081133,-0.3171,0.4675,1.0145
78.70198179,-0.3534,0.4289,0.9356
78.71105837,-0.3194,0.3915,0.7411
78.72113941,-0.2639,0.4009,0.6141
78.73103556,-0.1725,0.4488,0.6765
78.74115521,-0.08,0.4432,0.8076
78.75214171,0.0072,0.4033,0.885
78.76095975,0.0701,0.3724,0.9361
78.77186883,0.0858,0.3452,0.9676
78.78065787,0.0551,0.3067,0.9787
78.79109529,-0.0147,0.2759,0.9777
78.80135244,-0.0674,0.267,1.0007
78.81069383,-0.0926,0.2717,1.0076
78.82146787,-0.0717,0.2864,1.0145
78.83109437,-0.0371,0.3033,1.0384
78.84137937,-0.0054,0.3261,1.0451
78.8514651,0.009,0.3337,1.0249
78.86103441,-0.015,0.3237,1.0034
78.87136091,-0.0511,0.3012,0.9916
78.88118279,-0.0779,0.2838,0.9955
78.89112275,-0.0772,0.2934,1.001
78.90269333,-0.0561,0.3031,0.9712
78.91096598,-0.0561,0.3031,0.9692
78.92122544,-0.0228,0.299,0.9778
78.93380214,-0.0046,0.3215,1.211
78.94115991,0.0454,0.3038,1.168
78.95169352,0.0089,0.2482,0.98
78.96093018,0.0015,0.3202,0.7726
78.97183891,-0.0204,0.3646,0.6635
78.98065921,0.0105,0.2998,0.7835
78.99087983,-0.0049,0.3205,1.0971
79.00095044,-0.076,0.2924,1.2081
79.01088521,-0.1068,0.2674,1.1596
79.02086056,-0.038,0.2946,1.0604
79.03073244,0.0391,0.3127,0.9132
79.04099518,0.0529,0.3048,0.7859
79.0511101,0.0296,0.3164,0.7703
79.06123956,0.0169,0.3446,0.8383
79.0712521,-0.0081,0.3535,0.9442
79.08119521,-0.0407,0.3584,1.0025
79.09161483,-0.066,0.3622,1.0222
79.10124502,-0.0809,0.3635,1.0072
79.11117679,-0.091,0.3572,0.9694
79.12135125,-0.1038,0.3552,0.9451
79.13201514,-0.1118,0.3591,0.9424
79.14155321,-0.1137,0.3597,0.9513
79.15106606,-0.0898,0.3612,0.9566
79.16115844,-0.0721,0.3595,0.9569
79.17114541,-0.0749,0.354,0.9643
79.18117256,-0.0724,0.3575,0.9627
79.19165191,-0.0567,0.3629,0.9532
79.2010501,-0.0561,0.358,0.9412
79.21147641,-0.0578,0.3564,0.9336
79.22108571,-0.0726,0.3533,0.9418
79.2317231,-0.071,0.3479,0.95
79.24118206,-0.0542,0.3407,0.9508
79.25114256,-0.0296,0.3404,0.9576
79.2611121,-0.0241,0.3469,0.9657
79.27171087,-0.0307,0.3617,0.9629
79.28097675,-0.0454,0.3757,0.9517
79.29086321,-0.0666,0.3768,0.9446
79.30106848,-0.0744,0.3721,0.9271
79.31118829,-0.0688,0.3635,0.9146
79.32139875,-0.0729,0.3436,0.9146
79.33189041,-0.0693,0.3246,0.9055
79.34105702,-0.06,0.329,0.9455
79.35081591,-0.0645,0.3299,0.9977
79.3607631,-0.0647,0.3484,1.005
79.37117325,-0.0752,0.3869,0.977
79.38123348,-0.0827,0.3646,0.9528
79.39200414,-0.0319,0.3655,0.8976
79.40187898,-0.0321,0.3776,0.8553
79.41108229,-0.0489,0.3724,0.8612
79.42139587,-0.0677,0.3524,0.8943
79.43122521,-0.0809,0.3484,0.9402
79.44135444,-0.085,0.3573,0.9756
79.45151014,-0.0861,0.3665,0.9883
79.46110494,-0.0794,0.3749,0.9777
79.4713391,-0.0756,0.3783,0.9535
79.48118156,-0.0745,0.3745,0.9384
79.49138152,-0.0669,0.3666,0.9274
79.50116233,-0.0638,0.3613,0.9265
79.5111881,-0.058,0.3624,0.9368
79.52211971,-0.0536,0.3602,0.9434
79.53171798,-0.0529,0.3522,0.9483
79.54204152,-0.0511,0.3582,0.948
79.55128194,-0.0574,0.3654,0.9381
79.56097598,-0.0755,0.3689,0.9341
79.57120998,-0.0893,0.3661,0.949
79.58092694,-0.0956,0.3623,0.949
79.59117437,-0.0749,0.3536,0.9881
79.60131621,-0.0713,0.3468,0.9891
79.61100052,-0.0719,0.3456,0.9791
79.62080694,-0.0806,0.3473,0.9598
79.63092571,-0.0804,0.3567,0.926
79.64077806,-0.0858,0.3621,0.905
79.6508561,-0.0933,0.3676,0.9144
79.66082579,-0.0897,0.3734,0.9322
79.67106925,-0.0765,0.3744,0.9447
79.68078252,-0.0683,0.3657,0.943
79.69128087,-0.0679,0.3501,0.9285
79.70255033,-0.0705,0.3324,0.9291
79.71215133,-0.0749,0.3259,0.9461
79.72195941,-0.0828,0.327,0.9545
79.73196333,-0.0847,0.3332,0.9637
79.74192029,-0.0849,0.3413,0.969
79.75219929,-0.0809,0.3464,0.9694
79.76339498,-0.0639,0.3586,0.9933
79.77165191,-0.0164,0.3775,1.0298
79.78106464,-0.0299,0.3257,0.8744
79.79085494,-0.0395,0.3286,0.7884
79.80077606,-0.0654,0.3044,0.7911
79.81085298,-0.0882,0.3337,0.987
79.82076625,-0.0834,0.3263,1.1057
79.83099575,-0.0837,0.3103,1.1243
79.8405671,-0.0589,0.3227,1.1181
79.85160429,-0.0042,0.353,1.0663
79.86081294,-0.0754,0.3219,0.9523
79.87193717,-0.0147,0.3436,0.8861
79.88072641,-0.0815,0.332,0.8298
79.89064525,-0.0107,0.3594,0.8534
79.90102625,-0.0768,0.3639,0.8873
79.91069141,-0.0712,0.3567,0.9302
79.9211981,-0.0657,0.3717,0.9493
79.93158098,-0.0899,0.3789,0.9378
79.94084821,-0.0776,0.3822,0.9325
79.95129917,-0.0665,0.3849,0.9265
79.9607041,-0.0814,0.3794,0.9213
79.97092921,-0.0991,0.3663,0.9248
79.98196891,-0.095,0.3588,0.9424
79.99070575,-0.0662,0.365,0.9508
80.00132771,-0.0508,0.3691,0.9589
80.0109666,-0.0545,0.3787,0.9604
80.02081356,-0.0676,0.3864,0.9544
80.03257956,-0.0757,0.3894,0.9395
80.04059091,-0.0705,0.3882,0.9212
80.05075279,-0.0711,0.3843,0.9078
80.06113121,-0.0855,0.3766,0.9182
80.24077014,-0.0469,0.365,0.9124
80.24187167,-0.0469,0.365,0.9124
80.26120917,-0.0426,0.3723,0.8995
80.26225544,-0.0461,0.3772,0.892
80.27053952,-0.0518,0.381,0.8967
80.2804471,-0.0695,0.3696,0.917
80.29097614,-0.0732,0.3661,0.9431
80.30054279,-0.0744,0.3673,0.9686
80.31046998,-0.0701,0.3738,0.9868
80.32049967,-0.0635,0.3773,0.9898
80.33148206,-0.0625,0.3716,0.9798
80.34148971,-0.0624,0.3652,0.9676
80.35100064,-0.0585,0.3643,0.9565
80.36081529,-0.0544,0.3682,0.9424
80.37106071,-0.0544,0.3729,0.9312
80.38117833,-0.0638,0.375,0.9163
80.39080844,-0.0717,0.3683,0.9163
80.40070294,-0.0702,0.3611,0.9214
80.4112291,-0.0633,0.3582,0.9267
80.4204136,-0.0606,0.3599,0.935
80.43133125,-0.0588,0.3667,0.9449
80.44102733,-0.0531,0.3717,0.9528
80.4507749,-0.0545,0.372,0.9543
80.46135844,-0.0546,0.371,0.9528
80.47097833,-0.0507,0.3658,0.9397
80.48252687,-0.0439,0.3624,0.9297
80.49098679,-0.045,0.3575,0.9238
80.50105498,-0.0498,0.3555,0.9241
80.51102444,-0.0557,0.3591,0.9331
80.52074556,-0.0706,0.3666,0.9397
80.53271937,-0.0858,0.3677,0.9502
80.54134202,-0.0807,0.3705,0.9635
80.56715721,-0.0726,0.3674,0.9604
80.56820702,-0.0701,0.3639,0.9527
80.7037934,-0.0589,0.358,0.912
80.70490606,-0.0556,0.3588,0.916
80.70677456,-0.0602,0.3602,0.9329
80.71261514,-0.0676,0.3597,0.9546
80.71314937,-0.0713,0.3591,0.9634
80.7136404,-0.0713,0.3591,0.9634
80.71400575,-0.0643,0.3557,0.9578
80.71428525,-0.0581,0.3529,0.9461
80.71460456,-0.057,0.3517,0.9343
80.7148974,-0.0606,0.355,0.9213
80.71521133,-0.0624,0.3613,0.918
80.72126521,-0.0672,0.371,0.9378
80.73288417,-0.0705,0.3634,0.9538
80.83164729,-0.0729,0.358,0.9675
80.83223575,-0.0702,0.3567,0.9727
80.83254379,-0.0665,0.3585,0.9676
80.83281229,-0.0608,0.3613,0.9497
80.83312279,-0.0601,0.3594,0.9304
80.83348179,-0.0605,0.359,0.917
80.83416556,-0.0568,0.3636,0.9049
80.83461117,-0.0578,0.3673,0.9136
80.83506517,-0.0618,0.3667,0.9252
80.83552656,-0.0625,0.3629,0.9337
80.84648537,-0.0724,0.3589,0.953
80.86063087,-0.0699,0.3647,0.9475
80.87212337,-0.0716,0.3636,0.9337
80.88101925,-0.073,0.3624,0.9214
80.9221811,-0.0691,0.3638,0.9175
80.92340094,-0.0666,0.363,0.9146
80.92431671,-0.0679,0.3615,0.9196
80.9248979,-0.073,0.3616,0.9358
80.93416425,-0.0796,0.3617,0.951
80.9494884,-0.0832,0.3595,0.9613
81.01278037,-0.0845,0.363,0.9656
81.01381529,-0.0816,0.3682,0.9504
81.01451017,-0.0768,0.3691,0.9337
81.01489521,-0.0697,0.368,0.923
81.01521187,-0.0682,0.3668,0.9223
81.0155974,-0.0711,0.3602,0.9281
81.01596279,-0.0748,0.358,0.9456
81.02498352,-0.0759,0.3602,0.9585
81.03790729,-0.0765,0.3566,0.9783
81.04028552,-0.075,0.3572,0.9789
81.07459537,-0.0744,0.3644,0.9745
81.07544833,-0.0749,0.3657,0.9634
81.07597114,-0.0792,0.3623,0.9491
81.11933548,-0.0845,0.3663,0.9354
81.11993798,-0.0864,0.3754,0.9313
81.12032894,-0.0862,0.3815,0.9333
81.12062379,-0.082,0.3805,0.939
81.12085906,-0.0762,0.3767,0.9414
81.13173598,-0.0771,0.3704,0.9466
81.14029402,-0.0795,0.3668,0.9467
81.15045987,-0.0826,0.3602,0.9479
81.16049283,-0.0856,0.3575,0.9417
81.18942756,-0.0822,0.3594,0.9394
81.19011333,-0.0794,0.3644,0.9367
81.19086221,-0.0782,0.3649,0.9361
81.20584779,-0.076,0.37,0.9373
81.21032802,-0.0721,0.3832,0.9374
81.2225011,-0.0762,0.3801,0.9295
81.25277533,-0.0909,0.3579,0.9219
81.25347144,-0.1014,0.345,0.9302
81.25389298,-0.0969,0.3478,0.9473
81.26052698,-0.0877,0.3458,0.9613
81.27073598,-0.0812,0.3325,0.9758
81.28053633,-0.0812,0.3373,0.9914
81.29065902,-0.0876,0.3325,0.9949
81.30061502,-0.1765,0.1754,0.9998
81.3105851,-0.1845,0.1939,1.1073
81.32050925,-0.0783,0.3688,1.0403
81.34856752,0.0021,0.4143,0.9483
81.34921221,0.0192,0.4306,0.8988
81.35042583,0.0292,0.447,0.8564
81.36077521,0.0451,0.4615,0.8486
81.37059206,0.0205,0.4421,0.7895
81.38364094,-0.0415,0.3881,0.7145
81.40040648,-0.0789,0.3916,0.8559
81.41064902,-0.0749,0.4004,0.9491
81.42041802,-0.0454,0.4115,0.9959
81.45884848,-0.0768,0.368,0.9894
81.45971375,-0.1264,0.3647,1.0048
81.46011121,-0.1632,0.3906,1.0279
81.46039952,-0.1887,0.3914,1.0119
81.4718634,-0.1708,0.3843,0.9665
81.48348852,-0.1285,0.3924,0.9347
81.49057202,-0.0774,0.4087,0.8972
81.50056725,-0.055,0.4142,0.8634
81.51056348,-0.0584,0.4172,0.8465
81.52059517,-0.0729,0.4191,0.8356
81.56058571,-0.1044,0.4191,0.8394
81.56214513,-0.1474,0.404,0.8631
81.56299517,-0.1786,0.3882,0.9181
81.56379844,-0.1957,0.3866,0.9885
81.57328771,-0.1852,0.3891,1.0218
81.58528344,-0.1502,0.3944,1.0271
81.59076333,-0.0992,0.3965,0.9973
81.6005511,-0.0478,0.4091,0.9573
81.6111346,-0.0183,0.4216,0.9127
81.62489975,-0.005,0.4248,0.8629
81.67909071,-0.0107,0.425,0.8385
81.6813911,-0.0495,0.4207,0.8763
81.68250479,-0.1264,0.4481,0.9097
81.68324063,-0.1459,0.4666,0.9333
81.68415648,-0.1516,0.467,0.9346
81.68506717,-0.1393,0.4521,0.9108
81.69081752,-0.1118,0.4347,0.8866
81.70087983,-0.0768,0.413,0.8603
81.71208094,-0.0228,0.3925,0.8393
81.72466063,0.0024,0.3782,0.8367
81.78371775,-0.0215,0.3811,0.8696
81.78531352,-0.0652,0.3961,0.9061
81.78645148,-0.129,0.4041,0.9353
81.78732729,-0.1936,0.4091,0.9695
81.78828144,-0.2024,0.4156,0.9869
81.78927667,-0.1813,0.4025,0.9726
81.79091325,-0.1408,0.3996,0.9611
81.80067775,-0.0798,0.4099,0.9547
81.8108851,-0.0478,0.4376,0.9298
81.82075079,-0.0777,0.4457,0.9131
81.8679939,-0.1267,0.4206,0.899
81.86952594,-0.1318,0.4132,0.8785
81.87180537,-0.1164,0.4424,0.8979
81.87277763,-0.1594,0.4559,0.9278
81.8740199,-0.2417,0.4675,0.9645
81.88063067,-0.2703,0.486,0.9568
81.89063802,-0.2485,0.4977,0.8966
81.90072725,-0.1869,0.493,0.833
81.91057375,-0.1543,0.4813,0.7953
81.92152271,-0.1178,0.4776,0.7947
81.97480698,-0.1269,0.4714,0.8267
81.9769334,-0.1892,0.4555,0.8722
81.97831756,-0.2301,0.4444,0.9136
81.97929598,-0.2285,0.4439,0.9417
81.98148217,-0.191,0.4396,0.9445
81.98275594,-0.1413,0.433,0.9197
81.99076763,-0.1151,0.4281,0.8903
82.00488683,-0.1165,0.4225,0.8695
82.05598702,-0.1264,0.4206,0.8485
82.05816887,-0.1301,0.4186,0.8458
82.05911329,-0.1203,0.4115,0.8496
82.06013363,-0.1152,0.4029,0.8636
82.06193237,-0.1196,0.3986,0.8823
82.06304487,-0.1301,0.3976,0.8929
82.07078379,-0.1345,0.3887,0.8977
82.08069044,-0.1262,0.3778,0.9082
82.09070429,-0.1074,0.3723,0.9208
82.10083083,-0.1057,0.3656,0.9412
82.11085702,-0.1154,0.3594,0.9591
82.12393344,-0.1244,0.3628,0.9749
82.17428237,-0.1234,0.3698,0.9742
82.17606563,-0.1219,0.3761,0.9629
82.17713983,-0.123,0.3798,0.9479
82.1786334,-0.1253,0.3822,0.9413
82.17979679,-0.1275,0.3784,0.9521
82.18246194,-0.1157,0.3639,0.9573
82.19084979,-0.0938,0.3429,0.9637
82.20379421,-0.0772,0.3406,0.9824
82.2114629,-0.0793,0.3475,0.9914
82.25025413,-0.0925,0.3566,0.9701
82.25200021,-0.0986,0.3672,0.9357
82.25291621,-0.0959,0.3721,0.9132
82.25376294,-0.0866,0.3673,0.9113
82.26285879,-0.0903,0.3479,0.9356
82.27102317,-0.0983,0.3373,0.9737
82.2807466,-0.1026,0.3367,1.0158
82.29080798,-0.1055,0.3358,1.0365
82.30092075,-0.0993,0.3329,1.0356
82.32394979,-0.089,0.3331,1.0129
82.32535663,-0.0755,0.3309,0.9703
82.37930275,-0.0574,0.3232,0.9646
82.3819729,-0.0586,0.3221,0.9617
82.38337502,-0.0665,0.3224,0.9613
82.38652094,-0.0746,0.32,0.9579
82.38872206,-0.0754,0.3236,0.9549
82.38988852,-0.0666,0.3319,0.9473
82.39137613,-0.0616,0.3378,0.937
82.40087413,-0.0672,0.3363,0.9389
82.41962298,-0.0734,0.3299,0.9517
82.42125437,-0.0748,0.3219,0.9683
82.47055352,-0.0687,0.3144,0.9804
82.47298686,-0.0572,0.3095,0.9809
82.47428279,-0.0564,0.3098,0.9811
82.47617994,-0.0646,0.3143,0.9759
82.47748336,-0.0688,0.3248,0.9638
82.48304979,-0.0776,0.3298,0.9442
82.49072921,-0.082,0.3392,0.9317
82.50057548,-0.0871,0.3422,0.922
82.52073656,-0.0878,0.3378,0.9271
82.52255875,-0.0871,0.3314,0.9409
82.5641949,-0.0817,0.3292,0.9607
82.56581663,-0.0756,0.3232,0.9765
82.56667302,-0.0711,0.3182,0.9798
82.56743263,-0.0663,0.3214,0.9777
82.57059044,-0.0663,0.3285,0.9694
82.58174944,-0.0788,0.3275,0.9655
82.5905016,-0.0844,0.3298,0.9593
82.60055486,-0.0768,0.329,0.9429
82.61899625,-0.0636,0.3316,0.9212
82.62091286,-0.0603,0.3331,0.9132
82.66466186,-0.0667,0.3323,0.9259
82.66675933,-0.0771,0.326,0.9342
82.66817417,-0.0796,0.3244,0.9527
82.66967813,-0.0765,0.3263,0.9762
82.67174248,-0.073,0.3301,0.9996
82.68184552,-0.074,0.3354,1.0045
82.69049821,-0.076,0.3324,0.9954
82.70059744,-0.0759,0.3291,0.9783
82.71854775,-0.0751,0.3351,0.9557
82.72066006,-0.0739,0.3414,0.9264
82.7617966,-0.0678,0.3442,0.9077
82.76337336,-0.0635,0.3446,0.9014
82.76452198,-0.0682,0.3351,0.9129
82.76533494,-0.0777,0.3301,0.9282
82.77043971,-0.0882,0.3315,0.951
82.7807596,-0.0945,0.337,0.9695
82.79059229,-0.0974,0.3406,0.9726
82.80067406,-0.0972,0.3396,0.9584
82.82119006,-0.095,0.3363,0.9396
82.82267125,-0.0878,0.3387,0.9333
82.86498121,-0.0782,0.3395,0.9214
82.86670275,-0.0749,0.338,0.9141
82.86783706,-0.0834,0.3459,0.916
82.86879383,-0.0952,0.3545,0.9175
82.87070121,-0.1118,0.3553,0.9235
82.88149763,-0.1193,0.3583,0.9324
82.89049471,-0.1197,0.361,0.9438
82.90063771,-0.1154,0.3616,0.9535
82.91881533,-0.1065,0.3557,0.9576
82.9209464,-0.0997,0.3514,0.9635
82.96106863,-0.0959,0.3516,0.9582
82.96320271,-0.0966,0.3575,0.9576
82.96446025,-0.1022,0.3679,0.9577
82.96579921,-0.1112,0.3734,0.9573
82.97050706,-0.1191,0.377,0.9494
82.98071517,-0.1275,0.3783,0.9392
82.99053679,-0.1302,0.3779,0.9264
83.00052271,-0.1302,0.3748,0.923
83.01778806,-0.13,0.3744,0.9312
83.02064863,-0.1334,0.3799,0.9313
83.05823352,-0.1361,0.3904,0.9275
83.06000733,-0.1419,0.3971,0.9076
83.06135417,-0.1429,0.4029,0.8918
83.06255948,-0.1407,0.4092,0.8942
83.07044621,-0.1399,0.4097,0.9014
83.0808909,-0.1385,0.4095,0.9171
83.09070702,-0.1367,0.4085,0.9334
83.10049071,-0.1269,0.4101,0.9466
83.11770736,-0.1182,0.4132,0.9541
83.12058321,-0.1154,0.4167,0.9463
83.1692769,-0.1189,0.4157,0.9297
83.1713284,-0.1233,0.4143,0.9267
83.1723426,-0.1201,0.4153,0.932
83.17312486,-0.1137,0.4143,0.9405
83.17407956,-0.117,0.4152,0.949
83.18054433,-0.1246,0.4167,0.9471
83.19070336,-0.1307,0.418,0.9319
83.20061621,-0.1297,0.418,0.9124
83.21743748,-0.1311,0.4142,0.8994
83.22061017,-0.1261,0.4131,0.8982
83.26043233,-0.1236,0.4114,0.9108
83.26255956,-0.1182,0.4164,0.921
83.26413363,-0.1179,0.4183,0.9234
83.26518398,-0.1242,0.4154,0.9186
83.27099271,-0.1283,0.4126,0.9104
83.28061586,-0.1268,0.4109,0.9063
83.29069006,-0.1246,0.4065,0.9026
83.30060371,-0.1204,0.4044,0.8984
83.3170771,-0.1229,0.4038,0.8968
83.32062167,-0.1244,0.4032,0.9019
83.36294213,-0.1257,0.4013,0.9116
83.3646914,-0.1258,0.4058,0.9221
83.36591433,-0.1206,0.4081,0.9292
83.36688967,-0.1211,0.4073,0.9245
83.37098633,-0.1311,0.407,0.9319
83.38086617,-0.1356,0.411,0.933
83.39054256,-0.1368,0.4147,0.9323
83.40080052,-0.1314,0.4179,0.9241
83.41702506,-0.1223,0.4173,0.915
83.42073467,-0.1141,0.4185,0.9103
83.45893625,-0.1094,0.4189,0.907
83.4611471,-0.1143,0.4189,0.9083
83.46247313,-0.1151,0.42,0.9102
83.46323636,-0.1176,0.424,0.9104
83.47080613,-0.1248,0.4224,0.9229
83.4804524,-0.1344,0.4183,0.933
83.49057475,-0.1334,0.4153,0.9372
83.50060167,-0.1297,0.4098,0.9331
83.5165291,-0.1286,0.4044,0.9319
83.52080883,-0.1273,0.4033,0.9324
83.55784921,-0.1267,0.4068,0.9357
83.56247194,-0.1292,0.4095,0.9301
83.56335363,-0.1295,0.413,0.9165
83.56485325,-0.1255,0.417,0.8957
83.57064436,-0.1272,0.4186,0.8851
83.58091321,-0.1323,0.4175,0.8889
83.59066452,-0.1358,0.4167,0.9023
83.60052129,-0.1373,0.4157,0.9176
83.61626563,-0.1322,0.4139,0.9227
83.62063736,-0.1345,0.4107,0.9242
83.66113383,-0.1371,0.4124,0.9343
83.66280244,-0.1352,0.411,0.9331
83.66377756,-0.1341,0.4101,0.9219
83.66477313,-0.1291,0.4123,0.9059
83.67079552,-0.1339,0.4214,0.8093
83.68210752,-0.1388,0.4168,0.8691
83.69070059,-0.1562,0.4299,0.9742
83.70090471,-0.1468,0.4093,0.9401
83.71240675,-0.1252,0.4189,0.8956
83.72077244,-0.12,0.4109,0.881
83.74769009,-0.1262,0.4019,0.891
83.7483504,-0.1226,0.4075,0.9131
