time;gFx;gFy;gFz;TgF
0.00452373;0.3093;-0.0525;1.021;1.074
0.005312;0.2328;-0.0055;0.6886;0.733
0.014558423;0.3689;-0.1224;1.1645;1.234
0.024267923;0.2775;-0.084;1.0607;1.106
0.034541538;0.2271;0.044;0.6316;0.678
0.044323038;0.4167;-0.1113;1.2078;1.288
0.054430769;0.1906;-0.0592;0.9662;0.993
0.064230115;0.3194;-0.0072;0.8221;0.888
0.075603923;0.3492;-0.0759;1.0805;1.144
0.084221;0.2074;-0.0752;0.8449;0.88
0.094589269;0.3668;-0.039;1.1195;1.185
0.104336999;0.2647;-0.0145;0.8231;0.871
0.114310538;0.3012;-0.1545;1.0473;1.107
0.124466076;0.3101;0.0226;0.9702;1.025
0.134235499;0.2797;-0.0886;0.915;0.967
0.144194846;0.2927;-0.0569;0.9354;0.988
0.155483999;0.3133;-0.0271;1.0848;1.136
0.164243923;0.2884;-0.0657;0.8243;0.882
0.174127538;0.3001;-0.0503;0.9871;1.039
0.184143192;0.3132;-0.0926;1.0783;1.133
0.194301153;0.268;-0.0048;0.8152;0.864
0.205247884;0.3447;-0.1038;1.1;1.163
0.214835807;0.241;-0.0393;0.8721;0.912
0.224318153;0.3465;-0.0453;0.9747;1.041
0.234453884;0.2698;-0.0486;0.9571;1.002
0.244342307;0.2709;-0.0672;0.9785;1.024
0.255521692;0.3638;-0.0542;1.0307;1.1
0.264421192;0.2194;-0.0373;0.7917;0.829
0.274348769;0.3458;-0.1031;1.1407;1.202
0.284285576;0.2778;-0.0166;0.8614;0.911
0.294956653;0.3081;-0.104;0.9687;1.028
0.305673884;0.2888;-0.0333;0.9855;1.034
0.314689384;0.2952;-0.0434;0.968;1.019
0.324330538;0.3095;-0.0795;0.963;1.021
0.334414153;0.2631;-0.0316;0.9097;0.954
0.344340538;0.3605;-0.0944;1.075;1.144
0.35547973;0.2358;0.007;0.8228;0.862
0.364342999;0.3255;-0.107;1.0651;1.125
0.374390153;0.2963;-0.0668;0.9568;1.01
0.384386999;0.2789;-0.0009;0.8328;0.884
0.394523961;0.3305;-0.1219;1.1457;1.205
0.405097384;0.2442;-0.0024;0.8423;0.883
0.414447345;0.3671;-0.0843;0.9751;1.051
0.424852845;0.23;-0.0542;0.9785;1.013
0.434392461;0.3186;-0.0563;0.9918;1.049
0.444397845;0.3213;-0.0575;0.9604;1.02
0.455292422;0.2436;-0.0458;0.8385;0.881
0.464158768;0.3533;-0.0823;1.1504;1.212
0.474360422;0.2619;-0.0006;0.8611;0.906
0.484409768;0.3174;-0.1184;1.0009;1.062
0.494552499;0.289;-0.0282;0.9461;0.996
0.506092461;0.305;-0.0883;0.9725;1.029
0.514221576;0.277;-0.0384;0.8851;0.934
0.525662845;0.302;-0.0508;1.0671;1.116
0.534258115;0.311;-0.0625;0.9607;1.018
0.544774615;0.2643;-0.0358;0.8278;0.876
0.556280768;0.3398;-0.0762;1.1597;1.217
0.564522768;0.3354;-0.037;0.9761;1.039
0.574509422;0.2871;-0.1071;1.0311;1.082
0.58452723;0.2522;0.0117;0.8439;0.887
0.597875538;0.3819;-0.0855;1.0888;1.163
0.605940807;0.1946;-0.0638;0.8829;0.913
0.614353499;0.3638;-0.0426;1.0046;1.075
0.624483691;0.3006;-0.0649;0.9734;1.027
0.634371884;0.2325;-0.0614;0.8229;0.864
0.644428268;0.3919;-0.0529;1.1765;1.247
0.655694499;0.2134;-0.0316;0.7967;0.832
0.664411307;0.3419;-0.1151;1.0558;1.122
0.674726845;0.2944;-0.0214;0.9354;0.987
0.685088461;0.2601;-0.071;0.9441;0.988
0.695800499;0.3362;-0.054;0.9658;1.03
0.714606691;0.268;-0.0217;0.9781;1.021
0.71631023;0.3254;-0.1035;0.9748;1.039
0.728320614;0.2784;0.0053;0.8466;0.897
0.734934884;0.3117;-0.093;1.1465;1.198
0.744968191;0.2646;-0.0431;0.849;0.896
0.757097922;0.3359;-0.0514;0.978;1.041
0.765062191;0.2576;-0.1099;1.0071;1.052
0.774625999;0.2897;0.0327;0.9008;0.953
0.784989153;0.3568;-0.1054;1.0136;1.085
0.797905768;0.2046;-0.0335;0.9135;0.943
0.815669845;0.3906;-0.0491;1.0831;1.158
0.81782473;0.2392;-0.0318;0.8274;0.868
0.82803873;0.2954;-0.0912;1.0024;1.055
0.834897884;0.3413;-0.0578;1.0114;1.075
0.845026999;0.2456;-0.0281;0.8487;0.89
0.858019307;0.332;-0.0904;1.0827;1.142
0.865005037;0.2682;-0.0039;0.9086;0.954
0.87515273;0.3252;-0.1099;0.9707;1.035
0.885228999;0.2679;-0.0002;0.9295;0.974
0.897278614;0.3291;-0.0704;1.0776;1.135
0.912233884;0.2709;-0.0184;0.855;0.903
0.914851768;0.2945;-0.0897;0.9616;1.016
0.924799307;0.3213;-0.0693;1.0081;1.066
0.93482873;0.2499;-0.0126;0.8361;0.879
0.944565076;0.34;-0.0729;1.1421;1.2
0.956948845;0.2482;-0.0279;0.8794;0.921
0.965086191;0.3398;-0.0476;0.9296;0.997
0.97480646;0.2762;-0.0661;1.0116;1.057
0.984559076;0.2725;-0.0446;0.893;0.941
0.994319537;0.3658;-0.0572;1.0921;1.159
1.010710191;0.2084;-0.0283;0.8013;0.835
1.018435268;0.3474;-0.0937;1.1052;1.168
1.02695546;0.2833;-0.0235;0.8965;0.947
1.034518922;0.2965;-0.066;0.9401;0.994
1.044420768;0.3189;-0.068;1.0281;1.085
1.054970576;0.2571;-0.002;0.9327;0.974
1.064544653;0.3363;-0.1143;0.9439;1.014
1.074557345;0.2603;-0.016;0.9547;0.996
1.084437345;0.3299;-0.1013;1.0465;1.108
1.094280037;0.2614;0.0241;0.8412;0.887
1.10931723;0.3103;-0.0963;1.0872;1.141
1.114776076;0.2943;-0.0673;0.8931;0.949
1.124382076;0.3007;-0.0045;0.889;0.944
1.134372076;0.3027;-0.1071;1.1016;1.154
1.14444596;0.2558;-0.0131;0.8527;0.897
1.154781999;0.376;-0.0823;1.0204;1.096
1.16436396;0.1969;-0.0594;0.919;0.948
1.17450496;0.3561;-0.0557;1.0188;1.086
1.184484691;0.3012;-0.0451;0.9608;1.014
1.197826576;0.2376;-0.0667;0.8383;0.88
1.210385999;0.3847;-0.0646;1.1695;1.239
1.214520383;0.2244;-0.021;0.8108;0.848
1.224571576;0.3371;-0.1201;1.0269;1.093
1.235144729;0.2888;-0.0452;0.9414;0.992
1.244843499;0.2725;-0.0563;0.9426;0.989
1.254339653;0.3143;-0.0699;0.97;1.028
1.264818114;0.2768;-0.0385;0.9452;0.992
1.274281729;0.3358;-0.079;1.0169;1.08
1.28448796;0.2564;-0.0138;0.84;0.885
1.29448096;0.3275;-0.0966;1.13;1.187
1.304185614;0.2722;-0.036;0.8526;0.902
1.314561383;0.3318;-0.0737;0.9834;1.046
1.324770691;0.2695;-0.0945;0.9838;1.031
1.334714114;0.2879;0.0076;0.9532;1.002
1.344411806;0.342;-0.1076;0.9945;1.063
1.355864652;0.2334;-0.0514;0.8868;0.925
1.364421422;0.3731;-0.0788;1.077;1.148
1.374270576;0.2494;-0.0296;0.8188;0.863
1.384333037;0.3152;-0.1019;1.0561;1.113
1.394393075;0.3139;-0.0717;0.9282;0.988
1.40575296;0.2805;-0.0691;0.9764;1.024
1.414414768;0.2812;-0.0991;0.9781;1.029
1.424560306;0.3286;-0.1224;0.9732;1.04
1.434319037;0.2554;-0.021;0.8991;0.941
1.444304422;0.3563;-0.1156;1.0583;1.128
1.456409037;0.2636;-0.0018;0.8456;0.892
1.464287652;0.2967;-0.1167;1.0484;1.102
1.474316499;0.3205;-0.0794;0.9492;1.011
1.484939652;0.2653;-0.0319;0.8752;0.921
1.494341268;0.3292;-0.1184;1.0807;1.142
1.506392729;0.2449;-0.0126;0.8766;0.917
1.514264306;0.3668;-0.0837;0.9927;1.067
1.524855998;0.2309;-0.0446;0.9652;1.0
1.534403306;0.3076;-0.0553;0.9382;0.995
1.544278383;0.3567;-0.0574;1.0336;1.101
1.555962498;0.2022;-0.0419;0.7934;0.826
1.564815806;0.375;-0.0557;1.1956;1.26
1.574332729;0.2566;-0.0406;0.8378;0.883
1.584706075;0.3043;-0.0715;0.9505;1.007
1.594677345;0.3211;-0.0668;1.0408;1.097
1.604236652;0.2509;0.0155;0.9355;0.975
1.614428768;0.339;-0.1165;0.9522;1.023
1.624404114;0.2588;-0.0127;0.9475;0.989
1.63425046;0.3413;-0.0977;1.0059;1.072
1.644842114;0.2478;0.015;0.8425;0.885
1.654272768;0.3044;-0.0806;1.1217;1.171
1.664311537;0.2835;-0.0352;0.8611;0.913
1.674519652;0.3015;-0.0261;0.9927;1.044
1.684497614;0.2803;-0.0881;0.9478;0.998
1.694601037;0.2729;0.0145;0.9601;1.005
1.705393344;0.3406;-0.0871;1.0117;1.077
1.714165383;0.2179;-0.0508;0.8599;0.895
1.724339344;0.3706;-0.0556;1.0958;1.164
1.736761652;0.2482;-0.0606;0.8805;0.923
1.749743921;0.2961;-0.0542;0.8909;0.946
1.754479037;0.3623;-0.0636;1.1628;1.226
1.764329537;0.2081;-0.0236;0.7903;0.824
1.774428037;0.3856;-0.0947;1.0595;1.137
1.784444114;0.2671;-0.0536;0.9619;1.006
1.794512191;0.2895;-0.0277;0.8931;0.945
1.804499806;0.3417;-0.0804;1.0364;1.1
1.814347037;0.2496;-0.0534;0.8842;0.927
1.824424114;0.372;-0.0618;1.0556;1.127
1.83857846;0.2349;0.0005;0.8469;0.885
1.844304306;0.325;-0.1112;1.1003;1.159
1.854347037;0.3028;-0.0175;0.8719;0.929
1.86430896;0.283;-0.0635;0.9712;1.02
1.874354075;0.3066;-0.0941;0.9645;1.022
1.884478844;0.2742;0.0199;0.9586;1.004
1.894284806;0.3178;-0.1027;1.0006;1.061
1.907930883;0.2476;-0.0401;0.8898;0.931
1.914475229;0.3431;-0.0553;1.0865;1.147
1.924444383;0.238;-0.0534;0.8292;0.871
1.934368421;0.3194;-0.0715;0.9597;1.02
1.94436369;0.3079;-0.08;1.0867;1.139
1.954864344;0.229;-0.0265;0.7965;0.835
1.964286075;0.3749;-0.1018;1.0925;1.165
1.974234498;0.2161;-0.0771;0.9075;0.943
1.986163229;0.329;-0.0198;0.9096;0.973
1.994194537;0.3033;-0.0845;1.0457;1.098
2.008205306;0.2149;-0.0522;0.8809;0.915
2.014407844;0.4044;-0.0517;1.0694;1.15
2.02439869;0.1991;-0.0355;0.8303;0.861
2.035781921;0.3236;-0.1274;1.0906;1.151
2.044342229;0.3125;-0.0274;0.9004;0.959
2.054445152;0.2536;-0.0941;0.9156;0.961
2.06443469;0.329;-0.0887;1.0573;1.117
2.074820767;0.2565;-0.0007;0.921;0.962
2.08737196;0.3282;-0.117;0.9704;1.037
2.09506146;0.2728;-0.0068;0.9651;1.009
2.110286575;0.3331;-0.0858;1.0275;1.089
2.115233883;0.2812;-0.0089;0.8054;0.859
2.127652575;0.3127;-0.1022;1.0756;1.131
2.134884383;0.3197;-0.0869;0.9679;1.029
2.144980844;0.2621;-0.0001;0.8618;0.907
2.154632383;0.3608;-0.1306;1.1298;1.199
2.164483921;0.2345;-0.0139;0.8466;0.885
2.174622575;0.3682;-0.0776;0.9742;1.05
2.190835383;0.2884;-0.0589;0.9651;1.015
2.195068421;0.275;-0.0794;1.1109;1.154
2.205001536;0.4825;-0.0425;0.9882;1.105
2.21522446;0.8284;-0.1827;1.3753;1.62
2.229200113;0.1268;0.1151;0.6273;0.657
2.239520306;1.1782;0.0193;1.359;1.801
2.253488959;1.1782;0.0193;1.461;1.88
2.25784169;-0.0702;-0.3269;1.461;1.507
2.264845613;-0.1631;0.0581;0.8041;0.832
2.277837959;0.0588;-0.1542;1.5607;1.577
2.291768883;0.1406;-0.0586;0.9626;0.982
2.295229921;0.1281;0.0225;0.6553;0.675
2.304849844;0.148;-0.2078;1.4005;1.431
2.314765652;0.4758;-0.0652;1.0067;1.12
2.324751959;0.4494;0.0364;0.6499;0.795
2.337017806;0.118;-0.1952;1.0971;1.128
2.344730806;0.3635;0.007;1.117;1.181
2.356462613;0.5942;-0.0938;1.1948;1.342
2.364750229;0.2475;-0.1096;0.905;0.951
2.374743267;0.4269;-0.0513;0.8626;0.969
2.387065652;0.3937;-0.0034;0.7412;0.844
2.395007075;0.2923;-0.0105;0.8555;0.91
2.406458344;0.2254;-0.0903;1.2398;1.27
2.414881613;0.0783;-0.0335;0.7297;0.742
2.427185536;0.278;-0.0948;1.127;1.171
2.448568306;0.3268;-0.1019;1.0307;1.092
2.451847575;0.2963;-0.0845;0.9779;1.031
2.454375767;0.2601;0.0162;0.838;0.884
2.464405113;0.2675;-0.0662;1.1599;1.199
2.47520869;0.4088;0.0415;0.809;0.912
2.486965075;0.3218;0.007;0.9943;1.051
2.494608767;0.1964;-0.0701;0.9996;1.028
2.504944305;0.2645;-0.0237;0.9151;0.959
2.514532959;0.3525;-0.0801;1.0475;1.114
2.524523998;0.2586;-0.0803;0.9118;0.957
2.536967152;0.3049;-0.1356;1.0804;1.137
2.54486419;0.2391;-0.0425;0.8121;0.854
2.555333959;0.2403;-0.0619;0.9312;0.97
2.564794652;0.4097;-0.05;1.1549;1.232
2.574965228;0.229;0.0322;0.7252;0.767
2.58637069;0.242;-0.0453;1.1197;1.153
2.595329421;0.3296;0.0148;0.9174;0.981
2.60492819;0.2709;-0.0552;1.007;1.051
2.615370382;0.2613;0.0158;0.945;0.987
2.627766959;0.3402;-0.0715;1.0095;1.074
2.646456267;0.2402;-0.0503;0.9229;0.961
2.648111959;0.3458;-0.0518;0.9663;1.033
2.658870882;0.4092;-0.068;0.9023;0.998
2.66474719;0.2472;-0.0956;0.929;0.972
2.674610536;0.2604;-0.0579;1.0292;1.07
2.689826651;0.2693;-0.0364;0.8231;0.873
2.694384805;0.2885;-0.1215;1.1258;1.175
2.704570228;0.2424;-0.0156;0.9083;0.947
2.714894805;0.2386;-0.0193;0.9561;0.992
2.724929075;0.3335;-0.0613;1.0639;1.123
2.747011651;0.2449;-0.0748;0.7928;0.839
2.748481421;0.4233;0.0056;1.1068;1.191
2.75763169;0.273;-0.0502;0.839;0.89
2.765385421;0.2444;-0.116;0.9637;1.007
2.77472619;0.4007;-0.0188;1.0983;1.175
2.786372344;0.2322;-0.0353;0.8009;0.841
2.794614074;0.3856;-0.1258;1.1776;1.251
2.804344844;0.3428;-0.005;0.875;0.945
2.814884344;0.3237;-0.1041;0.932;0.998
2.826942613;0.3825;0.0167;0.905;0.988
2.841111267;0.3403;-0.0921;1.0111;1.077
2.844847728;0.3933;-0.0086;0.8702;0.96
2.854540267;0.2891;-0.103;0.8708;0.929
2.864550728;0.4084;-0.0858;1.0985;1.181
2.874619574;0.3112;0.0026;0.8594;0.92
2.886756459;0.347;-0.1049;1.0752;1.141
2.894975613;0.3119;-0.0341;0.8863;0.946
2.905881728;0.3566;-0.0241;0.8941;0.968
2.914864844;0.4428;-0.0827;1.0291;1.128
2.929408036;0.2981;-0.0481;0.8709;0.928
2.95501969;0.265;-0.075;0.7193;0.776
2.95778319;0.408;-0.0815;1.0187;1.106
2.964914421;0.4769;-0.0467;1.0059;1.119
2.974573921;0.2452;-0.092;0.8081;0.855
2.987190574;0.4457;-0.0717;1.0685;1.165
2.994452267;0.3036;0.0171;0.8658;0.923
3.005062151;0.3823;-0.1138;0.9685;1.053
3.014489574;0.4222;-0.0115;0.9375;1.033
3.025522113;0.3089;-0.1171;0.9634;1.024
3.039667536;0.3582;0.0159;0.8618;0.939
3.044732805;0.4066;-0.0914;1.0596;1.144
3.05485269;0.3538;-0.0448;0.9108;0.984
3.064324882;0.3728;-0.0614;0.8849;0.967
3.07478392;0.4328;-0.0225;0.9416;1.042
3.087333574;0.3134;-0.0974;1.0397;1.096
3.094357074;0.419;-0.0305;1.0397;1.127
3.104507343;0.3542;0.0233;0.7712;0.854
3.11462542;0.4509;0.0555;0.9169;1.028
3.124788843;0.2899;-0.1064;0.9019;0.959
3.140743382;0.4189;0.0165;0.9157;1.012
3.144831959;0.3678;-0.0414;1.0458;1.115
3.154879536;0.3442;-0.1171;0.9487;1.022
3.164297574;0.3737;0.1142;0.9728;1.054
3.174925074;0.3229;-0.1717;0.9188;0.994
3.187265343;0.4323;-0.0216;0.9746;1.072
3.194424651;0.3419;0.0801;1.0434;1.107
3.204534074;0.4764;-0.0812;0.8932;1.02
3.21444819;0.4455;-0.1007;0.9117;1.024
3.224841805;0.3827;0.0375;1.0678;1.141
3.242902728;0.5058;0.0953;0.9106;1.05
3.245395343;0.5124;-0.1953;0.9398;1.092
3.254952151;0.526;-0.1201;0.8967;1.05
3.264313728;0.4606;0.3028;1.1522;1.283
3.274762151;0.4647;-0.218;0.8333;0.983
3.286212036;0.623;-0.0355;0.8047;1.021
3.294590151;0.527;-0.2213;0.9758;1.135
3.304450074;0.4311;0.2967;1.0283;1.159
3.314433613;0.5014;0.0365;1.0072;1.131
3.325411343;0.6601;-0.3222;0.604;0.952
3.342507766;0.5245;0.0064;0.7831;0.946
3.347044343;0.4995;-0.0627;1.026;1.148
3.354296689;0.5483;0.2332;1.0089;1.176
3.364303728;0.3952;-0.0442;0.9795;1.062
3.374645651;0.6492;-0.2095;0.6307;0.93
3.386797266;0.562;-0.0595;0.8284;1.006
3.394663766;0.4703;-0.1358;0.9306;1.056
3.404465189;0.5374;0.161;0.8137;0.992
3.414733036;0.4268;0.076;1.0727;1.163
3.426297343;0.5992;-0.1294;0.8445;1.047
3.442232728;0.586;-0.0643;0.7426;0.951
3.446335036;0.4537;-0.1223;0.8237;0.952
3.454404574;0.5966;-0.1385;0.601;0.86
3.464854459;0.4813;0.1002;1.0153;1.133
3.474712074;0.4363;-0.012;0.9423;1.044
3.484257536;0.5631;0.0551;0.7866;0.972
3.494720459;0.4815;0.0023;1.0237;1.136
3.508782497;0.5628;-0.1101;0.8434;1.023
3.514650997;0.564;-0.0943;0.6145;0.841
3.524924112;0.3954;-0.0291;0.9288;1.015
3.534231612;0.5381;-0.0745;0.9081;1.062
3.544216459;0.4727;-0.0026;0.8209;0.952
3.55444442;0.4118;0.0996;1.1336;1.216
3.56448042;0.5643;-0.0966;0.9458;1.109
3.574525574;0.5295;-0.038;0.8361;0.994
3.584333997;0.4553;0.0028;1.0327;1.134
3.594527074;0.6519;-0.267;0.7173;1.007
3.607992612;0.5657;-0.0053;0.8399;1.016
3.61490342;0.4167;-0.0329;0.9483;1.041
3.626612689;0.6914;-0.0597;0.8334;1.087
3.634796651;0.4974;0.1077;0.9914;1.119
3.644848189;0.5075;0.0445;1.0408;1.164
3.654626112;0.6897;-0.045;0.6775;0.969
3.666588805;0.4291;-0.0326;0.8363;0.945
3.674771651;0.6236;-0.1083;0.9382;1.135
3.685208728;0.6446;-0.0734;0.6591;0.926
3.695239535;0.3374;0.0859;0.973;1.039
3.709558843;0.6557;-0.055;1.1317;1.313
3.72500092;0.3016;0.1118;0.8825;0.945
3.726992112;0.3016;0.1118;0.8825;0.945
3.734432535;0.6538;-0.2949;0.9362;1.182
3.744760074;0.6628;-0.0633;0.9709;1.181
3.754574305;0.2712;0.0421;0.7547;0.809
3.76450492;0.693;-0.0563;1.0087;1.228
3.774530266;0.543;0.1047;1.1498;1.281
3.785557612;0.3391;-0.0017;0.8329;0.905
3.794612151;0.8416;-0.1058;0.7536;1.136
3.805202074;0.5151;-0.0502;0.9721;1.106
3.814528612;0.3815;-0.1659;0.6098;0.742
3.824868843;0.7104;0.0533;0.7305;1.022
3.838984458;0.4107;0.1416;1.1918;1.275
3.84456242;0.4396;-0.089;0.8223;0.941
3.854866035;0.7286;0.0792;0.8407;1.118
3.864312689;0.4272;-0.0674;0.8717;0.978
3.874545997;0.4795;-0.243;0.5914;0.801
3.887197535;0.706;0.1186;1.1241;1.337
3.894427689;0.4098;-0.0116;0.9416;1.032
3.904782381;0.4437;-0.0401;0.8137;0.932
3.915060689;0.7235;0.0755;1.1502;1.365
3.925297804;0.4737;-0.1737;0.5176;0.725
3.945983497;0.5549;-0.1121;0.5176;0.768
3.948946266;0.6578;0.1041;1.0832;1.276
3.95488392;0.5156;-0.085;0.8781;1.026
3.964867535;0.4253;0.1744;0.8781;0.996
3.974568227;0.6119;-0.1527;0.6721;0.924
3.986491266;0.4762;-0.0964;0.95;1.072
3.994340689;0.6126;-0.0327;0.8689;1.067
4.004517535;0.3823;0.0309;0.7051;0.807
4.02710042;0.493;0.1152;1.3231;1.422
4.030747881;0.6412;-0.0344;0.9944;1.187
4.046683074;0.3834;-0.0265;0.6342;0.746
4.049476574;0.5845;-0.1614;1.0413;1.209
4.054571689;0.6979;0.0553;0.9467;1.181
4.066713074;0.3362;0.1736;0.9414;1.021
4.07473915;0.5231;0.0253;0.9346;1.076
4.085571766;0.745;-0.0352;0.8529;1.135
4.094719112;0.4559;-0.1046;0.7088;0.853
4.104764189;0.5523;-0.0922;0.6762;0.88
4.126503766;0.547;0.2039;1.1394;1.285
4.129356189;0.3904;0.1605;0.9067;1.006
4.147471766;0.6268;-0.1015;0.753;0.987
4.153381343;0.5121;-0.066;1.0773;1.199
4.154705304;0.4141;-0.2253;0.5754;0.746
4.166647266;0.5148;0.3469;1.02;1.199
4.175054958;0.5337;0.0461;1.2751;1.388
4.186760189;0.5772;-0.0746;0.8473;1.031
4.194647497;0.4678;-0.0015;0.8506;0.975
4.205628189;0.5751;-0.2592;0.746;0.979
4.225714073;0.559;0.3428;1.3243;1.483
4.228820843;0.3634;0.1829;1.1201;1.198
4.237868766;0.6966;-0.0112;0.8009;1.064
4.244773573;0.5944;-0.1758;0.8644;1.067
4.254643381;0.4733;0.0923;0.763;0.907
4.266149804;0.6175;0.4173;1.0735;1.311
4.274816535;0.5601;-0.0588;0.9741;1.129
4.285112035;0.5756;-0.0504;0.5478;0.798
4.294740881;0.4536;-0.0931;0.7398;0.877
4.306038304;0.5041;0.5338;1.2108;1.422
4.32361642;0.3768;0.1537;1.1819;1.256
4.325814343;0.5288;-0.2198;0.4887;0.754
4.334514458;0.5426;0.2256;0.9803;1.148
4.344482727;0.4117;0.2516;0.9952;1.112
4.354429535;0.6078;0.2306;1.0322;1.224
4.365624612;0.6143;-0.3161;0.4969;0.851
4.374515535;0.4911;0.4134;0.9436;1.146
4.38437015;0.4981;0.1269;0.9651;1.098
4.394525343;0.7429;0.0453;0.7096;1.03
4.404932958;0.4572;0.0192;0.7388;0.873
4.424509035;0.6152;0.2516;1.2541;1.424
4.426711496;0.7522;0.0016;0.7664;1.076
4.434470573;0.1748;-0.006;0.8298;0.855
4.444502919;0.574;0.1637;1.2482;1.389
4.45511415;0.622;0.0713;0.8913;1.093
4.468359112;0.4257;-0.0595;0.9019;1.004
4.474788035;0.787;0.2343;1.0765;1.357
4.485235227;0.5308;-0.0689;0.4937;0.729
4.494655189;0.3964;0.257;0.7887;0.924
4.504747919;0.9099;-0.0706;0.8769;1.267
4.522264073;0.4466;0.1507;0.5546;0.731
4.524970881;0.1327;0.0384;0.8935;0.911
4.542348535;0.6701;-0.0972;0.9819;1.196
4.544825419;0.1653;0.3425;0.834;0.924
4.554724881;0.1836;-0.2707;0.9289;0.991
4.565667189;0.7299;0.3033;1.0461;1.315
4.57456115;-0.0172;-0.028;0.7796;0.789
4.584399035;0.323;-0.0103;0.9513;1.011
4.594920419;0.5692;0.1849;1.114;1.269
4.606776342;0.1159;-0.0022;1.1094;1.123
4.623773727;0.4929;0.0461;0.7071;0.867
4.625743419;0.4876;0.1776;1.3099;1.415
4.634397381;0.343;-0.0536;0.9834;1.049
4.644822265;0.6414;0.1599;0.7867;1.03
4.654479112;0.5579;0.1253;1.1522;1.291
4.667257458;0.5185;0.0822;1.0078;1.141
4.674625458;0.5712;0.0457;0.7033;0.91
4.684540342;0.4964;0.3119;1.2332;1.371
4.694622881;0.3607;-0.1384;0.9096;0.993
4.705361919;0.3729;0.1164;1.061;1.137
4.719176265;0.251;0.2227;1.1259;1.182
4.725124996;0.2926;-0.0592;0.9547;1.006
4.734689612;0.4189;0.0215;1.0608;1.146
4.74435565;0.3006;0.3323;1.1242;1.217
4.754388496;0.3696;-0.0636;0.8645;0.948
4.764494342;0.5377;-0.0012;1.0165;1.154
4.774550265;0.381;0.1663;1.081;1.164
4.784559227;0.3597;0.285;1.1075;1.205
4.79489815;0.5006;-0.2679;0.8108;0.993
4.807373188;0.2894;0.2698;1.0436;1.123
4.826438381;0.2894;0.2698;1.0436;1.123
4.828140496;0.5383;-0.1092;0.7949;0.97
4.83566515;0.3197;0.3591;1.0428;1.155
4.844381342;0.4534;0.2905;1.2147;1.335
4.854550919;0.5328;-0.1728;0.6116;0.831
4.864521496;0.4235;0.0474;0.7565;0.873
4.874394073;0.4504;0.2982;1.0397;1.177
4.88433565;0.4531;0.3364;1.1606;1.296
4.894603073;0.4274;-0.3462;0.5666;0.792
4.906980804;0.465;0.2279;1.0778;1.201
4.924999035;0.2102;0.1101;1.2674;1.297
4.927077034;0.401;0.3462;1.0854;1.214
4.934364958;0.4945;0.0639;0.8523;0.992
4.944370611;0.6317;-0.1474;0.5458;0.848
4.954383996;0.4738;0.2441;1.0035;1.141
4.966746111;0.4328;0.3724;1.2167;1.35
4.974483804;0.574;0.1412;1.0748;1.231
4.984844073;0.4577;0.0809;1.1373;1.234
4.994713996;0.4332;-0.2215;0.6462;0.812
5.008558342;0.4737;0.3028;0.9813;1.136
5.028575111;0.3354;0.1649;1.2444;1.306
5.031024919;0.4931;0.199;0.9075;1.057
5.034448842;0.454;0.2557;0.8875;1.034
5.044316957;0.4725;-0.3902;0.4817;0.78
5.054592111;0.4995;0.3141;1.0107;1.175
5.064681073;0.1875;0.1975;1.2365;1.274
5.074789765;0.4711;0.0603;1.0522;1.16
5.084549765;0.3445;0.2437;1.08;1.166
5.094526573;0.2548;0.0529;1.1165;1.153
5.105863534;0.5178;0.0574;0.7791;0.941
5.12347865;0.2811;0.0922;1.2515;1.293
5.126169765;0.3695;-0.0235;0.8912;0.97
5.134588496;0.3729;0.205;0.7804;0.894
5.144478842;0.3742;0.2763;1.3505;1.435
5.154783957;0.5488;0.1333;1.1634;1.298
5.164924804;0.5265;0.2274;1.0986;1.244
5.174598688;0.3349;0.2162;1.016;1.098
5.185200842;0.4358;0.036;0.6916;0.822
5.194914073;0.5223;0.1752;1.1248;1.258
5.205234534;0.4959;0.1537;1.3207;1.425
5.21907465;0.2388;0.1182;1.0341;1.075
5.224569842;0.077;-0.0075;0.7405;0.752
5.234863188;0.436;0.372;1.2922;1.42
5.244661111;0.2041;0.0612;1.2094;1.235
5.254438419;0.258;0.0977;1.0428;1.085
5.264220688;0.3182;0.277;1.2193;1.297
5.274558073;0.1893;0.0673;1.2972;1.32
5.284813573;0.5055;0.0463;1.0809;1.199
5.303991496;0.318;0.1577;1.1973;1.255
5.306636303;0.2384;0.1;1.0744;1.112
5.32631465;0.3722;0.1085;0.9877;1.067
5.32797138;0.383;0.2442;1.1439;1.237
5.335553803;0.5176;0.2695;1.1277;1.275
5.344547957;0.4824;0.1408;1.0198;1.142
5.35469888;0.3883;0.1588;0.7172;0.836
5.364850726;0.4887;0.2935;1.0748;1.222
5.374611034;0.524;0.2296;1.2393;1.37
5.384701073;0.5282;0.1921;0.8775;1.046
5.394965303;0.3952;0.1253;0.7639;0.874
5.406542457;0.4306;0.2839;1.109;1.229
5.433317342;0.3711;0.2565;1.0875;1.183
5.435733226;0.3899;0.1137;0.9906;1.076
5.436901303;0.4376;0.1256;0.9243;1.035
5.445273457;0.312;0.313;0.8578;0.971
5.455267265;0.3397;0.2176;0.8781;0.972
5.464436419;0.576;0.0665;1.1864;1.325
5.474673573;0.4564;0.141;1.1413;1.243
5.484479688;0.3393;0.3144;1.0757;1.177
5.495588726;0.5055;0.1722;0.9167;1.065
5.510069765;0.5501;0.1143;0.963;1.119
5.514807226;0.6133;0.1888;1.0252;1.214
5.524878534;0.504;0.3426;0.996;1.173
5.537969419;0.323;0.2461;1.2277;1.3
5.544926111;0.5532;0.1987;1.2894;1.422
5.555211573;0.5686;0.1217;0.9894;1.152
5.564465265;0.3396;0.3249;1.0187;1.128
5.574666265;0.4973;0.2393;0.9514;1.105
5.584894496;0.5878;0.2112;0.905;1.104
5.605034419;0.5124;0.1542;0.962;1.106
5.606807534;0.5608;0.204;0.7404;0.954
5.625209496;0.4926;0.124;0.752;0.911
5.627075034;0.5953;0.0829;0.6399;0.88
5.634597072;0.6062;0.2238;0.6219;0.899
5.646435842;0.478;-0.0109;0.4648;0.668
5.654424572;0.645;0.2102;0.8919;1.124
5.665010919;0.5597;0.2151;1.2834;1.422
5.674520265;0.4926;0.2922;1.2834;1.411
5.684856649;0.4141;0.2116;1.1567;1.253
5.696314842;0.4018;0.1284;0.9036;1.003
5.704774495;0.7076;0.1951;0.8434;1.121
5.720185265;0.6403;0.0833;0.5025;0.819
5.724563111;0.4816;0.0027;0.7066;0.859
5.739015303;0.4444;0.2132;1.1622;1.268
5.746572688;0.5088;0.273;1.1465;1.289
5.754448226;0.7087;0.2417;1.2498;1.461
5.764911995;0.7015;0.3599;0.9962;1.274
5.774501688;0.6538;0.112;0.2459;0.705
5.78447738;0.7742;0.0573;0.6317;1.002
5.795958534;0.6766;0.0362;0.9432;1.165
5.804309803;0.482;0.254;0.9221;1.076
5.81751038;0.3764;0.3057;1.391;1.48
5.82474188;0.2913;0.1142;1.219;1.265
5.835741688;0.3936;0.0181;0.8643;0.955
5.84811838;0.723;0.0338;0.7195;1.022
5.854773188;0.495;0.1384;0.845;0.993
5.864801995;0.5074;0.2099;1.0652;1.204
5.874440611;0.9003;0.4239;1.1048;1.49
5.885272265;0.8501;0.1055;0.741;1.134
5.899342149;0.5867;-0.1048;0.5039;0.781
5.904825226;0.6152;0.3953;0.9999;1.243
5.92032588;0.6845;0.2673;1.2489;1.454
5.945481303;0.6444;0.0064;0.4033;0.76
5.947575072;0.6444;0.0064;0.4033;0.76
5.948704226;0.7779;0.2288;0.5734;0.994
5.954644572;0.5747;0.3412;1.2205;1.397
5.966182649;0.6925;0.281;1.0112;1.261
5.97453038;0.7371;-0.0172;0.5678;0.931
5.984462765;0.3983;0.0443;0.9871;1.071
5.998928841;0.5756;0.1946;1.4737;1.6
6.004320034;0.5483;0.2801;0.9186;1.11
6.018332457;0.4003;-0.0424;0.3225;0.516
6.024901957;0.8504;0.0682;1.0888;1.386
6.03714688;0.8882;0.3996;1.312;1.638
6.046187188;0.552;0.1776;0.3107;0.657
6.055076995;0.8556;0.0079;0.5482;1.016
6.064475188;0.7961;0.2161;1.3086;1.551
6.074490495;0.5883;0.3247;0.6499;0.937
6.084479264;0.7812;-0.0799;0.3002;0.838
6.095492572;0.5161;0.1772;1.5009;1.603
6.105023495;0.1754;0.0147;0.946;0.969
6.114369995;0.7167;0.0641;0.4581;0.853
6.124338611;0.6634;0.1065;1.0528;1.253
6.135456457;0.5184;0.0919;0.6436;0.834
6.152987649;0.7335;0.0658;0.481;0.879
6.154654687;0.5387;0.272;1.2531;1.396
6.164418803;0.3915;-0.116;0.7021;0.816
6.174617572;0.7406;0.0716;0.9965;1.247
6.184461572;0.6534;0.321;1.1682;1.381
6.195574149;0.7026;0.029;0.3549;0.786
6.204265418;0.7771;0.0007;0.9713;1.247
6.214672418;0.8421;0.2788;0.9111;1.274
6.224752264;0.7721;0.0228;0.3872;0.863
6.237253649;0.5014;-0.0093;1.0893;1.204
6.260828995;0.5082;0.0866;0.7237;0.892
6.262306803;0.4842;0.0754;0.7408;0.892
6.26482961;0.4167;0.1116;1.0287;1.121
6.27464038;0.6837;0.0435;0.5291;0.866
6.285074687;0.4887;0.1275;0.8682;1.009
6.296848341;0.5349;0.0981;0.4874;0.732
6.305008803;0.8112;0.042;0.7443;1.103
6.314914226;0.6155;0.21;0.7895;1.026
6.324740533;0.502;-0.0154;0.3641;0.62
6.337844649;0.6613;0.1214;1.0711;1.269
6.366194495;0.8579;0.0022;0.6728;1.091
6.368472726;0.6127;0.2086;0.9221;1.13
6.369782764;0.4207;-0.0585;0.38;0.571
6.374783457;0.7245;-0.0948;1.483;1.658
6.385021649;0.8761;0.1929;0.8168;1.215
6.399888687;0.5729;-0.0728;0.1029;0.582
6.404681187;0.4581;0.1941;0.2837;0.573
6.415064533;0.4803;0.0176;0.8462;0.977
6.424878764;0.2847;-0.0347;1.4727;1.507
6.439101726;0.4913;-0.0464;1.2757;1.373
6.445364956;0.3588;-0.0039;1.2134;1.272
6.46539911;0.2465;-0.1027;1.0871;1.126
6.466914803;0.6033;0.0326;1.1108;1.269
6.474284995;0.675;-0.0299;0.4834;0.831
6.484391264;0.4472;0.0195;0.6649;0.805
6.496312841;0.5829;-0.0408;0.7371;0.943
6.504307803;0.4302;-0.073;0.8496;0.96
6.514479956;0.39;-0.0677;1.6477;1.701
6.524656187;0.455;-0.1498;1.2306;1.326
6.53616088;0.0745;0.0006;0.6536;0.665
6.555270533;0.8707;0.0178;1.1836;1.473
6.55728511;0.3214;-0.2601;0.696;0.814
6.565332226;0.1147;-0.0169;0.8538;0.869
6.574349264;0.4836;0.0221;0.6728;0.832
6.584252187;0.7387;-0.1834;0.7519;1.071
6.597175687;1.1062;-0.0236;1.0115;1.5
6.604781764;1.1906;-0.0316;0.3859;1.249
6.614407649;0.7785;0.0668;0.749;1.084
6.624467879;0.9385;-0.0094;0.8091;1.24
6.634700533;0.5764;-0.0899;0.8539;1.038
6.652824302;0.0862;-0.1699;1.0439;1.069
6.655062302;0.1506;-0.2525;0.7943;0.853
6.664471149;0.1468;0.0302;1.1969;1.214
6.674516226;0.3232;-0.2304;0.5861;0.712
6.684805764;0.5173;-0.001;1.0556;1.18
6.695170687;0.6894;-0.1041;0.9459;1.178
6.704441341;0.5749;-0.1972;0.5545;0.824
6.720251341;0.6696;0.0448;1.2923;1.461
6.725105764;0.7012;-0.1803;0.9614;1.206
6.743137995;0.4046;-0.1576;0.9759;1.073
6.745586995;0.4521;-0.0078;1.3569;1.436
6.754557225;0.563;-0.2693;0.6754;0.922
6.764905379;0.3167;0.0093;0.9119;0.971
6.774519725;0.3034;-0.0118;1.2305;1.274
6.784851264;0.383;-0.3723;0.7888;0.956
6.795263341;0.0939;-0.114;1.3674;1.383
6.804866187;0.2566;-0.1654;1.1631;1.209
6.814655225;0.605;-0.253;0.7951;1.033
6.824516802;0.5371;-0.0842;1.2751;1.391
6.835780302;0.4036;0.0016;0.8353;0.933
6.855944841;0.5383;-0.1702;0.299;0.637
6.857732495;0.6606;-0.1776;0.8488;1.093
6.865082802;0.8493;0.0128;1.1368;1.422
6.874423264;0.4551;-0.1353;0.4624;0.664
6.884387072;0.1994;-0.4758;0.8345;0.986
6.894773725;0.4979;-0.0599;1.9721;2.041
6.904348264;0.5409;-0.1004;0.9819;1.13
6.914653148;0.1393;-0.168;0.2974;0.373
6.924453995;0.264;-0.2053;1.0873;1.144
6.935383456;0.7111;0.0749;1.128;1.339
6.956010879;0.4967;-0.0627;0.2138;0.542
6.958545456;0.2232;-0.2366;0.5664;0.658
6.965776841;0.5453;-0.1148;1.5589;1.661
6.974343725;0.693;-0.2957;1.3462;1.547
6.984961879;0.3963;-0.4476;1.0614;1.223
6.996526918;0.2409;-0.1143;1.4583;1.49
7.004795995;0.052;-0.0215;1.0898;1.099
7.014472264;-0.1841;-0.202;0.4341;0.521
7.024400379;0.3112;-0.1482;1.1373;1.195
7.035413071;0.4272;0.0805;1.4641;1.534
7.054879571;0.5502;-0.1611;0.573;0.812
7.056294302;0.9236;-0.2168;0.8013;1.242
7.064399571;0.8049;-0.3666;1.187;1.483
7.074536225;0.4864;-0.118;1.1946;1.3
7.084384379;0.5133;-0.0225;1.2166;1.326
7.094971879;0.3787;-0.537;0.6813;0.949
7.104250225;-0.241;0.0065;1.2934;1.325
7.11621011;-0.1443;-0.028;1.3939;1.41
7.135170379;0.6423;-0.1152;1.2595;1.423
7.137426456;0.7605;-0.1997;0.274;0.83
7.145749379;0.6053;0.0728;0.4531;0.76
7.154446648;0.4964;-0.0599;1.0248;1.145
7.164780571;0.6398;-0.4194;1.2079;1.434
7.174452033;0.2102;-0.3511;0.9482;1.039
7.184540341;-0.0122;-0.0456;1.1317;1.141
7.194506071;0.0006;0.0241;1.4985;1.507
7.204817417;0.136;-0.3224;0.7358;0.821
7.219967687;0.2355;0.0111;0.6653;0.712
7.242391494;0.4432;-0.0978;0.8706;0.986
7.243928379;0.5312;-0.032;1.1415;1.264
7.246474071;0.5341;-0.0828;0.9934;1.135
7.254800494;0.431;-0.4434;0.5143;0.806
7.264327571;0.3881;-0.2172;1.1895;1.276
7.274459802;0.2573;0.0103;1.5784;1.606
7.284756148;0.2788;-0.2228;0.956;1.026
7.294417148;0.0169;-0.3533;0.7083;0.798
7.304354917;-0.0144;-0.1538;1.2345;1.252
7.317588302;0.2248;0.2034;1.5323;1.569
7.324989071;0.3696;-0.4793;0.3564;0.702
7.340903494;0.1083;-0.0311;0.9039;0.918
7.344965917;0.1876;-0.0395;1.4804;1.5
7.354632802;0.4818;-0.2968;0.3747;0.678
7.364860994;0.304;0.0032;0.8226;0.883
7.377002917;0.4548;-0.2111;0.5235;0.727
7.384829687;0.5454;0.0437;0.6232;0.832
7.396268571;-0.1983;0.0009;0.5113;0.558
7.404447763;-0.0304;0.0635;2.2585;2.268
7.414620302;-0.3657;-0.2146;1.8475;1.905
7.43503861;-0.2155;-0.1309;1.0536;1.092
7.43789984;-0.8127;0.0129;1.4294;1.654
7.466617879;-0.7577;-0.6819;1.1793;1.567
7.469572225;0.3336;-0.3528;1.589;1.668
7.47125184;-0.2651;-0.3599;2.3237;2.375
7.475942687;-0.342;-0.6909;1.9473;2.102
7.485129033;0.0812;-0.3321;1.5515;1.596
7.499425648;-0.4941;0.0237;1.8429;1.918
7.505034533;-0.4496;-0.3902;1.1838;1.334
7.51475634;0.5629;-0.0717;1.279;1.404
7.53159811;0.3101;0.24;1.6095;1.664
7.535140494;-0.3473;-0.2901;0.589;0.751
7.550024725;-0.0136;-0.1171;0.4668;0.489
7.554890533;0.7703;-0.0149;1.266;1.486
7.56435884;0.9995;-0.4402;0.3137;1.133
7.575520956;0.9894;-0.3279;0.3679;1.102
7.584413456;1.1211;-0.4154;1.1396;1.653
7.594757802;0.8514;-0.4263;0.5814;1.115
7.604853494;-0.1209;-0.1948;1.1461;1.177
7.615514571;-0.4768;-0.334;2.1078;2.196
7.624445494;0.2853;-0.1906;1.148;1.204
7.637195379;0.1013;-0.0132;0.594;0.61
7.647741686;-0.4459;0.0227;1.0509;1.152
7.654484917;-0.0288;-0.4244;1.1752;1.257
7.664531609;0.0991;0.1532;1.3287;1.349
7.674696494;-0.1002;-0.2741;0.705;0.771
7.684318456;0.2156;-0.3059;1.5708;1.622
7.694400263;0.145;-0.1395;1.4236;1.445
7.704901763;-0.3036;-0.2875;0.3086;0.527
7.718571725;0.0259;0.2171;1.112;1.142
7.724527379;0.4704;-0.3281;0.577;0.815
7.737471917;0.4139;-0.0762;0.8427;0.947
7.748854725;0.2114;-0.2585;0.9989;1.06
7.754807494;0.0434;-0.3336;1.3877;1.435
7.765046186;0.0599;-0.1311;1.4036;1.419
7.776870802;0.1432;-0.2066;0.6366;0.69
7.784348571;0.202;-0.1371;1.0994;1.133
7.794414032;-0.0158;-0.3037;0.8285;0.89
7.804472071;0.0546;0.0291;1.2585;1.268
7.815402456;-0.0547;-0.1884;0.9239;0.953
7.833706917;-0.2739;-0.1551;1.3784;1.423
7.83546484;0.336;-0.2538;0.9287;1.025
7.844917609;0.4516;-0.0713;0.9131;1.026
7.854239302;0.0591;-0.2459;0.7755;0.823
7.865145648;-0.1298;-0.309;1.183;1.238
7.87567784;0.0649;-0.1683;1.5238;1.542
7.884416571;0.0065;-0.2322;0.9355;0.972
7.895579186;-0.1954;-0.0418;1.2419;1.267
7.905039071;-0.1643;-0.2365;0.7833;0.843
7.914570994;0.3778;-0.0272;1.1055;1.175
7.93518384;0.4693;-0.2281;0.6734;0.855
7.937452763;0.0744;-0.1494;0.9033;0.926
7.963305494;0.1641;-0.2525;1.0353;1.085
7.965730302;0.3362;-0.2954;1.667;1.733
7.967082032;0.14;-0.2607;0.8777;0.933
7.976896032;-0.1408;-0.1792;1.1866;1.217
7.984756686;0.036;-0.3224;0.8072;0.877
7.99682734;0.3672;-0.063;1.3153;1.373
8.004513609;0.2505;-0.2562;0.7501;0.836
8.014503725;-0.0548;-0.1621;1.2731;1.293
8.036019417;0.0548;-0.1877;0.9963;1.023
8.038757609;0.2872;0.0646;1.0042;1.053
8.058687225;0.2708;-0.2549;0.8267;0.912
8.060699725;0.4246;-0.0386;1.2145;1.293
8.06472884;0.0875;-0.0601;0.8105;0.825
8.078684648;-0.3045;-0.3972;0.7402;0.902
8.084312378;0.2163;-0.029;1.9496;1.969
8.094699109;0.2207;-0.3968;1.0705;1.169
8.104449609;-0.2784;0.1324;1.0838;1.136
8.115835301;0.0231;-0.2202;0.3961;0.46
8.132988917;0.535;-0.0934;1.2647;1.382
8.134858378;0.4368;-0.2244;0.9946;1.114
8.144271686;-0.0517;-0.0982;1.0743;1.088
8.154472532;0.1246;-0.1643;0.8219;0.854
8.164159071;0.2845;-0.2693;1.3501;1.412
8.175354994;0.0106;0.014;1.4667;1.475
8.184495417;0.0955;-0.333;0.5058;0.618
8.194254686;-0.01;-0.0137;1.4321;1.44
8.204526994;0.1333;-0.2343;0.7811;0.833
8.215014724;0.1134;-0.1891;1.0172;1.048
8.235327917;0.1251;-0.0453;1.0172;1.033
8.236933494;0.1852;-0.2639;0.6822;0.76
8.244783878;0.0798;0.0794;0.572;0.59
8.254557917;0.2413;-0.039;1.315;1.345
8.265170109;0.482;-0.2833;0.7238;0.918
8.275419647;0.5513;-0.0746;1.3452;1.461
8.285364263;-0.1131;-0.1743;1.0989;1.127
8.294354763;0.0501;-0.4031;0.6781;0.796
8.304495378;0.1942;0.1169;1.7934;1.815
8.315285609;0.133;-0.3294;0.6203;0.72
8.337288032;-0.1302;-0.1583;0.9102;0.942
8.339114224;-0.1059;-0.0461;1.4406;1.454
8.346441878;0.3606;-0.3384;0.8153;0.958
8.35456534;0.1702;0.0343;1.3944;1.413
8.364930994;0.1456;-0.1873;0.5782;0.631
8.375230378;0.4352;-0.1808;0.7612;0.899
8.384257186;0.1891;0.0159;1.3836;1.404
8.394492378;0.3235;-0.3404;0.5054;0.692
8.404511878;0.0319;-0.0792;1.5945;1.605
8.415822378;-0.2304;-0.1393;1.3917;1.426
8.437981186;0.0454;-0.3638;0.6952;0.792
8.440281109;0.069;0.1513;1.58;1.597
8.444393763;0.1829;-0.3065;0.678;0.771
8.454534686;0.4053;-0.2283;0.426;0.632
8.46440034;0.4402;0.1527;1.1692;1.264
8.476875647;0.5474;-0.3226;0.529;0.828
8.484556224;0.2259;-0.1586;0.9052;0.953
8.494945917;0.2196;0.0254;1.0919;1.121
8.504364647;0.2703;-0.3735;0.7959;0.925
8.51602634;-0.0165;-0.0192;1.4591;1.468
8.535536224;0.182;-0.0171;0.8951;0.92
8.537717724;0.1501;-0.3547;0.6857;0.792
8.54715457;0.1226;0.0633;1.8225;1.836
8.554556993;0.3524;-0.1549;0.7981;0.891
8.564807993;0.0428;-0.3799;0.508;0.641
8.574431878;-0.0248;0.0836;1.5621;1.573
8.584560032;0.4272;-0.1325;0.8261;0.944
8.594952724;0.4913;-0.3382;0.3995;0.718
8.604758378;0.1214;0.015;1.5144;1.527
8.61479634;0.1386;-0.2007;1.0836;1.118
8.641925147;0.2509;-0.3404;0.5173;0.672
8.643416686;-0.0542;-0.0219;1.4713;1.481
8.645097916;-0.0086;-0.0661;1.1796;1.19
8.65440807;0.1489;-0.3142;0.5102;0.622
8.664657686;-0.0325;-0.0283;1.1907;1.2
8.676514763;0.0644;0.054;1.2893;1.3
8.684313263;0.3238;-0.3811;0.5397;0.738
8.694325916;0.0228;-0.2246;1.001;1.034
8.704242493;0.143;0.0827;1.5851;1.601
8.714536109;0.3352;-0.3193;0.6817;0.828
8.73238107;0.027;-0.3489;0.7204;0.807
8.734353686;0.2893;0.0905;1.6439;1.679
8.744338916;0.5321;-0.0795;0.7783;0.949
8.755636724;0.171;-0.4715;0.071;0.504
8.765043955;0.1493;0.2052;1.7133;1.74
8.774683801;0.272;-0.13;1.3381;1.378
8.784439224;0.1728;-0.4997;0.5171;0.743
8.794530301;0.0667;-0.1407;1.4642;1.48
8.805133532;0.1983;0.2044;1.5846;1.618
8.816695224;0.3181;-0.38;0.4047;0.641
8.840264301;0.0965;-0.3238;0.3571;0.495
8.842281609;0.1595;0.1648;1.2211;1.25
8.844814609;0.4168;-0.0552;1.149;1.229
8.854801186;0.2339;-0.5181;0.6092;0.837
8.864807609;0.0211;-0.0475;1.0434;1.053
8.876021186;0.1643;0.2035;1.4907;1.521
8.884883993;0.3718;-0.3575;0.6346;0.821
8.894684993;0.4035;-0.3481;0.5567;0.773
8.905061186;0.2504;0.3057;1.4269;1.488
8.915192724;0.2658;-0.0602;1.0224;1.064
8.938592339;0.3233;-0.5008;0.4978;0.779
8.940535916;0.2962;-0.017;1.0442;1.092
8.944809032;0.1449;0.172;1.1538;1.183
8.954676147;0.027;-0.2987;0.6848;0.754
8.964823109;0.231;-0.3652;0.4797;0.649
8.976367955;0.5134;0.1633;1.1192;1.247
8.984304493;0.3215;-0.0612;1.1281;1.181
8.994629993;0.4385;-0.2108;0.6262;0.796
9.00474207;0.8894;-0.0911;0.384;0.971
9.016375262;0.1184;-0.0066;1.0816;1.096
9.035297878;-0.463;0.0117;1.4752;1.556
9.037757378;0.1286;-0.1793;0.8373;0.873
9.046434532;0.0801;-0.2923;0.6913;0.761
9.054397108;-0.2917;-0.1507;1.24;1.292
9.064819455;0.2072;0.1743;1.4514;1.484
9.074861608;0.3216;0.0415;0.7379;0.811
9.084293262;0.1434;-0.3814;0.0007;0.404
9.094476532;0.4812;-0.2195;0.7531;0.924
9.104290916;0.3512;0.2149;1.5281;1.589
9.114711147;0.1131;-0.0756;0.6902;0.711
9.128892531;0.0865;-0.3177;0.6801;0.762
9.134508108;-0.0021;0.0636;1.3877;1.398
9.151056108;-0.0911;-0.0682;1.4946;1.507
9.159949647;-0.1003;-0.0585;0.9042;0.92
9.164496224;0.07;-0.2106;0.2935;0.373
9.174751301;0.2692;-0.2996;0.6103;0.735
9.184482993;0.1851;0.1231;1.4517;1.476
9.194841993;0.2788;0.1047;1.1838;1.228
9.206932839;0.1919;-0.2075;0.6983;0.759
9.214326839;0.0027;-0.2835;0.6287;0.697
9.228350454;0.2814;-0.1038;0.601;0.676
9.234596493;0.356;-0.0169;0.8716;0.947
9.252157454;0.1394;0.1316;1.2814;1.303
9.255748608;0.4279;-0.0446;0.9083;1.01
9.264936493;0.0435;-0.3086;0.6098;0.691
9.27483007;-0.1516;-0.331;0.6806;0.78
9.284569647;0.1449;0.0353;1.3189;1.335
9.294950301;-0.0459;-0.0092;1.3974;1.407
9.30643207;-0.1995;0.0512;1.2573;1.283
9.314383724;0.1728;-0.0782;0.9634;0.989
9.330541762;0.3507;-0.3843;0.614;0.808
9.334723762;0.1995;-0.2547;0.5915;0.679
9.350588454;0.3385;-0.0035;1.2617;1.313
9.359573031;0.2643;0.0302;1.3462;1.379
9.364463647;0.0351;0.0089;1.2557;1.264
9.375714877;0.1875;-0.0098;0.9206;0.946
9.384396531;-0.0266;-0.3418;0.7243;0.808
9.394414493;-0.0479;-0.3025;0.7314;0.8
9.406477185;0.1277;-0.0487;1.0599;1.076
9.414850993;-0.0869;-0.2157;1.1542;1.186
9.424348377;-0.1582;0.1809;1.4589;1.488
9.434580801;0.1512;0.0073;1.1765;1.194
9.4498983;0.1206;-0.0741;0.7208;0.742
9.474314147;-0.1366;-0.1606;0.6754;0.716
9.476157185;0.1424;-0.2873;0.677;0.755
9.477536108;0.1652;-0.2307;0.8468;0.899
9.484375454;0.0515;0.0621;1.1463;1.157
9.494369993;0.3953;0.0933;1.1793;1.253
9.506564108;0.3369;0.0677;1.1957;1.251
9.514432147;0.1218;-0.0877;0.8819;0.902
9.524296685;0.3699;-0.1349;0.6282;0.745
9.534460454;0.3919;-0.1296;0.5571;0.696
9.547703724;-0.0004;-0.3329;0.8906;0.958
9.573570377;0.1203;-0.0276;1.1197;1.134
9.575615877;0.2569;0.0996;1.2558;1.293
9.5764623;-0.0269;0.0393;1.1845;1.194
9.584383454;-0.1644;-0.0993;1.1121;1.137
9.594300839;0.1412;0.0005;0.9324;0.95
9.60607207;0.2273;-0.1691;0.6724;0.735
9.614644262;-0.041;-0.1824;0.5373;0.577
9.624570339;0.2168;-0.2189;0.4637;0.561
9.63457257;0.4504;-0.138;0.7013;0.848
9.651449839;0.2077;-0.0796;0.8588;0.894
9.654751531;-0.0075;-0.1869;1.1507;1.174
9.6645488;0.1313;0.0026;1.3202;1.334
9.678920723;0.1062;0.0597;1.3618;1.375
9.684859185;0.082;-0.0497;0.9963;1.009
9.694658993;0.1594;0.0331;0.9064;0.928
9.706503493;0.1245;-0.1724;0.7203;0.758
9.714393031;0.406;-0.1287;0.6432;0.775
9.724479493;0.264;-0.206;0.7332;0.811
9.734844608;0.1022;-0.2869;0.6842;0.755
9.747555031;0.1427;-0.012;0.7071;0.728
9.770560377;0.1873;-0.0616;0.6015;0.639
9.772932685;0.0404;-0.1945;0.5571;0.598
9.775501723;0.0517;-0.055;0.8212;0.832
9.784233993;0.218;-0.0338;1.1882;1.216
9.794751031;0.2156;0.0131;1.2174;1.244
9.805806723;0.0022;-0.0956;0.8853;0.898
9.814346646;-0.0297;-0.0656;0.837;0.848
9.824988608;0.3679;0.0903;1.2156;1.28
9.834529262;0.2477;-0.0381;1.1195;1.154
9.847453685;-0.1162;0.0139;0.9075;0.924
9.871076954;0.0087;-0.222;0.8518;0.888
9.872942069;0.3508;0.0051;0.8753;0.948
9.874653262;0.152;-0.0817;0.7636;0.79
9.884536992;-0.0408;-0.036;0.6344;0.645
9.894399377;-0.0249;-0.2027;0.7988;0.832
9.907381069;0.2562;-0.1902;0.9715;1.029
9.914530262;0.1675;-0.063;0.9408;0.965
9.924904569;-0.1167;-0.0217;0.8025;0.82
9.9350903;-0.1476;-0.1676;0.9223;0.958
9.950392223;0.1459;-0.1119;1.0288;1.052
9.975505992;0.0959;0.0018;0.7971;0.81
9.977466954;-0.028;0.0413;1.1706;1.18
9.978479646;0.1538;-0.1278;1.1445;1.169
9.984737877;-0.2791;-0.1731;0.937;1.002
9.994768108;-0.2035;-0.0728;1.0608;1.092
10.00732388;-0.1582;-0.1554;1.2899;1.317
10.02817226;0.3636;0.0511;0.7386;0.83
10.03483507;0.3744;-0.0244;1.0823;1.151
10.05039961;0.0493;-0.1776;1.1031;1.126
10.05940176;-0.0417;-0.2485;0.9142;0.956
10.06432469;-0.0849;-0.0881;1.114;1.129
10.07461695;0.0577;-0.0445;1.3937;1.404
10.08473665;0.0555;-0.1906;0.9874;1.015
10.09468949;0.0927;-0.066;0.621;0.638
10.10593661;-0.0867;-0.0713;1.0504;1.065
10.11463526;0.0018;-0.0985;1.5023;1.514
10.12478876;0.0459;-0.3595;0.8114;0.895
10.13469488;-0.077;-0.0249;0.784;0.797
10.14774361;0.0293;-0.0476;1.0895;1.099
10.17276299;0.347;-0.1626;0.9224;1.004
10.1743588;0.3171;-0.1466;0.5929;0.692
10.17581772;0.0015;0.1352;0.8651;0.884
10.18444726;0.1153;-0.2543;1.2441;1.282
10.19462742;0.0062;-0.2888;1.2792;1.319
10.20507688;-0.0425;-0.0816;1.1921;1.204
10.21452949;-0.0682;-0.0566;1.5097;1.521
10.22473795;-0.0203;-0.2283;1.1812;1.211
10.23468276;-0.0557;-0.0055;0.8904;0.901
10.24740053;0.2074;0.0938;1.0796;1.11
10.27084615;0.3638;-0.286;0.9441;1.056
10.27278388;0.2654;-0.1462;0.7332;0.799
10.27464815;-0.2383;-0.0851;0.9388;0.982
10.28448788;0.0369;-0.1865;0.953;0.979
10.29551253;0.07;-0.3321;1.0991;1.157
10.30452615;-0.0526;0.0608;1.1427;1.154
10.31465665;-0.1918;-0.1498;0.9377;0.978
10.32757361;0.114;-0.1975;1.2133;1.242
10.33631092;0.2358;0.0702;1.2079;1.24
10.35047699;0.2189;-0.0607;0.9554;0.989
10.36067972;0.3242;-0.1879;0.7882;0.878
10.36439945;0.0872;-0.0611;1.0128;1.026
10.37459322;0.1273;-0.1722;0.9345;0.966
10.38441822;0.2413;-0.2993;0.6576;0.766
10.39589288;-0.0009;-0.0614;1.1501;1.16
10.40679576;0.0759;-0.053;0.9998;1.012
10.41454857;0.1959;-0.104;1.167;1.195
10.42449903;0.038;-0.022;1.3748;1.384
10.43451657;-0.186;-0.1526;0.9922;1.03
10.44633599;-0.0044;-0.1726;0.7795;0.806
10.47067884;-0.076;-0.0689;1.1562;1.169
10.47204272;0.1531;-0.281;0.9024;0.964
10.47469318;0.1727;-0.1214;0.6896;0.727
10.48605122;0.1066;0.1042;1.0504;1.069
10.49454965;0.4336;-0.073;1.1338;1.222
10.50444868;0.1223;-0.1841;0.948;0.98
10.51445599;-0.0658;-0.0131;1.1506;1.161
10.52642299;0.1439;-0.3298;0.813;0.895
10.53441815;0.005;-0.1119;0.8814;0.896
10.55122149;0.0386;-0.1358;1.1295;1.146
10.55599584;0.0612;-0.0343;1.0667;1.077
10.56422465;0.0082;0.0674;0.9913;1.002
10.57434507;-0.0055;-0.1426;1.0806;1.098
10.58439465;0.2919;-0.3017;0.7183;0.837
10.59445688;0.0313;-0.0696;1.0169;1.028
10.60449007;-0.0468;-0.2262;0.9354;0.971
10.61452438;0.0027;-0.0216;1.1845;1.193
10.62605795;-0.0094;0.0217;1.4255;1.434
10.63468895;0.0795;-0.1213;1.026;1.044
10.6472823;0.1008;-0.1717;1.0136;1.04
10.65776772;-0.0614;-0.336;1.1033;1.163
10.66429176;0.1002;-0.1306;0.915;0.937
10.6746983;0.0696;0.0651;1.4141;1.425
10.68474407;0.0456;-0.0743;1.1836;1.195
10.69432272;0.0807;-0.1775;0.9696;0.996
10.70478268;-0.055;-0.2968;1.1727;1.219
10.71447084;0.133;-0.2278;1.0255;1.066
10.72679599;-0.0833;-0.2278;1.4787;1.507
10.73446518;-0.0354;-0.1204;1.2977;1.312
10.75117818;0.2392;-0.1385;1.0404;1.083
10.75682115;0.0858;-0.2817;1.2737;1.315
10.76448484;0.2595;-0.3803;0.774;0.905
10.77459403;0.0882;0.0566;1.1913;1.204
10.7859383;0.0884;-0.004;1.1474;1.159
10.79476103;0.3608;-0.039;0.9663;1.038
10.80430861;0.1709;-0.1991;1.1498;1.186
10.81473895;0.0854;-0.4123;0.9077;1.007
10.82669207;0.0854;0.0867;0.9077;0.924
10.84973503;0.1884;-0.0633;1.0746;1.1
10.85148653;0.0897;-0.175;1.0127;1.039
10.8549128;0.0617;-0.3886;0.5806;0.707
10.86446957;0.0506;-0.0094;1.1687;1.178
10.8749133;0.0139;-0.128;1.3087;1.323
10.88466618;0.0815;0.0401;0.9226;0.935
10.89478761;0.0982;-0.2108;1.2478;1.277
10.90597953;0.2878;-0.4214;0.83;0.979
10.91450645;0.0892;-0.1008;0.9609;0.978
10.92446111;-0.0035;-0.1253;1.3439;1.358
10.93454942;0.2163;-0.1212;0.9547;0.993
10.94472668;0.0175;-0.326;0.8895;0.955
10.96654295;0.3616;-0.3702;0.6957;0.871
10.97185453;0.3233;0.1036;0.9544;1.019
10.97475418;0.0526;-0.1065;0.8563;0.872
10.9875623;0.4398;0.009;0.8406;0.953
10.99448099;0.2253;-0.3954;0.7456;0.878
11.00486692;0.3465;-0.4043;0.6141;0.816
11.01472061;0.3869;0.2805;1.2698;1.363
11.02565368;0.0387;-0.2856;1.1076;1.152
11.0488523;0.2739;-0.1312;1.1233;1.17
11.05076911;0.1758;-0.329;1.1796;1.244
11.05944411;0.0645;-0.3704;0.9803;1.057
11.06474242;0.034;0.1146;1.4237;1.437
11.07473822;0.012;-0.1937;1.149;1.173
11.08591253;0.0392;-0.2417;1.1043;1.139
11.09426311;0.0215;-0.3845;1.4444;1.502
11.10452226;-0.229;0.1136;1.2781;1.313
11.11471122;-0.3775;-0.2422;1.449;1.526
11.1277143;0.1637;-0.3497;1.2279;1.294
11.15072138;-0.0667;-0.2242;0.7751;0.818
11.15462576;0.1625;-0.3435;1.1255;1.194
11.15588534;0.7448;-0.0057;1.166;1.387
11.1647078;0.0121;-0.028;0.9372;0.946
11.17455518;0.3539;-0.258;0.6685;0.803
11.18631034;0.6214;-0.1136;0.9879;1.176
11.19449888;0.0905;-0.1146;0.8945;0.914
11.2044783;0.6099;-0.2803;0.8353;1.074
11.21446265;0.7628;-0.3271;1.4356;1.662
11.22497299;0.5149;-0.4895;1.0734;1.291
11.25081076;0.9786;-0.302;1.3373;1.687
11.25609572;1.3276;-0.6667;0.5874;1.595
11.25807503;1.1911;-0.2435;0.7132;1.408
11.26475384;0.9533;-0.4606;0.4102;1.133
11.27448699;0.7169;0.101;0.6509;0.975
11.28563461;0.39;-0.1854;0.8258;0.936
11.29427288;0.0963;-0.219;0.7117;0.757
11.3047328;-0.3172;-0.4428;0.6963;0.892
11.31458499;-0.3435;-0.041;1.268;1.324
11.32805626;-0.114;-0.1627;1.0805;1.107
11.35596599;-0.2084;-0.0847;1.0647;1.097
11.35756984;0.0887;-0.2755;0.8445;0.899
11.35876384;0.377;-0.327;0.5766;0.765
11.36495461;0.4516;-0.1259;0.8241;0.952
11.37451576;0.722;-0.2315;1.0473;1.296
11.38607376;0.7648;-0.2193;0.9178;1.217
11.39437776;0.6527;-0.2847;0.7347;1.025
11.40454068;0.9204;-0.0873;1.2091;1.525
11.41465161;1.1765;-0.2902;0.5912;1.346
11.4273513;1.2755;-0.251;0.4562;1.375
11.46331057;1.0753;-0.1267;0.7713;1.329
11.46522699;0.6029;-0.3293;0.8147;1.068
11.46665084;0.2381;-0.2178;0.8143;0.882
11.47103141;0.0011;-0.0738;0.979;0.99
11.4748468;-0.2522;-0.3214;1.1186;1.199
11.48824107;-0.0139;-0.3161;0.7476;0.819
11.49459484;-0.0799;-0.1208;0.7674;0.789
11.50429365;0.001;-0.1983;1.1239;1.149
11.51461307;0.2889;-0.3982;0.9248;1.053
11.52678753;0.3955;-0.0884;0.8184;0.918
11.55058807;0.4043;-0.1104;1.0959;1.179
11.55440803;0.7738;-0.3502;1.0061;1.319
11.56452668;0.7842;-0.054;1.1029;1.358
11.5744338;0.4406;-0.4079;1.0514;1.215
11.58666207;0.5305;-0.2774;1.293;1.43
11.5942998;0.6606;-0.4823;1.1003;1.374
11.60434611;0.3803;-0.193;1.0966;1.182
11.6143513;0.2636;-0.2673;1.0922;1.161
11.62433791;0.3315;-0.2207;1.0683;1.146
11.64000634;0.4015;-0.3375;0.9564;1.095
11.64481461;0.5195;-0.0569;0.9842;1.119
11.66053241;0.3629;-0.1064;0.7265;0.824
11.66475449;0.3213;-0.2122;0.7595;0.856
11.67492061;0.4517;-0.2972;1.138;1.265
11.6848463;0.4517;-0.2166;1.138;1.249
11.69427799;0.3254;-0.2447;0.6776;0.795
11.70447891;0.3724;-0.3282;0.6729;0.84
11.71437538;0.5841;-0.3522;0.3985;0.789
11.72450888;0.7858;-0.3744;0.4955;1.0
11.74679322;0.5713;-0.3004;0.8711;1.087
11.74907722;0.5523;-0.2788;0.6884;0.928
11.75810576;0.8372;0.0269;1.0833;1.372
11.76440384;0.8183;-0.1441;1.1899;1.455
11.77426468;0.5769;-0.2828;0.9991;1.192
11.78586761;0.8121;-0.3324;0.6847;1.113
11.79440084;1.0732;-0.4439;0.4265;1.234
11.80415418;0.822;-0.6198;0.609;1.195
11.81477607;0.9326;-0.2612;0.7382;1.218
11.82747207;0.8462;-0.1643;0.7292;1.13
11.85321141;0.49;-0.2426;1.1341;1.264
11.85536876;0.3746;-0.2369;1.3042;1.383
11.85641045;0.5427;-0.2668;0.9713;1.148
11.86428684;0.3826;-0.4268;0.6803;0.893
11.87474553;0.4074;-0.4399;0.5182;0.794
11.88563476;0.3649;-0.2585;0.8659;0.979
11.89432726;0.4404;-0.2597;1.2995;1.402
11.90435738;0.3112;0.1859;1.5143;1.564
11.91498953;0.2654;-0.3266;0.9874;1.079
11.92497699;0.5912;-0.3483;0.7059;0.986
11.95562603;0.5546;-0.3944;0.9408;1.164
11.95758318;0.6155;-0.2792;1.1835;1.367
11.95845995;0.5207;0.0528;1.5194;1.613
11.96456307;0.3889;-0.251;1.0645;1.166
11.97446238;0.6317;-0.6216;0.4507;0.993
11.98513411;0.6302;-0.2948;1.3969;1.565
11.99471507;0.339;0.017;1.4977;1.542
12.00422899;0.3985;-0.1693;0.5903;0.735
12.01468995;0.549;-0.6083;0.5855;1.008
12.02892065;0.483;-0.1589;1.6672;1.749
12.05744411;0.3203;-0.0493;1.3602;1.405
12.05944718;0.4154;-0.1996;0.6318;0.785
12.06081307;0.4707;-0.3458;0.6129;0.849
12.06434595;0.4341;0.1263;1.1366;1.229
12.07487307;0.7318;-0.1274;0.706;1.026
12.0850318;0.7476;-0.3621;0.5296;0.984
12.0948348;0.4956;-0.0211;1.0073;1.128
12.10501461;0.8288;-0.3487;0.6587;1.115
12.11498399;1.1033;-0.3536;0.4027;1.223
12.12666176;1.0917;0.1998;0.2236;1.128
12.15484988;0.3292;-0.5426;-0.9007;1.093
12.15705945;1.6012;-0.1706;0.6212;1.723
12.15836649;1.3327;0.2436;1.1954;1.808
12.1643888;-0.6298;-0.6249;-0.5445;1.039
12.17466418;-0.2391;-0.4361;2.6933;2.747
12.18439565;1.3085;-0.9114;3.6264;3.967
12.19444811;0.6816;0.299;0.79;1.088
12.20444776;-0.8718;-0.3042;-0.836;1.244
12.21486572;-0.2623;-0.0418;1.4847;1.517
12.22720938;2.2261;-0.7742;3.6742;4.369
12.26225138;0.2183;0.0872;0.7111;0.755
12.26498891;-1.8313;-1.1032;1.5139;2.628
12.26731145;1.4414;-0.5608;3.9785;4.274
12.2697083;0.0567;-0.1919;1.5543;1.575
12.27561272;-1.0701;0.0039;0.2439;1.105
12.28724953;0.6433;-0.461;1.9984;2.155
12.29432595;1.7579;-0.2;2.1498;2.787
12.31027984;0.8959;-0.0853;0.9237;1.291
12.31439141;-0.2568;-0.2188;0.2433;0.424
12.32444572;0.219;-0.2741;0.152;0.381
12.34035507;1.0815;0.1925;1.6069;1.95
12.3443523;0.1101;-0.4372;0.4622;0.65
12.36426826;-0.0217;0.4223;0.7876;0.902
12.36714468;0.7255;0.1906;0.1453;0.76
12.37431322;1.4099;0.0321;-0.2467;1.424
12.38437699;2.8359;-0.2689;0.1679;2.848
12.39471157;2.8796;-0.0292;0.9406;3.026
12.40430234;1.2223;0.0787;0.1277;1.226
12.41470372;1.2921;0.661;0.178;1.459
12.42496045;0.62;-1.0174;1.4664;1.893
12.45340818;0.9681;-0.6105;1.8793;2.204
12.45555422;0.7776;0.07;0.2565;0.819
12.45637964;0.639;-0.4226;0.558;0.948
12.46447453;0.1193;-0.2718;2.6873;2.711
12.47470934;-0.5166;-0.7252;0.4249;0.992
12.48422522;0.7534;-0.1891;0.4455;0.894
12.49426845;1.1519;-0.2502;0.907;1.488
12.50476107;0.3999;-0.3088;1.2956;1.396
12.51474868;0.3972;-0.328;0.794;0.95
12.52678295;1.0582;-0.0424;0.7776;1.314
12.55489245;1.0582;-0.0424;0.7776;1.314
12.55628588;0.6288;0.1741;0.2893;0.712
12.55760299;1.0665;0.2033;0.8363;1.371
12.56439049;0.0217;-0.0363;1.3032;1.312
12.57475841;0.3434;-0.2658;0.5249;0.684
12.58441441;0.75;0.1887;1.3433;1.554
12.59444626;0.1677;-0.2359;0.2798;0.405
12.60486711;0.3916;0.1566;0.7361;0.853
12.61552888;0.822;-0.1142;1.1849;1.45
12.62716003;0.752;-0.0993;-0.0635;0.754
12.65482403;0.317;0.4391;0.507;0.746
12.65638468;0.7273;-0.3481;0.4429;0.919
12.65755288;0.8383;0.1711;1.0105;1.327
12.66435007;-0.2006;0.1608;0.7044;0.76
12.67459849;0.4195;-0.1824;0.0391;0.454
12.68498618;0.5229;-0.1874;1.9389;2.023
12.69435395;0.1998;-0.0589;1.1837;1.209
12.7045213;0.1814;-0.0518;-0.0006;0.183
12.72414657;0.7887;0.0733;1.2437;1.478
12.72605888;0.4412;-0.2169;0.7138;0.87
12.75209441;0.6558;-0.3297;-0.3679;0.812
12.75496438;0.4994;-0.0064;1.5069;1.593
12.7563088;0.3522;-0.5999;2.3144;2.423
12.76429618;1.6547;-0.2253;1.5909;2.308
12.77440407;0.5742;-0.0373;-0.5364;0.777
12.78602545;-0.3715;-0.1015;-0.5345;0.655
12.79452884;0.8982;-0.2189;0.637;1.122
12.8045668;2.4356;-0.2279;1.0332;2.653
12.82352126;0.5986;0.3336;0.0991;0.689
12.82549276;-0.5971;0.2273;-1.5991;1.717
12.85161545;0.2889;-0.011;-0.3179;0.42
12.85376722;1.4385;-0.3359;2.5366;2.939
12.85572249;0.4512;0.2513;1.6776;1.762
12.86635922;0.365;-0.4154;-0.9474;1.087
12.87510595;0.6924;0.2361;1.5587;1.727
12.88441172;0.3292;-0.7947;1.9587;2.145
12.89467614;0.9536;0.042;0.2911;0.995
12.90548672;0.7437;0.2113;-0.2432;0.803
12.9295023;0.6834;-0.4283;1.4479;1.662
12.93183972;0.8017;-0.1766;2.0521;2.216
12.93654668;0.2002;0.0671;0.8585;0.891
12.94485795;-0.6607;-0.0281;1.6622;1.799
12.96145807;-1.3558;-0.779;2.2391;2.74
12.96492361;-0.339;-0.2663;0.3423;0.559
12.9749163;0.9643;0.5233;0.6819;1.292
12.98437061;1.0381;-0.1652;-0.057;1.046
12.99475545;-0.4169;-0.1338;-0.314;0.538
13.00501011;-0.1069;0.1065;0.5602;0.59
13.01488695;1.5766;-0.4195;2.3993;2.905
13.02486157;0.6729;0.109;1.268;1.444
13.04800345;-0.382;0.0354;-1.307;1.356
13.05027588;0.8596;0.3732;-0.3659;0.999
13.0543258;0.853;-0.0478;1.0258;1.337
13.06646461;-0.8319;-0.396;1.1377;1.473
13.07418126;0.7737;-0.012;1.7095;1.882
13.08476349;1.4629;-0.2353;1.1896;1.901
13.09455918;-1.2146;-0.2262;0.4386;1.319
13.10434161;-0.9094;-0.3608;1.2344;1.585
13.11709061;1.3271;-0.5702;2.2468;2.675
13.12422399;0.4727;-0.1107;2.4443;2.499
13.13920368;-1.6007;-0.0404;0.1033;1.611
13.14449614;-0.7468;-0.9149;0.781;1.423
13.16621607;0.9082;0.3192;1.836;2.078
13.16789103;1.0265;0.1242;0.9521;1.407
13.17442257;0.4819;-0.1517;1.2531;1.356
13.18522368;-1.399;-0.8595;0.2855;1.672
13.19437903;-0.5229;0.5975;1.9107;2.079
13.20468322;0.6417;-0.5586;2.1124;2.283
13.21864403;0.0972;0.1097;1.1141;1.132
13.22484641;-0.3401;-0.1047;-0.5165;0.623
13.24039911;1.7906;-0.5185;0.6665;1.977
13.24497588;1.2571;0.2514;2.1263;2.487
13.27153418;0.1584;-0.4321;-0.0309;0.457
13.27367234;0.9589;0.4025;-0.4616;1.13
13.27515491;0.6997;-0.8317;1.1264;1.568
13.2843643;1.1175;-0.2215;1.9205;2.237
13.29447384;0.7064;-0.5656;0.4242;0.998
13.30484007;-0.5987;0.992;0.6379;1.331
13.31580599;-1.8046;-1.0925;1.3384;2.506
13.32430411;0.8337;-0.037;0.4046;0.926
13.34070303;1.4063;0.859;0.1365;1.65
13.34498864;-0.3859;-0.3793;0.192;0.58
13.36605449;0.2482;-0.6301;3.1457;3.225
13.36824964;0.9745;0.5088;-1.4412;1.803
13.37441464;0.5542;-0.3505;-1.4412;1.573
13.3851298;0.8504;-0.9527;3.0833;3.343
13.39456568;0.8504;-0.9527;2.2855;2.623
13.40439011;0.2922;0.2084;-0.0437;0.357
13.41707945;-0.6804;-0.0812;0.9339;1.168
13.42480118;-0.0149;-0.1582;2.5173;2.53
13.43436245;1.7635;-0.0247;1.6192;2.395
13.44431118;0.347;0.4774;0.7117;0.93
13.45479911;-0.7872;0.4956;1.0217;1.392
13.47518576;0.9212;-0.4476;1.6331;1.931
13.47703111;1.4132;-0.4558;1.4865;2.103
13.48598461;0.5367;-0.0617;-0.5739;0.778
13.49458114;1.0444;-0.1351;-1.2392;1.616
13.50428361;1.0629;-0.2454;0.3092;1.13
13.51519303;0.5443;-0.3199;1.6517;1.774
13.52421984;-0.0523;-0.3194;0.2732;0.429
13.53436699;0.2654;-0.139;0.4785;0.568
13.54452861;0.5512;-0.3638;2.1243;2.231
13.55482249;0.946;-0.4575;1.4923;1.828
13.57314787;0.7514;-0.3186;0.3495;0.885
13.57530926;0.7797;-0.1851;0.2133;0.825
13.58412084;0.461;0.0831;0.3853;0.608
13.5942693;0.3819;0.0299;0.4498;0.593
13.6045463;1.2796;0.1208;0.2652;1.308
13.61454307;0.3679;-0.5305;1.4803;1.621
13.62432918;-0.2011;0.0233;1.5586;1.581
13.63491926;-0.4369;0.1672;1.7429;1.814
13.64473349;-0.5287;-0.1617;1.3847;1.501
13.65599745;0.3249;-0.2621;0.7355;0.85
13.67517811;0.7863;-0.2722;0.4294;0.935
13.6766743;1.3759;-0.1233;0.7641;1.577
13.68531507;1.718;0.7884;0.588;1.977
13.69444341;0.1353;-0.6538;-0.137;0.677
13.7044773;0.425;-0.5101;1.7211;1.851
13.71643522;1.4944;0.1957;2.903;3.276
13.7243618;0.0453;-0.012;0.539;0.549
13.73452703;-1.5801;0.2125;0.669;1.738
13.74431291;-0.4652;-0.8752;1.5174;1.82
13.75826995;0.7457;0.1837;1.9528;2.104
13.78242434;0.6618;0.2094;0.2048;0.721
13.78434903;0.5443;-0.1532;-0.7544;0.932
13.78576884;2.1992;0.2552;0.2508;2.223
13.7945548;1.377;0.6221;0.8571;1.737
13.8044193;-0.4356;-0.8281;1.2171;1.543
13.81498895;1.2284;-0.5472;2.265;2.638
13.82433707;0.198;-0.0336;2.0392;2.057
13.83424768;-0.9857;-0.391;0.5362;1.196
13.84471895;-0.2777;-0.3073;0.4531;0.622
13.85512222;1.8597;-0.3696;0.7859;2.05
13.87921607;2.1095;0.7632;-0.088;2.24
13.88428222;0.0374;-0.1518;-0.3136;0.342
13.88548026;0.428;-0.1142;1.0901;1.182
13.89461157;1.7143;-0.3632;2.3284;2.917
13.90494191;0.52;0.2217;0.8421;1.018
13.9153203;-0.7807;-0.4456;0.1451;0.916
13.92473699;-0.3673;-0.2295;1.2097;1.294
13.93427091;0.0768;-0.4347;1.3258;1.404
13.94802607;0.3927;0.3207;0.9499;1.082
13.96173576;1.0141;-0.5702;1.1615;1.646
13.97468903;1.1828;0.0623;1.1856;1.678
13.99182422;0.586;-0.0012;-0.7778;0.964
13.99452472;0.0172;-0.0112;0.0102;0.024
14.00431922;0.1748;-0.2472;2.3713;2.398
14.01757776;0.9803;0.162;0.4951;1.109
14.02421245;0.0315;-0.065;-0.1966;0.2
14.0344998;-0.384;0.0851;1.5557;1.614
14.04433476;0.3293;-0.1107;1.562;1.607
14.05963949;-0.0708;-0.0895;0.5717;0.592
14.09686637;0.2272;-0.0265;0.6908;0.734
14.09836318;1.2118;-0.2864;1.0823;1.651
14.09980864;1.2617;0.1881;0.5945;1.406
14.10110787;0.9513;-0.0702;0.0068;0.948
14.10486941;1.8489;-0.4349;0.7657;2.045
14.11683611;1.4271;0.4609;1.1921;1.917
14.12430126;-0.5281;-0.2397;-0.155;0.603
14.13442887;-0.5879;-0.1677;0.0427;0.619
14.14431568;0.7873;-0.2038;2.0997;2.257
14.15452037;0.7497;-0.0291;-0.1776;0.763
14.17650384;-0.5687;-0.0166;-1.2783;1.394
14.1785483;-0.9892;-0.3028;2.8615;3.052
14.18905026;1.4848;-0.9488;3.6549;4.062
14.19467491;1.9002;0.8767;0.8444;2.255
14.20428107;-0.6132;-0.3988;-1.971;2.096
14.21472141;-0.6775;-0.1775;-0.5307;0.878
14.22437795;2.6864;-0.6218;3.2413;4.258
14.23441784;1.763;0.1297;1.5687;2.365
14.25302161;-1.3426;0.0291;-0.4872;1.431
14.25558557;0.0787;-0.4086;1.5033;1.567
14.27841414;1.5753;-0.198;0.0614;1.583
14.28033803;-1.2311;0.385;0.2837;1.329
14.28423522;0.6351;-1.0605;3.269;3.501
14.2952338;1.9185;-0.166;1.6402;2.53
14.30434045;1.0235;0.0953;-0.1065;1.027
14.31451345;1.4861;0.1875;0.0251;1.493
14.32469599;2.3214;-0.1372;0.4727;2.369
14.33536826;1.3849;0.1857;-0.3444;1.432
14.35473495;0.5182;0.1909;-1.0601;1.186
14.35613649;-0.6718;-0.6938;1.3764;1.69
14.36557284;0.9526;-1.0891;3.721;3.998
14.37425145;1.2929;0.3039;1.661;2.13
14.38412853;0.2701;0.3469;-0.4701;0.636
14.39643287;-1.0997;-0.0645;-0.253;1.134
14.41434461;3.879;0.8073;1.1109;4.112
14.42455372;1.4748;-0.5454;0.4471;1.631
14.44041776;-0.2551;0.3324;0.5759;0.722
14.4447733;-0.1342;-0.1979;2.2925;2.313
14.47341961;-0.9317;-0.7512;2.1129;2.437
14.47561268;-0.258;-0.277;1.1446;1.214
14.47639572;1.3226;0.2173;0.2249;1.355
14.48482111;1.961;-0.4613;-0.1864;2.016
14.4944288;1.9086;0.3439;0.5557;2.014
14.50429022;0.4198;0.2621;0.3428;0.603
14.51491384;-1.0559;-0.1262;0.6676;1.265
14.52423953;0.0694;-0.3749;1.3734;1.433
14.53695287;0.5584;-0.1109;2.055;2.139
14.55512826;0.5786;0.0864;-0.121;0.59
14.57873653;-0.0727;-0.0888;1.2307;1.245
14.58027868;0.6062;-0.4975;1.7122;1.888
14.58449599;1.4475;0.266;1.7239;2.269
14.59445595;0.1579;0.0198;0.6811;0.706
14.60441707;-0.4542;-0.1858;1.1127;1.226
14.61570607;0.4889;-0.0023;0.9261;1.052
14.62409653;0.315;-0.0386;0.6301;0.71
14.63468384;0.2769;-0.2982;0.8149;0.916
14.64478372;0.7749;-0.1501;1.0883;1.348
14.65406676;1.0499;0.0107;1.5505;1.876
14.67710987;0.994;0.257;-0.08;1.024
14.67867476;0.204;-0.0804;-0.7101;0.734
14.68408664;1.1059;0.0639;0.5813;1.25
14.69682618;2.0735;-0.449;1.2474;2.46
14.71434168;0.628;0.1301;-1.5419;1.66
14.72418784;0.3974;0.0651;0.4876;0.635
14.73651653;0.8259;-0.3739;2.5454;2.708
14.75949522;0.0475;0.0986;1.3704;1.383
14.76426495;-0.2157;-0.0877;-0.6229;0.659
14.76589491;0.7691;-0.0991;0.9403;1.221
14.77426945;1.2549;-0.3402;2.4363;2.766
14.78477214;0.0161;0.4378;0.0904;0.45
14.79578441;-0.6838;-0.0134;0.0205;0.69
14.80418684;0.9196;-0.4725;2.2958;2.523
14.81450014;1.4867;-0.0988;1.8835;2.404
14.82450957;0.3412;0.2696;-0.2693;0.504
14.83740084;0.2262;-0.0555;-0.2508;0.332
14.85892384;0.917;-0.0806;1.6869;1.926
14.86087814;1.0704;-0.182;1.3862;1.764
14.86444864;1.0107;-0.021;0.9354;1.378
14.87428253;1.0106;-0.0097;0.8427;1.317
14.8843946;-0.6227;-0.3915;0.8738;1.151
14.8982586;0.2354;0.0537;1.7809;1.805
14.90425537;1.5709;-0.336;1.0502;1.919
14.91500526;0.5433;0.3084;0.6106;0.876
14.92421626;-0.6483;-0.2505;0.2141;0.734
14.93466637;0.1835;-0.1242;1.1549;1.183
14.94473622;0.7514;-0.1524;2.8898;2.996
14.95481118;0.0313;-0.1316;1.4163;1.431
14.98444772;0.2774;-0.2056;-0.2098;0.395
14.98648426;1.1347;0.2706;2.2318;2.523
14.98768187;1.366;-0.4033;1.6524;2.184
14.99619487;1.0731;0.127;-0.1532;1.085
15.00476526;0.8738;0.1102;-0.4651;0.987
15.01448572;1.221;0.2195;0.0876;1.239
15.02433714;1.2557;-0.1066;0.8163;1.501
15.03651453;0.0905;0.1676;0.2849;0.349
15.0648413;1.0178;-0.098;1.8528;2.12
15.06677237;1.0178;-0.098;1.8528;2.12
15.0685108;1.5201;-0.1825;1.8317;2.39
15.07443557;1.2681;0.3494;-0.7241;1.493
15.08448553;0.6635;0.0428;-1.6422;1.762
15.0955733;1.4877;0.3105;1.2328;1.958
15.10440264;0.1273;-0.5334;2.3394;2.41
15.11467784;-1.2838;-0.4942;2.0903;2.512
15.12435634;-0.2218;0.1357;2.267;2.291
15.14111737;-0.4656;0.0104;0.0062;0.472
15.17213599;-0.6584;0.0076;-0.6867;0.95
15.17497964;0.7296;0.4597;1.1206;1.418
15.17777718;1.1959;-0.7505;2.3502;2.746
15.17922568;-0.6043;0.1113;0.8219;1.036
15.18588826;-1.2967;0.0621;0.0301;1.305
15.19648549;-0.1132;-0.2136;1.4444;1.473
15.20450245;0.8601;-0.4715;1.8405;2.09
15.21447334;1.139;0.4211;0.4149;1.281
15.22497084;1.1402;-0.2163;-0.6111;1.302
15.23822614;0.429;0.0249;1.2425;1.321
15.26922722;0.9362;-0.2129;1.9755;2.201
15.27138353;0.4826;-0.0387;0.7917;0.932
15.27220353;-0.299;-0.1947;0.376;0.527
15.2749441;-0.4428;0.2675;0.7771;0.944
15.28454253;0.7048;-0.4273;2.1745;2.331
15.29621772;0.4112;-0.2185;2.1184;2.176
15.30499603;-1.0684;-0.1204;-0.8139;1.348
15.31546895;-0.0752;0.2283;-0.6911;0.725
15.32455449;1.0735;0.1824;1.7363;2.054
15.3359903;1.0217;-0.7098;2.603;2.89
15.36524899;0.3775;0.289;0.2266;0.527
15.36660368;0.5718;0.1815;-0.9657;1.127
15.36766691;0.5789;0.0009;-0.2623;0.627
15.37448826;0.5624;-0.1641;1.3338;1.462
15.38488299;0.3453;0.1946;0.7766;0.877
15.39545218;0.1147;-0.1581;0.6803;0.714
15.40488584;0.4732;-0.2067;2.1629;2.23
15.41457557;-0.8028;0.0104;1.2224;1.473
15.42493091;-1.4557;-0.1611;-0.1706;1.479
15.43750334;0.4219;0.3556;0.5977;0.817
15.46540826;1.0493;-0.6599;2.0473;2.397
15.46742195;0.1495;-0.1418;1.1992;1.224
15.46822387;-0.7385;0.4241;0.3736;0.939
15.47429337;-1.4972;-0.4399;1.1733;1.962
15.4848776;-1.0677;-0.9539;1.9235;2.407
15.49582395;0.9649;0.3218;1.4953;1.812
15.50436722;1.3592;0.3909;0.3356;1.45
15.51432949;-0.7372;-0.2864;-0.6839;1.044
15.52452426;0.0387;-0.3462;1.8742;1.914
15.53562618;1.0908;-0.1248;2.2562;2.514
15.56210268;-0.0906;-0.0311;-0.4949;0.497
15.56473037;-0.2504;-0.0413;-0.911;0.939
15.56634603;0.5738;0.025;2.8997;2.963
15.57435899;1.2979;-0.9397;2.7418;3.18
15.58474034;-0.0547;0.4239;-0.1664;0.458
15.59471657;-0.4638;0.038;-1.0038;1.102
15.60469853;0.7494;-0.1495;0.398;0.86
15.61463564;2.3714;-0.1388;1.86;3.017
15.62450968;-0.0975;0.1151;0.9531;0.974
15.63455291;-1.0847;0.0541;-0.1011;1.096
15.66100857;-0.6541;-0.6265;2.3729;2.549
15.66332518;0.4534;-0.3413;3.0225;3.082
15.66524787;0.4322;0.205;-0.111;0.485
15.67436134;-0.178;0.0208;-1.1107;1.118
15.68467872;0.9473;0.0806;1.3942;1.691
15.69676857;2.6807;-0.1636;1.712;3.184
15.70435607;0.8735;0.0744;1.021;1.348
15.71457007;-1.6641;0.3731;-0.1381;1.717
15.72471737;-1.5658;-0.8639;0.7072;1.93
15.73493522;1.6901;-0.0393;2.9532;3.407
15.76623514;1.2358;0.4555;1.5508;2.038
15.76809153;-0.1694;-0.5179;0.652;0.856
15.7691763;0.7661;-0.0533;1.2183;1.444
15.77465191;0.5226;0.0705;1.5988;1.69
15.78446395;0.3417;0.0472;1.1847;1.24
15.79546787;-0.3149;-0.1308;-0.2885;0.445
15.80448433;-0.5035;-0.0028;1.1178;1.236
15.81453849;-0.1318;-0.1138;2.0178;2.034
15.82432749;-0.3073;-0.5299;1.548;1.673
15.83860691;-0.3612;-0.1274;0.7959;0.893
15.87354445;0.409;0.1968;0.317;0.555
15.8768723;1.2964;-0.0607;0.454;1.372
15.87770307;1.9706;0.0628;1.1024;2.258
15.87971883;1.491;0.1684;0.4833;1.573
15.88425868;0.7533;0.1556;-0.7142;1.04
15.8969063;-0.6511;-0.0331;1.1328;1.317
15.90443607;-0.6932;-0.2416;2.3356;2.458
15.91464614;0.4898;0.0854;0.4087;0.645
15.92428653;0.5992;-0.0219;1.0167;1.184
15.93709933;-0.2836;-0.3048;2.2434;2.29
15.96950764;0.2452;0.2251;0.722;0.801
15.97097895;0.1595;-0.1455;-1.1792;1.19
15.97211257;0.7363;0.211;-0.3634;0.839
15.97470341;1.0774;0.4191;0.7608;1.384
15.98487545;-0.3447;-0.5052;2.0284;2.127
15.99673757;0.4186;0.0114;1.9497;2.001
16.0043656;0.2243;-0.248;0.3465;0.484
16.01457787;-0.0579;-0.0187;-0.2617;0.262
16.02478695;1.4453;0.3656;0.4124;1.544
16.03491949;1.8948;0.0778;0.9612;2.125
16.06733426;0.1247;-0.2366;0.7012;0.757
16.06886095;-1.0889;0.0614;0.4022;1.171
16.06999618;-0.6632;0.037;0.6625;0.948
16.07480107;0.4032;-0.4617;1.1663;1.322
16.08472745;0.4192;0.189;0.9614;1.071
16.09446468;0.2974;0.3363;0.4278;0.624
16.10438733;0.6389;-0.2279;0.3622;0.767
16.11431491;0.3387;-0.4997;2.4647;2.545
16.12451722;0.2739;0.1726;1.4179;1.461
16.13715964;-0.1506;0.0646;-1.386;1.388
16.17075449;-0.5317;-0.0122;-0.6915;0.869
16.1723616;0.1728;-0.1807;2.8014;2.82
16.17414576;0.3716;-0.584;2.5258;2.626
16.17667503;-0.2737;0.0803;-0.0208;0.292
16.18430968;-0.8148;0.2427;0.6467;1.078
16.19456983;0.3855;-0.1781;1.6122;1.674
16.20440457;1.3752;0.1079;0.3045;1.409
16.21453057;1.1308;0.5697;-0.4408;1.334
16.22484076;0.2875;0.409;0.1852;0.534
16.23558349;0.1877;-0.8714;2.5929;2.749
16.27082933;-0.2822;0.023;2.5825;2.607
16.27299399;0.0765;0.1075;-0.0177;0.13
16.27477395;0.6472;0.1816;-0.0492;0.668
16.2759966;0.0266;-0.0997;1.0083;1.021
16.28454803;1.4716;-0.2122;2.0936;2.571
16.29495199;1.6336;0.0894;1.1451;1.997
16.30467968;-0.9716;0.0115;0.6506;1.179
16.31446645;-0.5162;-0.1688;1.4602;1.567
16.3244343;0.7341;-0.438;1.7536;1.956
16.33589391;-0.1059;-0.0559;0.4843;0.508
16.37652433;0.7738;0.3095;1.1865;1.454
16.37819707;1.7779;-0.2951;1.3731;2.266
16.37956591;0.2736;-0.3656;1.1511;1.244
16.38079164;-0.7686;0.4032;0.5262;1.024
16.38456422;-0.1317;-0.5962;1.0506;1.222
16.39485864;1.9215;-0.0472;2.0067;2.78
16.40445953;1.2302;0.27;0.6032;1.395
16.41454318;0.396;-0.0169;-0.2708;0.47
16.43486341;-0.2685;-0.2141;1.5691;1.615
16.43641207;-0.7216;-0.3479;2.1228;2.278
16.46906137;0.8322;-0.1553;0.8366;1.192
16.4707021;1.4933;0.2191;0.4983;1.587
16.47192714;-0.6959;-0.1744;1.2403;1.443
16.48045418;-0.6102;-0.5049;0.9566;1.251
16.48504587;1.2262;-0.0138;1.0038;1.585
16.49450968;0.6778;0.6165;0.4078;1.003
16.50426022;-0.4109;-0.375;0.0202;0.56
16.51450149;0.6965;-0.2064;0.8322;1.107
16.53384353;0.4874;0.2375;1.8624;1.946
16.5357913;-0.6556;-0.5111;0.834;1.186
16.56684003;0.632;-0.0989;0.7997;1.027
16.5682441;1.367;0.3039;1.1667;1.824
16.5695181;-0.2306;-0.1725;-0.036;0.293
16.5761913;-0.56;-0.2209;0.0686;0.612
16.5845681;1.3147;0.0967;2.3164;2.67
16.59518153;0.0377;-0.1085;1.5507;1.563
16.60499003;-0.927;-0.4117;0.2946;1.063
16.61461349;-0.023;0.1593;1.1047;1.125
16.63422414;0.4556;-0.1961;1.3249;1.42
16.63595857;0.9372;-0.2024;0.9703;1.366
16.66690999;0.7983;0.4952;0.3153;0.99
16.66834257;0.52;-0.1754;0.1447;0.564
16.66934464;0.6461;-0.0436;1.5115;1.65
16.67727126;-0.1341;-0.0011;0.6824;0.705
16.68472472;0.2654;0.1951;-0.395;0.506
16.69451822;1.0586;0.0005;1.1749;1.584
16.70485214;0.3968;-0.208;2.1601;2.213
16.7145908;-0.0826;-0.1594;0.6793;0.711
16.73344887;0.5167;0.0616;0.0741;0.521
16.73549391;0.0613;0.1512;0.8272;0.851
16.76811403;0.6981;-0.2056;0.7541;1.05
16.7695778;1.3831;0.1052;0.9072;1.657
16.77059068;-0.1419;0.1614;0.7573;0.797
16.78028583;-1.5793;-0.6511;0.9759;1.976
16.78483818;0.4501;-0.3906;2.1949;2.281
16.7943751;1.2512;0.6271;1.3452;1.944
16.80438203;-0.1715;-0.3687;-0.471;0.617
16.81512226;0.409;-0.1046;1.7994;1.855
16.83554272;0.519;0.2568;-0.4467;0.723
16.8378356;-0.7968;-0.0084;-0.9663;1.25
16.8714696;0.1783;0.1228;1.6775;1.699
16.87434856;0.8112;-0.5377;2.4518;2.643
16.87631122;-0.4417;-0.3011;0.7004;0.89
16.87814422;0.3862;0.4548;0.7041;0.928
16.88421653;0.2543;-0.1848;1.0975;1.148
16.8959311;-0.0368;-0.3891;1.1097;1.184
16.90427245;1.0488;0.3792;0.9383;1.459
16.91443756;0.4147;-0.006;0.7106;0.827
16.9324456;-1.2047;-0.7842;2.2052;2.641
16.93615872;0.2562;0.1154;1.8984;1.927
16.96823353;0.6062;0.1921;-0.8594;1.059
16.96978276;-0.6963;0.1477;-0.1973;0.742
16.97059422;0.8808;-0.4434;2.5482;2.738
16.97990287;2.1255;-0.1257;1.6977;2.724
16.9843956;0.2295;0.2239;-0.1436;0.345
16.99474299;-0.345;0.2575;-1.2645;1.33
17.00446822;0.2656;-0.2939;1.0459;1.124
17.01450183;0.9059;-0.268;3.0417;3.191
17.02611953;1.0046;-0.2125;0.966;1.411
17.03478387;0.7749;0.1471;-0.1275;0.792
17.05445533;-1.5123;0.1157;0.4855;1.601
17.05678026;-1.1133;-0.7097;0.9862;1.656
17.06478722;1.8352;-0.0297;1.9246;2.661
17.09335014;1.8683;0.6943;1.1026;2.277
17.09572937;-0.6291;-0.3093;-0.3541;0.786
17.0969358;-1.1331;-0.2067;1.9651;2.288
17.10422568;0.3403;-0.385;2.5777;2.636
17.11493299;0.9536;0.0669;0.5136;1.084
17.12775906;1.0343;0.0807;0.0791;1.035
17.1345123;0.5044;0.2202;0.1216;0.561
17.14870964;0.5701;-0.1843;0.9823;1.154
17.15568103;-0.4733;-0.1929;1.4792;1.574
17.18035168;0.2416;0.0586;1.3235;1.354
17.18231006;1.4018;-0.0564;0.6009;1.524
17.18484091;-0.1191;0.044;1.5818;1.596
17.19441664;-0.3641;-0.5328;0.6896;0.952
17.20480203;1.2756;0.0836;1.0757;1.672
17.21468091;0.8306;0.3753;0.7982;1.213
17.2260148;-0.0508;-0.2226;0.2125;0.317
17.23429164;-0.2769;-0.3192;1.8811;1.937
17.24940341;-0.0437;-0.2885;2.4557;2.481
17.2551676;0.1994;-0.1369;0.0317;0.239
17.27924553;0.7691;0.216;0.3509;0.871
17.28055003;0.7363;0.2834;0.4436;0.905
17.28501687;-0.0203;-0.3029;-0.1606;0.339
17.29483183;-0.2929;0.0713;1.2042;1.251
17.30443937;0.7967;-0.497;2.5923;2.763
17.31435341;1.4147;-0.097;2.203;2.624
17.32505303;-0.2615;0.305;-0.2396;0.468
17.33453937;-1.1573;-0.128;-1.8772;2.205
17.34440745;1.6846;-0.1406;0.7838;1.861
17.35473714;2.4327;0.3645;2.1493;3.268
17.36632006;-0.4741;-0.2009;0.3872;0.653
17.39556633;-1.4337;-0.088;-0.0575;1.443
17.39730056;-0.628;-0.1524;1.8845;2.002
17.39854564;0.6922;-0.4534;1.734;1.926
17.40610814;0.7272;0.3386;0.218;0.829
17.41469733;1.3326;0.1688;0.2095;1.355
17.42441064;0.5069;-0.3347;0.762;0.977
17.43470945;-0.8575;-0.0357;2.0145;2.2
17.4472756;-0.7569;-0.3464;0.9212;1.251
17.45499153;0.2577;0.0741;1.4277;1.46
17.47699203;0.4593;0.0318;2.152;2.208
17.47899318;0.2899;-0.2774;0.7468;0.852
17.4848168;-0.0311;0.0656;0.8215;0.833
17.49508618;0.1495;-0.0238;0.1988;0.253
17.50589672;0.8225;0.154;0.259;0.873
17.51483006;0.9919;0.2795;2.0495;2.299
17.52483795;-0.1991;-0.4451;1.6353;1.715
17.53467391;-0.658;-0.0934;1.6039;1.746
17.54695841;0.7923;-0.0086;1.0931;1.353
17.55478333;1.3298;0.2303;0.6535;1.498
17.57609733;0.901;-0.0718;0.0213;0.898
17.57775406;1.8561;0.3043;-2.0078;2.741
17.58441345;1.595;0.3435;-0.4991;1.698
17.59450383;-0.0682;-0.0602;1.8249;1.836
17.60484603;-1.8114;-0.7688;1.0314;2.23
17.61456195;0.243;0.2234;1.1043;1.16
17.6244486;1.6615;0.1135;1.6618;2.354
17.63456568;0.5658;-0.3628;0.6852;0.962
17.64703914;-0.4066;-0.2034;0.2394;0.522
17.6548408;0.0685;0.189;1.2651;1.289
17.67591218;0.1862;-0.6649;2.3265;2.434
17.67792706;-1.077;0.0285;1.3435;1.732
17.68474891;-0.8804;-0.1994;-0.7213;1.155
17.6946538;0.5595;-0.0536;0.725;0.92
17.70474356;1.6378;-0.0719;0.1927;1.646
17.71471464;-0.5005;0.2707;0.5869;0.828
17.72597964;0.0241;-0.4207;2.2297;2.277
17.73456653;0.2213;-0.567;2.0757;2.17
17.74487991;0.4622;0.403;1.1947;1.349
17.75565268;0.4961;-0.197;-0.1364;0.543
17.76755264;0.2138;0.0772;0.785;0.824
17.8069988;-0.4559;-0.224;1.0927;1.214
17.80842837;0.2801;-0.479;2.4536;2.523
17.80962676;0.5185;-0.0177;2.9548;3.007
17.8108811;-0.618;-0.3889;0.1055;0.743
17.81450833;0.3994;0.3908;0.8014;0.982
17.8245351;1.084;-0.0413;0.3864;1.149
17.8343371;0.8204;-0.005;0.5078;0.964
17.84486487;0.6815;-0.3407;2.1322;2.27
17.85452845;1.7564;-0.0915;1.247;2.156
17.86787176;0.6453;0.4063;0.1609;0.777
17.90729606;-0.9938;0.0225;-1.3552;1.678
17.90952822;0.8281;-0.1951;0.6763;1.087
17.9106326;2.4842;0.0871;2.213;3.329
17.91223976;1.5893;-0.209;0.2209;1.613
17.91485433;0.3474;0.3665;-1.1391;1.237
17.92473087;-0.7705;0.3122;1.1202;1.405
17.93449126;-1.0582;-1.2192;2.7968;3.238
17.94944229;2.0622;0.0706;1.3654;2.474
17.95466299;2.4108;0.819;-1.2466;2.827
17.98493256;-1.0674;-0.0579;-0.1184;1.08
17.98689272;-2.6185;-1.2237;3.3219;4.413
17.99277268;-0.1231;-0.4802;2.7143;2.767
17.99445649;1.1989;0.6182;0.5334;1.449
18.00446406;-0.3235;0.0998;0.244;0.427
18.01463183;-0.9385;-0.9606;1.7936;2.249
18.02596722;1.1485;0.2618;1.5618;1.96
18.03441187;1.1082;0.1996;-0.7442;1.341
18.04437476;0.4884;0.2036;-0.1006;0.532
18.05457872;-0.1059;-0.0222;-0.0017;0.114
18.06725618;-0.3889;-0.3332;1.8802;1.958
18.10917587;0.441;0.0076;1.7505;1.812
18.11108222;0.8829;-0.251;0.8025;1.22
18.11217864;0.7581;0.1087;0.8617;1.155
18.11355295;0.0892;-0.2796;-0.1642;0.329
18.11609553;0.2227;0.081;1.6656;1.69
18.12630733;-0.1088;-0.3806;1.9577;2.005
18.13473922;0.2322;-0.1434;1.4073;1.44
18.14443445;-0.0067;0.1695;0.4674;0.506
18.15436222;-0.653;-0.2867;-0.4342;0.835
18.16626745;0.6541;0.178;0.7066;0.981
18.21504364;1.229;0.3011;0.0384;1.261
18.21689241;0.0044;-0.3529;1.0605;1.125
18.21793745;0.6323;-0.2546;1.8686;1.995
18.21951918;0.4321;-0.074;1.0806;1.172
18.22103768;0.1895;0.3437;0.4802;0.626
18.22764849;0.1787;-0.4869;-0.0481;0.517
18.2348196;0.3861;0.0079;1.4898;1.546
18.24486376;1.8284;-0.1805;1.9379;2.672
18.25454249;0.7878;0.0875;0.8105;1.136
18.26600506;-1.0422;0.2864;-1.1951;1.609
18.31255956;-1.3552;-0.2465;-0.3623;1.428
18.31424264;1.5592;-0.28;3.5569;3.899
18.31599045;1.5482;-0.559;2.3906;2.906
18.31776372;0.3109;0.0811;0.4801;0.582
18.31887572;0.2073;0.1388;1.0134;1.051
18.32539137;0.1965;-0.2067;1.545;1.578
18.33454914;0.2156;-0.0217;0.7335;0.771
18.34484464;1.831;-0.0889;-0.7447;1.97
18.36435018;1.0651;0.5736;0.62;1.359
18.36633995;-0.4129;-0.3613;1.5794;1.681
18.40238868;-1.6292;-0.4291;1.5118;2.273
18.40615056;0.0187;0.1928;0.4718;0.518
18.40689106;1.3318;-0.1875;1.515;2.028
18.40957749;0.612;-0.4076;2.519;2.63
18.41488914;1.3795;-0.3379;1.1328;1.817
18.42477172;0.7892;0.5663;0.5264;1.105
18.43462903;-0.7881;0.1897;-0.1165;0.824
18.44740156;-1.4507;-0.863;0.8565;1.9
18.4876446;1.4193;0.0944;2.0544;2.502
18.48959141;1.0924;0.39;0.3023;1.196
18.49185918;-1.8911;-0.3039;0.556;2.002
18.49345587;-1.2424;-0.8363;2.4644;2.893
18.49545495;1.6723;-0.1002;2.8603;3.319
18.50707776;1.3123;0.5283;0.3934;1.466
18.51473414;-0.258;-0.479;-0.9014;1.047
18.52529756;1.4734;0.1592;0.598;1.596
18.5348471;-0.4569;0.6304;0.5227;0.946
18.54985756;-0.4569;-0.2062;0.5227;0.734
18.58591264;0.3067;0.0086;1.8625;1.895
18.58789787;0.7484;-0.172;2.4291;2.554
18.58912403;0.2005;-0.4432;1.3574;1.448
18.58997137;1.0653;0.028;0.0917;1.064
18.59453733;0.835;0.1537;0.5936;1.036
18.60621599;0.2762;-0.1661;0.5637;0.654
18.61441253;-0.5222;-0.1102;1.2213;1.343
18.62435195;-0.9568;-0.5139;2.6781;2.899
18.63471837;0.7261;0.1467;0.7178;1.033
18.64582268;0.5397;-0.2047;-0.0986;0.578
18.67875891;-0.5651;0.021;0.521;0.779
18.68034649;1.1309;-0.4722;2.2605;2.576
18.68172672;2.1442;0.4528;0.9153;2.373
18.68482779;0.0905;-0.0082;-0.8584;0.854
18.69488476;-1.0221;0.1411;1.3784;1.732
18.70558826;0.6488;-0.76;2.7272;2.911
18.71456183;1.0547;0.1912;1.4858;1.836
18.72442126;0.1619;0.2079;-2.2019;2.209
18.73463779;-0.658;0.425;0.6522;1.029
18.75065226;0.1972;-1.3232;3.9419;4.17
18.79797568;0.6754;0.0079;1.5812;1.725
18.79966987;0.5045;0.6121;-1.6031;1.78
18.80132637;-0.7964;-0.1437;-0.6522;1.039
18.80342979;0.9374;-0.8111;3.5927;3.807
18.80606753;2.3953;0.3983;1.0672;2.651
18.80753068;0.7759;0.3166;-1.6144;1.809
18.81456079;-0.9457;0.1463;-0.8639;1.288
18.82508145;-0.806;-0.9354;3.5488;3.766
18.83486918;0.9677;-0.0678;2.0591;2.281
18.84492183;1.6425;0.3087;-0.4717;1.729
18.86426406;-0.1178;0.1191;1.629;1.646
18.86633483;-0.3781;-0.7837;2.0811;2.264
18.90204622;0.0811;0.06;1.0191;1.032
18.90488518;0.633;0.5663;0.0274;0.847
18.90594079;-0.2662;-0.4829;0.3418;0.654
18.90846095;0.9644;-0.1258;1.1053;1.474
18.91434441;0.8446;0.4124;0.022;0.936
18.92539545;-0.5978;-0.1058;-0.6615;0.896
18.9344611;0.4592;0.1033;1.3351;1.422
18.94803133;1.7373;-0.3459;2.8796;3.385
18.97990337;0.6506;-0.0231;0.7073;0.963
18.98136229;0.0341;-0.0658;-0.6868;0.682
18.98209568;0.0773;0.2224;0.9814;1.017
18.98492302;0.1372;-0.6591;3.1261;3.205
18.99455895;0.0236;0.041;0.9299;0.939
19.0072546;-1.3835;0.0451;-0.523;1.483
19.01456302;-1.1931;-0.5625;2.5959;2.921
19.02451883;0.9407;-0.6148;3.0659;3.271
19.03438649;0.8227;0.4697;-0.2986;0.987
19.04835552;0.1047;0.1792;-2.1088;2.111
19.07984199;0.5204;0.0592;1.5685;1.66
19.08199749;1.2158;-0.8002;3.3017;3.614
19.08369176;0.8871;0.4465;0.9674;1.389
19.08648499;0.6558;0.0848;-1.5289;1.656
19.0944726;-0.2311;0.045;0.0716;0.254
19.10432095;1.0319;-0.2001;1.2375;1.626
19.11430395;1.4352;0.0503;0.6438;1.572
19.12488026;0.6348;0.1743;0.8275;1.061
19.13458756;-0.4047;-0.3075;1.4077;1.506
19.1488001;-1.2573;-0.3942;2.1695;2.548
19.19012518;0.4561;-0.2234;1.2759;1.379
19.19161933;1.2576;0.2621;0.5433;1.393
19.19295679;-0.1242;0.101;-0.6696;0.682
19.19444987;-0.8366;-0.1181;2.0315;2.21
19.19717702;0.1269;-0.8385;2.9983;3.123
19.20593652;0.1539;0.297;1.1391;1.195
19.21470252;-0.0865;0.0912;-0.9931;0.993
19.22499729;1.0866;-0.1935;0.8329;1.383
19.24493114;2.6177;0.2973;1.0695;2.841
19.24682926;0.6866;0.1055;-0.7133;0.986
19.28255668;-0.2243;0.2598;0.4732;0.594
19.28418179;0.3101;-0.7109;3.2573;3.355
19.28591683;0.0831;0.0592;1.3864;1.398
19.28824783;0.2081;0.0098;-1.7497;1.753
19.29499933;0.7872;0.5597;0.7349;1.216
19.30849902;0.46;-0.8117;2.2802;2.47
19.31446876;-0.2839;0.1826;0.4962;0.61
19.32486029;-0.7803;0.0649;-0.8181;1.131
19.33459964;-0.5424;-0.3924;2.5548;2.65
19.34776999;0.7128;-0.7014;2.7688;2.95
19.38505168;1.2225;0.6706;-0.6461;1.529
19.38967587;0.6014;0.447;-1.992;2.119
19.39123537;-0.2274;-0.1616;0.8273;0.882
19.39236445;-0.0875;-0.7054;3.6533;3.73
19.39465345;0.4283;0.3535;1.0943;1.233
19.40587268;0.4283;0.3535;1.0943;1.233
19.41457668;-0.2222;0.0515;0.0933;0.255
19.42487495;2.1442;0.3531;-0.4385;2.21
19.4348586;1.8797;0.1273;1.1919;2.229
19.44807399;-0.7067;-0.35;1.1598;1.412
19.48671991;-1.2307;-0.3274;0.6677;1.447
19.48832233;0.9549;0.289;0.3989;1.073
19.49070322;1.8578;0.1899;1.017;2.125
19.49179745;0.2602;-0.0258;-0.0163;0.255
19.49444056;-0.4498;-0.4558;1.2023;1.371
19.50479979;1.8496;-0.0299;2.6636;3.246
19.51443726;-0.0006;0.1587;0.4928;0.526
19.52452818;-2.2485;-0.5973;-0.4772;2.379
19.53458606;0.4283;0.1846;0.8096;0.939
19.54819429;1.5693;0.0087;2.4182;2.886
19.58140456;-0.4777;-0.5545;1.6769;1.838
19.5833136;-0.2566;0.1965;1.2097;1.262
19.58436976;-0.6301;-0.2766;0.3219;0.768
19.58543726;0.1697;0.1335;0.8937;0.927
19.5957021;1.6547;0.2006;1.5481;2.276
19.60800006;0.7478;-0.4813;1.8288;2.038
19.61482237;0.7125;0.0392;1.1005;1.315
19.62455722;-0.5426;0.1896;0.4368;0.732
19.63553579;-0.2465;-0.3684;1.9826;2.04
19.64602629;2.1031;-0.366;1.7098;2.735
19.67769099;1.2622;1.0307;-0.4999;1.699
19.67903141;-1.7972;-0.5519;-1.3095;2.291
19.68027806;-0.3465;-0.4973;3.2358;3.301
19.68986899;1.7027;-0.1415;2.9117;3.38
19.69467218;-0.1573;0.2498;-0.5654;0.633
19.70576706;-0.3811;0.0134;-1.0856;1.145
19.71504137;1.3568;-0.558;3.6431;3.933
19.72418787;1.2208;-0.0291;1.6878;2.086
19.73445595;-0.2303;0.0043;-0.6613;0.694
19.74453914;-0.005;0.3415;0.2293;0.417
19.77424137;-0.0484;-0.6983;2.1669;2.285
19.77642506;0.6812;0.0959;0.3301;0.762
19.77740433;1.1602;0.2744;-0.5782;1.317
19.7878496;-0.2625;0.0222;1.4291;1.462
19.79469956;-0.1951;-0.5994;1.704;1.825
19.8056476;1.0521;0.4634;0.3291;1.194
19.81462345;0.9874;0.0782;-0.498;1.1
19.82471926;0.2742;-0.2051;1.3848;1.433
19.84224864;0.7589;-0.0518;1.186;1.413
19.84470314;-1.1104;-0.0566;0.5969;1.271
19.88032791;-1.4752;-0.597;2.162;2.694
19.88256856;1.1523;-0.2415;2.666;2.919
19.88417637;0.3915;0.4042;0.0247;0.561
19.88878572;-1.3411;-0.2111;-2.2165;2.595
19.89474806;0.5657;0.2062;0.5408;0.811
19.90632306;1.6498;0.0106;3.6325;3.995
19.91555976;-1.4859;-0.651;1.5161;2.23
19.92491687;-0.7187;0.0326;-0.28;0.775
19.94393895;0.7913;0.047;2.2446;2.386
19.94625076;0.7296;-0.3307;0.8998;1.207
19.98143549;0.5414;-0.0055;-0.0417;0.536
19.98287864;1.2722;0.3346;0.3344;1.354
19.98585087;0.578;-0.2085;1.4703;1.599
19.98729864;-0.9705;-0.1418;0.7464;1.242
19.99446395;-0.6238;-0.2202;0.1013;0.676
20.00469906;1.2118;0.0219;0.6721;1.385
20.01467925;1.0902;-0.1516;1.498;1.862
20.02440672;0.1765;-0.014;1.2817;1.301
20.04319872;0.3668;-0.092;0.2718;0.466
20.04524402;-0.1577;-0.0949;1.4512;1.472
20.07997179;0.0752;-0.0616;1.8193;1.83
20.08219699;0.7696;-0.1143;0.0389;0.773
20.08293772;0.7696;0.3496;0.2198;0.871
20.09159149;-0.522;-0.2143;1.2464;1.378
20.09454999;-0.1857;-0.5519;2.5853;2.658
20.10506999;0.0497;0.2362;1.0509;1.086
20.11473318;0.097;-0.3215;-0.5848;0.666
20.12445964;0.1178;0.0581;2.148;2.16
20.14490202;1.1732;-0.3804;2.282;2.598
20.14700183;0.9587;0.3812;0.6265;1.207
20.18906249;-0.128;0.0281;-1.4999;1.498
20.19092187;-0.4278;0.0795;0.0755;0.449
20.19176056;0.3808;-0.5218;2.7757;2.857
20.1929631;0.1317;-0.2868;2.0337;2.066
20.19487006;-0.0178;0.3454;0.7628;0.846
20.20551399;-0.1551;-0.3789;1.3871;1.454
20.21470937;-0.17;-0.2123;1.8199;1.849
20.22441529;0.778;0.0766;-0.2403;0.81
20.24581937;1.2282;0.1941;0.28;1.271
20.24727218;0.3568;-0.1013;1.2211;1.282
20.28499914;-0.6832;-0.0734;0.8313;1.089
20.28671095;-0.9997;0.0366;0.9084;1.361
20.28791272;1.3472;0.3424;2.1272;2.545
20.2892971;0.0588;-0.3142;0.159;0.358
20.29436972;0.4136;0.1888;0.546;0.714
20.30480952;0.6623;-0.1516;1.7194;1.854
20.31453541;-0.4347;-0.1848;0.9709;1.089
20.32466999;-0.3189;0.1608;0.2444;0.442
20.34226829;0.5359;-0.3678;0.5977;0.884
20.34450418;0.2332;-0.0425;2.1473;2.168
20.37843641;-0.3944;0.0834;-0.0332;0.41
20.37970183;-0.7832;-0.079;-0.2195;0.821
20.38087025;-0.1484;-0.1925;2.3495;2.371
20.39023122;1.3824;-0.4003;2.294;2.712
20.39515275;0.1529;0.3122;0.4845;0.602
20.40446987;-0.2816;-0.1847;-0.1917;0.387
20.4146636;-0.1306;-0.3089;2.0489;2.084
20.42425806;0.4948;-0.152;1.2966;1.401
20.44112468;0.918;0.2238;-0.0298;0.94
20.44450225;0.2877;0.0341;-0.4551;0.529
20.47100122;-1.2522;-0.3419;1.0235;1.662
20.47251679;-1.5218;-0.9806;3.4304;3.888
20.47489918;2.1655;0.1245;2.5435;3.345
20.48561837;0.9302;0.3122;1.0645;1.45
20.49466137;-2.9396;-0.7571;-0.2373;3.05
20.50503987;-0.2888;-0.2155;1.9835;2.025
20.51469518;3.7127;0.2654;2.9971;4.779
20.52442587;1.0941;-0.042;-0.3718;1.148
20.54482737;-3.2915;0.0974;-1.082;3.469
20.54731968;-0.3137;-0.4843;1.0149;1.176
20.5812951;3.0684;-0.4531;2.002;3.691
20.58351095;2.3813;0.8711;-1.8343;3.121
20.5856876;-0.4482;0.3423;-3.0026;3.048
20.58720506;0.5205;-0.5154;2.0665;2.198
20.5944271;2.4922;-0.836;3.9383;4.738
20.60445783;-0.693;0.254;0.6218;0.975
20.61451583;-1.2549;0.257;-1.8746;2.267
20.62439183;-1.6232;-0.8488;2.7612;3.323
20.64187945;0.7939;-0.7531;3.8024;3.963
20.67762937;-1.1381;0.8143;-1.2192;1.855
20.6792456;-1.7539;-0.9411;2.2887;3.042
20.68084541;0.2734;-0.7454;3.0711;3.179
20.68788379;0.5869;0.6494;0.1954;0.896
20.69471606;0.6369;0.2823;-1.1736;1.355
20.70452072;0.3183;-0.4809;1.6866;1.789
20.71451637;2.0834;-0.0661;2.0988;2.96
20.72479002;1.0274;0.5444;-1.2997;1.735
20.7429081;-1.2847;0.0298;-1.0075;1.633
20.74525418;-0.0199;-0.76;3.1399;3.238
20.7807001;0.8398;-0.3821;2.9504;3.097
20.78283372;-0.8182;0.3054;-0.3859;0.957
20.7844391;-0.3834;0.0352;-0.3304;0.507
20.78595402;0.1124;-0.5011;1.6304;1.716
20.79457129;0.5532;0.0639;0.8766;1.042
20.80443818;1.0771;0.1335;0.3835;1.149
20.81490964;0.025;0.1206;1.8027;1.815
20.82453591;-1.2367;-0.8061;1.3848;2.033
20.83524964;-0.4163;0.187;1.0958;1.197
20.84424479;1.7084;0.0729;-0.2671;1.724
20.85812106;0.9276;0.3753;-0.4116;1.074
20.86484633;0.2814;-0.1208;0.0056;0.3
20.89032652;1.4917;0.0683;0.6768;1.638
20.89170952;-0.2022;-0.005;1.6892;1.71
20.89534414;-1.2607;-0.4983;0.6127;1.496
20.9048261;0.9644;0.077;0.6781;1.181
20.91451237;0.8509;0.2779;1.7328;1.955
20.92455202;0.0006;-0.6466;1.042;1.233
20.93790422;0.6783;-0.0766;1.8361;1.965
20.94447714;-0.2768;0.3604;0.6795;0.827
20.95933491;-1.9979;-0.7405;0.1426;2.141
20.96448606;0.1859;0.0515;2.2245;2.241
20.99333141;1.8957;0.1083;1.886;2.678
20.99575941;-0.5398;-0.1129;0.5042;0.757
20.99739872;-1.8512;-0.3786;1.608;2.491
21.00730314;0.8392;-0.5314;2.1403;2.365
21.01459079;1.4222;0.4514;1.4663;2.094
21.02422587;-0.1421;-0.2094;-0.7017;0.739
21.03741233;0.8062;0.0415;-0.6014;0.997
21.04445641;2.0743;0.4613;1.2391;2.459
21.05476749;0.3764;0.0484;-0.2827;0.464
21.06451218;-2.0601;-0.3773;0.8824;2.281
21.07776272;0.5884;-0.1603;2.5538;2.632
21.11655279;1.3178;-0.2244;1.9113;2.336
21.11828195;-0.4066;0.263;0.1833;0.526
21.12027006;-0.3323;-0.0414;-0.5722;0.659
21.12169556;1.1261;-0.2833;2.421;2.69
21.12442979;-0.5058;-0.0858;0.1353;0.538
21.1368191;-1.4093;-0.1847;0.576;1.542
21.14478414;-0.5149;-0.3851;2.4785;2.57
21.15431275;0.8768;-0.073;1.3062;1.578
21.16440764;0.9657;0.2356;-0.3679;1.052
21.17514998;0.3596;0.2361;-0.2918;0.512
21.20852148;0.7433;-0.251;1.581;1.77
21.21030368;0.6525;-0.1489;2.1656;2.273
21.21105748;0.0809;0.1699;-0.2792;0.329
21.2146826;0.1689;-0.205;-0.1388;0.291
21.22501829;0.4218;-0.0145;1.6424;1.702
21.23451722;0.0855;-0.3616;1.6343;1.683
21.24438606;-0.3075;0.0644;0.8774;0.942
21.25803422;-0.3644;-0.3084;0.7219;0.874
21.26489806;0.479;-0.3313;2.2862;2.366
21.29241025;1.0414;0.0927;0.4712;1.145
21.29401783;-0.35;0.2405;-2.2835;2.316
21.29542652;0.1939;0.0667;-0.0186;0.2
21.30474314;1.9811;-0.0343;2.8388;3.465
21.31488718;-0.5607;-0.2924;1.3866;1.533
21.32487045;-1.7977;-0.2421;0.0918;1.822
21.33575945;0.6031;-0.2146;1.9004;2.011
21.34441564;1.7185;-0.0088;2.668;3.177
21.35459598;-0.5581;0.0178;-0.6496;0.854
21.36491856;-0.3061;0.1239;-1.1184;1.16
21.37697079;0.7223;-0.02;3.4131;3.496
21.4111276;-0.5745;-1.0492;2.7056;2.966
21.41332387;-1.1032;0.3165;0.6616;1.334
21.41418314;0.5104;0.2062;0.1999;0.584
21.4153061;0.7306;-0.6409;1.1311;1.494
21.42472787;0.9379;0.3789;0.62;1.187
21.43566618;1.3831;0.095;-0.6113;1.507
21.44506387;0.8695;-0.1345;1.1984;1.49
21.45449233;0.2509;-0.2055;1.7005;1.738
21.46594487;0.1339;-0.044;-0.3059;0.327
21.47710818;0.3713;0.2257;0.3247;0.544
21.52890375;0.1207;-0.2935;1.8355;1.87
21.53051945;0.9036;-0.4163;1.9216;2.168
21.53371898;0.4562;-0.1165;1.4984;1.577
21.53486652;-0.8267;0.3287;0.5258;1.043
21.53736791;-1.6028;-0.7145;0.1821;1.77
21.53830006;1.1197;0.3005;0.9647;1.509
21.54476137;1.1838;0.1014;1.7053;2.082
21.55684979;-0.1838;-0.8324;2.5309;2.678
21.56441322;-0.057;0.1575;1.7122;1.729
21.58909806;-0.4239;0.0089;-0.4544;0.62
21.59064856;-0.2107;-0.1676;0.04;0.277
21.59479875;2.538;0.005;0.4133;2.567
21.60473141;2.3226;0.5036;0.8953;2.537
21.61691702;-0.608;-0.1967;0.0997;0.653
21.62425345;-1.7768;-0.6323;1.7616;2.59
21.63623968;0.3597;-0.4917;3.1179;3.184
21.64451233;0.6751;0.6673;0.7305;1.2
21.65449922;0.2293;-0.672;-2.129;2.235
21.67834841;0.6541;0.3761;0.968;1.231
21.6797861;0.273;-0.0428;3.0472;3.067
21.72514656;-1.6202;-1.0103;0.8909;2.114
21.72796395;-0.2459;0.4275;1.6006;1.684
21.72983198;0.0296;-0.3671;0.0169;0.367
21.73170491;0.998;0.2752;-0.4437;1.118
21.73712702;1.9228;0.5271;-0.661;2.093
21.74449002;0.7146;-0.4685;1.3815;1.628
21.75470291;0.309;-0.0022;1.3602;1.402
21.77514791;-0.3777;0.093;-0.3879;0.548
21.77712952;-1.0034;-0.0155;1.3735;1.711
21.81001979;1.0888;-0.5446;2.4666;2.755
21.81199706;1.7551;0.2915;0.8851;1.986
21.81546664;0.0654;-0.1895;-0.0726;0.207
21.8167206;-0.4217;0.1557;-0.2959;0.539
21.82437825;-0.1344;-0.2108;1.502;1.531
21.83513045;0.3674;0.0413;2.0659;2.106
21.84438798;0.1127;-0.1013;-0.0969;0.171
21.85455206;-0.3154;-0.2822;0.9199;1.021
21.86455052;0.0132;-0.0974;2.7729;2.783
21.8745021;-0.2421;-0.2382;0.0317;0.345
21.90744087;0.2328;0.0597;-0.3817;0.441
21.90894179;0.8112;0.0899;2.3091;2.455
21.91002775;1.0069;-0.8658;1.9817;2.389
21.91597691;0.0892;0.4327;0.9153;1.024
21.92442502;-0.6176;0.03;-0.8503;1.048
21.9349341;0.0679;-0.1848;0.3371;0.396
21.94445841;0.6604;-0.0017;2.5039;2.596
21.95488648;0.395;0.2657;0.6972;0.849
21.97441256;0.395;0.2657;0.446;0.655
21.97575814;-0.0186;-0.3169;0.1734;0.365
22.00689256;1.8962;0.0297;1.2107;2.249
22.00846979;1.8446;0.3167;1.2146;2.231
22.01910741;-0.7566;-0.0557;1.4485;1.645
22.02447348;0.7368;-0.4341;2.7646;2.9
22.03445064;-0.1632;-0.3596;0.5303;0.668
22.04445922;-0.1429;0.323;-1.4442;1.48
22.05724272;0.8804;0.0815;-0.0201;0.878
22.08843733;1.4853;-0.6779;3.4135;3.789
22.09047972;-0.3783;0.1848;1.369;1.442
22.09157533;-0.9881;-0.2266;-1.9758;2.216
22.09459637;-0.1233;0.3106;0.5201;0.627
22.10424806;1.6595;-0.5635;3.7389;4.134
22.11550722;0.7508;-0.3115;1.0781;1.353
22.12421191;0.1097;0.3116;-0.5631;0.646
22.13436318;-0.1728;0.1537;1.2796;1.309
22.14440302;0.501;-0.6704;2.1541;2.317
22.15620629;-0.2619;0.1374;0.3718;0.485
22.18810356;0.885;0.4339;-1.9742;2.197
22.19018918;0.6843;0.0792;0.9686;1.192
22.19111321;-0.0864;-0.6181;2.781;2.858
22.19457579;-0.5205;-0.0704;0.0906;0.54
22.20517937;-0.0226;0.2625;0.4214;0.505
22.21521464;0.8196;-0.417;2.4925;2.662
22.22430906;1.5059;-0.068;0.8198;1.715
22.23457783;0.5976;0.3864;-1.5425;1.689
22.24442448;-0.5578;0.3966;-0.2881;0.745
22.25486564;-0.0305;-1.4584;3.5961;3.888
22.28681975;0.2763;0.1542;2.2742;2.304
22.28876221;-0.9354;0.0492;-1.8668;2.084
22.28978448;-0.6701;0.1818;-0.4253;0.815
22.29466806;0.8813;-0.6707;3.4302;3.611
22.30495933;1.4567;0.2712;0.3489;1.519
22.31552821;0.7708;0.2201;-1.6414;1.817
22.32431437;-0.7475;0.2097;1.6513;1.835
22.33489279;0.0293;-1.4759;3.2618;3.587
22.34447129;0.4489;0.61;1.246;1.464
22.35916452;0.9281;0.428;-2.0796;2.308
22.38922691;0.3185;-0.1578;-0.5855;0.675
22.39084329;0.4722;-0.2078;3.0705;3.121
22.39183498;0.4036;-0.3905;2.0664;2.148
22.39458868;0.7279;0.0067;0.417;0.838
22.40472729;-0.4698;0.5268;-0.459;0.842
22.41541429;-1.3484;-0.6583;-0.3557;1.545
22.42447256;1.6278;-0.3362;2.4412;2.957
22.43460475;3.064;0.4548;2.168;3.781
22.44451633;-0.183;-0.032;-2.0715;2.072
22.45790052;-1.9235;0.0529;-1.0738;2.205
22.49520006;0.9006;-0.349;3.6814;3.812
22.49984448;1.4391;-0.3351;2.0221;2.507
22.50189795;-0.329;0.5813;-2.1516;2.246
22.50358121;-0.1264;0.3086;-0.9161;0.968
22.50473318;0.5741;-1.2236;3.9629;4.194
22.5169241;-0.7724;-0.4409;2.1336;2.321
22.52438941;-0.0425;0.2983;-2.5292;2.539
22.53484698;-0.0309;0.4727;0.0283;0.477
22.54454891;0.3933;-0.9827;3.5945;3.754
22.55881829;0.6182;0.1452;0.0048;0.63
22.59740321;0.6102;0.7685;-1.7988;2.041
22.59969752;-0.7222;-0.3635;1.4641;1.682
22.60158864;-0.0395;-1.5171;3.5624;3.879
22.60305056;-0.0087;1.0263;0.6125;1.201
22.60495714;0.57;-0.2454;-0.8059;1.007
22.61585164;1.2187;-0.5089;2.7077;3.017
22.62494245;0.578;0.1561;1.3392;1.472
22.63576752;0.3837;-0.1638;-1.753;1.792
22.64517779;0.5486;0.5432;2.0032;2.153
22.65594837;-0.257;-1.0368;3.3453;3.52
22.68943029;-1.2529;-0.2096;0.3433;1.324
22.69107725;0.2386;0.3095;0.0484;0.393
22.69183771;0.9938;-0.494;2.4;2.649
22.69472845;0.7098;-0.4584;2.0302;2.204
22.70504514;0.1187;0.1165;-0.9024;0.909
22.71698745;0.7229;0.3564;-1.3226;1.539
22.72442583;0.5388;-0.765;3.7312;3.854
22.73473952;1.0327;-0.2518;2.5961;2.811
22.74478295;0.4076;0.2726;-1.1589;1.249
22.75858937;-0.2141;0.4829;-0.8518;0.997
22.79741533;1.2747;-0.4645;2.5631;2.904
22.79952129;1.7227;-0.4031;2.2457;2.862
22.80098656;0.4402;0.5614;-0.5237;0.878
22.80207691;-0.0094;-0.1471;-0.7148;0.722
22.80484906;0.6734;-0.195;1.4871;1.649
22.81478787;0.5833;-0.1466;-0.463;0.749
22.82467156;0.2592;0.2399;1.991;2.03
22.83469506;-0.1721;-1.0451;2.9031;3.098
22.84449583;-0.5565;0.3325;1.5683;1.707
22.85771091;-0.7803;-0.1515;-0.5973;0.994
22.89343318;0.0638;0.1248;0.9232;0.942
22.89589887;1.631;-0.2555;2.1033;2.677
22.90085614;0.8989;0.2617;-0.1452;0.941
22.90191141;-0.9982;0.0864;-0.3521;1.065
22.90551887;-1.033;-0.5505;2.21;2.51
22.91782825;0.618;-0.2317;2.2923;2.392
22.92428821;0.3527;0.2994;0.4095;0.621
22.93448045;1.3116;0.0413;-0.4407;1.376
22.9444261;1.7464;-0.1929;0.6247;1.862
22.95574364;0.3283;0.2761;0.5282;0.685
22.99147837;-0.5361;-0.2129;0.3093;0.663
22.99326806;-0.1452;-0.4759;2.7436;2.797
22.99605141;1.082;0.1781;1.8777;2.179
22.99790091;-0.7725;-0.1291;-1.2416;1.464
23.00446937;-1.3199;0.0553;0.0404;1.328
23.01442306;1.7689;-0.5598;2.4437;3.071
23.02419318;1.8002;0.5156;1.1792;2.213
23.03420079;-0.6909;0.0643;-1.8351;1.956
23.0445561;-1.3158;0.0155;0.0682;1.324
23.05468625;0.9325;-1.0771;3.8749;4.134
23.09002902;1.7578;0.5525;1.3831;2.305
23.09162987;0.1823;0.1656;-2.4683;2.472
23.09295448;-0.549;0.1021;-0.0123;0.565
23.09587948;1.0348;-0.9268;3.9479;4.191
23.10469495;0.5421;0.0518;1.9973;2.077
23.11593945;-0.1858;0.022;-2.041;2.042
23.12487556;0.0761;0.3906;-0.2355;0.459
23.13447056;1.2791;-0.2893;2.0287;2.419
23.15425779;0.9125;-0.0981;-0.378;0.984
23.15612521;0.6354;0.5027;-1.2251;1.46
23.19369352;-0.89;-0.0557;2.2077;2.391
23.19587645;-0.6185;-1.4927;3.2808;3.665
23.19771479;0.9014;0.6114;1.3734;1.757
23.19952937;1.1554;0.3275;-0.8352;1.454
23.20476629;-0.8161;-0.4446;-0.3787;1.005
23.21502306;1.0925;-0.1367;1.5568;1.91
23.2244746;1.8972;0.4217;1.7587;2.623
23.23455956;-2.4254;-0.5192;1.127;2.733
23.25673568;-2.0641;-0.5676;1.4146;2.575
23.25883687;1.2719;-0.2218;2.4067;2.736
23.29187848;1.3827;0.6149;0.5583;1.611
23.29367471;-0.2507;-0.5375;-0.4509;0.741
23.29538421;2.0368;0.2674;0.9577;2.265
23.29653468;1.4492;0.074;1.5613;2.134
23.30500571;-0.4914;-0.2156;1.1814;1.307
23.31577802;-1.0152;-0.0453;1.8429;2.115
23.32448314;0.1051;-0.3862;0.9163;1.006
23.33449368;1.0553;0.2609;0.3856;1.151
23.35540137;0.6889;0.0525;0.8692;1.113
23.35707548;0.3555;-0.4244;1.4681;1.575
23.39544925;-0.6214;0.0125;1.5264;1.658
23.39752071;-0.8846;-0.2426;0.7769;1.212
23.39869956;0.9425;-0.3646;2.4232;2.631
23.4000256;1.7822;0.2668;1.6301;2.431
23.40428664;0.546;-0.0634;-1.8007;1.873
23.41449714;0.2299;0.4345;-1.85;1.906
23.4245241;1.7607;0.1888;1.8896;2.592
23.43442691;0.5091;-0.5099;2.8267;2.924
23.44433848;-1.5943;-0.0759;-0.2071;1.614
23.45723437;0.0149;-0.0513;0.4159;0.427
23.49601302;2.2043;-0.3075;3.4804;4.135
23.49811625;0.1466;0.1033;0.6963;0.726
23.49894756;-0.3335;-0.0922;-1.8219;1.847
23.49991333;0.8437;0.763;0.8522;1.424
23.50455229;-0.2597;-1.2339;3.7894;4.001
23.51454864;-1.0822;-0.2665;1.7919;2.12
23.52440371;-0.2248;0.1104;-1.0398;1.063
23.53444429;-0.0555;0.1202;1.8811;1.894
23.54707606;1.1066;-0.8172;1.8454;2.305
23.55782702;1.9283;0.6299;-0.7093;2.141
23.58843729;0.2945;0.5253;-1.3074;1.431
23.5901076;-0.0845;-0.6166;2.2022;2.296
23.59152248;0.5735;-0.6295;3.4068;3.518
23.59596837;-0.089;0.2224;-0.7627;0.793
23.60447671;0.4562;0.4449;-1.4052;1.534
23.61469487;0.5359;-0.2719;1.3001;1.437
23.62430221;0.831;-0.2453;0.9831;1.313
23.63446471;0.6947;0.2388;0.0478;0.732
23.64442137;0.0249;0.3619;-0.1801;0.403
23.65641775;-1.0282;-0.7442;1.7146;2.142
23.69210268;0.0771;-0.091;2.2252;2.236
23.69470491;1.1102;0.1725;0.2157;1.14
23.69564548;-0.2647;-0.3169;0.9301;1.026
23.69641337;0.0633;0.0132;0.7407;0.751
23.7048796;-0.0504;0.1278;0.573;0.598
23.71590802;-0.3216;-0.2414;0.9641;1.054
23.72437568;0.2262;-0.027;2.2469;2.266
23.7346711;-0.3685;-0.2621;1.0064;1.112
23.74425479;0.0628;-0.0917;1.1555;1.169
23.7544246;1.1054;0.1827;1.9773;2.277
23.78650591;0.2906;-0.252;0.3859;0.547
23.78794968;0.1956;0.0415;0.618;0.656
23.78886256;0.7604;-0.0279;1.1954;1.421
23.79803441;-0.4489;-0.1103;1.8011;1.869
23.80432975;-0.2894;-0.2525;1.5968;1.651
23.8152201;1.1475;-0.0649;1.1022;1.594
23.82427237;0.3676;0.2488;0.8119;0.931
23.83443094;0.1865;-0.1859;-0.3078;0.395
23.84672379;1.055;0.2295;1.1918;1.611
23.85438237;0.9991;-0.2789;1.9558;2.218
23.87215141;0.5507;-0.1939;1.3467;1.473
23.87528714;-0.1605;0.2044;1.2868;1.322
23.91538206;-0.1992;-0.6814;1.4578;1.629
23.91746525;1.0697;0.0;2.3497;2.587
23.9189791;0.0567;0.1109;-0.1178;0.165
23.92020194;0.4008;-0.3932;-0.2443;0.604
23.92444471;1.8126;0.5883;1.9721;2.745
23.93526118;-0.352;-0.3213;0.6351;0.803
23.95361733;-0.6695;-0.1838;-0.0432;0.701
23.95518375;1.6347;0.3216;-0.176;1.669
23.98915598;1.8945;0.1627;2.4302;3.089
23.99107906;-0.3489;-0.7045;1.5816;1.774
23.99215383;0.6779;0.3319;0.8494;1.139
24.00064152;0.3348;-0.0473;1.5072;1.551
24.00470171;-0.4697;-0.2995;1.1016;1.244
24.01444491;-0.9045;-0.0072;0.9376;1.313
24.02481794;-0.1531;-0.1439;2.2445;2.263
24.03490294;0.3236;-0.8385;2.1718;2.357
24.0485186;-0.8342;0.4604;0.8229;1.269
24.05463514;-1.0216;-0.313;-1.4411;1.791
24.07229433;0.814;0.2233;0.832;1.187
24.07421556;2.3274;0.1088;2.3525;3.313
24.10978941;0.5366;0.0514;0.3079;0.62
24.11467637;-0.3524;-0.3014;-0.1784;0.497
24.11566725;0.3677;0.0478;1.4077;1.462
24.11667291;0.8945;-0.0928;1.7018;1.929
24.12435456;0.8517;0.1568;-0.8485;1.203
24.13447741;0.3639;0.2941;0.309;0.562
24.14792798;-0.5734;-0.6947;1.9409;2.148
24.15447579;0.0472;-0.4485;1.7922;1.856
24.16566087;0.3301;0.5363;0.4647;0.786
24.17425441;-0.2099;-0.1597;-0.2069;0.333
24.18792044;0.2835;-0.4719;1.2715;1.391
24.22817187;1.7044;0.2345;0.6944;1.853
24.22971741;0.9241;0.2381;-0.4335;1.04
24.23080814;-0.2199;0.0754;-0.2573;0.345
24.23168806;-0.5277;-0.3363;1.3375;1.486
24.23492068;-0.1517;-0.2825;2.4404;2.47
24.24583298;1.0426;-0.0956;1.2481;1.631
24.25467233;0.857;0.1361;0.5335;1.018
24.26430164;-0.6395;-0.0254;0.1137;0.657
24.2749256;0.0497;-0.2113;0.6019;0.647
24.28676052;1.1067;-0.0533;2.9796;3.185
24.32414083;-0.1202;-0.1209;0.9857;1.009
24.32604933;-0.3898;-0.2888;2.4048;2.462
24.32757667;1.1005;-0.2928;2.031;2.333
24.33479006;0.681;0.316;0.1532;0.763
24.34698194;0.7635;0.0375;-1.3439;1.536
24.35433464;1.2353;0.1368;0.7018;1.426
24.36438979;0.2785;-0.2884;1.7595;1.812
24.37450175;-0.0402;-0.1461;1.6318;1.647
24.38819044;0.8077;0.1548;0.809;1.155
24.4252841;0.9506;0.0916;0.78;1.234
24.42970537;-0.6792;-0.0577;0.4771;0.841
24.43111791;0.3575;-0.6131;2.0749;2.199
24.43235887;2.6008;0.272;2.5796;3.675
24.4345111;-1.2004;0.0955;-0.6447;1.367
24.44771614;-1.9825;-0.2455;-2.3045;3.047
24.45501675;0.9491;0.0655;2.6318;2.804
24.46475233;2.6204;-0.2855;3.0374;4.024
24.47483991;-0.5253;0.2796;0.0525;0.604
24.48881202;-1.4387;-0.0849;-1.7328;2.251
24.53177233;2.1125;0.2531;2.2113;3.071
24.53405052;-0.3784;-0.0076;-1.6315;1.668
24.53566175;1.1839;-0.836;3.7559;4.031
24.53754029;-0.7637;0.294;1.0584;1.348
24.54511787;-0.9279;-0.222;-1.8255;2.055
24.55477817;0.4863;0.3092;1.7765;1.874
24.56451137;1.1579;-0.8265;3.6341;3.908
24.57496094;-0.3884;0.0815;-0.5904;0.708
24.58885929;-0.5452;0.6161;-1.9138;2.078
24.63136479;-0.265;-0.2403;2.0682;2.108
24.63356225;1.107;-1.0398;3.126;3.48
24.63456198;0.7637;0.6292;0.1376;0.997
24.63578991;-0.1532;0.3191;-1.4741;1.509
24.63742337;-0.5096;-0.6716;2.2042;2.368
24.64514367;1.1757;-0.2725;1.7301;2.113
24.65454025;1.0477;0.5932;-0.555;1.318
24.66847575;-0.0851;0.047;-0.3823;0.388
24.67470633;-0.2449;-0.8812;3.0704;3.212
24.70583848;0.8957;0.0451;2.0731;2.264
24.7075791;0.6084;0.398;-1.076;1.289
24.70938587;-0.2149;0.1909;-0.5947;0.656
24.71707594;1.0278;-0.3254;0.4504;1.166
24.72451367;0.5636;-0.0125;1.588;1.691
24.73453356;-0.4578;-0.0656;1.8291;1.896
24.74479729;0.1311;-0.5047;2.0511;2.124
24.75458494;0.0635;-0.0552;1.9054;1.915
24.76798125;-0.0386;0.0382;-0.3842;0.381
24.77466064;0.7929;0.0205;-0.0986;0.792
24.80250298;1.387;0.0939;1.1787;1.824
24.80413164;0.2836;-0.4168;1.8089;1.885
24.80564106;-0.6236;-0.0377;2.0702;2.172
24.81446814;-0.9533;-0.515;1.5167;1.873
24.8244111;0.2761;-0.0895;1.6253;1.658
24.83445294;1.4864;0.3745;0.61;1.648
24.8443526;0.9307;-0.2135;-0.3838;1.02
24.85460506;0.8011;0.1529;0.6207;1.026
24.86801825;0.2954;-0.2647;2.1316;2.175
24.87561037;-0.9236;-0.265;2.4182;2.612
24.90884391;-0.9793;-0.2333;0.9492;1.393
24.91057129;1.146;0.0898;2.3139;2.589
24.91146017;1.2774;-0.5023;2.5101;2.865
24.91433471;0.1975;0.1005;-0.7833;0.805
24.92492333;-0.022;0.4053;-2.1789;2.209
24.93460302;1.2369;0.0105;0.1906;1.247
24.94455133;0.9483;-0.3254;2.9741;3.144
24.95440694;-1.1949;-0.148;0.3908;1.274
24.96742394;-0.3422;0.0649;-0.048;0.357
24.97464721;1.3033;-0.355;3.2179;3.495
25.00550094;1.1277;0.068;1.2091;1.657
25.00700302;0.3693;0.2133;-1.4919;1.543
25.00881764;1.1358;0.4901;-0.63;1.38
25.0181386;0.0677;-0.8398;3.5799;3.685
25.02487129;-1.5614;-0.447;2.0475;2.623
25.0347676;-0.9285;0.027;-0.6375;1.127
25.04447183;0.1824;0.3976;1.5363;1.605
25.05458721;0.7734;-0.6781;1.9523;2.211
25.07101733;0.5581;0.2099;-0.3839;0.7
25.11125979;-0.2365;0.3919;-0.5478;0.71
25.11337006;-0.0112;-0.9686;3.3681;3.512
25.11618737;0.762;-0.1086;2.3976;2.524
25.11786241;-0.5343;0.2306;-1.6758;1.768
25.12028771;0.1578;0.4135;-1.2988;1.364
25.12581141;2.1779;-0.0337;1.4841;2.635
25.13489698;1.6251;-0.0238;1.3716;2.127
25.14491367;-0.5071;0.1029;-0.3175;0.608
25.1545741;-0.6315;-0.2603;1.0313;1.247
25.16441017;0.3573;-0.2989;2.8088;2.854
25.17548714;0.1823;-0.0293;-0.6494;0.666
25.18674906;0.6552;0.2406;-0.4671;0.831
25.22401471;0.6628;-0.1892;2.6878;2.781
25.22597544;-0.0177;-0.5965;2.1015;2.192
25.22733829;-1.3515;0.3593;0.0095;1.405
25.22850256;-0.2653;-0.3072;-0.5329;0.665
25.23451475;1.6029;0.1595;1.059;1.927
25.24513444;1.0671;0.2994;0.2171;1.126
25.25454644;-0.242;-0.2464;0.5146;0.628
25.26881867;0.27;-0.3469;3.0006;3.04
25.31153552;0.3147;-0.1026;1.6968;1.736
25.31356583;-0.2668;-0.3032;-1.0455;1.114
25.31537117;0.6318;0.4694;-0.3197;0.843
25.31672344;1.5634;-0.3059;1.8328;2.431
25.31817283;0.3784;-0.1887;1.8741;1.928
25.32963348;-0.5512;0.1962;-0.6453;0.869
25.33456191;-0.9888;0.2074;0.1055;1.023
25.34540198;-0.1008;-0.7337;2.3409;2.463
25.35456556;1.154;0.034;1.7421;2.094
25.36473402;0.8784;0.2952;-0.0351;0.922
25.38404456;0.0079;-0.2336;3.1559;3.173
25.38662875;-0.2202;-0.336;0.9648;1.054
25.42554167;0.0806;0.077;-0.398;0.405
25.42740864;0.7299;0.4483;0.4592;0.972
25.42850775;-0.3867;-0.4286;1.9635;2.055
25.43082821;-0.9086;-0.7135;3.2104;3.421
25.43442775;0.5095;0.162;1.1627;1.285
25.44477256;0.1779;0.0421;1.1619;1.183
25.45451437;-0.1695;-0.2817;0.0661;0.339
25.46854375;1.2951;0.0848;0.6191;1.436
25.50392421;1.7942;0.6772;0.0675;1.914
25.5058139;0.4198;-0.3834;0.6663;0.879
25.50656083;0.1331;-0.0757;2.0509;2.064
25.50767652;-0.6216;-0.2557;1.3921;1.555
25.51567417;-0.2047;-0.0208;1.6974;1.719
25.5272599;1.1906;0.0475;1.4859;1.907
25.53473083;0.7139;-0.3572;0.986;1.271
25.54525452;0.5337;0.177;0.8952;1.061
25.5545759;0.6745;-0.1628;-0.1889;0.711
25.56725737;-0.0155;0.1539;1.5973;1.613
25.60221206;-0.692;-0.5659;1.6865;1.918
25.60454067;0.2227;-0.1904;1.5223;1.557
25.60594164;0.3332;0.0172;2.2057;2.238
25.6089854;0.9699;-0.408;2.3635;2.592
25.61451429;0.2322;-0.0526;0.8014;0.842
25.62851706;0.014;0.0727;-2.27;2.263
25.63446087;2.4014;0.3746;-1.0521;2.64
25.64573517;2.0863;0.4399;1.7703;2.772
25.65469171;-1.3802;-0.6985;1.1305;1.925
25.66450114;-1.9571;-0.2176;0.6241;2.074
25.68172767;0.5998;-0.2303;2.5698;2.655
25.68483537;0.864;-0.451;2.8595;3.027
25.71767787;0.0333;0.073;-0.3553;0.356
25.71919071;1.2537;0.1296;-1.3629;1.846
25.72076475;1.2312;0.226;0.7645;1.466
25.72929279;0.001;-0.3683;1.0114;1.084
25.73435998;-1.1177;0.1702;0.7219;1.351
25.74427952;-1.0563;-0.2128;-0.2391;1.107
25.7544276;0.2552;-0.184;1.9402;1.973
25.76490214;0.1727;-0.2251;2.3438;2.369
25.79940075;0.2941;-0.1335;-0.1127;0.334
25.80127748;0.8906;0.1234;1.1575;1.469
25.80242664;1.0779;-0.3359;1.8499;2.171
25.8048654;-0.3083;0.2737;0.1656;0.453
25.81499029;-1.3089;-0.123;-0.7159;1.498
25.82729356;-0.4173;-0.1845;2.2392;2.294
25.83433856;0.8986;-0.729;3.2891;3.493
25.84452798;0.3509;0.6106;-0.4782;0.845
25.85456052;-1.1999;0.0586;-1.9052;2.249
25.86689856;0.1175;-0.1728;2.2169;2.235
25.90048106;2.7676;-0.7015;3.0078;4.149
25.90249514;1.2504;0.7482;-1.0773;1.804
25.9034996;-1.1867;0.4951;-3.3424;3.576
25.90557929;-0.2255;-0.3076;2.6013;2.638
25.9143781;1.6955;-1.0879;3.6297;4.156
25.92564967;0.1338;0.6232;-0.9227;1.115
25.93434556;-0.0922;0.5034;-2.1084;2.162
25.94486933;-0.2563;-0.6899;2.0851;2.219
25.95441683;1.4925;-0.9578;3.6319;4.047
25.96447706;0.5479;0.7063;-0.845;1.223
25.98180252;-0.0988;0.5956;-3.6511;3.693
25.98507583;-0.2697;-0.5062;0.2009;0.612
26.0167534;1.1438;-0.5452;3.7671;3.98
26.0186164;-0.5422;-0.0366;1.5458;1.648
26.01939121;-0.2166;0.0843;-0.5225;0.567
26.02856333;1.0295;-0.4715;3.3926;3.583
26.03499733;0.4977;-0.0142;1.5047;1.591
26.04464848;-0.6281;-0.1625;-2.1307;2.221
26.05445756;0.6673;0.8647;0.9031;1.421
26.06488814;1.2678;-1.1017;3.8244;4.182
26.09907987;-1.9268;-0.618;2.3058;3.077
26.10129433;-1.7585;0.3564;0.0301;1.801
26.10240444;0.3042;-0.4873;0.9891;1.149
26.10453733;1.3329;-0.0777;1.4714;1.989
26.1145541;3.239;0.4086;-1.6848;3.665
26.1242051;1.609;0.8978;-1.2287;2.206
26.1345704;-0.4682;-0.4527;1.7933;1.917
26.14432956;-0.8885;-0.9587;2.5498;2.874
26.15438248;-0.1069;0.333;0.7281;0.817
26.16490744;1.1416;0.1698;-0.9546;1.488
26.19847837;1.2471;-0.2436;2.388;2.709
26.20043356;0.6726;-0.5064;2.0147;2.189
26.20167437;-0.1047;0.3602;0.2244;0.444
26.20473964;-2.2877;-0.0508;0.4473;2.339
26.21436717;-0.8105;-0.6304;2.3541;2.577
26.22452164;1.7061;-0.1374;2.3812;2.936
26.2346871;-0.7014;-0.091;-0.7694;1.043
26.24452533;-0.2797;-0.2999;0.4701;0.632
26.25461494;1.5251;-0.0352;0.989;1.818
26.26433187;1.3671;0.4384;0.615;1.56
26.29864106;-0.647;-0.1266;-1.1548;1.325
26.30037779;-0.706;-0.1462;1.6;1.765
26.3016689;1.0626;-0.3573;3.1159;3.317
26.30485244;0.4952;0.1444;0.8002;0.956
26.31492567;0.285;0.0318;-0.1088;0.298
26.32654402;0.2331;-0.2055;1.6402;1.676
26.33477044;-0.1297;-0.2362;1.8591;1.887
26.3445074;-0.4846;0.0268;0.1171;0.507
26.35444144;-0.0305;0.1763;-0.391;0.424
26.36620006;-0.5816;-0.1882;2.4611;2.545
26.4005339;-0.0801;-0.67;2.1551;2.266
26.40218948;0.5525;0.2202;0.9042;1.087
26.40303729;0.4035;0.1277;0.0018;0.418
26.40483025;0.4969;-0.2041;0.8568;1.015
26.41501402;1.4046;0.1594;0.6464;1.553
26.4253404;1.1734;0.1699;-0.3742;1.235
26.43479014;0.919;-0.2129;0.6974;1.173
26.44457271;1.0786;0.3776;0.4228;1.217
26.45477098;-0.9263;-0.2373;-0.8856;1.302
26.46662283;0.2073;0.0401;-0.5372;0.567
26.50200337;2.487;0.3551;0.0555;2.507
26.50372879;0.2156;0.0707;1.1879;1.217
26.50527094;-1.2091;-0.5647;0.9474;1.645
26.5063854;-0.2529;-0.1959;1.9688;2.003
26.51466337;0.1036;0.1834;2.2121;2.23
26.52680221;-0.3826;-0.3647;-0.3158;0.614
26.53441429;0.2173;0.283;1.4571;1.508
26.5452734;0.0388;-0.3911;1.82;1.87
26.55486833;-0.7497;-0.1614;0.7508;1.083
26.56674113;-1.1355;0.0997;0.5571;1.278
26.60484733;-1.2225;-0.4918;2.5099;2.844
26.6093184;0.5389;-0.6574;3.5972;3.703
26.61096556;0.7434;0.2518;0.1355;0.793
26.61199698;0.6567;0.4365;-0.6777;1.031
26.61436244;0.815;-0.143;-1.0864;1.355
26.62454352;2.1446;0.3412;0.752;2.296
26.63485879;0.906;-0.1489;2.5981;2.761
26.6445509;-0.8023;-0.6516;1.3757;1.73
26.65471848;0.4398;0.3147;1.8695;1.953
26.66450737;0.1947;-0.1939;1.4229;1.456
26.69869356;-0.5415;-0.2162;-0.4344;0.726
26.70009129;0.8233;0.0658;0.4248;0.927
26.70092321;1.212;-0.02;2.1073;2.435
26.70481898;-1.0283;-0.693;2.8691;3.135
26.71505094;-1.8064;-0.0621;1.6717;2.472
26.72585694;-0.454;-0.359;1.027;1.188
26.7342436;0.7854;0.0286;1.0242;1.294
26.74490244;1.8244;0.2056;-0.6973;1.956
26.7632586;2.3265;0.1424;-0.3059;2.344
26.7648474;0.3485;-0.0944;2.0117;2.051
26.79846063;-0.214;-0.5536;2.7301;2.802
26.80034513;-0.3762;0.3236;0.8639;1.006
26.80147137;0.513;-0.0023;-0.4169;0.651
26.8100314;1.92;-0.0772;0.192;1.926
26.81493033;2.6559;0.1787;1.3461;2.981
26.8254911;0.0784;-0.2135;1.3305;1.357
26.83483817;-2.2595;0.1832;1.2481;2.597
26.84439063;-1.272;-1.0158;1.627;2.31
26.85448337;1.8236;0.2487;1.9953;2.717
26.86497456;0.7848;0.3799;-0.3732;0.941
26.90659698;-0.1181;-0.3503;1.0496;1.121
26.90800267;0.5549;-0.4357;3.2905;3.372
26.90941902;-0.7599;0.333;0.8424;1.193
26.91025529;-1.583;-0.5538;-1.1081;2.01
26.91444594;0.7014;0.4224;0.1388;0.828
26.92551848;2.0532;0.1251;2.2738;3.068
26.93452833;0.1899;-0.253;0.3818;0.499
26.94483402;-0.4616;0.2838;-0.3307;0.636
26.95468848;0.2245;-0.1813;1.7194;1.751
26.9649456;1.0803;-0.2188;2.0566;2.338
27.0012164;0.2586;0.0919;-0.2723;0.377
27.00251544;0.4968;0.3498;-0.7481;0.955
27.00378017;-0.0947;-0.5962;2.6833;2.758
27.00596687;-0.0456;-0.3832;2.604;2.64
27.01455775;-0.1772;0.181;-0.2736;0.371
27.02581229;-0.509;0.1393;0.1457;0.556
27.03472648;-0.1928;-0.5261;1.2538;1.381
27.0450026;1.549;0.3178;0.9398;1.839
27.0629586;1.8505;0.4551;-1.139;2.211
27.06451448;-0.2454;0.2289;-1.4574;1.489
27.10216306;-0.9397;-0.2503;2.399;2.598
27.10540717;0.6481;0.1515;1.5113;1.657
27.10659117;0.4108;0.0625;0.5893;0.725
27.10880429;0.1544;-0.4699;1.5498;1.634
27.11479279;0.6191;0.3908;0.7598;1.058
27.12588533;0.3535;-0.2194;-0.7093;0.812
27.13447702;-0.4509;0.2215;1.3893;1.487
27.14442963;-1.052;-0.8132;2.4407;2.788
27.16668375;0.2508;-0.1546;1.6298;1.663
27.16832948;-0.0517;0.5515;0.3514;0.662
27.20282348;0.0083;-0.616;0.1887;0.645
27.20616744;1.5741;-0.0259;1.7286;2.34
27.2088166;1.3913;0.4164;0.0462;1.448
27.21016275;0.8819;-0.1248;-0.4104;0.972
27.21455637;-0.4569;-0.156;1.8151;1.888
27.22535917;-0.0574;-0.4109;2.8043;2.843
27.23447879;-0.0641;0.0655;1.2459;1.258
27.24445221;0.8767;0.1746;-0.7551;1.161
27.2620184;0.9055;-0.0583;0.8607;1.252
27.26441894;0.9866;-0.0099;0.1924;1.001
27.29703629;-0.6336;0.2599;0.6775;0.974
27.29876233;-1.9221;-0.6222;1.8777;2.768
27.29989887;0.8393;-0.3423;2.1849;2.371
27.30927752;1.084;0.0377;2.303;2.551
27.31456321;0.3772;-0.0662;0.7689;0.864
27.32501906;0.2598;-0.1939;-0.1083;0.334
27.3345576;0.6281;0.2056;0.7181;0.979
27.34448967;1.7969;-0.0925;1.8259;2.565
27.36203002;0.4075;0.2122;1.139;1.234
27.36453094;-2.4194;-0.4052;-0.2661;2.472
27.40495202;-0.8389;-0.286;1.3909;1.659
27.40680763;2.6324;-0.2454;3.396;4.307
27.40834887;1.513;0.2132;1.0564;1.858
27.40975671;-0.6899;-0.0834;-1.8324;1.954
27.4145829;-0.3527;0.4465;-0.4258;0.71
27.42518552;1.0516;-0.7151;3.8602;4.07
27.43497563;0.7163;-0.4715;2.3974;2.552
27.44497871;0.0834;0.4518;-1.9334;1.979
27.46531952;-1.0443;0.6971;-0.5829;1.386
27.4672621;0.2417;-1.5491;3.0615;3.446
27.50869683;1.7376;0.524;1.4848;2.346
27.51063529;1.5441;0.2736;-2.5627;2.994
27.51191548;-0.3451;0.4037;-0.8465;0.995
27.51350563;-0.8586;-1.3051;3.8486;4.162
27.51587263;0.4366;0.0072;2.0585;2.111
27.52538156;1.1376;0.5465;-1.3346;1.828
27.5345636;0.5041;0.0202;0.2472;0.56
27.54426406;-0.5778;-0.783;3.0633;3.223
27.55457667;-0.2042;-0.1777;1.3356;1.372
27.56429448;0.8387;0.3077;0.1152;0.897
27.57485252;-0.7646;-0.0832;0.1871;0.799
27.58502036;-0.2599;-0.2901;1.5822;1.638
27.60279798;0.939;0.15;1.5297;1.805
27.60607663;0.9289;-0.1582;0.2251;0.965
27.61462775;0.0349;0.0715;0.6692;0.682
27.6556774;0.7048;-0.0878;0.6785;0.984
27.65765563;0.7768;0.0153;1.6001;1.784
27.65890017;0.817;-0.1483;0.715;1.097
27.65984175;1.2523;0.3437;-0.1061;1.297
27.66467906;-0.258;0.1143;-0.4452;0.523
27.67479386;-1.4834;-0.4881;1.3367;2.065
27.68588979;0.6133;-0.6439;3.4504;3.57
27.6986849;1.2108;0.4141;1.206;1.76
27.70492233;-0.7267;0.0551;-0.8433;1.112
27.74227156;-1.2583;-0.2963;0.2634;1.326
27.74413302;1.7088;-0.5192;2.3175;2.929
27.74577936;2.626;0.7085;1.0738;2.922
27.7471716;-0.3869;0.1259;-1.9532;1.988
27.75592848;-2.6016;-0.3516;1.2315;2.908
27.76427436;1.1386;-0.9039;3.9893;4.252
27.7795381;1.7594;0.3738;1.4219;2.294
27.7850356;0.576;0.1019;-2.5233;2.581
27.82498829;-0.4548;0.3093;-1.7677;1.845
27.82704325;1.077;-0.2636;2.8768;3.089
27.82878813;1.6988;-0.5661;2.4081;3.004
27.8304479;-0.1645;0.4368;-0.3872;0.604
27.83701725;-1.7677;-0.0139;-1.0296;2.047
27.84485398;-0.6965;-0.696;2.9355;3.105
27.85466486;2.4542;-0.4145;2.7621;3.72
27.86438633;1.1579;0.7655;-0.7054;1.55
27.88033302;-1.6361;0.0661;-1.7929;2.426
27.88492806;-0.1073;-0.3822;2.2767;2.319
27.92227825;-0.3275;-0.6168;-0.8361;1.084
27.92385344;-0.3275;0.4176;-0.8361;0.986
27.92498598;-0.8541;0.215;-1.1415;1.439
27.92626971;0.5818;-0.7183;2.3877;2.566
27.93457013;0.229;0.3133;-1.3026;1.351
27.94447986;0.0484;0.4946;-1.4211;1.498
27.96626675;0.9578;-0.5231;3.1898;3.377
27.96833036;0.5695;-0.2123;2.1138;2.206
28.00216629;-0.8084;0.0524;-0.5313;0.969
28.00436821;-0.9653;0.0079;1.2505;1.59
28.00567848;1.7458;-0.8967;3.8272;4.306
28.0070396;1.104;0.666;-0.0175;1.285
28.01434144;-0.7048;-0.0158;-3.4337;3.498
28.02493556;0.7378;0.2496;1.5072;1.702
28.03465798;1.8262;-1.1716;3.8153;4.393
28.04490186;-0.0171;0.2988;0.6575;0.731
28.06383952;-0.0881;0.43;-2.9369;2.962
28.06587936;-0.1747;-0.2795;0.3345;0.477
28.09970098;1.4336;-0.5608;2.9496;3.332
28.10173175;1.5126;0.3717;1.3943;2.092
28.1027676;0.5211;0.3783;-1.1106;1.275
28.11179686;-1.0868;-0.1306;0.5538;1.236
28.11489536;-0.7437;-0.6588;2.9532;3.125
28.1247571;0.9219;-0.1146;0.3571;0.993
28.13449748;2.6248;0.6106;0.2301;2.7
28.14475967;-0.1031;0.2176;-0.5261;0.573
28.16244652;-3.0252;-0.827;1.7016;3.577
28.1648831;0.3999;-0.4599;2.9157;2.986
28.20054779;1.283;0.3624;1.3512;1.9
28.20335421;-0.6823;-0.1018;0.1811;0.721
28.20417548;-0.5293;-0.6092;1.2233;1.474
28.2137331;0.8667;0.0562;2.7805;2.919
28.22609463;0.9065;0.3931;-1.2161;1.557
28.2344299;0.2883;0.2795;-1.2926;1.345
28.24430663;0.337;-0.042;1.5868;1.63
28.2557494;0.751;-0.331;1.309;1.549
28.26441494;0.2574;0.1665;-0.0008;0.302
28.27753502;0.4345;0.0535;0.8384;0.951
28.28514217;0.5906;-0.4252;2.1023;2.231
28.31419479;0.1643;-0.1069;1.6844;1.703
28.31565529;0.7806;0.1435;0.5015;0.939
28.3164726;-0.1499;-0.4409;1.6042;1.678
28.32431921;-1.0307;0.1218;1.1364;1.549
28.3342699;-0.9385;-0.5981;-0.2143;1.136
28.3442879;0.7213;0.6231;-0.0254;0.95
28.35453575;0.6683;0.14;0.9767;1.195
28.36469002;-0.3343;-0.6455;2.1725;2.299
28.3778276;-0.02;-0.1015;1.3277;1.34
28.38481598;1.3051;-0.033;2.1572;2.525
28.42154556;1.0267;0.0966;1.2002;1.585
28.42297444;0.1383;-0.2309;-0.839;0.872
28.4240746;1.5562;0.5337;-1.789;2.421
28.42562952;1.5533;0.3887;1.2659;2.042
28.43574506;-1.269;-0.8126;2.6973;3.099
28.44507175;-2.6412;-0.7804;1.3257;3.065
28.45553106;0.7756;0.2733;2.281;2.431
28.46441494;2.0095;-0.079;2.7711;3.427
28.48029221;-0.2758;-0.1604;-0.0294;0.324
28.52339994;-0.091;-0.0094;-3.3743;3.367
28.52590283;2.4477;0.7886;1.3652;2.911
28.52718375;0.9607;-0.7553;3.8326;4.029
28.52891548;-3.0355;-0.6026;0.1645;3.105
28.53110463;-0.5155;0.5419;-1.9046;2.04
28.53474479;1.3473;-0.1426;2.7572;3.077
28.54492486;1.3502;-0.9409;3.5201;3.891
28.55530986;0.5718;0.0943;-0.0179;0.574
28.56445521;0.6133;0.6975;-0.9271;1.305
28.57930652;-1.0389;-0.2598;1.6974;2.017
28.5845736;-1.0332;-1.2043;3.71;4.044
28.62545786;0.5791;0.3842;0.449;0.828
28.62687406;1.1914;0.3312;-1.2585;1.755
28.62782425;-0.0189;-0.3257;1.8576;1.894
28.62874798;1.1918;-0.4981;2.7982;3.087
28.63671529;-0.4645;0.2656;-0.7773;0.94
28.64445556;0.0917;0.1289;-1.4934;1.493
28.65531021;2.1875;-0.002;2.2505;3.14
28.66422752;1.7312;-0.0545;1.9649;2.622
28.67458625;-1.1221;-0.1224;-0.5329;1.25
28.69623075;-0.2421;-0.0551;0.469;0.541
28.69803859;1.7469;-0.1468;3.2117;3.663
28.74680859;0.2108;-0.0546;0.1424;0.26
28.74824325;-0.4457;0.2901;-1.0964;1.214
28.74984302;-0.6109;-0.0511;1.8281;1.938
28.75063809;0.8025;-0.9484;3.7625;3.969
28.75241006;0.3909;0.2802;0.0395;0.479
28.7548059;-0.3042;0.5918;-2.1475;2.242
28.76455648;0.0779;-0.2779;0.3737;0.477
28.77968017;0.6508;0.1008;1.0318;1.228
28.7848449;0.312;0.0149;-0.5461;0.619
28.82184286;-0.7394;0.0272;1.4046;1.598
28.82357433;-0.2481;-0.5505;1.8061;1.913
28.82513402;1.6387;0.1169;1.316;2.106
28.82664156;1.2985;0.5468;-0.2919;1.432
28.83448144;-1.4465;-0.2748;-0.2251;1.494
28.84499875;-0.6678;-0.3915;1.6298;1.814
28.85471363;0.8118;-0.2851;2.4952;2.645
28.86439971;0.3187;0.3639;0.5717;0.753
28.87467744;0.4503;-0.2351;-0.0681;0.505
28.8847384;-0.1703;0.0007;1.7431;1.76
28.89612229;0.0159;-0.3531;1.4213;1.472
28.93318875;0.9602;0.0435;1.3753;1.681
28.93507336;0.6947;0.0649;1.3593;1.533
28.93607321;-0.6535;-0.2849;0.6929;1.003
28.93697263;-0.7091;-0.2348;-0.0415;0.753
28.94429233;0.84;0.2503;1.2262;1.511
28.95462756;1.5048;-0.1186;1.6552;2.242
28.96449136;0.2861;-0.2722;1.0009;1.082
28.97740613;-0.1452;0.1548;0.0919;0.239
28.98451406;0.8862;-0.1285;1.0071;1.35
29.01438656;1.6267;0.071;1.05;1.937
29.01592736;0.8347;-0.0098;-0.1629;0.843
29.01688659;0.36;0.3599;-0.4829;0.694
29.02738983;0.0821;-0.2646;1.4803;1.514
29.03457659;-0.6913;-0.8535;3.2574;3.446
29.04450133;0.0866;0.0942;0.8819;0.899
29.05455859;0.623;0.0094;0.0892;0.625
29.06429379;-0.0905;-0.1029;1.5686;1.583
29.07674825;0.2001;-0.3949;2.1519;2.204
29.08430306;-0.1502;0.0721;1.0529;1.075
29.11518748;-0.5316;-0.1218;0.8942;1.057
29.11683429;-0.179;-0.3888;1.8559;1.913
29.12032179;1.2642;0.1223;1.4344;1.918
29.12828121;0.901;0.3981;-0.6458;1.169
29.14088852;-0.5278;-0.2444;-0.9111;1.077
29.14431229;0.8341;-0.1086;2.4541;2.6
29.15457652;2.097;-0.1847;2.2984;3.119
29.16446209;-0.0057;0.0486;0.1198;0.138
29.17707213;-0.5775;-0.0458;-0.6814;0.892
29.21551259;0.6433;-0.0464;1.991;2.099
29.21714386;0.7675;-0.3496;1.8589;2.046
29.22141759;0.1581;0.3042;0.451;0.572
29.22259779;-1.0826;-0.0749;-0.0533;1.092
29.22823898;-0.9576;-0.3138;1.6128;1.912
29.24044879;0.5249;-0.1929;1.7387;1.832
29.24456644;0.6326;-0.0298;0.8548;1.067
29.25474513;0.4358;0.064;1.1195;1.209
29.26450633;0.7285;-0.2279;1.4511;1.644
29.27878967;-0.1583;0.1094;0.8022;0.834
29.32900163;-0.7415;-0.3786;1.4496;1.681
29.3309014;1.5939;-0.3142;2.8125;3.252
29.33221636;1.0531;0.3494;0.555;1.24
29.33366809;-1.2013;0.0661;-1.5291;1.943
29.33807833;-0.098;0.0817;0.1626;0.217
29.33885948;2.1189;-0.5717;3.6717;4.282
29.34447152;0.9556;0.1592;1.1424;1.501
29.35452333;0.1699;0.0244;-1.6019;1.602
29.36449052;0.8171;0.4316;-0.4042;1.001
29.37718194;1.39;-0.1684;0.8932;1.66
29.42639598;0.8258;0.151;0.2362;0.869
29.42795456;0.5916;-0.1065;0.2869;0.664
29.42896083;-0.015;0.1367;2.511;2.523
29.43011009;-1.9998;-0.6246;1.6828;2.696
29.43187467;-0.985;-0.1766;1.0756;1.479
29.43715529;1.6899;0.0314;1.4312;2.216
29.44446521;0.7478;-0.0145;1.5543;1.73
29.45545086;-1.4305;-0.22;-0.0685;1.454
29.46472533;-0.8839;-0.0895;0.9151;1.285
29.47461467;0.2646;-0.2413;2.7654;2.796
29.49875363;-0.1439;-0.2008;1.5205;1.549
29.50382748;0.4785;0.0051;0.4052;0.628
29.50540825;1.2136;0.2768;0.0715;1.242
29.51455898;0.8509;0.0985;-0.0991;0.856
29.54807636;0.4718;-0.0189;0.5019;0.691
29.55086602;1.0688;-0.2326;2.3144;2.565
29.5516929;0.4008;-0.1743;0.8623;0.971
29.55456383;-0.4507;0.0049;0.4028;0.614
29.56488302;0.4142;-0.1489;1.0064;1.104
29.57461717;0.3022;-0.1269;1.4847;1.527
29.59427236;-0.2656;-0.103;0.3534;0.464
29.59576636;0.6645;0.0996;1.822;1.948
29.63500244;-0.921;-0.3012;1.25;1.591
29.63681775;1.17;0.1776;0.8228;1.441
29.63773309;1.0774;0.0854;1.3324;1.718
29.63844844;0.2254;-0.2984;0.0779;0.379
29.64475375;1.0287;0.4781;0.0191;1.13
29.65488602;0.0971;-0.4053;1.2582;1.332
29.66453106;0.2902;-0.4788;2.3702;2.442
29.67765659;1.2686;0.0996;1.7041;2.13
29.71784702;0.72;0.2028;-0.3527;0.819
29.7190809;0.2371;-0.1253;-0.7326;0.77
29.72030786;0.4769;0.2715;-0.7573;0.926
29.72131302;0.7413;0.1561;1.9158;2.066
29.72474644;-0.0436;-0.5137;1.5545;1.645
29.73677536;-0.8286;0.2584;1.0677;1.386
29.74436575;-0.659;-0.327;1.4422;1.628
29.75453032;1.1317;-0.4013;2.4986;2.777
29.76469106;0.7757;0.1638;0.275;0.837
29.77547071;0.2351;-0.0682;-0.4264;0.481
29.81227021;0.1368;0.0534;2.3011;2.314
29.8141464;-0.771;-0.6606;2.1859;2.419
29.81550175;-0.0783;0.2196;0.5524;0.609
29.81679032;0.9832;0.064;-1.1402;1.497
29.82477725;0.3038;0.1983;0.4385;0.573
29.83790798;0.7313;-0.2667;1.2682;1.492
29.84447379;-0.079;-0.1014;1.4449;1.459
29.85467817;-0.5868;-0.4341;1.7115;1.87
29.86456844;1.1078;-0.1388;3.063;3.266
29.87504836;0.3057;0.118;0.4936;0.597
29.91684198;-0.8295;0.0573;-2.2797;2.421
29.91884967;0.1754;0.1648;0.5896;0.643
29.91971052;1.4651;-0.5005;3.9488;4.247
29.92182144;-1.1049;-0.227;1.4187;1.822
29.92425348;-1.7571;0.1586;-0.7331;1.913
29.93462402;-0.1273;-0.3406;2.38;2.416
29.94424817;2.0726;-0.3571;3.0393;3.699
29.95445767;1.2984;0.0467;-0.6287;1.434
29.96456509;1.2942;0.328;-2.8718;3.157
29.97600013;1.5774;0.5237;0.4762;1.726
30.02303598;0.2546;-0.5218;2.9148;2.979
30.02540852;-1.8633;-0.6514;1.495;2.485
30.02664279;0.8105;0.5117;0.0571;0.957
30.02749836;1.4699;-0.4063;2.0598;2.566
30.02930525;0.8145;-0.3386;2.4522;2.612
30.03552106;-0.1534;0.0106;0.1538;0.228
30.04467386;-0.1473;0.5866;-1.1975;1.336
30.05428998;-0.5535;-0.3696;2.452;2.55
30.06443348;0.167;-0.8648;3.7731;3.882
30.07531175;-0.0371;0.1779;-0.0749;0.196
30.11836817;-0.3431;0.1797;-0.1139;0.407
30.1196929;0.3654;-0.7765;2.5771;2.723
30.12093636;1.4304;0.1463;2.2408;2.666
30.12174406;0.2599;0.1408;-1.6466;1.664
30.12473371;0.9938;0.5062;-1.0804;1.544
30.13459032;0.7934;-0.1903;2.1947;2.347
30.14443606;-0.0492;-0.4634;1.4445;1.525
30.15446479;0.6599;0.257;-1.1183;1.314
30.1643544;-0.0829;0.5399;0.3735;0.668
30.17442121;-0.5643;-1.0714;3.0556;3.295
30.21220606;0.5966;-0.0572;1.8766;1.976
30.21578732;0.1149;0.4754;-0.3196;0.58
30.21730748;-0.64;-0.2428;0.5174;0.867
30.21975582;0.369;-0.6157;2.9447;3.038
30.22442017;0.1068;0.323;0.9136;0.983
30.23650632;-0.6781;-0.0854;-0.474;0.832
30.24433659;0.327;0.0254;0.6155;0.702
30.2543809;0.9902;0.006;1.5242;1.821
30.2649414;-0.1152;-0.0519;-0.2749;0.297
30.27454536;0.4382;0.0197;-0.0118;0.433
30.31267563;1.2366;0.0392;1.6668;2.079
30.31488244;0.2101;-0.2424;1.556;1.596
30.31938594;-0.0831;-0.0354;-0.0015;0.095
30.32067063;0.3861;0.0934;1.0382;1.117
30.32434794;0.7807;-0.2814;2.7963;2.923
30.33474229;0.1433;-0.2362;0.9901;1.035
30.34438952;-0.7453;0.3505;0.1309;0.841
30.35451798;-0.3545;-0.5729;-0.3155;0.742
30.36453671;1.0883;0.3992;1.1567;1.64
30.37460498;0.1819;-0.0062;0.9891;1.013
30.4121929;-0.5185;-0.4562;2.0166;2.14
30.41411882;0.8492;-0.5563;2.2953;2.515
30.41899748;1.2374;0.7069;1.3743;1.982
30.42006356;-0.7931;-0.5673;-1.8309;2.069
30.42498132;0.4468;0.179;-0.9792;1.082
30.43675317;3.3673;0.6369;2.3142;4.135
30.44516579;-2.9752;-0.7144;0.9243;3.204
30.45458375;-2.9752;-0.4566;1.5707;3.404
30.4732699;2.0055;0.424;1.864;2.772
30.47537932;-0.626;-0.3704;-1.0194;1.248
30.51112125;0.863;0.1561;1.1145;1.421
30.51291682;1.8303;-0.0283;2.8796;3.416
30.51504282;-1.4088;-0.2199;0.6859;1.591
30.51595806;-2.119;-0.3176;0.0913;2.151
30.52437363;0.5727;-0.1048;2.0008;2.09
30.53484394;2.1339;-0.0938;2.0374;2.953
30.54468125;0.9132;-0.0987;1.0985;1.434
30.55447644;-0.1174;0.327;-0.3326;0.478
30.57739656;-1.5298;-0.2296;1.168;1.948
30.57929932;0.5343;-0.8564;3.2264;3.387
30.61442471;2.0768;0.5619;1.0676;2.401
30.61844948;0.2074;0.1823;-1.1809;1.204
30.61975098;-0.8667;0.0099;-0.4953;0.999
30.62142817;0.187;-0.633;3.2468;3.321
30.62468213;1.2863;0.1727;0.8154;1.532
30.63458144;0.5287;0.4851;-0.5561;0.9
30.64433302;-0.5716;-0.3638;1.2428;1.425
30.65432556;0.558;-0.7569;3.195;3.337
30.67479386;0.4025;0.4179;0.4101;0.713
30.67615271;0.6144;0.1138;-1.699;1.801
30.71216056;0.1385;-0.05;1.9913;2.004
30.71451448;0.3117;-0.6502;2.1282;2.254
30.71587017;-0.1327;0.3889;0.0339;0.417
30.71668909;0.4935;0.2084;-1.4466;1.533
30.72441306;0.043;-0.1913;1.0186;1.045
30.73578444;1.1565;-0.2481;1.91;2.25
30.74482979;0.9196;0.2531;0.3423;1.011
30.75437771;-0.0796;0.0809;0.2505;0.285
30.77300625;0.6755;-0.42;2.8311;2.947
30.77569605;-0.3518;-0.0414;0.7464;0.836
30.81244867;-1.1724;-0.1319;-0.4969;1.282
30.81412502;0.7887;-0.171;2.4905;2.624
30.81801421;0.9028;-0.0815;2.115;2.306
30.81889263;-1.3746;-0.1531;-0.8825;1.641
30.82474013;-0.409;0.25;-1.2;1.287
30.83446482;0.9265;-0.2863;3.1457;3.298
30.84451994;0.3994;-0.447;2.1449;2.234
30.85451655;0.3158;0.1373;-0.0963;0.351
30.87439829;1.0663;0.3988;0.2456;1.161
30.87571002;0.2201;-0.2127;0.6521;0.726
30.91071194;0.0257;-0.09;0.023;0.096
30.91223209;1.452;0.3892;1.2805;1.976
30.91359671;-0.0952;-0.644;3.1059;3.181
30.91557182;-1.1728;-0.4189;1.4292;1.905
30.92429867;-0.5345;0.2018;0.4594;0.743
30.93556948;0.4097;-0.1123;1.2088;1.287
30.94428063;0.8843;-0.2139;1.6347;1.875
30.95452663;1.174;0.2715;-0.6674;1.369
30.97454779;0.7779;0.204;-1.0926;1.347
30.97592998;-1.123;0.0678;1.1336;1.607
31.01466444;-0.2891;-0.905;2.8716;3.033
31.01685809;1.2041;0.2018;0.898;1.516
31.01782936;0.7041;0.2902;0.6918;1.031
31.01881771;0.2073;-0.59;2.6099;2.691
31.02450086;0.9273;-0.1103;1.1342;1.472
31.03529671;0.318;0.1856;0.5577;0.673
31.04450755;0.5626;-0.3169;0.6002;0.883
31.05432155;0.406;0.334;1.1041;1.229
31.07245502;-1.1188;-0.2417;0.1177;1.157
31.07450721;-0.0269;-0.3712;2.2265;2.265
31.11079313;0.9824;-0.0716;2.0933;2.318
31.11215625;0.3115;0.0409;-0.0715;0.315
31.11339052;-0.2061;0.0952;0.3432;0.422
31.11497998;1.042;-0.4947;2.2756;2.556
31.12438782;1.8184;0.1103;1.8569;2.603
31.1353169;0.1102;0.0821;-0.763;0.767
31.14438663;-0.7713;0.2789;0.154;0.842
31.15440013;-0.3801;-0.7296;2.2417;2.396
31.17183209;-0.0071;-0.1859;2.2957;2.311
31.17461509;-0.1915;0.1388;0.8005;0.844
31.21078659;0.6303;-0.0702;1.5437;1.674
31.21229579;-0.1043;-0.3539;0.913;0.992
31.21516848;-0.1033;0.1415;-0.7415;0.755
31.2164309;2.2669;0.4924;-0.749;2.43
31.22514425;1.6476;0.1994;0.32;1.686
31.23514425;-0.6457;-0.2057;0.5021;0.853
31.24414705;-0.6618;-0.1978;0.1466;0.713
31.2545309;0.7735;0.392;1.1217;1.421
31.27280459;0.1201;-0.3996;1.3522;1.422
31.27486125;-0.0369;-0.3739;1.6231;1.674
31.31045359;1.487;0.1676;1.5674;2.169
31.31180975;-2.3635;-0.6551;0.16;2.464
31.3151829;0.1218;0.0294;1.194;1.208
31.31617894;0.9852;0.1127;2.0344;2.268
31.32476005;-0.4506;-0.2261;0.3555;0.625
31.33456952;-0.1893;0.092;0.4431;0.501
31.34486163;-0.2106;-0.1402;0.9348;0.977
31.3547899;0.5662;-0.3025;1.7798;1.898
31.3731724;1.7044;0.1507;1.1438;2.058
31.37517059;0.5868;-0.0687;0.3043;0.663
31.41112217;-0.0919;-0.2168;0.4392;0.506
31.41282513;0.8493;0.1567;1.7111;1.922
31.41491494;0.2621;-0.1094;1.6518;1.683
31.41588502;0.3269;-0.1582;0.5816;0.69
31.42452521;0.2855;0.2387;0.6291;0.736
31.43526871;-0.5641;-0.1755;-0.3433;0.684
31.44444186;0.1566;-0.2529;0.9511;1.003
31.45432313;1.7785;0.1929;1.2029;2.156
31.47312286;0.3236;0.1518;0.318;0.48
31.47468086;-0.5344;-0.2783;-0.2739;0.663
31.51349152;-0.0374;-0.3214;2.942;2.968
31.51605186;1.9719;-0.1996;3.1249;3.704
31.5173604;0.5567;0.3302;0.0176;0.643
31.51845094;-1.4392;-0.1278;-1.6645;2.202
31.52449598;0.5757;-0.1185;0.3883;0.704
31.53444513;1.8659;0.0974;2.3017;2.967
31.54450748;-0.9849;-0.0325;0.3522;1.055
31.55451705;-1.8606;-0.3075;0.8054;2.059
31.57246817;0.8862;-0.6688;3.332;3.518
31.57449063;0.8653;0.0199;1.8503;2.048
31.61421259;0.3296;0.3544;-0.8827;0.998
31.61566755;0.4768;-0.0332;-1.0931;1.183
31.61646559;0.4856;-0.1363;3.3577;3.403
31.6176834;0.2303;-0.7964;3.2957;3.406
31.62438859;-1.4856;0.3241;0.8488;1.751
31.63491952;-1.3487;-0.5411;-0.3943;1.508
31.64442517;1.3284;-0.004;1.7773;2.222
31.6549199;2.141;0.1807;1.4655;2.601
31.67298425;-0.0815;-0.1468;0.0406;0.176
31.67463171;0.3301;0.021;0.9704;1.031
31.71343771;-0.4196;-0.2292;2.5371;2.591
31.71511286;-0.4167;-0.4533;1.4852;1.616
31.71596821;1.8551;0.2629;-0.4388;1.917
31.71706736;1.4391;0.6122;-1.2678;2.004
31.72427217;0.3602;-0.3428;-0.7601;0.898
31.73473598;1.0828;-0.0643;2.4763;2.709
31.74455602;0.1262;-0.116;1.6099;1.627
31.75460648;-1.2076;-0.1167;-0.1573;1.228
31.77304321;0.8375;0.0486;0.2843;0.883
31.77541921;1.6941;-0.1323;2.9171;3.38
31.8100574;0.3014;-0.3751;0.9924;1.108
31.81139182;0.0283;0.3574;-0.08;0.367
31.81228763;-1.2927;-0.1339;-0.0004;1.305
31.82193444;-1.2567;-0.7178;2.328;2.751
31.82437428;0.8032;-0.1209;2.0716;2.231
31.83436278;1.5991;0.5471;0.5783;1.784
31.84418936;-0.2177;-0.0374;-0.6814;0.71
31.85455125;-2.3282;-0.4666;0.9973;2.584
31.87246013;1.3437;-0.4676;3.9362;4.191
31.87469286;2.3457;0.2642;1.3972;2.742
31.91252894;-0.8248;0.0599;-0.7327;1.104
31.91442648;-1.3971;-0.1805;-1.0731;1.77
31.91582294;1.6937;-0.0288;1.0541;1.994
31.91702982;1.8612;0.3164;1.4055;2.354
31.92456028;-1.5926;-0.3803;0.8179;1.839
31.93450848;-1.0119;-0.4074;2.608;2.836
31.94440098;0.9356;-0.0628;2.5893;2.76
31.95455505;-0.1895;-0.1404;0.2146;0.327
31.9734389;0.5543;-0.0382;-0.967;1.105
31.97543275;1.7067;0.4383;0.1944;1.768
32.01294767;2.2872;0.0429;-0.1768;2.288
32.01504425;-0.2663;0.3313;0.5346;0.693
32.01603163;-2.645;-0.7234;0.3694;2.773
32.01744232;-0.064;-0.0486;1.7886;1.799
32.02447313;2.3837;0.0942;1.5635;2.852
32.03434255;0.5613;-0.5512;1.1714;1.415
32.04469625;0.2557;0.1396;1.4771;1.513
32.05426282;1.0651;-0.0156;0.3617;1.122
32.07170894;-0.7467;0.2684;1.0525;1.328
32.07479763;-1.6729;-0.9772;2.0941;2.862
32.10976948;1.0113;0.3247;1.1069;1.536
32.11183013;1.0481;0.2144;-0.2421;1.09
32.11328832;-0.682;-0.085;2.7878;2.881
32.11500482;-0.4321;-0.6536;2.7878;2.904
32.12476317;0.5899;-0.0059;0.3785;0.7
32.13441263;0.4946;-0.4912;1.9028;2.032
32.14453728;0.6211;-0.1358;1.9507;2.058
32.1544274;0.3862;0.1373;-0.747;0.842
32.17164332;0.2309;0.51;-0.835;0.998
32.17482105;0.5695;-0.1263;0.5692;0.816
32.21143859;-0.0495;-0.1735;1.5453;1.564
32.21290267;-0.7295;-0.0867;1.2092;1.425
32.21400763;-0.1142;-0.2182;1.302;1.333
32.21524252;0.9256;-0.0795;1.7213;1.96
32.22437005;0.8305;0.1599;-0.0427;0.841
32.23479755;-0.4561;0.0663;-0.0956;0.475
32.24508317;0.14;-0.1906;1.8393;1.862
32.2544584;0.8096;-0.812;3.2176;3.422
32.27166148;-0.7666;0.3198;0.5381;0.999
32.27432836;-2.3684;-0.2364;-1.6506;2.897
32.30992313;0.5459;0.1466;2.0749;2.157
32.31118402;3.0216;-0.2535;2.9463;4.229
32.31285975;0.4027;0.091;-0.4239;0.582
32.31475132;-0.874;-0.0017;-2.2057;2.367
32.32433602;0.4037;-0.011;2.9989;3.033
32.3348204;1.7117;-0.9;3.0521;3.617
32.34652825;0.0426;0.7582;-0.2174;0.789
32.35435855;-0.0826;-0.1832;-2.0051;2.007
32.36565552;0.768;-0.1919;3.2905;3.391
32.37443194;0.937;-0.7886;3.6832;3.888
32.38452148;-1.0343;0.2653;-0.6582;1.255
32.40501094;-0.9698;0.2055;-1.1086;1.485
32.40680694;1.8118;-0.309;1.9122;2.654
32.44198944;2.7025;-0.0233;0.7977;2.814
32.44469125;0.0542;0.4361;-2.1862;2.222
32.44922036;-1.5079;0.1064;-0.6516;1.648
32.45029036;0.3122;-1.1203;3.9791;4.153
32.45478709;0.8182;-0.4443;2.6143;2.781
32.47241425;0.2492;0.7576;-0.5807;0.981
32.47479117;0.8774;-0.2113;0.5582;1.06
32.51337582;0.6028;-0.2864;2.1379;2.246
32.51557175;0.3285;-0.1658;0.1756;0.406
32.51655702;-0.6619;0.3816;0.6804;1.033
32.51768217;-1.6127;-0.7913;2.76;3.303
32.52470748;-0.698;-0.8706;2.0841;2.372
32.53447286;0.8433;0.7119;1.5548;1.911
32.54911228;0.5642;-0.2444;0.476;0.778
32.55432444;0.8084;-0.1687;-0.3097;0.873
32.56438767;1.4237;0.5281;-0.3932;1.562
32.57466609;0.6199;0.1118;1.768;1.883
32.5877864;-1.4056;-1.0274;2.6384;3.17
32.62843571;-0.1152;0.1191;1.5747;1.592
32.63032932;1.4045;0.2305;-0.1692;1.427
32.63115605;0.0175;0.1408;-0.4042;0.421
32.63223513;0.682;-0.1015;-0.1331;0.695
32.63505717;1.4694;0.1285;1.1956;1.899
32.64923525;-0.134;-0.1424;1.392;1.414
32.65477252;-0.7966;-0.1533;0.1805;0.838
32.66445998;-0.4791;-0.0101;1.3514;1.444
32.67443309;0.4913;-0.6036;2.5781;2.699
32.68810536;1.352;0.084;2.1211;2.521
32.73011075;-0.1482;0.0038;-0.0588;0.162
32.73157002;-1.174;0.0391;-0.0423;1.181
32.73239059;-0.2003;-0.4267;2.4617;2.515
32.73348117;1.7078;-0.0716;1.4418;2.237
32.7353454;0.7366;0.5988;-1.1162;1.457
32.74700855;-1.4332;-0.0476;-0.7497;1.62
32.75451298;0.1349;-0.9394;3.5951;3.726
32.7652449;2.1609;-0.0573;2.1132;3.024
32.77434586;1.0152;0.5023;-0.9574;1.474
32.78563298;-0.397;0.0308;-1.3911;1.441
32.82535128;1.5805;-0.1925;2.2465;2.757
32.82703467;1.5787;0.0231;1.629;2.27
32.82805525;-0.6931;-0.0818;-0.4016;0.806
32.82939248;-1.1299;0.0646;0.4216;1.216
32.83492028;0.0938;-0.4531;1.1424;1.239
32.84597621;1.0607;0.3304;0.9018;1.432
32.85455294;0.1537;0.064;-0.2463;0.288
32.86494005;-0.2494;-0.2327;0.6563;0.748
32.87460855;-0.4042;-0.3897;3.4266;3.481
32.88504348;0.1703;-0.2244;1.3226;1.359
32.92299844;0.3321;0.2994;0.6138;0.764
32.92452736;-0.9036;-0.1719;-0.1364;0.934
32.92568048;0.5364;-0.1704;0.2069;0.597
32.9268379;1.3263;0.5338;1.5708;2.127
32.93620709;-0.5283;-0.4081;1.2935;1.465
32.94838663;-1.717;-0.529;1.6037;2.418
32.95447786;0.4406;-0.1047;1.6585;1.726
32.96467078;1.4585;0.2036;1.7355;2.279
32.97476994;0.8138;-0.0561;-1.7331;1.905
32.98483878;1.5819;0.3362;-0.3105;1.64
33.02745571;0.3479;-0.3843;2.4897;2.55
33.02948744;-1.8157;-0.473;1.7565;2.58
33.03055001;-0.7261;0.1445;-0.2886;0.797
33.03174559;1.1164;0.0468;2.5936;2.829
33.03470275;0.643;-0.617;2.457;2.62
33.0460254;-0.2861;0.0165;0.1301;0.324
33.05454732;0.1808;0.399;-1.0352;1.116
33.06479921;-0.139;-0.2662;0.9565;1.011
33.07454405;0.2432;-0.477;2.4011;2.467
33.08442963;-0.3704;0.2684;-0.0139;0.463
33.10134871;-0.471;-0.0884;0.0393;0.487
33.10506394;0.9141;-0.4537;3.4047;3.561
33.14099232;1.3932;-0.2886;2.2912;2.701
33.14375398;0.0176;0.1622;-1.6308;1.631
33.14827409;0.0928;0.4645;-1.4534;1.521
33.14938944;2.0186;-0.1213;2.632;3.322
33.15453282;0.8107;-0.7498;2.8186;3.033
33.16522805;-1.5049;0.3048;0.5312;1.633
33.17472709;-0.9098;-0.2929;-0.0006;0.961
33.18486225;0.4654;-0.3812;1.3191;1.455
33.2229174;1.5907;0.557;0.7682;1.851
33.22428467;1.0691;-0.1738;-0.4682;1.171
33.22542632;0.0075;0.4527;0.6426;0.794
33.22650701;-0.8648;-1.0114;2.3985;2.751
33.23535963;-0.0768;0.0965;1.9215;1.934
33.24748836;-0.0563;0.0952;0.1713;0.213
33.25461709;-0.1926;-0.2797;1.5239;1.57
33.26440198;1.0637;-0.2635;3.5405;3.712
33.27507744;-0.1544;0.0625;0.7045;0.733
33.28570671;-2.187;-0.1801;-0.0618;2.201
33.32668148;0.1043;-0.4997;1.6325;1.718
33.32809432;2.6576;0.6848;1.4246;3.091
33.32929309;-0.2039;0.0926;-0.5843;0.62
33.33007844;-0.7271;-0.6221;0.9168;1.333
33.33453255;1.6549;-0.3316;3.3688;3.773
33.34640478;0.9855;0.2549;0.8004;1.296
33.35438698;1.1434;0.0671;-1.5418;1.91
33.36436578;1.5273;0.4944;-1.7386;2.357
33.37460251;1.3211;-0.0002;0.3224;1.356
33.38818136;1.4501;-0.2113;2.1;2.564
33.43008801;-0.8585;-0.2377;1.9045;2.112
33.43143898;0.6183;-0.2502;1.7514;1.88
33.43216132;2.5722;0.5592;1.9504;3.277
33.43470898;-0.7953;-0.1546;-0.8365;1.163
33.44677317;-1.3437;-0.225;0.2897;1.4
33.45446082;0.3599;-0.5016;3.7867;3.844
33.46480075;-0.7455;-0.4526;2.2199;2.394
33.47437105;-1.4321;-0.0374;-0.5313;1.531
33.48698001;0.4324;0.3189;0.9224;1.073
33.5303679;1.8529;-0.745;2.2197;2.988
33.53218644;1.7128;0.3343;-0.6405;1.851
33.53340944;0.3324;0.5808;-1.8089;1.92
33.53555075;-0.5483;-0.0553;1.5294;1.635
33.53657017;0.2895;-1.1799;3.5265;3.737
33.54541675;0.0914;0.5119;0.5428;0.758
33.55453386;0.7621;0.0414;-1.0959;1.325
33.56449378;0.8629;-0.1042;1.7674;1.974
33.57466101;0.65;-0.2591;1.5811;1.734
33.58452786;-0.7286;0.3101;-0.3366;0.863
33.62640948;-0.0739;0.2552;0.2606;0.38
33.62778601;0.6188;-0.7019;3.1707;3.312
33.62904009;-0.5322;0.1206;0.8859;1.051
33.62985009;-0.4838;-0.1615;-0.9234;1.05
33.63452159;0.607;0.2011;2.034;2.138
33.64485459;1.1252;-0.6374;2.2905;2.635
33.65432098;0.4481;0.2283;-0.0177;0.498
33.66441505;0.1664;0.6758;-1.7269;1.854
33.67441098;-0.7751;-0.2647;1.044;1.337
33.68453836;0.6588;-0.7724;3.1857;3.35
33.72645182;0.9003;0.1941;0.9709;1.34
33.72768521;-0.117;0.3979;0.351;0.551
33.72887921;-0.1345;-0.8826;1.8137;2.029
33.72979559;0.7394;-0.0687;2.0087;2.147
33.73440405;1.0857;0.4014;-0.3261;1.195
33.74454925;0.3847;-0.1294;-0.7771;0.867
33.75432971;-0.098;0.1283;2.2786;2.293
33.76429821;-0.237;-0.7843;2.3654;2.511
33.7744764;-0.2117;0.0889;1.1677;1.199
33.78449921;0.6545;-0.0495;0.1851;0.678
33.82218771;0.8266;0.114;1.0638;1.355
33.82358467;0.9651;0.4773;-1.0958;1.527
33.82546563;0.46;0.3839;1.4224;1.55
33.82638959;-0.3883;-0.9635;1.9986;2.26
33.83562221;-0.4777;-0.0264;1.4814;1.566
33.84773563;0.2185;0.525;-0.3632;0.67
33.85439544;0.1334;-0.6822;0.9919;1.217
33.86431882;0.7352;0.1137;2.2572;2.383
33.87464386;-1.1337;-0.3643;0.6566;1.368
33.88475428;-0.5312;-0.1363;2.2257;2.302
33.92670936;0.6517;-0.3451;2.7939;2.896
33.92853817;-1.3624;-0.0076;0.1733;1.38
33.92978382;-1.0337;-0.3166;-0.3307;1.133
33.93053871;1.8093;-0.242;2.9799;3.498
33.93436317;1.7415;0.2361;2.2456;2.855
33.94444013;-0.5987;-0.2034;-0.8435;1.051
33.95441575;-0.836;0.6617;-0.2179;1.092
33.96451571;0.6993;-0.9309;2.9273;3.156
33.97553513;2.3477;0.0807;2.1055;3.156
33.98578836;1.3779;0.2857;-1.4361;2.001
34.02644474;-0.2591;0.345;-1.1637;1.235
34.02818374;1.4304;-0.4125;1.8233;2.356
34.02963605;2.2684;0.0693;1.4033;2.668
34.03085694;-0.14;0.1108;-1.5874;1.59
34.03464882;-0.4547;0.1973;-1.6687;1.735
34.04593751;0.3508;-0.1941;3.0004;3.034
34.05435117;-0.7014;-0.776;2.7026;2.907
34.06481078;-0.32;0.1845;-0.0989;0.386
34.07449728;0.3919;0.5328;1.1378;1.322
34.08437298;-0.6832;-1.1112;2.2027;2.568
34.12816436;0.381;-0.1145;1.7754;1.826
34.13015786;0.3359;0.5827;0.097;0.679
34.13118521;-0.8608;-0.1686;0.2951;0.933
34.13223051;-0.277;-0.6469;3.3385;3.42
34.13441824;0.6786;-0.0643;1.7608;1.894
34.14442905;-0.0847;0.0877;-0.3079;0.326
34.15451328;0.3676;-0.0136;-1.1098;1.159
34.16436771;1.7111;0.2274;0.8014;1.901
34.18264921;1.5096;0.0611;0.1244;1.511
34.18492978;-0.1327;-0.1504;0.7186;0.755
34.22323728;0.022;-0.2654;2.947;2.967
34.2251859;0.7073;-0.4176;2.1316;2.29
34.22651494;-0.0718;0.1371;0.56;0.59
34.22730636;-0.7498;0.1549;-0.5075;0.919
34.23431682;0.1241;-0.1694;1.7985;1.818
34.24423971;0.1912;-0.3878;2.5803;2.624
34.25465521;-0.2136;0.0651;-0.2482;0.332
34.26441174;-0.7262;0.2956;-1.0014;1.269
34.27548301;0.0381;-0.3958;-0.0475;0.397
34.28538098;1.9034;0.3178;1.5181;2.456
34.32548213;1.3362;0.2155;-0.0423;1.348
34.32685644;0.5918;-0.1724;-0.5076;0.789
34.32803332;0.2637;-0.2781;2.2451;2.285
34.32935917;0.9313;-0.2822;2.2223;2.431
34.33450317;-0.0186;0.3788;0.853;0.942
34.34434224;-0.7704;-0.3178;0.3246;0.902
34.35441963;0.1964;-0.4302;2.743;2.791
34.36485032;-0.2158;-0.0123;2.6207;2.638
34.37449024;-1.0196;-0.3544;-0.3607;1.14
34.38432667;-0.3247;0.1472;-0.6176;0.709
34.42424682;0.934;0.1895;0.3972;1.031
34.42895963;0.2764;-0.4058;2.629;2.682
34.43041298;0.0588;-0.5689;2.0263;2.113
34.43187009;1.7805;0.5254;0.8359;2.035
34.43431455;0.7842;0.2016;0.3422;0.877
34.44488909;0.5403;-0.3325;-0.7833;0.998
34.45449674;1.9152;0.4688;-0.0988;1.968
34.46437636;0.8782;-0.0535;1.2685;1.547
34.4832659;-0.672;-0.683;3.2806;3.426
34.48514394;-1.1707;-0.1251;1.2273;1.711
34.52510117;-1.1117;-0.1857;0.2975;1.173
34.52700844;-0.1925;-0.0932;0.6765;0.719
34.52803628;1.5575;-0.0828;0.5675;1.657
34.52941986;1.2059;-0.0504;1.4036;1.854
34.53455263;-0.2114;0.106;1.3588;1.388
34.54447071;-2.2079;-0.654;1.7125;2.879
34.5544809;-0.5229;-0.118;2.0287;2.108
34.56497959;1.5506;0.0572;0.9598;1.824
34.58200267;1.1426;0.2273;-0.1581;1.169
34.58446186;0.948;-0.3254;0.3443;1.057
34.6260229;-0.1149;0.0285;1.1752;1.19
34.62740059;-0.1149;0.0285;1.1752;1.19
34.62821459;-0.8596;-0.1621;0.9332;1.289
34.62945178;0.9215;0.0605;1.1214;1.455
34.6342814;1.5568;-0.1768;1.0208;1.869
34.64506824;1.0239;0.1903;-0.7701;1.286
34.6544489;-0.724;0.1054;0.7387;1.05
34.66495771;0.7014;-0.5123;3.0089;3.138
34.68178501;0.9504;-0.1033;0.728;1.202
34.68436786;0.6269;0.8003;-2.026;2.258
34.72540036;-1.3377;-0.127;-1.489;2.003
34.72725782;0.0572;-0.9358;3.8115;3.933
34.7283379;1.9672;-0.2118;2.7226;3.369
34.72972717;0.3141;0.4889;-0.9319;1.09
34.73463263;-1.4125;0.2449;-1.7058;2.226
34.74482155;-0.0292;-0.494;0.9502;1.078
34.75461824;2.4702;0.4123;1.4758;2.906
34.76482486;0.6914;0.0704;0.2234;0.727
34.78241244;-1.4363;-0.3911;1.2282;1.939
34.78415571;-0.7573;-0.3974;2.1787;2.35
34.82482313;0.1677;-0.0489;0.7758;0.802
34.82640601;0.2821;0.2873;-0.0984;0.41
34.82755771;0.3397;-0.2577;0.6924;0.817
34.82839851;1.0861;-0.1533;2.4117;2.654
34.83443386;-0.1544;0.1864;0.8555;0.898
34.84442305;-2.1294;-0.5322;1.119;2.472
34.85464263;0.156;-0.3534;2.1277;2.17
34.86425459;1.5908;0.2945;0.9625;1.882
34.88179332;0.1316;0.1676;-0.4583;0.497
34.88445613;0.0978;-0.2513;1.1545;1.193
34.92360851;0.9594;-0.3544;3.0583;3.231
34.92600817;-0.082;0.1939;0.5247;0.574
34.92676167;0.3093;-0.3443;-0.5843;0.736
34.92743221;0.4667;0.6319;-0.018;0.783
34.93448851;0.0821;-0.5529;2.2169;2.294
34.94456709;1.6222;-0.3704;2.9094;3.356
34.95460398;0.8906;0.4076;0.0649;0.977
34.96448032;-1.4321;-0.0931;-1.3859;1.994
34.9825404;0.2113;-0.1737;0.5521;0.621
34.98587313;1.9934;-0.1694;2.996;3.606
35.02754786;0.5686;0.045;1.1666;1.303
35.02912959;-0.1708;-0.0911;-0.8231;0.839
35.0302239;-0.2113;0.3133;2.3597;2.399
35.03120028;-0.268;-0.8925;2.2763;2.467
35.03469055;0.4793;0.1488;0.4911;0.704
35.0443954;1.4903;0.5047;-1.4399;2.123
35.05452963;0.0684;0.1777;0.5948;0.632
35.06432628;-0.0998;-0.8243;3.2966;3.407
35.0818329;-0.2579;-0.2031;1.6935;1.734
35.08473236;-0.5399;0.3044;0.2347;0.671
35.12622528;0.6031;-0.3721;1.6706;1.82
35.12788594;1.1948;-0.3866;2.7209;3.002
35.12929194;0.4946;0.2974;-0.13;0.586
35.13018228;0.6061;0.4512;-2.1817;2.3
35.13477809;-0.6336;-0.0195;0.5352;0.839
35.14448247;0.1044;-1.0716;3.8919;4.045
35.15427378;0.4137;0.3259;1.6103;1.701
35.16449186;-0.247;0.0989;-1.1162;1.141
35.18196017;-0.6299;-0.0156;1.1644;1.334
35.18430521;1.0133;-0.7461;2.9858;3.246
35.22610236;1.667;0.5035;0.5;1.809
35.22779567;0.2849;0.08;-1.3667;1.389
35.2288864;-0.365;-0.0721;-0.2617;0.455
35.22978071;0.213;-0.1836;2.3323;2.357
35.23435251;-0.5293;-0.2458;0.6078;0.852
35.24446447;0.2292;-0.0445;0.902;0.938
35.25463197;1.5103;-0.1073;3.0158;3.379
35.26448913;-0.2755;-0.1906;0.8064;0.882
35.2833874;-0.967;-0.0865;-0.6946;1.194
35.28497028;0.4586;0.2449;0.99;1.123
35.32539205;1.3767;-0.5734;3.0424;3.393
35.32659482;0.0577;0.2018;0.7022;0.741
35.32742317;-0.9924;-0.059;-1.4585;1.762
35.32840451;-0.7854;0.1331;1.8465;2.021
35.33451232;1.1634;-0.8418;2.9641;3.299
35.34440971;1.2883;0.3174;1.0241;1.677
35.35427228;0.0355;0.1118;-0.8995;0.899
35.36442209;0.3793;-0.1664;0.5216;0.669
35.38160574;1.1052;-0.2201;2.4829;2.732
35.38525167;0.4279;0.0029;1.0211;1.113
35.42148336;-0.1396;-0.1627;0.1753;0.284
35.42552501;-0.2562;-0.1675;1.1258;1.176
35.42663917;0.1711;-0.2993;2.1542;2.189
35.42753924;0.0721;-0.0045;1.1069;1.117
35.43455513;-0.0748;-0.304;0.6076;0.691
35.44456917;0.565;0.1754;2.4186;2.497
35.45478832;0.7012;-0.2994;1.2657;1.482
35.46443805;1.4465;0.3141;0.4834;1.555
35.48371994;-0.0318;0.1913;-1.2029;1.211
35.4856969;1.2684;0.0601;2.6421;2.936
35.52926524;0.465;-0.5301;1.8982;2.031
35.53070021;-1.2658;0.2112;0.0305;1.29
35.53185382;-0.9772;-0.1757;0.7219;1.237
35.53274717;1.6965;-0.6871;3.5457;3.995
35.53497101;1.2287;0.2046;0.9012;1.538
35.54442097;-0.4256;0.0399;-1.4293;1.486
35.55414928;-0.6971;0.1714;0.7358;1.038
35.56445005;-0.3755;-0.9104;3.2013;3.358
35.58229313;-0.4577;-0.0639;1.5746;1.651
35.5849914;-0.2024;0.1934;-0.0262;0.286
35.62667421;-0.1848;-0.1908;1.1945;1.232
35.62798797;0.5863;-0.4533;2.3455;2.466
35.6291714;0.5912;0.3751;0.0874;0.703
35.62993201;1.3439;0.1406;-0.5447;1.448
35.63468705;0.8719;0.0456;0.7846;1.175
35.6443279;-0.0794;-0.4722;1.1688;1.271
35.65636251;0.3849;0.3384;0.6911;0.865
35.66425105;0.3567;0.0365;-0.2974;0.456
35.67610636;-0.4957;-0.144;1.2282;1.342
35.68431967;0.2687;-0.238;1.9403;1.98
35.69471009;0.8778;-0.1059;1.3594;1.625
35.70448586;-0.2825;0.1044;0.9903;1.045
35.71447928;-0.1521;-0.4835;0.7206;0.888
35.75800263;1.079;0.1804;1.2619;1.673
35.75991967;0.5049;0.3095;-0.7749;0.966
35.76105597;-0.0806;-0.2596;-1.1914;1.214
35.76234647;0.3677;0.3803;1.7405;1.826
35.76440878;-0.2111;-0.5642;1.9913;2.088
35.77454336;-0.5606;-0.1102;0.6371;0.866
35.78446624;0.9419;0.2853;0.8673;1.313
35.79799132;0.848;-0.2866;1.562;1.804
35.80431001;-0.0111;-0.0583;0.8318;0.842
35.83888344;0.9133;-0.1399;0.4453;1.024
35.84023632;0.6975;0.0865;2.4024;2.509
35.84178444;-0.8664;-0.3954;1.6722;1.934
35.84477859;-0.9556;-0.1301;0.4812;1.087
35.8570804;0.1066;0.0292;-0.2405;0.255
35.86465597;0.7905;-0.172;1.1642;1.421
35.87432271;0.5943;-0.1953;2.9085;2.982
35.8845304;-0.0297;-0.1379;0.3324;0.369
35.89880286;-0.2151;-0.0294;0.0251;0.225
35.90481328;0.4109;0.1297;1.0933;1.181
35.93929401;1.2579;-0.3518;1.3621;1.889
35.94087951;0.8747;0.1717;0.8184;1.212
35.94170624;0.2144;-0.1041;0.1393;0.275
35.94488505;-0.4776;-0.0534;1.9336;2.002
35.95632632;-0.3771;-0.3503;1.9224;1.999
35.96455874;0.181;-0.002;0.6767;0.707
35.97637517;0.8455;0.0324;-0.0101;0.84
35.98500167;1.238;0.1823;-0.2529;1.269
35.99477432;-0.5975;0.273;1.2001;1.378
36.01727259;-0.6964;-0.809;1.9368;2.22
36.01908686;0.9683;-0.4184;2.1727;2.42
36.05861759;0.5345;0.4785;1.5621;1.725
36.06020051;-0.3505;-0.3858;-0.2146;0.563
36.06137251;0.1488;-0.1065;1.2987;1.319
36.06240836;1.2529;0.0086;1.0838;1.658
36.06504574;1.0726;0.2796;0.1923;1.121
36.07482036;-0.3555;0.0167;-0.3204;0.478
36.0848454;-0.83;-0.2675;0.988;1.327
36.09963717;-0.0594;-0.2719;2.7787;2.801
36.14784805;0.6759;-0.1004;1.2542;1.433
36.1494724;1.4727;0.2078;0.8502;1.712
36.15035332;0.2642;-0.1877;0.7596;0.831
36.15140547;0.1097;-0.134;0.1253;0.215
36.1525704;1.184;0.2499;1.7753;2.152
36.15950101;0.2584;-0.2532;1.1223;1.185
36.16495328;-1.0846;-0.2741;0.6903;1.324
36.17523486;-0.3669;0.1098;0.7176;0.824
36.18425574;0.6191;-0.0603;1.218;1.372
36.19454267;0.1319;-0.2138;1.1691;1.203
36.21601524;0.7346;0.2141;0.0787;0.765
36.21746944;0.3629;0.0818;0.723;0.818
36.26027728;-0.5163;-0.5443;2.2522;2.383
36.26230517;1.1591;-0.2575;1.9126;2.255
36.26305067;0.4176;0.3216;0.7307;0.905
36.26481397;-0.3561;-0.1051;-1.0914;1.147
36.26615444;-0.1408;-0.2266;0.6153;0.679
36.27453274;1.1446;0.2386;2.2521;2.542
36.28472828;-0.2866;-0.3727;1.0002;1.114
36.29857774;-1.2876;-0.0396;1.343;1.871
36.33893286;0.0517;-0.4367;1.9177;1.975
36.34049667;1.2306;-0.1583;1.7917;2.183
36.34161163;1.166;0.3969;-0.4834;1.315
36.34236574;1.1706;0.2455;1.3792;1.828
36.34541544;0.9137;-0.8281;2.9322;3.186
36.3548152;-0.7782;0.2536;1.2689;1.52
36.3642897;-0.9445;-0.0217;-1.2816;1.589
36.37423605;-0.1929;-0.365;1.2209;1.297
36.38475651;2.7035;-0.1556;2.9507;4.007
36.39472851;0.7454;0.1465;-0.7238;1.04
36.43511886;-0.2846;0.2176;-2.2562;2.277
36.43759851;0.6108;0.2872;1.5752;1.719
36.43892059;-0.2873;-1.2478;3.158;3.415
36.44028594;-1.058;0.1149;0.7379;1.305
36.44652274;1.3312;0.3094;-0.656;1.508
36.45949786;0.6626;-0.5129;2.6237;2.76
36.4649479;-1.0458;-0.3419;1.8513;2.163
36.47524824;0.1107;0.068;-1.2085;1.207
36.48432247;0.2268;0.6841;0.4529;0.855
36.49777117;-0.2915;-1.1834;3.2972;3.523
36.53899905;0.6881;0.0897;2.2144;2.327
36.54084951;-0.3799;0.338;-0.9234;1.05
36.54181486;-0.3877;-0.0249;-0.0536;0.397
36.54263928;1.3732;-0.3492;1.74;2.246
36.54483128;1.4071;0.2023;0.8044;1.633
36.55748782;0.2541;-0.1463;0.2193;0.366
36.56445394;-0.2246;0.0798;1.958;1.981
36.57496628;-0.363;-0.7547;1.976;2.154
36.58481244;0.5135;0.2053;1.5088;1.613
36.59781067;1.2184;0.107;-0.2954;1.251
36.63896555;0.1285;0.1295;-0.2016;0.264
36.64045209;0.5497;0.1454;-0.111;0.573
36.6413757;-0.1395;-0.055;1.2405;1.258
36.64244151;-1.4353;-0.7836;2.7787;3.234
36.6452579;0.7567;-0.1353;1.338;1.547
36.65868447;1.5499;0.4082;1.0342;1.907
36.66489755;-0.3324;-0.3001;0.0499;0.455
36.67513601;0.0114;-0.2708;0.1148;0.296
36.68447182;2.1084;0.4277;2.1379;3.035
36.6968409;0.4901;-0.5468;2.1232;2.253
36.73820363;-0.8324;-0.0346;0.7722;1.146
36.7397109;-1.5484;-0.2122;0.6781;1.712
36.74112205;0.2143;-0.386;1.589;1.656
36.74193632;2.1299;-0.0217;1.9602;2.896
36.7449874;1.1546;0.439;0.0046;1.23
36.75619255;-0.5025;-0.3661;-0.4443;0.763
36.76438628;-0.4417;0.0652;1.7702;1.835
36.77458109;0.8569;-0.5154;2.0745;2.308
36.7845602;0.4256;0.3739;0.4286;0.713
36.79681028;0.6589;0.1369;-0.8022;1.037
36.83773797;0.3621;-0.4076;2.0494;2.127
36.83918682;-0.1022;-0.3599;2.7005;2.734
36.84018917;-0.2521;-0.0144;-0.627;0.671
36.84117474;0.2045;0.4405;-0.5336;0.715
36.84487897;0.5964;-0.4812;1.8984;2.053
36.85749301;0.8451;-0.498;2.101;2.324
36.86477582;-0.2398;0.4222;-0.1475;0.509
36.87461759;-0.4203;-0.215;-0.7412;0.874
36.88437328;0.4854;-0.3057;2.5093;2.581
36.89649767;0.9986;0.0959;1.3178;1.659
36.9376757;0.66;0.1766;-1.485;1.625
36.93948309;-0.4014;0.3657;-1.0496;1.177
36.94049978;0.804;-0.5944;2.7364;2.919
36.94202467;0.5888;-0.4082;2.4397;2.549
36.94498659;-0.4854;0.2615;-0.7215;0.905
36.95593497;0.1599;0.2301;0.3263;0.435
36.96492897;0.079;-0.4297;2.0302;2.084
36.9747414;-0.0023;-0.4095;1.0492;1.133
36.98443082;0.2999;0.2781;1.2213;1.295
36.99566909;-0.0239;-0.305;1.7779;1.812
37.03591317;-0.5144;-0.3779;1.6513;1.779
37.03738624;-0.1814;0.2311;-0.056;0.303
37.03800263;0.9697;-0.087;-1.0442;1.417
37.03885705;0.3938;0.3294;1.4024;1.5
37.04495682;0.9103;-0.9059;2.5013;2.817
37.05628894;-0.14;0.1251;-0.4608;0.492
37.06435413;-0.14;0.1251;-0.4608;0.492
37.07465309;-0.5621;-0.2628;-0.3392;0.707
37.08457047;1.3345;0.058;1.2637;1.84
37.09613794;2.3451;0.263;-0.0223;2.354
37.13944017;-0.2779;-0.0425;0.1255;0.316
37.14102082;-1.4948;-0.5019;2.0199;2.572
37.14227386;-0.442;-0.6095;2.2877;2.417
37.14445697;0.2365;0.2979;0.9211;1.003
37.14563574;0.7978;-0.0006;-0.8151;1.13
37.15464597;0.7344;0.0425;1.3908;1.578
37.16468013;-0.6326;-0.2778;0.6707;0.972
37.1746954;-1.6373;-0.4827;2.5921;3.114
37.18449651;0.3021;-0.2821;2.0362;2.085
37.19675624;0.5634;0.0359;1.0231;1.173
37.23931886;-0.2143;-0.033;0.5301;0.582
37.24080717;0.9346;-0.2055;1.2579;1.583
37.2416949;1.1194;0.2388;1.0159;1.532
37.24241917;-0.2943;-0.2014;0.0086;0.361
37.24506174;-0.568;-0.4496;2.4467;2.561
37.25479697;-0.1867;-0.2757;2.619;2.649
37.26447832;0.6231;-0.0969;0.1192;0.637
37.27467443;0.6736;0.4525;0.5138;0.961
37.28437082;-0.0804;-0.3481;0.4557;0.585
37.29590509;0.841;-0.2879;1.5652;1.804
37.33716743;1.3019;0.1449;1.8907;2.304
37.33897617;0.38;-0.2174;0.4275;0.613
37.33984786;-0.719;0.0684;0.5055;0.891
37.3412259;0.3545;0.0573;1.3848;1.437
37.34467743;1.2407;-0.3893;1.0832;1.693
37.35528159;1.1321;0.2581;0.4205;1.233
37.36443647;0.0925;0.038;-0.2826;0.29
37.3746627;-0.4505;-0.3219;1.8558;1.946
37.38472182;0.9858;-0.3834;1.6662;1.977
37.39769936;0.5457;0.3133;-0.2763;0.68
37.43895655;0.037;-0.0277;-0.0108;0.041
37.44023324;0.1728;-0.8249;3.2336;3.349
37.44143047;0.3816;-0.2872;2.8427;2.89
37.44225559;0.0581;0.0851;-0.7413;0.74
37.44420186;-0.2569;0.2234;-1.1666;1.209
37.45452909;0.5315;-0.2635;0.6958;0.917
37.46505574;1.1765;-0.1069;1.8993;2.24
37.47510324;-0.0294;-0.0998;1.0358;1.049
37.4841779;-0.206;0.2316;-0.083;0.324
37.49442167;-0.4036;-0.4344;1.4729;1.596
37.53467317;0.3428;-0.0439;1.9701;2.007
37.53621859;1.67;-0.1538;0.3929;1.718
37.53745647;1.5222;0.4611;-0.2679;1.606
37.53852974;-0.7283;-0.0106;-0.3693;0.818
37.5444927;-0.7068;-0.333;1.744;1.921
37.55478897;0.2722;-0.2088;2.752;2.781
37.56444386;-0.1794;-0.202;-0.0312;0.274
37.5746449;-0.2987;0.2682;0.1038;0.422
37.58556451;0.1772;-0.2304;1.4021;1.439
37.59534074;-0.0271;-0.4523;1.7264;1.793
37.63599897;0.6819;0.1418;1.3379;1.513
37.63754736;1.0137;0.161;0.3797;1.092
37.63838367;-1.2102;-0.2041;0.655;1.4
37.6393569;-0.5876;-0.272;0.2176;0.69
37.64447932;1.6741;0.191;1.4655;2.234
37.6550649;1.1883;0.1274;1.2872;1.759
37.66442328;-0.4652;-0.2847;-0.0903;0.556
37.67459343;0.3794;0.2687;0.5843;0.751
37.69378224;1.0407;0.086;0.6847;1.248
37.69521651;0.676;-0.199;0.8571;1.112
37.73758378;0.7047;0.1004;0.5545;0.903
37.73893936;0.3433;-0.0491;0.4583;0.578
37.73980367;-0.4549;-0.2725;1.5246;1.623
37.74055309;0.2891;-0.1793;1.2169;1.27
37.74500693;0.364;-0.0928;0.5236;0.648
37.75582524;-0.4401;0.1235;0.4272;0.636
37.76446182;0.4435;-0.4229;1.5458;1.669
37.77462563;0.5658;-0.052;2.238;2.316
37.79237074;-0.6241;-0.149;0.0843;0.654
37.79474178;-0.3506;-0.0154;0.6412;0.741
37.83605213;0.9221;-0.1903;2.136;2.339
37.83806455;0.5337;-0.3221;1.1939;1.351
37.8389029;-0.3454;-0.2022;1.4148;1.479
37.83985878;0.4736;-0.4435;1.7504;1.873
37.84446547;0.5262;-0.1446;2.2969;2.367
37.85439505;0.3727;0.0536;-0.0693;0.376
37.8647404;0.8209;0.135;-2.2621;2.401
37.87515024;0.9701;0.502;0.4619;1.185
37.89607993;0.1439;-0.6384;2.4553;2.548
37.89765536;-0.7097;-0.5107;2.0853;2.27
37.93722636;0.8284;0.3136;0.946;1.299
37.93882501;-0.0375;-0.4735;1.6402;1.715
37.93957517;0.2006;-0.1234;1.7046;1.728
37.9405184;1.552;0.0172;-0.2809;1.57
37.9447952;0.5007;0.1259;0.1678;0.54
37.95522232;0.6489;-0.1054;2.1285;2.234
37.96446463;-0.4289;-0.3403;2.0834;2.163
37.97498797;-2.5779;-0.5354;0.4727;2.682
37.99384382;0.1186;-0.3679;0.4727;0.615
37.99537732;1.383;-0.018;-0.3464;1.418
38.03742078;-0.1667;0.3011;-2.4451;2.462
38.0390872;0.1627;0.2908;1.2188;1.271
38.03981901;0.8288;-1.2228;3.5991;3.896
38.0412462;-0.2266;0.3953;1.3472;1.431
38.04446793;-0.3046;-0.0028;-1.5466;1.569
38.0545442;0.1411;-0.2595;2.0851;2.113
38.06443393;0.2228;-0.7125;3.2457;3.338
38.07502036;0.1074;0.2933;-0.2491;0.394
38.09340817;0.3627;0.2128;-0.18;0.45
38.09507932;-0.6157;-0.5432;1.779;1.968
38.1389524;-0.1189;0.1953;1.0844;1.117
38.14057047;0.6764;0.1423;-0.7894;1.039
38.14172905;-0.1579;-0.1672;1.2304;1.26
38.14287074;0.3142;-0.8905;3.9285;4.048
38.14495032;0.7538;0.085;0.855;1.145
38.15439951;0.0804;0.3474;-0.8506;0.915
38.16438924;-0.2446;-0.4057;-0.0823;0.481
38.17486993;2.3147;0.2624;0.6367;2.412
38.19233009;2.7527;0.5017;0.0415;2.793
38.19503263;-1.0433;-0.2691;-0.3608;1.139
38.23424113;-2.7593;-0.4985;2.8285;3.993
38.2359102;0.3015;-0.7035;2.4255;2.55
38.23806424;1.6753;0.6343;0.5475;1.871
38.23894105;0.8606;-0.0673;-1.1725;1.446
38.24445659;0.5932;-0.1741;-1.1332;1.281
38.25616497;1.8443;0.0647;1.8943;2.646
38.2642689;0.4768;-0.4194;2.7555;2.834
38.27420451;-1.7917;0.001;0.9663;2.045
38.29210286;-1.3289;-0.0226;0.0754;1.338
38.29481074;0.7308;-0.4868;1.9704;2.162
38.33188043;1.6498;-0.0153;3.1788;3.586
38.3352877;0.028;-0.211;0.7083;0.747
38.33616405;-0.6309;-0.1307;0.2665;0.706
38.33849716;-1.2842;-0.1524;2.3861;2.724
38.34444374;-0.49;-0.6891;2.3731;2.528
38.35503263;0.9135;0.0693;1.8163;2.039
38.36428593;1.2261;-0.1269;0.4293;1.302
38.37481432;0.2963;-0.1824;0.682;0.77
38.39164905;0.739;0.1054;-0.1101;0.748
38.39488274;0.4057;-0.0666;0.2448;0.478
38.43493166;1.8515;-0.1363;1.1115;2.163
38.4365604;2.0871;0.1897;0.4216;2.134
38.43818136;-0.1543;-0.0535;-0.5025;0.522
38.43944878;-0.1766;-0.3709;0.7994;0.907
38.44452001;1.2578;-0.0811;2.9326;3.197
38.4544657;0.6715;0.1154;0.0726;0.681
38.46478559;-0.034;0.3042;-2.8156;2.824
38.47505055;-0.745;0.2251;0.6222;1.006
38.49182366;0.077;-1.0493;3.4784;3.641
38.49450459;-0.2463;-0.1209;1.6241;1.656
38.5345942;-0.0217;0.666;-0.4092;0.779
38.53595332;-0.1648;-0.5821;1.7705;1.879
38.53712455;-0.0447;-0.504;2.5119;2.57
38.53788124;0.7106;0.235;-0.9228;1.178
38.54447743;1.373;0.6743;-1.1627;1.913
38.55463059;-0.3557;-0.1483;1.6921;1.745
38.56433828;-0.8539;-0.9118;2.4708;2.777
38.57440936;0.1805;0.3588;0.5941;0.723
38.59219993;-0.1389;0.0322;0.3354;0.374
38.59448259;-0.1816;-0.4572;2.7081;2.761
38.63368928;1.3267;-0.318;1.4093;1.963
38.63509882;1.3988;0.2634;0.6089;1.546
38.63615659;0.3892;-0.0457;-0.051;0.388
38.63709736;-0.3679;-0.1867;-0.0534;0.42
38.64431163;-0.3049;-0.049;1.5869;1.626
38.65428274;0.4329;-0.4972;1.8713;1.99
38.66429459;0.7448;0.3375;1.3028;1.543
38.67460678;0.2277;-0.0795;-0.501;0.546
38.69073528;0.944;-0.2073;1.227;1.565
38.73153586;1.4005;0.0503;0.2929;1.428
38.73633843;0.4501;0.1994;0.6867;0.849
38.7374024;0.2525;-0.1171;0.4278;0.514
38.73808747;-0.3806;-0.2391;1.257;1.344
38.74488413;0.263;-0.125;1.1565;1.199
38.75480647;0.6937;0.0761;0.6267;0.939
38.76479536;0.3847;-0.3117;0.1365;0.51
38.77456501;0.0059;0.1468;1.2599;1.277
38.79053374;-0.4097;-0.3971;3.2167;3.276
38.79483097;-0.0299;-0.4975;1.1532;1.263
38.83184597;0.3507;0.4627;1.0031;1.165
38.83340582;0.7079;-0.1011;1.0987;1.314
38.83476713;0.9483;-0.4247;0.1749;1.049
38.8356422;0.13;-0.0986;-0.2384;0.279
38.84410397;-0.1364;-0.8126;2.8338;2.959
38.85463536;0.6439;-0.265;2.1612;2.277
38.8643464;0.2355;0.1763;0.5819;0.658
38.87429716;0.5171;-0.2403;0.3337;0.66
38.89059386;0.8795;-0.2857;0.9924;1.358
38.89492555;0.4549;0.1197;0.8802;1.003
38.9305479;0.9808;-0.6356;2.037;2.353
38.93422063;0.6634;0.2497;2.3221;2.434
38.93527516;-2.1861;-0.0877;-0.7762;2.324
38.93602305;-1.5689;-0.4107;-0.9893;1.9
38.94438532;2.2123;0.2064;3.1751;3.879
38.95470536;1.9002;-0.8438;3.367;3.961
38.96480416;-1.0116;0.0232;0.6003;1.186
38.9746289;-1.2837;-0.1573;-1.0595;1.671
38.99088424;0.4202;-0.1468;1.4492;1.522
38.99428909;2.9549;0.0953;0.0751;2.952
39.03339282;1.6811;0.5777;-0.6728;1.893
39.03573716;-0.4031;-0.0094;0.0021;0.409
39.03650674;-0.7531;-0.7804;2.9281;3.131
39.03801182;0.1241;0.0845;1.6584;1.673
39.04473324;0.3909;0.0107;-1.1054;1.163
39.0543974;0.8203;0.1145;0.5384;0.988
39.06482843;1.4586;-0.9598;3.1477;3.604
39.0740894;1.1286;0.37;1.9199;2.262
39.08893982;-0.3314;0.1604;-1.4421;1.482
39.09440159;-2.6599;-0.0189;0.0069;2.666
39.12878813;-0.4246;-1.0677;3.1786;3.388
39.13055843;2.3948;0.0602;2.5588;3.507
39.13189528;2.1479;0.1031;-1.1856;2.446
39.14268882;-1.2052;0.4267;-1.6627;2.095
39.14525366;-1.06;-0.3111;0.2102;1.131
39.1545669;2.2791;0.1907;1.211;2.587
39.16426343;1.3945;-0.0479;1.586;2.115
39.17402678;-0.3837;-0.0748;-0.581;0.697
39.19091913;-1.1381;-0.3257;1.0605;1.599
39.19420686;0.8569;-0.1579;2.3045;2.469
39.24096001;0.7131;-0.2207;0.7607;1.067
39.24243774;-0.1037;0.3508;-0.3786;0.523
39.2433149;-0.0239;-0.8503;3.7922;3.894
39.24547093;-0.4244;0.1573;0.7429;0.88
39.25475455;-0.5847;0.0322;-1.3055;1.426
39.26608401;0.4669;0.2281;0.1966;0.554
39.27445724;1.2362;-0.4562;2.2242;2.589
39.2847632;0.6453;-0.2585;1.2829;1.464
39.2945284;0.7969;0.167;0.1393;0.822
39.30923397;-0.3652;0.0109;1.0424;1.114
39.3142572;0.1021;-0.3987;1.0633;1.147
39.35090793;1.2265;0.0545;1.0668;1.627
39.35222528;1.068;0.1516;0.4223;1.156
39.35329859;0.3792;-0.1782;0.4854;0.644
39.35460486;0.5819;-0.0172;0.5875;0.829
39.36482166;-0.6689;-0.023;-0.136;0.687
39.37487874;-0.6728;-0.4463;1.9808;2.148
39.39202686;1.4428;-0.1347;1.7157;2.248
39.39453559;0.9599;0.1454;0.604;1.143
39.43749224;-0.7084;-0.0619;0.0527;0.719
39.44070205;-0.3187;-0.3522;2.1402;2.201
39.44184005;0.9898;-0.3775;2.1712;2.421
39.44321989;0.8405;0.338;-0.0609;0.903
39.44521005;-0.5339;-0.1286;0.0236;0.556
39.45454793;-0.4529;-0.3299;2.5489;2.619
39.46510124;0.31;-0.547;2.9668;3.04
39.47447543;0.1708;0.5764;0.7824;0.993
39.49063143;0.0744;-0.4999;-0.309;0.586
39.49430024;0.6645;-0.1899;2.9057;2.993
39.53289701;1.0775;0.097;1.5774;1.916
39.53456155;-0.3726;-0.476;-0.0428;0.608
39.53561278;0.4128;-0.1367;1.5873;1.652
39.53663643;1.2036;-0.1608;3.4268;3.641
39.54423555;-0.7963;-0.206;0.4972;0.97
39.55444424;-0.4887;-0.1472;0.1199;0.531
39.56486051;2.4197;-0.0366;1.5431;2.87
39.57440851;1.262;0.1738;0.3721;1.324
39.58987305;0.0666;0.3382;-1.7922;1.817
39.59447939;0.6861;0.2704;-0.2786;0.781
39.63289505;0.5852;-0.8038;3.2305;3.387
39.63512428;-0.0564;-0.4665;1.6837;1.756
39.63599532;0.5867;0.0788;-0.0251;0.586
39.63686686;0.2599;0.0815;1.8107;1.839
39.64498943;-0.5673;-0.8272;0.8489;1.321
39.65454582;0.3816;0.337;0.8489;0.995
39.66419782;0.7647;0.2852;0.631;1.033
39.67447593;-0.4335;0.0336;1.1005;1.193
39.68942939;0.6012;0.132;-0.0684;0.613
39.69468305;0.5694;0.1615;0.5438;0.805
39.73248682;0.5817;-0.3826;0.4982;0.856
39.73402613;1.002;0.1606;1.0507;1.463
39.73515724;0.1866;-0.0281;0.6346;0.668
39.73589732;-0.3788;-0.4247;1.2413;1.374
39.74446005;0.9238;0.146;1.1239;1.465
39.75471909;0.4748;0.1636;-0.2059;0.535
39.76638709;-0.7864;-0.0479;-0.0294;0.794
39.77434347;0.4113;-0.1891;1.2189;1.306
39.78508097;0.5097;0.0029;1.8135;1.89
39.79470013;-0.9328;-0.1158;-0.1484;0.956
39.80770886;-0.7533;-0.0424;0.7364;1.064
39.85721936;0.9704;-0.2097;2.5775;2.768
39.85888682;0.7527;-0.1418;0.6684;1.017
39.85981213;-0.1726;0.1881;-0.6103;0.656
39.86076332;0.0472;0.1185;0.0611;0.145
39.86194747;0.1664;-0.5127;2.5554;2.619
39.86924032;0.3136;-0.0294;1.197;1.244
39.87472905;0.4912;0.2053;-0.455;0.691
39.88443889;0.2552;0.171;-0.033;0.304
39.89470959;0.6832;-0.4441;1.0435;1.327
39.90856389;0.8989;0.229;1.0959;1.439
39.95858274;0.7475;-0.1234;-0.4156;0.855
39.96017586;0.3324;0.06;0.8125;0.885
39.96134647;-0.6237;-0.2861;2.2794;2.39
39.9622252;-0.2387;-0.5756;1.6861;1.806
39.96424205;0.7472;0.3185;2.3952;2.535
39.96568097;-0.1992;-0.4581;0.481;0.7
39.97450363;-0.6718;-0.0349;-0.0062;0.679
39.99168955;0.1919;0.2127;0.727;0.788
39.99462078;0.8137;-0.2261;1.5442;1.764
40.0332112;-0.6852;-0.6133;2.0983;2.3
40.03516424;0.2062;-0.0773;1.6905;1.712
40.03593355;1.1592;0.2342;1.9835;2.314
40.03669293;0.2794;-0.2331;-0.4082;0.537
40.04485632;-0.2606;0.1747;-0.4121;0.515
40.05469732;1.6059;-0.2778;1.9332;2.531
40.0655982;3.8694;-0.1622;3.3242;5.105
40.0744262;-0.5738;0.0512;-0.6861;0.893
40.0844532;-3.7451;0.0496;-2.0938;4.292
40.09448639;-0.0906;-0.8906;3.2796;3.407
40.10748782;3.834;-0.4346;3.0034;4.89
40.11445189;-0.1445;0.1946;-2.1804;2.186
40.15127674;-1.355;0.5392;-2.5627;2.945
40.15286043;1.6404;-0.2489;3.0259;3.455
40.15412139;-0.1053;-0.9292;2.4828;2.661
40.15579674;-0.9546;0.2477;-1.6899;1.953
40.16575536;1.3546;0.6084;-0.5222;1.567
40.17461378;0.4962;-0.769;3.8804;3.994
40.18471589;-0.8287;-0.6684;1.2051;1.617
40.19469597;0.2074;0.4242;-1.2973;1.372
40.21030293;1.0936;0.2552;0.966;1.483
40.25491605;1.2423;-0.6582;2.4414;2.821
40.25672932;-0.0292;0.3478;-1.0285;1.079
40.2576152;-0.458;0.5404;-2.2705;2.372
40.25858613;-0.259;-0.1704;1.8453;1.88
40.2593582;0.4661;-1.1005;3.6195;3.818
40.26707574;-0.2631;0.3687;0.7872;0.918
40.27451528;0.1899;0.3215;-0.5225;0.635
40.28443582;-0.232;-0.6006;2.4062;2.499
40.29478732;0.6149;-0.3051;1.8333;1.963
40.30742413;0.942;0.3495;-0.7749;1.26
40.3499052;-0.3094;0.6565;-0.796;1.074
40.35123893;-1.7065;-0.8352;2.0079;2.773
40.35225566;0.0191;-0.7578;3.242;3.337
40.35373447;1.088;0.4898;0.3197;1.233
40.35491816;-0.4176;0.2492;-0.5048;0.699
40.36533432;0.1334;-0.5298;1.934;2.017
40.37461013;2.4995;-0.4151;2.6698;3.682
40.38477036;1.031;0.553;0.2214;1.188
40.39449501;-0.4874;-0.1366;-2.6635;2.704
40.40747793;-0.0696;0.1819;1.3691;1.392
40.45043959;0.7972;-0.4963;2.8191;2.977
40.45208793;0.895;-0.0038;-0.287;0.932
40.45330839;0.9671;0.5982;-1.895;2.201
40.45480897;-0.3975;-0.269;0.2081;0.53
40.45580166;1.2047;-0.4851;3.6903;3.918
40.46582974;-0.1804;0.0926;0.4916;0.542
40.47461205;-1.0473;-0.0547;-0.6641;1.242
40.48485836;0.8087;-0.3282;2.1779;2.352
40.49463397;-1.6158;0.2216;-0.2319;1.652
40.50717824;-2.2283;-0.1018;-1.1781;2.524
40.55024097;0.1204;-0.8229;3.1763;3.291
40.55220512;0.862;-0.1283;3.1851;3.309
40.5536737;-0.6033;-0.1334;-0.5743;0.842
40.55470678;0.1835;0.493;-0.0445;0.527
40.55583486;0.7118;-0.439;0.6199;1.041
40.56451139;1.2938;0.263;-0.1866;1.327
40.57452536;1.0895;0.1386;1.0688;1.534
40.58473616;0.9888;-0.4401;1.5433;1.888
40.59474824;0.6734;0.0922;0.8301;1.076
40.60603147;-0.2005;0.1599;-0.3284;0.414
40.65931397;0.2005;-0.306;0.0168;0.362
40.66095101;1.0498;0.1631;2.1416;2.396
40.66192436;0.4565;-0.3236;1.5657;1.669
40.66503001;-1.1799;0.0213;1.619;2.014
40.66602159;-1.677;-0.6159;1.3412;2.243
40.66725647;-0.8556;0.0232;1.2041;1.488
40.67471012;0.7643;0.0332;0.8065;1.114
40.6846917;3.0516;0.118;-0.1594;3.052
40.69521462;0.0508;0.4622;-0.2213;0.512
40.70559378;-1.4969;-0.391;0.3195;1.587
40.76140193;-0.2676;-0.7326;3.5167;3.61
40.76486778;0.5895;-0.1226;2.4067;2.487
40.7660912;0.6712;0.0832;-0.4943;0.828
40.76726174;-0.0302;0.0603;0.2452;0.263
40.76864836;1.0284;-0.3694;1.2863;1.69
40.76998951;1.9552;0.3892;0.9235;2.196
40.77469747;1.2452;0.3172;-1.1725;1.73
40.78486482;-1.2219;0.0011;-1.3364;1.809
40.79480282;-0.59;-0.2013;2.1093;2.209
40.80643309;0.7675;-0.5044;1.8369;2.058
40.85706897;0.2221;-0.0661;1.0143;1.047
40.85858539;0.7158;0.0407;1.5898;1.749
40.85939112;-0.0831;-0.6075;0.9224;1.114
40.86051959;-0.4176;0.2968;1.8182;1.899
40.86188647;0.3701;-0.3621;1.7894;1.869
40.8700107;-0.2576;-0.3878;1.377;1.462
40.87432297;-1.3184;-0.0144;0.5012;1.419
40.88487782;-0.0346;0.1803;0.736;0.767
40.89449566;0.1838;-0.5559;2.6403;2.712
40.90440239;-0.6343;-0.2228;1.3511;1.519
40.95127536;1.245;0.141;0.0895;1.251
40.95352789;1.4093;0.3147;0.2008;1.454
40.95510766;-0.0303;-0.3412;0.7349;0.818
40.95615874;0.8944;-0.0679;1.6689;1.899
40.9573042;1.7408;0.1349;1.4787;2.289
40.96584893;0.9519;-0.1554;0.2429;0.991
40.97457578;-0.6141;0.1127;0.003;0.631
40.98449139;-1.1178;-0.075;0.4541;1.217
40.99472909;0.639;-0.5855;2.3067;2.47
41.00466143;1.9341;0.2553;1.7294;2.608
41.0503432;0.2315;0.1489;-0.7561;0.795
41.05221639;-1.8854;0.0636;-0.1682;1.899
41.0534892;-0.9711;-0.7707;2.7079;2.987
41.05468697;1.9576;-0.3657;2.7347;3.386
41.05623209;2.01;0.8651;0.0576;2.184
41.06456862;-0.8784;-0.1213;-1.2861;1.559
41.07452862;-1.3596;-0.1978;1.658;2.163
41.08445966;0.814;-0.9378;2.9557;3.212
41.09469447;1.5102;0.6376;0.9764;1.908
41.10448355;0.4097;-0.0484;-1.5728;1.616
41.14777878;-0.3078;0.3149;0.3212;0.554
41.14932662;-0.734;-0.9172;3.2282;3.444
41.15064332;0.6604;-0.2003;1.1446;1.34
41.15138786;1.672;0.309;-0.2013;1.706
41.15490812;0.3696;0.1555;0.6542;0.772
41.16447012;-0.5873;-0.4681;1.0831;1.327
41.17414786;-0.976;-0.2288;2.1557;2.387
41.18443474;0.9231;0.0076;1.4281;1.704
41.19419005;0.36;-0.3154;1.3132;1.404
41.20770116;-0.1226;0.2046;0.7799;0.825
41.25188789;-0.1046;-0.2985;-0.4497;0.543
41.25357193;0.589;0.5189;-0.119;0.789
41.25450443;0.0933;0.1521;1.1524;1.174
41.25530955;0.3612;-0.9981;2.0703;2.332
41.25614251;1.4964;0.264;2.2003;2.678
41.26482609;-0.3036;0.1543;-0.4327;0.548
41.27461847;-0.9125;-0.4892;-1.3532;1.7
41.28473797;1.1426;0.4159;0.4146;1.283
41.29559774;2.5115;0.1871;1.848;3.124
41.30569074;0.1472;-0.5375;1.5977;1.699
41.35050524;-1.5888;-0.0859;1.0254;1.902
41.35227028;-1.6803;-0.3171;1.9329;2.591
41.35356597;1.448;0.134;0.298;1.48
41.35510355;0.3894;0.1191;0.7717;0.877
41.35604116;0.4323;-0.2581;1.3453;1.442
41.36471189;-0.9265;-0.0407;2.0234;2.236
41.37453105;-1.5895;-0.6889;2.7814;3.286
41.38475355;0.8138;0.0767;0.9988;1.293
41.40325628;0.6778;-0.0191;0.11;0.682
41.40512405;0.6334;0.2531;1.0092;1.222
41.44605047;1.9922;-0.2249;0.7716;2.145
41.44757774;1.2226;0.3733;0.4404;1.35
41.44839539;-0.0265;-0.1297;-0.8051;0.808
41.44962693;0.7245;-0.0211;0.8761;1.14
41.45453632;1.383;0.128;2.2491;2.647
41.46478366;0.3292;-0.2;0.0708;0.387
41.47447939;0.2646;0.0555;0.1414;0.304
41.48440416;-0.3043;0.1079;1.1901;1.243
41.50318762;-0.3928;-0.4939;1.1201;1.294
41.50542543;0.3914;0.3701;1.3545;1.464
41.5463982;-0.1709;-0.2546;1.2679;1.313
41.54783162;0.041;-0.532;1.8708;1.953
41.5488247;-0.0112;0.0971;1.1454;1.158
41.54970528;0.1169;0.0287;-0.1911;0.216
41.55488043;0.9373;0.1267;0.0092;0.94
41.5649047;0.8162;0.0529;0.0544;0.814
41.57460947;0.1606;0.0811;-0.4452;0.471
41.58452482;-0.4205;-0.0164;0.9196;1.021
41.60367843;0.191;-0.2155;1.4876;1.522
41.60531766;0.4358;-0.0148;0.3157;0.538
41.64734585;-0.025;0.3266;-0.0094;0.33
41.64888301;0.1529;-0.0093;0.8936;0.914
41.64975647;0.8073;-0.4814;2.4983;2.675
41.65074312;0.1917;0.157;1.5537;1.581
41.65458539;-1.363;-0.2207;-0.1949;1.399
41.66516012;-1.0874;-0.3316;1.9854;2.298
41.67443897;0.6462;-0.2505;2.334;2.441
41.6849812;0.0415;0.2402;-0.4737;0.526
41.70224774;-0.7361;-0.0985;-0.7141;1.029
41.70553085;0.4134;-0.0209;2.0344;2.083
41.74526201;1.2302;-0.4351;1.9668;2.364
41.74712751;-0.0718;0.4233;-0.1672;0.46
41.74824112;-0.0362;0.1184;-1.4261;1.424
41.74954482;0.9165;-0.2431;1.5543;1.825
41.75431109;1.4774;-0.0898;2.0454;2.528
41.76437532;0.6346;0.1483;-1.0983;1.267
41.77454943;-0.054;0.4372;-0.5237;0.68
41.78475909;0.6849;-0.6483;2.8531;3.011
41.80218185;0.5669;-0.4229;2.0673;2.191
41.84826601;-1.0809;0.2821;0.0227;1.124
41.85042624;0.3356;-1.1842;3.2938;3.523
41.85215897;0.2111;0.0412;3.0354;3.051
41.8543807;-1.3168;-0.2384;-0.5345;1.443
41.85570809;-0.127;-0.3155;0.9083;0.978
41.8643717;1.8313;0.2099;1.4374;2.338
41.87424785;1.0217;0.465;0.0196;1.118
41.88435251;0.7117;-0.3254;0.444;0.899
41.90093755;1.6471;0.1666;1.4068;2.173
41.90453555;0.3794;0.1174;-0.2808;0.477
41.94227501;-0.3669;-0.1003;0.7959;0.892
41.94739489;2.3286;-0.4057;2.0808;3.15
41.94921824;2.2537;0.6169;0.3428;2.358
41.95051501;-0.6439;-0.2494;-1.89;2.006
41.95482035;0.3288;0.4195;0.6864;0.874
41.96611674;-1.1403;-0.9034;3.447;3.75
41.97419443;-2.3117;-0.8466;1.9049;3.122
41.98405101;0.2413;0.4573;0.8935;1.039
42.00203147;0.7367;-0.3812;2.6445;2.778
42.00427839;-0.594;-0.5006;2.2209;2.362
42.04233539;-0.4913;0.1088;-1.9551;2.012
42.04434382;0.7977;0.7687;-0.713;1.31
42.04544966;0.6722;-0.5427;3.5315;3.642
42.04673905;-0.8066;-0.9353;2.4291;2.734
42.05449397;-0.5459;0.5793;0.0992;0.808
42.0650817;-0.1853;0.0129;0.4824;0.527
42.07463374;0.9278;-0.5884;1.1264;1.575
42.08498297;1.3759;0.6765;0.172;1.539
42.10309312;1.9044;0.5466;0.4231;2.022
42.1052632;1.9044;0.5466;0.4231;2.022
42.14429143;-0.5415;-0.5499;1.713;1.888
42.14610447;-0.4487;-0.406;0.6874;0.924
42.14697247;0.4707;0.4248;0.2065;0.666
42.14779443;0.2531;0.294;1.1617;1.232
42.15441874;0.252;-0.4802;1.1617;1.288
42.16479032;-0.3727;0.144;0.3027;0.511
42.1742112;-0.881;-0.2739;-1.9483;2.15
42.18435447;-0.8151;0.2521;-0.5186;1.0
42.20554812;0.8564;-0.0407;2.8686;3.0
42.20719059;0.4066;-0.7255;1.6437;1.848
42.25677432;-0.2562;0.2971;0.6233;0.746
42.25834109;-0.289;0.3003;1.2879;1.363
42.25909816;-0.6921;-0.8087;0.7574;1.313
42.26082535;-0.1544;0.2033;0.4364;0.515
42.26521628;1.4526;0.3059;0.5151;1.569
42.26617782;1.5146;-0.2565;1.1517;1.92
42.27462289;-0.1782;0.2946;1.1465;1.206
42.28456847;-1.8131;-0.3781;0.1134;1.862
42.30318709;-0.3448;-0.4693;2.6588;2.73
42.30587878;1.6653;0.0169;2.0365;2.633
42.34887928;0.6507;0.2574;-0.4457;0.821
42.35062762;0.2824;-0.029;-0.3245;0.421
42.35163797;0.9339;-0.0989;1.4748;1.752
42.35328993;0.8938;-0.3513;3.2211;3.367
42.35560851;-0.7464;0.0645;1.1573;1.389
42.36431582;-1.0372;-0.2725;-0.5397;1.202
42.37428732;1.0266;0.173;1.1823;1.578
42.3848487;1.9499;0.1342;1.3481;2.374
42.40330228;0.0479;0.0988;-0.7028;0.703
42.40492982;-0.6932;-0.2128;0.4115;0.842
42.45037882;1.7166;-0.1511;2.2036;2.8
42.45199828;0.7401;0.2359;0.6635;1.023
42.45307885;-1.5746;-0.3669;-0.3188;1.652
42.45431035;0.8289;-0.2481;2.5774;2.725
42.45542305;2.689;-0.3264;2.5148;3.697
42.46422978;0.4285;0.3895;-0.4049;0.699
42.47426555;-1.3853;0.4729;-2.3305;2.748
42.48488582;-0.6759;-0.444;2.0254;2.19
42.50245928;0.8565;-1.0522;3.8456;4.084
42.50440147;0.755;0.3486;0.3191;0.889
42.54548624;-0.0224;0.5226;-1.8261;1.892
42.5470642;-2.383;-0.8911;2.3918;3.501
42.54805047;0.9644;-0.9472;3.2849;3.558
42.54968009;1.614;0.7466;-0.3965;1.816
42.55438455;-0.2384;0.3293;-0.9935;1.068
42.56445082;-0.1622;-0.7095;1.7089;1.865
42.57436682;0.8893;-0.6071;3.0788;3.268
42.58443889;-0.4999;0.3768;-0.3009;0.696
42.60213058;-0.337;0.0858;-2.61;2.626
42.60454312;1.6505;-0.0816;0.7777;1.824
42.6553482;1.8531;0.4184;1.5262;2.438
42.65734335;-0.8637;-0.3011;-0.6078;1.098
42.6583072;0.3057;0.3749;-0.7375;0.874
42.66116528;0.6706;-0.0051;1.8471;1.971
42.66329485;0.3744;-0.8327;2.6635;2.822
42.66590508;0.2029;0.2692;1.12;1.177
42.67504351;0.2701;0.2768;0.3317;0.513
42.68439162;-0.8076;-0.8215;1.6552;2.025
42.69489608;-0.1456;0.0809;1.6431;1.66
42.70488028;0.3754;0.0652;-0.847;0.919
42.72113008;-0.0415;0.0216;-0.89;0.883
42.72519855;0.2565;0.1632;1.1746;1.22
42.77108189;0.2877;-0.2988;0.631;0.759
42.77283332;0.1671;0.0032;0.7085;0.735
42.77466235;0.6616;0.289;1.4051;1.585
42.77620655;0.4893;-0.4689;1.508;1.659
42.77730466;0.5731;-0.181;1.9544;2.051
42.7843857;0.7391;0.2344;0.6356;1.004
42.80346401;0.7698;-0.1868;-0.0727;0.789
42.80521901;0.317;0.1371;0.5965;0.694
42.85183201;-1.3844;-0.0203;1.187;1.834
42.85382162;-1.4467;-1.135;1.8989;2.652
42.85534339;0.2908;0.1261;2.5939;2.621
42.85638235;-0.098;0.2178;0.9844;1.022
42.85762835;-0.4088;-0.5213;0.4826;0.827
42.86456716;0.5377;0.2195;1.2684;1.4
42.87451243;1.3579;0.2701;-0.1095;1.383
42.88488562;1.6058;-0.1242;-0.5104;1.681
42.90331835;1.4111;0.3931;1.2624;1.935
42.90541366;-0.0871;-0.3654;0.8269;0.916
42.94880208;-1.3761;-0.2447;0.6934;1.569
42.95061458;0.0728;0.0501;1.5391;1.55
42.95148251;1.7291;-0.2533;1.0741;2.05
42.95222674;0.8658;-0.2591;1.1022;1.428
42.95470205;0.9634;0.3626;0.4615;1.127
42.96472028;0.3387;-0.0512;-0.6535;0.728
42.9744622;-0.8944;0.0144;0.6951;1.143
42.98439047;0.0472;-0.5314;1.2864;1.4
43.00041712;-0.5374;0.0811;1.2311;1.356
43.00454343;-0.6309;-0.1895;1.9442;2.062
43.04775374;-0.1661;-0.6993;1.3847;1.567
43.04980243;0.3286;0.3456;0.99;1.105
43.05078455;1.1765;0.1744;0.4998;1.288
43.05159024;0.6426;-0.2972;1.8968;2.03
43.05438258;-0.9558;-0.2266;2.1018;2.33
43.06426385;-0.0948;-0.1827;0.4465;0.5
43.07723939;1.3542;0.0241;0.8085;1.576
43.08443958;0.9072;0.197;0.1613;0.938
43.09478239;1.0113;-0.1711;-0.7314;1.25
43.10489301;1.6626;0.6119;0.4071;1.815
43.11475566;1.3941;-0.1476;0.4788;1.478
43.13359228;0.4147;0.2198;-0.5973;0.75
43.13504408;-0.5662;-0.0989;0.2258;0.626
43.17535643;0.6841;-0.0785;1.3452;1.516
43.17699193;0.9905;-0.0013;0.7782;1.26
43.17858778;-1.1006;0.173;-0.0177;1.12
43.17984212;-1.1143;-0.4791;0.7165;1.417
43.18422989;0.6133;-0.4675;2.6469;2.763
43.19462608;-0.2966;0.197;1.6694;1.716
43.20438051;-0.3793;-0.0392;-0.2868;0.477
43.21716482;0.1338;-0.061;0.1982;0.25
43.26201712;-0.1278;0.0468;2.3623;2.375
43.26450135;-0.2741;-0.4311;0.9332;1.072
43.26616801;0.7613;0.0884;1.7416;1.908
43.2672822;-0.2756;0.0208;1.274;1.313
43.26856358;-1.3305;-0.2999;0.2728;1.398
43.27851801;0.6971;-0.1266;1.7691;1.911
43.2851162;2.1433;0.1415;1.6673;2.72
43.29548428;0.4118;-0.0073;0.3582;0.547
43.30427905;0.5406;-0.1175;-0.954;1.093
43.31456962;1.5331;0.4107;0.008;1.582
43.32771305;0.4092;0.0836;1.6166;1.676
43.33748285;-0.6916;-0.4831;1.1787;1.459
43.38077908;0.8269;0.1615;0.5093;0.984
43.38227708;0.5898;-0.0559;2.562;2.636
43.38364793;-0.1192;-0.513;1.4393;1.54
43.38572674;-0.1801;-0.0259;-0.0607;0.195
43.38708016;-0.0231;0.356;-0.1057;0.372
43.3951212;0.5951;-0.1829;0.9914;1.174
43.40440678;0.8173;-0.6229;1.7949;2.073
43.4187832;-0.3209;0.6992;0.8945;1.189
43.46104716;-1.0462;-0.7575;-0.5352;1.399
43.46246974;-0.2323;-0.1038;2.2292;2.252
43.4634427;1.3862;-0.2005;3.0062;3.321
43.46450805;1.9422;0.1953;0.8021;2.108
43.46614132;-0.2024;-0.0155;-0.5257;0.558
43.47918508;-0.4711;0.0038;-0.1861;0.509
43.48474239;1.9024;-0.3988;2.5279;3.192
43.49468112;1.1515;0.0027;2.3714;2.641
43.50438647;-0.919;-0.124;-0.5609;1.084
43.51711805;-0.5894;0.012;0.6635;0.898
43.52442266;0.8128;-0.4015;3.2438;3.374
43.5601717;-0.0094;0.0401;0.2797;0.291
43.56196143;-0.369;-0.1884;-1.2662;1.326
43.56296305;1.4216;0.3635;1.9981;2.483
43.5644687;2.117;-0.9351;2.9843;3.779
43.57619501;-0.5338;0.6756;0.1873;0.888
43.58451101;-2.0015;-0.2414;-2.2048;2.985
43.59536932;-0.001;-0.4962;2.7839;2.836
43.60515497;2.3844;-0.4913;3.6633;4.402
43.61759247;-0.5745;0.2806;-0.8084;1.028
43.66379808;-1.9122;0.1538;-1.3657;2.355
43.66601793;0.2202;-0.6429;3.4852;3.558
43.66718362;1.8818;-0.5034;1.9191;2.736
43.66805643;1.4746;0.5763;-1.9699;2.518
43.66974735;0.3358;0.8846;-2.4637;2.631
43.67860935;1.0801;-0.5694;2.8119;3.071
43.68473828;1.2262;-0.4951;2.1829;2.556
43.69477105;0.2946;0.338;-2.2606;2.296
43.70438078;0.5045;0.9152;-1.7907;2.065
43.71729901;-0.1898;-0.876;2.7018;2.854
43.76047051;0.2249;-1.3018;3.0701;3.349
43.76217293;1.6956;0.956;0.6034;2.036
43.76292235;-0.4803;0.2755;-1.2767;1.386
43.76488701;-3.0613;-1.2284;1.2648;3.54
43.7666302;0.423;-0.2351;3.1455;3.19
43.77590828;1.7079;0.6809;0.5346;1.912
43.78472028;-1.2065;-0.2937;-0.3316;1.288
43.79425497;-2.188;-0.6523;2.2688;3.228
43.80441393;0.9063;-0.4493;2.2631;2.484
43.81687574;1.7613;0.7263;-2.2313;2.925
43.85912162;1.5189;-0.1625;-1.0034;1.818
43.86050062;2.492;0.5641;1.5965;3.013
43.86162312;0.4263;-0.097;0.8985;1.004
43.86239535;-2.2887;-0.2355;0.4504;2.352
43.86493224;-0.3783;-0.4838;1.6951;1.811
43.87633505;2.5166;0.0696;1.5146;2.937
43.88469578;-0.053;0.1479;0.1461;0.223
43.89471431;-1.6256;-0.4873;-0.3651;1.739
43.90440301;-0.5839;-0.3914;2.4322;2.541
43.91726228;-0.0283;-0.1449;3.2265;3.238
43.96475424;-0.4696;-0.1631;0.0372;0.504
43.96642605;-1.0101;0.3033;-0.2413;1.086
43.96726297;-0.0353;-0.3194;0.2048;0.385
43.96802116;1.9231;-0.06;1.0485;2.19
43.9691167;2.1075;0.6168;1.0219;2.421
43.97910862;0.1256;-0.2235;-0.6353;0.676
43.98499916;0.1101;-0.1534;0.6567;0.69
43.9949767;0.9708;0.2689;2.0289;2.27
44.00454485;-0.2409;-0.5532;0.4761;0.774
44.01634889;0.537;0.0314;1.554;1.65
44.06378808;2.1253;-0.1169;1.5707;2.645
44.06584835;0.5279;0.0463;0.7834;0.949
44.06667639;-1.7691;0.2029;-0.1998;1.797
44.06770728;-1.5986;-0.5424;0.3621;1.733
44.06874697;1.4467;-0.5421;3.0782;3.449
44.07825378;1.057;0.83;1.3141;1.883
44.08446012;-0.7515;-0.7192;-0.898;1.371
44.09484097;-0.4332;-0.0138;2.4695;2.516
44.10439439;0.6378;-0.3325;2.5163;2.623
44.11691597;0.5332;-0.1015;-0.2722;0.598
44.16427901;1.1305;0.2985;-0.4614;1.249
44.16574324;1.4712;-0.1142;1.5367;2.132
44.16679697;0.2489;-0.3848;2.6304;2.677
44.1675552;-0.9544;0.1484;0.2744;1.012
44.16891201;-0.1353;-0.4395;0.1808;0.497
44.17734858;0.8416;0.384;2.3;2.485
44.18430078;0.5426;-0.7422;2.0428;2.246
44.19458462;0.8658;0.3277;1.4626;1.735
44.20473462;-0.2454;-0.0484;-0.1234;0.28
44.21779966;-0.3699;0.0415;-1.4251;1.466
44.25997428;1.0709;0.3634;1.1604;1.623
44.26181374;0.6695;-0.5437;2.6833;2.825
44.26296524;-0.0757;-0.0668;1.8163;1.828
44.26521131;0.017;0.3048;-0.0638;0.312
44.26630639;-0.2733;-0.2073;0.505;0.619
44.27544066;1.058;-0.2999;2.4128;2.657
44.28485681;1.3172;0.1991;0.3256;1.368
44.29444647;-0.045;-0.0812;0.6675;0.682
44.30480528;0.5181;-0.3757;3.0271;3.101
44.31724108;-0.7756;-0.2971;1.5299;1.75
44.36041585;-1.3675;-0.188;0.3625;1.435
44.3620562;1.1048;0.0816;-0.6598;1.28
44.36285266;2.9082;0.6948;-0.1176;2.987
44.36361497;1.1784;0.1813;0.0238;1.187
44.36534755;-1.3153;-0.4435;0.2666;1.42
44.37644039;-0.3465;-0.1902;1.4939;1.554
44.38456128;1.1609;0.1942;0.57;1.306
44.39466539;1.0495;-0.0785;0.9796;1.439
44.40434274;0.3671;-0.2062;1.0077;1.097
44.41433347;1.2505;0.0603;0.132;1.254
44.43227351;0.6811;0.1456;0.1593;0.711
44.43442985;-2.1573;-0.2674;1.873;2.879
44.48296366;-1.3907;-0.9865;2.8445;3.326
44.48542435;0.5904;-0.0088;2.4517;2.528
44.48619985;-0.1488;0.3381;0.247;0.452
44.4869737;-1.4851;-0.5758;-0.1342;1.603
44.48785928;1.0462;0.0992;0.3559;1.107
44.4956412;2.4991;0.5232;0.8512;2.689
44.50433362;-0.5719;-0.338;1.3649;1.527
44.51453851;-1.3712;-0.5453;0.6707;1.629
44.53286993;1.0873;0.261;1.324;1.736
44.53449374;1.4337;0.1432;0.5999;1.559
44.58650605;1.2116;0.0142;-1.8072;2.166
44.58902655;0.5976;0.4191;-0.2304;0.759
44.59003493;1.624;-0.6005;2.6207;3.145
44.59079985;1.0767;-0.2595;2.2033;2.471
44.59160012;-1.5298;0.51;0.3242;1.653
44.59681401;-1.8029;-0.6549;-1.0903;2.207
44.6045597;0.8552;-0.2;2.364;2.527
44.61871335;1.9734;0.4306;0.462;2.068
44.66484339;-1.8299;-0.1105;1.5435;2.406
44.66642081;-1.4095;-0.9142;2.3117;2.867
44.66789151;0.628;0.0586;1.8462;1.957
44.66912085;1.9503;0.6086;-0.233;2.05
44.67030205;0.294;-0.2206;-0.9512;1.01
44.67799312;1.4137;0.2707;-0.5576;1.535
44.68487712;2.3059;0.1169;1.1368;2.572
44.69471266;-0.6242;0.2205;0.8506;1.088
44.70426839;-1.2623;-0.6958;-0.1403;1.452
44.7175657;1.2004;0.3927;1.8082;2.209
44.76753851;0.9052;-0.449;2.824;3.005
44.76969524;0.1631;-0.1423;0.9664;0.997
44.77065297;0.415;0.1735;0.0605;0.45
44.77365766;-0.4923;0.2777;0.2698;0.635
44.77640489;-0.0519;-0.5139;0.7065;0.881
44.77744643;0.2431;0.364;1.0815;1.174
44.78486701;-0.9937;-0.1562;0.3916;1.088
44.79459958;-0.7497;-0.5794;2.8316;2.995
44.80500108;1.3464;-0.171;2.123;2.523
44.81512524;0.3586;0.4808;0.1452;0.617
44.8623237;-0.5472;-0.1736;-0.5768;0.812
44.86444062;1.2726;-0.3222;2.4762;2.807
44.8656407;1.7087;-0.2884;3.3643;3.789
44.86697974;-0.5096;-0.0673;0.1943;0.558
44.86797285;-2.0519;0.0335;0.6804;2.17
44.87442393;-0.4457;-0.613;2.4321;2.556
44.88415154;1.6128;-0.0311;0.3785;1.653
44.89459716;1.8576;0.6385;-0.908;2.156
44.9139242;0.5454;-0.1193;-0.695;0.881
44.91536874;-0.0397;-0.3591;2.4065;2.441
44.95803624;0.3367;-0.2377;1.7464;1.801
44.95961928;0.633;0.4615;0.0826;0.785
44.96042824;1.7101;0.0435;-0.3366;1.736
44.96143651;0.7498;-0.1666;0.0303;0.763
44.96471004;0.5397;-0.0214;1.6751;1.766
44.97551558;0.5755;-0.1294;1.1181;1.269
44.98411824;-1.015;-0.0982;2.2099;2.444
44.99432051;-1.4534;-0.7069;2.23;2.763
45.00538112;0.53;-0.1174;0.8604;1.021
45.01516493;0.6699;0.222;1.2426;1.434
45.06653501;-0.1124;-0.2737;-0.0993;0.31
45.06826293;0.1151;0.0627;1.2976;1.312
45.06940251;0.1957;-0.0374;1.8611;1.879
45.07040766;-0.3685;-0.3049;1.5044;1.588
45.07471493;0.2648;-0.1386;0.8715;0.927
45.07608816;1.1173;0.3771;0.2126;1.195
45.08484947;0.9245;-0.054;0.8201;1.238
45.09460201;1.7282;-0.178;0.0977;1.734
45.1143082;1.3983;0.0296;0.812;1.616
45.11578681;0.242;0.4236;0.689;0.85
45.16479547;-0.7907;-0.4043;0.7228;1.154
45.16637089;-0.7576;-0.2541;1.8447;2.02
45.16723343;1.1901;0.0203;1.1686;1.67
45.16798912;0.5891;0.0492;-0.0519;0.587
45.16995501;-0.8519;0.0989;-0.5309;1.01
45.1771782;-0.7799;-0.2799;0.276;0.881
45.18472331;0.3376;-0.2231;2.5991;2.638
45.19474216;0.7846;-0.0144;1.2645;1.492
45.21605608;-0.3296;0.1968;0.1676;0.428
45.21794808;-0.3207;-0.2785;0.5461;0.7
45.26561824;0.8601;-0.3371;2.77;2.926
45.26756693;1.5577;0.1768;1.578;2.226
45.2689337;0.2739;0.0882;-0.8333;0.872
45.26987628;-1.1077;0.1847;-1.0661;1.547
45.27274401;0.7939;-0.1386;0.551;0.976
45.27452535;1.2148;0.0097;2.1917;2.51
45.28446293;-1.0148;-0.3288;0.9794;1.458
45.29450824;-0.1867;-0.2562;1.6755;1.714
45.31303416;1.0743;-0.0188;2.9415;3.137
45.31503493;0.0887;-0.1473;0.261;0.317
45.37604078;-0.1196;0.1935;-0.7194;0.748
45.37758324;1.0418;-0.0407;0.8057;1.318
45.37856589;1.623;-0.1226;2.7068;3.162
45.37969589;-1.4509;-0.0291;0.6548;1.601
45.38074801;-2.7023;-0.6463;0.2673;2.798
45.38208389;1.1894;-0.3904;3.3383;3.571
45.38467343;2.37;0.6529;1.0751;2.682
45.39469774;-1.0247;-0.5447;-0.872;1.45
45.4188292;0.686;0.3261;0.484;0.901
45.42028208;3.2351;-0.2993;3.2586;4.603
45.42586428;-0.1636;0.1198;0.7829;0.818
45.43426093;-1.6249;-0.5755;-1.7258;2.437
45.46185339;0.5975;0.5002;1.7782;1.948
45.46358989;2.1773;-0.3204;2.6217;3.425
45.46529951;0.1691;0.1825;-0.8417;0.869
45.47533062;-0.7423;-0.3889;1.7274;1.929
45.48422312;-0.4956;-0.6693;2.9797;3.102
45.49455251;1.4996;0.2518;1.0818;1.866
45.51462178;1.2024;0.4992;-0.0475;1.298
45.5159667;-1.0696;-0.5405;0.8831;1.497
45.5596112;-0.0989;-0.1159;1.4551;1.472
45.56133693;0.7035;0.2084;1.0788;1.309
45.56209562;-0.1457;-0.2342;0.7864;0.842
45.56281201;-0.5277;-0.2614;2.207;2.293
45.56453504;0.2365;-0.1391;1.1433;1.182
45.57437216;0.0804;-0.0909;0.4112;0.435
45.58417358;0.9329;0.2209;0.5453;1.102
45.59440758;1.6373;-0.1026;0.9262;1.883
45.61280047;-0.0099;-0.0963;0.786;0.8
45.61476528;-0.3746;-0.0592;0.7145;0.819
45.65653074;-0.1311;-0.1035;1.4168;1.435
45.65801643;0.3528;-0.2044;0.7366;0.846
45.65876389;0.9138;0.2564;0.7724;1.225
45.65964581;0.3398;0.0176;0.0045;0.335
45.66496604;-0.3927;-0.2172;0.6293;0.782
45.67441712;-0.0942;-0.1233;2.4159;2.429
45.68455108;0.9766;-0.2002;1.4196;1.738
45.69462216;0.0733;0.1835;0.3146;0.378
45.71287928;-0.6755;-0.0044;-0.1922;0.706
45.71492647;0.3524;-0.2047;1.4537;1.516
45.75853366;0.905;-0.0668;2.1024;2.295
45.76012016;0.6739;-0.0871;0.6537;0.944
45.76130908;-0.439;0.2724;0.5858;0.791
45.76228062;-0.9092;-0.5282;0.6985;1.271
45.76503635;0.7565;0.0623;1.8355;1.992
45.77490828;1.5126;-0.0118;1.3891;2.055
45.78446404;1.0326;0.0616;1.0827;1.499
45.79459854;0.079;-0.1335;-0.4399;0.457
45.8152427;-0.2816;0.1952;-0.7272;0.799
45.81700774;0.9839;0.0439;1.0154;1.416
45.85938751;1.4699;0.0228;0.8181;1.681
45.86092004;-0.1539;-0.0188;0.6543;0.682
45.86170008;-0.974;-0.1237;1.5228;1.822
45.86314435;-0.2028;-0.799;2.6665;2.799
45.86520543;0.2778;0.2529;1.751;1.798
45.87475962;0.4433;-0.3097;-0.4481;0.693
45.88447481;0.4059;0.3241;0.6532;0.839
45.89466335;0.3043;-0.195;1.4076;1.46
45.91316093;-0.3861;-0.1046;0.8217;0.924
45.91461231;-0.9605;-0.289;1.2565;1.618
45.95581089;0.2985;-0.3905;2.3177;2.376
45.95748508;0.4192;0.0741;1.3987;1.468
45.95824185;0.7978;0.2587;1.3462;1.59
45.96441774;1.305;-0.3888;2.5474;2.893
45.97436135;1.0273;-0.2642;1.1863;1.593
45.98413558;0.4075;0.3996;0.3522;0.672
45.99444316;-1.913;-0.4228;0.339;1.995
46.01301316;-0.1739;-0.5039;2.6015;2.664
46.01517635;2.2938;0.4852;1.0188;2.555
46.05707835;0.7172;0.001;-0.7067;0.997
46.05841351;-1.4265;-0.0127;-0.2472;1.452
46.05949124;0.0451;-0.3766;1.4641;1.52
46.06015477;1.4073;0.1837;1.4217;2.011
46.06432277;0.6754;0.0187;-0.1035;0.676
46.07423985;0.3649;0.016;1.0373;1.106
46.08418404;0.3647;-0.3038;2.1291;2.188
46.09443543;0.2213;-0.2105;1.5586;1.595
46.11235924;-0.1555;0.0061;0.7575;0.783
46.11432051;-0.0155;-0.0737;0.0926;0.126
46.15706574;0.5366;0.0932;0.6081;0.819
46.15845035;0.4332;0.0999;0.3874;0.591
46.15933747;-0.6966;-0.4529;1.34;1.586
46.16007843;0.1834;-0.0454;1.3215;1.342
46.16439093;1.1567;0.1331;0.3308;1.207
46.17431981;-0.06;0.0826;0.3227;0.348
46.18412447;0.757;-0.1744;0.3385;0.845
46.19429293;1.502;0.356;1.6392;2.254
46.2141622;-0.2381;-0.2375;1.1771;1.233
46.21541743;-1.0889;-0.5547;1.8474;2.224
46.25948727;0.2691;-0.0156;2.5931;2.615
46.26169016;-0.2257;-0.0861;0.0151;0.248
46.26262474;-0.8135;-0.0384;-0.7517;1.107
46.26476339;0.8666;0.4012;0.9206;1.329
46.26602104;-0.0126;-0.7565;2.9645;3.067
46.27431258;-0.6363;-0.1264;1.9231;2.039
46.28443201;0.7457;-0.0033;0.3107;0.806
46.29430024;0.2243;0.3842;0.6657;0.807
46.31304027;0.0544;-0.5349;0.4408;0.699
46.31469727;1.9584;0.1429;1.2724;2.339
46.36090958;-0.2486;-0.391;0.8071;0.939
46.3622022;-1.2383;0.0836;1.3834;1.869
46.36323093;-0.1169;-0.4014;0.7065;0.828
46.36410216;0.9919;0.2849;1.0858;1.5
46.36529893;0.8093;0.116;0.6541;1.048
46.37457527;0.6963;-0.4057;2.0363;2.195
46.3847202;-0.0059;-0.1691;2.3405;2.355
46.39444616;-0.8067;-0.1054;0.3482;0.893
46.41229227;-0.7972;-0.0236;-0.0867;0.807
46.41464339;0.6645;0.2477;-0.1131;0.712
46.45463924;1.6648;-0.2118;3.3124;3.718
46.45632424;0.3277;-0.499;2.7373;2.809
46.45765974;-0.7803;0.348;-0.1004;0.865
46.45836112;-1.3943;-0.3905;0.4697;1.53
46.46443785;1.62;-0.3805;1.8184;2.467
46.47459966;2.7386;0.686;0.2106;2.826
46.48448027;0.5653;0.0996;-1.6054;1.695
46.49440704;-0.5659;0.0644;1.2173;1.354
46.51246243;-0.7411;-0.9613;3.1042;3.342
46.51459158;-0.0867;0.0976;0.9933;1.011
46.55519035;0.7818;0.3375;-0.2888;0.892
46.55655508;1.1354;-0.226;1.1717;1.649
46.55756189;1.1463;-0.4013;1.7759;2.155
46.55852501;-0.1235;0.5144;-0.5423;0.754
46.56413681;-1.0604;-0.0766;-0.6459;1.245
46.57459777;0.042;-0.4473;2.6948;2.74
46.58451816;0.6877;-0.0986;1.6387;1.785
46.59476901;-0.3891;0.1598;-0.0956;0.436
46.61182458;-0.3734;-0.0391;0.4194;0.573
46.6147402;0.3318;-0.4354;2.7105;2.772
46.65440166;0.4137;0.059;0.9886;1.079
46.65568377;0.6947;0.0988;-0.906;1.136
46.65645808;0.238;0.3145;0.0347;0.394
46.65742793;0.2522;-0.2331;-0.0218;0.338
46.66442785;0.5515;-0.1013;1.2628;1.387
46.67457462;0.4788;0.2009;0.7811;0.942
46.68445377;-0.2226;-0.1838;1.0203;1.069
46.69454193;-0.1255;-0.2795;1.6693;1.705
46.71145739;0.417;-0.0385;1.141;1.221
46.71451777;1.0288;0.1595;0.8253;1.329
46.75673551;0.3257;0.047;-0.4925;0.582
46.75814847;-0.5946;0.0413;-0.0211;0.602
46.75892958;-0.204;-0.1493;1.9896;2.014
46.75962612;-0.1215;-0.3756;2.3189;2.36
46.76423862;-0.7967;-0.0084;1.0388;1.319
46.77448681;0.4253;-0.1727;1.5416;1.615
46.78678801;1.0338;-0.0855;1.916;2.183
46.79440339;0.2525;0.0233;-0.9615;0.985
46.80542481;1.0701;0.3723;-1.6783;2.015
46.81444535;2.2662;0.3768;0.4067;2.329
46.82789743;-0.1285;-0.4226;2.4716;2.519
46.87515747;-2.445;-0.4771;1.1632;2.758
46.87674477;0.5865;0.1992;1.2851;1.432
46.87766366;1.5666;-0.2941;3.1875;3.568
46.87886331;-0.1222;-0.0202;0.501;0.525
46.87986277;-0.3604;-0.1234;-0.8611;0.936
46.88637554;0.826;0.3711;1.5104;1.766
46.89483397;0.6001;-0.9705;3.0292;3.243
46.90484312;-2.1244;-0.0099;1.8397;2.82
46.91447862;-1.3423;-0.3894;-0.7253;1.576
46.92635389;1.6779;-0.2453;2.2872;2.85
46.97690527;2.639;0.3501;2.6549;3.762
46.97863231;-0.112;-0.3;-0.8594;0.91
46.97949085;0.2281;0.5615;-1.0106;1.171
46.98027024;0.758;-0.0793;2.6135;2.729
46.98182754;-0.4448;-1.2474;3.6352;3.877
46.9852312;0.8953;0.4528;-0.1784;1.013
46.99446354;1.3674;0.5879;-0.2038;1.496
47.01017393;-0.1329;-0.4753;0.3392;0.604
47.01515189;0.0496;-0.1234;1.5042;1.518
47.05506816;0.8934;0.1174;0.9354;1.301
47.05641539;0.5352;-0.0145;0.8379;0.998
47.0574432;-0.3443;-0.0931;2.1016;2.141
47.05815335;-0.4561;-0.5034;1.2151;1.401
47.06454662;0.5863;-0.0148;1.3768;1.502
47.07479885;1.8129;0.2235;0.1062;1.824
47.0865675;0.5942;0.055;-0.5976;0.835
47.09466277;-1.1638;0.1331;1.4559;1.879
47.10534089;-0.3583;-1.0815;2.6707;2.911
47.11451774;0.5968;0.2978;1.8482;1.971
47.12483431;-0.135;0.1881;-1.0208;1.04
47.14565362;-0.0568;-0.3555;2.4936;2.528
47.14742862;1.1126;-0.0077;0.6778;1.302
47.19919624;-0.327;0.1656;-0.7674;0.846
47.2008177;-0.7688;0.0671;0.6306;1.007
47.20639727;-0.0071;-0.5938;3.1997;3.262
47.20908427;0.4154;-0.1973;1.4935;1.569
47.21062304;0.9921;0.2266;0.0689;1.015
47.21180004;-0.2474;0.1123;0.2665;0.391
47.21449354;-0.285;-0.4139;-0.0453;0.506
47.22492977;1.4547;0.3558;0.4793;1.57
47.24618835;1.3785;0.4592;-0.9785;1.743
47.24841208;-0.6799;-0.2505;-0.3873;0.822
47.29106654;-0.7109;-0.2669;1.6707;1.845
47.29250454;1.0592;-0.1233;1.4819;1.829
47.29363781;0.9863;0.3467;0.2652;1.076
47.29548966;0.3776;0.1658;-0.8661;0.95
47.29650874;0.0654;-0.0112;0.603;0.614
47.30456693;0.3304;-0.3759;1.9389;2.009
47.31445585;-0.0288;0.0539;1.7598;1.769
47.32720735;-0.9197;0.0355;-0.1338;0.935
47.37071454;-1.6015;-0.0947;0.0959;1.614
47.37216608;0.1153;-0.3994;3.1358;3.171
47.37358304;1.0229;-0.1703;2.0757;2.325
47.37497239;0.3948;0.1342;0.3543;0.549
47.37598324;-0.869;-0.0005;0.5728;1.05
47.38753266;-1.1886;-0.6086;1.7256;2.191
47.39442293;0.9212;0.1142;1.8895;2.11
47.4044032;1.5353;0.3028;-0.0514;1.56
47.41412562;-0.5279;0.1173;0.6497;0.856
47.42743335;-0.5984;-0.6979;1.9982;2.208
47.4702245;1.1486;-0.1917;2.0802;2.388
47.47182897;0.9601;0.5542;0.0626;1.106
47.47267997;0.3728;-0.1093;-0.54;0.655
47.47364712;1.539;-0.081;0.8676;1.767
47.47559604;2.1283;-0.0039;0.8923;2.305
47.48543;0.9904;0.1542;0.1496;1.009
47.49484597;-0.5673;0.3831;-0.8539;1.092
47.50491774;-0.9252;-0.4198;1.1943;1.577
47.51452947;0.7351;-0.371;3.4252;3.529
47.52752239;0.86;-0.0668;0.7187;1.123
47.57940924;0.023;0.1158;-0.3361;0.349
47.58116447;-0.7713;0.0316;0.8026;1.124
47.58243743;-0.043;-0.5895;1.8808;1.979
47.58350108;0.7058;0.0878;0.3136;0.775
47.58729908;0.5481;0.5168;-0.579;0.943
47.5884615;-0.9001;-0.2949;2.2566;2.457
47.59449327;-0.3575;-0.8225;2.6976;2.851
47.60951527;0.1059;0.1899;1.1559;1.184
47.61491;1.297;0.2889;1.2079;1.797
47.6571477;0.7001;-0.5534;1.9549;2.154
47.65879062;0.1284;0.1946;-0.3353;0.4
47.65986262;0.9258;0.3707;-1.8963;2.133
47.66169358;-0.5992;-0.3707;2.1762;2.297
47.67440577;-2.764;-0.5029;2.0423;3.483
47.68554708;-0.2652;-0.3894;3.0029;3.048
47.69510062;1.8244;-0.3066;3.7808;4.214
47.70439493;-1.4966;0.0131;-0.1186;1.507
47.71451158;-1.2661;-0.3026;-2.8194;3.1
47.72665235;3.3934;0.5409;-0.2108;3.437
47.77246166;2.9123;0.0939;3.1058;4.261
47.77441312;-3.2555;-0.4021;0.6797;3.357
47.7760075;-3.2167;-0.8156;-1.4291;3.615
47.77781939;2.1322;-0.1446;3.2946;3.931
47.77924708;3.63;0.9751;2.2573;4.384
47.78537516;-0.4889;-0.5882;-0.7349;1.057
47.794166;0.4264;0.1892;-0.9378;1.038
47.80439281;3.4215;-0.1075;3.0066;4.557
47.81417258;0.6359;-0.0247;1.9907;2.096
47.82409912;-3.1274;-0.1932;-1.4109;3.438
47.86425177;0.033;0.1048;-1.2507;1.247
47.86604435;2.4158;0.3884;2.5283;3.52
47.86688197;0.6777;-0.2317;3.4555;3.536
47.86770316;-1.3587;-0.6781;1.2315;1.964
47.87728139;-1.7542;0.0053;3.3894;3.827
47.889039;-0.8867;-1.0963;3.0935;3.408
47.89417254;0.9431;0.3987;0.8743;1.348
47.90410939;1.6051;0.1252;-1.1117;1.947
47.91461289;1.5809;0.7594;-0.1049;1.752
47.92518439;-0.3887;-1.2462;0.8478;1.561
47.96726285;-0.9618;-0.0298;0.8478;1.292
47.96845704;0.2353;-0.0481;-1.1759;1.191
47.9694645;1.2163;0.6902;0.9563;1.695
47.9700735;1.8577;-0.7207;-0.587;2.069
47.97421697;1.7369;0.5154;-1.5397;2.368
47.98577839;0.8917;-0.6023;1.2345;1.64
47.99420531;-0.4036;-0.3682;2.8259;2.887
48.00452573;-1.8163;-0.3312;-0.0478;1.852
48.01421623;0.1863;0.7919;-0.9199;1.222
48.02769635;0.9759;-0.5442;1.6622;2.006
48.07247008;0.3731;0.0782;2.0235;2.066
48.0742052;-0.7974;-0.4922;-0.4952;1.06
48.07501054;0.0811;0.5404;-0.1041;0.556
48.07593889;0.3727;-0.5295;2.4673;2.558
48.07728104;0.2194;-0.1052;1.4269;1.455
48.08424616;-0.0235;0.1234;0.012;0.13
48.09419897;0.4202;-0.0246;0.6166;0.75
48.10414908;-0.0432;-0.258;1.8778;1.904
48.11466904;-0.1268;-0.1266;0.4293;0.474
48.1300302;0.2516;0.1105;0.3337;0.436
48.14192823;0.1197;-0.1323;1.2874;1.307
48.17314481;0.1818;0.132;0.3984;0.463
48.17467997;0.3617;0.0173;-0.1581;0.386
48.17575162;0.45;0.0602;1.2282;1.315
48.18594597;0.7648;-0.1391;1.0347;1.297
48.19417804;0.3797;0.2568;0.4723;0.661
48.20422766;-0.1203;-0.068;0.1172;0.19
48.22290081;0.374;-0.1146;1.1695;1.239
48.22475585;0.557;0.0597;1.0511;1.196
48.27045843;0.1153;0.0122;0.2116;0.246
48.27187727;0.1352;-0.0591;1.159;1.176
48.27282697;0.3083;-0.1698;0.984;1.051
48.27387289;-0.1145;0.0204;0.875;0.892
48.27553066;0.0423;0.0211;0.6758;0.685
48.28432623;0.3263;-0.1466;0.9828;1.052
48.29451289;0.0657;0.03;1.0081;1.019
48.30422439;0.1994;0.0177;0.6323;0.669
48.31440831;0.3037;-0.0484;1.2503;1.294
48.32439697;0.2493;-0.2063;0.7737;0.844
48.36635285;0.5448;0.0687;1.1989;1.324
48.36773193;0.6058;0.1356;0.7652;0.988
48.36851854;0.3369;-0.1761;1.0988;1.169
48.36959127;0.3307;-0.0238;1.2596;1.309
48.37429377;0.458;-0.1472;0.6614;0.821
48.38483731;0.3266;0.1692;1.6058;1.654
48.39428312;0.3021;-0.3247;0.7818;0.903
48.40478458;0.2602;-0.0423;1.2984;1.332
48.41448227;-0.0194;-0.0541;1.6062;1.616
48.42572673;0.1339;-0.2503;1.3017;1.339
48.47063585;0.0643;0.0544;1.3285;1.339
48.47196731;0.0033;-0.2073;0.9613;0.991
48.4728995;0.5027;-0.0877;1.7519;1.831
48.4744057;0.6853;-0.0166;0.6956;0.978
48.47543893;0.2741;-0.0188;0.5188;0.592
48.486056;0.2097;0.0408;0.4824;0.533
48.49436877;0.2121;-0.132;1.4542;1.483
48.50480112;0.3534;-0.1085;1.8391;1.883
48.52249516;0.7037;-0.1952;1.037;1.272
48.52433447;0.2665;0.1285;1.0276;1.076
48.57297316;0.0206;-0.1374;0.1353;0.198
48.57445731;0.8294;0.1619;0.5607;1.014
48.57555777;0.9122;0.215;0.569;1.096
48.57639358;-0.2715;-0.2682;1.3522;1.414
48.57739297;-0.3316;-0.0746;1.5383;1.585
48.58583435;-0.0054;-0.081;1.2204;1.231
48.59444993;0.0942;0.0442;1.2105;1.223
48.60490954;0.9136;-0.2058;0.7186;1.181
48.62546004;0.728;0.4401;0.9952;1.313
48.62703343;-0.0859;-0.1676;0.3712;0.424
48.67712108;0.0184;-0.295;1.5196;1.556
48.67881323;0.2779;-0.0327;1.3362;1.372
48.67964639;-0.1031;-0.0015;0.6611;0.678
48.68080112;0.1345;-0.1008;1.1936;1.213
48.68192723;0.6308;-0.1444;1.2327;1.397
48.68917466;0.3381;0.0767;0.6696;0.759
48.69486323;0.5405;0.0724;0.2376;0.593
48.70497197;0.5996;-0.0023;1.1165;1.272
48.724244;0.3429;-0.1285;0.7319;0.823
48.72625989;0.2632;0.0213;0.776;0.826
48.77708712;0.1873;0.1186;1.0978;1.127
48.77869247;0.1272;-0.3542;1.1978;1.262
48.77949031;0.1678;-0.029;0.9196;0.942
48.78026123;0.4053;0.0629;0.0555;0.409
48.78144685;0.3441;0.0774;1.2321;1.288
48.78847123;0.3332;-0.2673;1.1253;1.209
48.794649;0.2315;0.0144;0.6412;0.688
48.80445604;0.0288;-0.1087;1.2168;1.23
48.82559835;0.5277;-0.1035;1.5069;1.606
48.82785193;0.5336;-0.0276;0.5422;0.763
48.88515023;0.2035;0.1129;0.7931;0.833
48.88660297;0.1787;-0.1683;0.8765;0.917
48.88750727;0.3356;-0.0381;1.3955;1.442
48.88826008;0.2557;-0.0658;0.5157;0.584
48.88928008;0.2141;-0.023;1.0342;1.063
48.89021785;0.4389;-0.0594;1.3915;1.466
48.89448212;0.3226;-0.0809;0.5811;0.674
48.90474308;0.3894;0.0878;0.9498;1.036
48.92176281;0.2962;-0.084;0.8576;0.917
48.9690555;0.4915;-0.1411;1.033;1.157
48.97036531;0.0363;0.0392;1.3375;1.347
48.97118135;0.0287;-0.1484;0.8634;0.884
48.97187577;0.4278;-0.0123;1.3767;1.448
48.97498777;0.3369;0.0241;1.2613;1.312
48.98496373;0.1024;-0.1973;0.6589;0.702
48.99451931;0.0387;0.1285;1.2827;1.298
49.00492543;0.4803;-0.2634;1.1623;1.29
49.0145642;0.506;0.0817;1.5301;1.62
49.02444566;0.2078;-0.0519;0.6668;0.706
49.06690358;0.2179;-0.0023;1.0244;1.054
49.06869189;0.4786;0.0;1.3308;1.42
49.06962843;0.7724;0.0089;1.135;1.376
49.0704792;0.3326;0.0825;0.6699;0.757
49.0744997;0.2207;-0.1418;0.602;0.662
49.08447312;0.5075;0.1511;1.5518;1.646
49.09450381;0.5024;-0.143;0.8296;0.984
49.1047332;0.1222;-0.0276;0.9167;0.933
49.12590216;-0.0115;-0.0281;0.7329;0.742
49.1276272;0.3656;-0.0739;1.3889;1.445
49.17001327;0.6271;-0.025;0.8637;1.071
49.17134893;0.4923;0.0603;0.3792;0.625
49.17219016;-0.0611;0.1626;0.7026;0.733
49.1733732;0.0842;-0.2349;1.1211;1.156
49.17529608;0.5896;-0.0021;1.9667;2.059
49.18517808;0.0658;-0.0583;0.829;0.841
49.19480896;-0.4377;0.0232;1.1092;1.203
49.20466466;0.2619;-0.257;1.4434;1.496
49.22205039;1.1807;-0.1523;1.5573;1.963
49.22484489;0.5866;0.3647;-0.725;0.993
49.26325485;-0.4714;0.1699;-1.9501;2.007
49.26813193;0.2593;0.1052;1.5156;1.548
49.26938254;0.8656;-0.7638;3.1741;3.383
49.27086789;-0.2471;0.2211;0.9304;0.997
49.27437612;0.0734;0.0568;-0.6209;0.619
49.28450754;0.3346;-0.0292;1.9643;2.0
49.2946532;0.9528;-0.2511;1.6772;1.949
49.30477289;0.4735;0.2267;0.2225;0.569
49.32427581;-0.1369;0.1641;0.7076;0.749
49.3265337;-1.0096;-0.8653;2.4899;2.832
49.36788612;-0.3904;-0.0762;1.9017;1.952
49.36955558;0.1363;0.0649;-0.2269;0.263
49.37033777;-0.1953;0.1683;1.7748;1.802
49.37138293;1.5965;-0.7966;2.7996;3.324
49.37485189;1.3273;0.7079;0.3821;1.55
49.38548262;-0.3514;0.2267;-2.8025;2.826
49.39454127;-0.484;-0.0089;0.8747;1.01
49.40422993;2.1489;-1.0035;3.9502;4.611
49.42180581;1.4035;0.5962;0.9059;1.774
49.42483712;-1.0117;0.1035;-2.4219;2.621
49.46479058;-1.3114;-0.0511;0.7813;1.537
49.46630185;1.3874;-1.0658;3.925;4.302
49.46762558;1.7437;0.5388;0.5099;1.892
49.46850316;0.4724;0.5179;-2.1452;2.248
49.4743645;-0.9992;-0.0415;1.3296;1.674
49.48442108;-0.0015;-1.5526;3.57;3.9
49.49457604;0.6442;0.493;0.3942;0.902
49.50452677;1.2783;0.7669;-2.3056;2.736
49.5218587;-0.2047;-0.395;1.5182;1.59
49.52436581;0.3186;-0.9483;3.712;3.852
49.56836485;-0.2659;0.4092;0.3624;0.616
49.57005493;0.3001;0.4256;-2.0392;2.096
49.57110196;0.2205;-0.3266;1.9033;1.951
49.57201046;1.2637;-0.3365;2.6999;3.005
49.57457127;0.138;0.2558;-0.3796;0.471
49.58429058;-0.2618;0.3969;-0.9017;1.014
49.59443054;0.0559;-0.4604;1.9215;1.984
49.60450831;0.5483;-0.4173;2.4577;2.559
49.62172546;0.1231;0.1983;-0.5278;0.569
49.62450412;0.1724;0.2871;1.5663;1.609
49.66355773;0.1665;-0.2697;1.8453;1.88
49.66549577;0.1984;0.2086;0.0027;0.285
49.66645231;-0.0977;-0.0555;0.4063;0.431
49.66716585;0.0697;-0.3441;2.0712;2.108
49.67481016;0.3608;-0.0418;1.1141;1.178
49.68440081;0.1804;0.1567;0.3107;0.397
49.69443273;0.2339;-0.1471;0.5605;0.63
49.70430589;0.2466;-0.128;1.6453;1.676
49.72197993;0.1816;0.0661;0.4981;0.54
49.72490927;0.3379;-0.0386;0.6144;0.707
49.76504854;0.4379;-0.082;1.1029;1.195
49.7663432;0.5603;-0.0413;0.9872;1.14
49.76720131;0.498;0.1671;0.5124;0.736
49.76805204;0.5341;-0.061;0.4696;0.715
49.77448208;0.5162;-0.0757;1.3617;1.464
49.78450027;0.2976;0.0871;0.9249;0.982
49.794405;0.1373;-0.0197;0.9527;0.97
49.80449985;0.2391;-0.1383;1.028;1.071
49.82211735;0.2861;-0.235;1.4153;1.47
49.82486658;0.1846;0.213;0.8797;0.931
49.86444743;0.183;-0.2317;0.4745;0.563
49.86605843;0.5343;-0.0231;0.9174;1.066
49.86683923;0.5921;0.1472;0.039;0.607
49.86755777;0.3175;0.2414;0.0065;0.395
49.87429096;0.0259;-0.0958;0.459;0.477
49.88481016;-0.0219;-0.2042;3.0385;3.054
49.8955872;-0.047;-0.2108;2.5704;2.588
49.90451554;0.363;-0.2039;2.2131;2.259
49.92179354;0.2029;-0.1428;1.747;1.772
49.92453077;-1.1159;-0.2281;0.001;1.145
49.96218789;0.6557;0.0126;-0.4081;0.763
49.96354831;2.6188;0.7136;0.6018;2.777
49.96436458;-1.4103;-0.5408;1.8951;2.433
49.96566023;-2.6626;-0.8173;1.05;2.984
49.97453958;1.1711;0.1;2.3444;2.627
49.98477277;2.0378;0.3545;1.4785;2.543
49.99455762;-0.0468;-0.0715;-0.0571;0.1
50.00480096;1.3757;0.3502;-0.3047;1.445
50.02004143;3.0074;-0.0768;1.5957;3.404
50.02495696;0.7096;-0.1476;1.5154;1.685
50.06592027;-1.828;0.1031;-0.1371;1.842
50.06784393;-1.7369;-0.5906;0.7008;1.972
50.06935096;1.653;0.0693;1.8156;2.458
50.07042277;1.5167;0.2978;0.9184;1.797
50.07453785;-0.2973;-0.1333;0.2867;0.443
50.08456712;-0.7741;-0.4975;1.2549;1.565
50.09446339;-0.2652;-0.1098;1.3673;1.406
50.10448543;0.4722;0.0938;0.4144;0.636
50.12192316;0.965;0.0704;0.9806;1.379
50.12455666;0.4892;-0.2068;0.5317;0.753
50.16990681;0.2209;0.1802;0.1427;0.319
50.17138646;0.2023;0.0956;-0.4552;0.498
50.17225189;-0.2431;-0.1877;1.8931;1.927
50.17334331;0.5172;-0.4812;2.7191;2.816
50.17493804;0.2079;0.1033;1.0717;1.104
50.18483508;-0.2531;0.096;0.4661;0.549
50.19474316;-0.1088;-0.4297;1.1715;1.26
50.20495266;0.4031;-0.0231;1.3784;1.443
50.22812046;0.4674;0.0812;0.2264;0.524
50.22985258;-0.3463;0.0056;1.0309;1.097
50.23518385;-0.5954;-0.3359;1.7147;1.855
50.24427189;0.1649;-0.0588;1.4795;1.497
50.27536208;0.7748;0.0577;0.454;0.899
50.27758243;0.5816;0.2056;0.6483;0.897
50.28133604;0.8212;0.0057;0.8068;1.153
50.287759;1.2039;-0.0636;0.8301;1.463
50.29477858;0.6721;0.1583;0.9074;1.144
50.30426404;0.0077;-0.1206;0.5387;0.56
50.32086135;-0.0688;-0.0336;1.1587;1.17
50.32447154;0.5794;-0.1029;0.7927;0.99
50.3660955;0.5513;-0.041;1.0994;1.235
50.36766873;0.0329;0.054;0.6938;0.705
50.36850185;-0.1932;-0.1085;0.8676;0.905
50.36946446;0.2855;-0.1418;1.5724;1.611
50.37442612;0.7277;-0.1024;1.0435;1.28
50.38539419;0.1852;0.1688;0.9081;0.949
50.39950477;0.3411;-0.2064;1.0613;1.139
50.40465393;0.2364;-0.0992;2.1117;2.135
50.41512812;-0.0421;-0.1239;1.1623;1.178
50.42446139;0.0597;0.122;1.1623;1.178
50.43876781;0.3699;-0.205;1.5568;1.62
50.49505812;0.1979;-0.0247;0.6514;0.687
50.49645796;0.1979;-0.0247;0.6514;0.687
50.49744977;0.3997;-0.0393;1.1543;1.228
50.49848308;0.4798;-0.1109;1.1257;1.234
50.49937293;0.6524;-0.0012;1.1884;1.36
50.50027469;0.1185;-0.0702;0.6817;0.702
50.50469827;0.2628;-0.0249;1.0707;1.109
50.514674;0.7062;-0.1035;0.7815;1.06
50.52436843;0.2527;-0.0535;0.8584;0.903
50.53766808;-0.0114;0.102;0.6267;0.644
50.58493231;0.1213;-0.238;1.05;1.09
50.58673589;0.1033;0.0045;1.4984;1.51
50.58755323;-0.0498;-0.2172;0.5672;0.617
50.58828119;0.3618;0.2028;1.1537;1.232
50.58931366;0.5529;-0.0614;0.7833;0.964
50.59693177;0.2741;0.0075;0.8948;0.942
50.60504381;0.6258;-0.0392;0.5932;0.864
50.6146575;0.3396;0.0919;0.9754;1.043
50.62426093;0.0021;-0.1189;0.6101;0.629
50.63959696;0.2307;-0.0619;1.3577;1.386
50.69054523;0.225;-0.0172;1.4934;1.518
50.69216873;0.0694;-0.1564;1.0588;1.08
50.69369216;0.2403;0.0403;1.1545;1.187
50.69489612;0.3574;-0.1086;0.7721;0.862
50.69595696;0.2998;-0.068;1.0211;1.073
50.69715181;0.4763;0.0597;0.7587;0.902
50.70475319;0.1083;-0.0281;1.15;1.163
50.72243743;-0.0702;-0.1378;0.9376;0.959
50.72477854;0.3112;-0.0748;1.2058;1.254
50.77299785;0.5408;0.1108;0.8351;1.005
50.77689435;0.6337;-0.07;0.6059;0.881
50.77785366;0.6814;0.1046;0.8412;1.09
50.77879154;0.6301;-0.0828;0.2624;0.685
50.78090812;0.198;0.2232;0.9695;1.021
50.78633377;0.0754;-0.2689;0.8803;0.93
50.79693589;0.369;-0.0954;1.6227;1.674
50.80492335;0.2419;-0.007;0.6233;0.674
50.81579596;-0.21;-0.0496;0.7589;0.798
50.82450273;0.0705;-0.1277;1.2665;1.283
50.83430131;0.5513;-0.0969;1.3634;1.479
50.85170519;0.2891;0.0352;0.8771;0.93
50.85453389;-0.1054;-0.1893;0.6703;0.713
50.89547785;0.2253;0.0178;1.498;1.522
50.89694546;0.5069;-0.1842;0.6392;0.839
50.89771423;0.4595;0.0655;0.6309;0.787
50.8984235;0.0652;0.1137;0.4072;0.435
50.90442916;0.0591;-0.2587;0.8516;0.899
50.91460723;0.7114;-0.0472;1.0864;1.303
50.92456643;0.4762;0.2046;0.4813;0.709
50.93589785;-0.343;0.0368;0.6025;0.704
50.98087762;0.3448;-0.3707;1.6882;1.769
50.982466;0.9966;0.0061;2.1663;2.39
50.98343023;0.0204;0.0386;0.0496;0.072
50.98429681;-0.6413;-0.0202;0.052;0.65
50.98543608;0.1775;-0.0848;1.2757;1.298
50.99638462;0.7483;-0.2489;1.9668;2.124
51.00441023;-0.0095;0.0729;0.5959;0.609
51.01500154;-0.0655;0.0536;0.5894;0.604
51.024406;-0.2119;-0.1906;1.7657;1.797
51.03865831;0.6567;-0.2415;0.8141;1.076
51.08519127;1.2186;0.4367;0.4365;1.364
51.08684116;0.384;-0.0067;0.3884;0.548
51.08765681;0.2354;-0.1842;1.7919;1.824
51.08834946;0.2819;-0.0854;1.4063;1.444
51.08959781;0.1225;-0.0153;0.7453;0.763
51.09865054;0.4167;-0.0752;0.7431;0.859
51.10473008;0.6491;0.027;1.0365;1.227
51.11532193;0.1505;0.005;0.8384;0.859
51.12445239;0.1884;-0.2521;0.731;0.802
51.13806996;0.183;0.1184;1.6301;1.652
51.18304504;0.0274;-0.1812;0.7103;0.741
51.1853355;0.3949;-0.0465;1.2822;1.349
51.18625685;0.568;-0.0261;0.9469;1.108
51.187179;0.2466;-0.0778;0.8978;0.941
51.18805585;0.2315;0.0175;1.2336;1.262
51.19472127;0.1612;-0.1553;1.3753;1.401
51.20489542;0.0137;-0.0858;1.1223;1.134
51.21508592;0.1202;-0.0064;0.6604;0.678
51.22443662;0.3376;0.0859;1.4224;1.471
51.24117173;0.487;-0.2845;1.113;1.252
51.288231;0.3586;-0.0012;1.0396;1.106
51.28983358;0.2674;0.0111;0.5209;0.59
51.29067931;0.2179;-0.1261;1.0282;1.065
51.29141839;0.4732;-0.0337;1.0268;1.136
51.29223304;0.5631;-0.0352;0.6743;0.882
51.2994425;0.1695;-0.1025;1.2128;1.236
51.30491735;0.0983;-0.0352;1.1678;1.18
51.31473208;0.301;-0.1366;0.825;0.894
51.32428454;0.3546;0.1027;1.2615;1.321
51.33584889;0.4919;-0.127;0.6317;0.813
51.37865842;0.4698;0.0676;1.0701;1.176
51.38008031;0.1349;-0.0985;0.468;0.503
51.38095289;0.3622;-0.0533;0.9514;1.025
51.38164958;0.1793;0.0121;1.2449;1.265
51.38421742;0.1634;-0.1961;0.9604;1.0
51.39534331;0.2935;-0.0329;1.1287;1.173
51.40451423;0.2563;-0.0528;0.5869;0.648
51.41464619;0.4192;0.1058;0.9507;1.05
51.42431;0.4809;-0.0483;0.8079;0.945
51.43919885;0.1876;-0.0523;1.1605;1.184
51.49315766;0.038;-0.0735;0.8237;0.836
51.49495135;0.3;0.0385;1.0854;1.133
51.49604727;0.2951;-0.0487;0.9317;0.985
51.49703354;0.2797;-0.2231;0.5855;0.69
51.49800323;0.7202;0.1549;1.0016;1.247
51.4991985;0.2568;0.0492;0.5209;0.588
51.50446592;-0.2957;-0.0817;1.0531;1.106
51.51490454;0.2392;-0.279;1.283;1.341
51.52444116;0.3622;0.0347;1.6053;1.653
51.53766762;0.1019;-0.0817;0.763;0.781
51.58230704;0.2118;0.0155;1.0409;1.069
51.58379004;0.1005;-0.0945;1.0314;1.048
51.58492131;0.2391;-0.0988;0.9723;1.013
51.58580135;0.329;0.1851;1.4603;1.515
51.58649919;0.1035;-0.2635;1.1275;1.17
51.59491396;0.1336;-0.1209;1.0176;1.041
51.60442258;0.5834;0.1401;0.6748;0.906
51.61443404;0.2852;0.054;1.1407;1.184
51.62442204;0.5951;-0.2414;1.6749;1.799
51.63680916;0.9533;0.1135;1.8898;2.124
51.67714304;-0.0865;0.0032;0.2069;0.234
51.67847581;-0.2544;-0.0614;0.5595;0.628
51.67938069;0.927;-0.0233;1.8392;2.064
51.68013454;0.8892;-0.0612;1.2707;1.555
51.68456908;-0.2667;0.0858;0.5589;0.635
51.69679546;-0.3606;-0.1468;0.9908;1.074
51.70429104;0.3705;-0.2235;2.1739;2.223
51.71438108;0.9751;-0.0156;0.3288;1.026
51.72439358;0.9009;0.3751;0.4205;1.061
51.73482535;0.3739;-0.1932;0.9999;1.09
51.77652816;0.4737;-0.248;1.8701;1.951
51.77795054;0.2576;0.1647;0.6437;0.718
51.77974254;0.0687;-0.0121;0.2124;0.23
51.78043481;0.1413;-0.0729;1.4702;1.486
51.78438766;0.3095;-0.1826;1.2069;1.266
51.79557627;0.3127;0.1493;0.6775;0.766
51.80430985;0.199;-0.0447;0.2502;0.325
51.81432312;-0.1134;-0.0693;1.6078;1.622
51.82454923;0.4802;-0.2289;1.1187;1.244
51.83434935;0.676;0.0961;0.8004;1.055
51.87361342;0.0991;-0.0423;0.537;0.555
51.87552204;-0.0013;-0.1389;0.8865;0.905
51.87648658;0.3801;0.0265;1.2097;1.274
51.87745954;0.3115;-0.0539;0.5637;0.651
51.8848445;-0.2342;-0.0589;0.7784;0.824
51.89543742;-0.0271;-0.1619;1.1526;1.172
51.90442204;0.3243;0.017;1.5518;1.592
51.91458596;0.5083;-0.0914;0.4379;0.678
51.92418077;0.4316;0.127;0.6714;0.812
51.93576935;0.0735;0.0546;0.6756;0.689
51.97812196;0.2036;-0.1603;1.2631;1.296
51.97958266;0.3475;-0.0287;0.9928;1.058
51.98045173;0.0881;-0.0546;0.8296;0.844
51.98152562;0.0353;0.0294;1.2919;1.301
51.98439562;0.4768;-0.1391;0.9411;1.069
51.99566996;0.715;0.1279;0.937;1.189
52.00486816;0.3663;0.0473;0.3333;0.499
52.01469285;0.0478;0.0503;1.225;1.235
52.03802789;0.2891;-0.1737;1.203;1.256
52.03959666;0.5353;-0.0037;1.417;1.52
52.08388035;0.152;-0.0246;0.6977;0.721
52.08593066;0.0474;-0.059;0.8937;0.905
52.08679258;0.3426;-0.0382;1.5398;1.585
52.08751377;0.6544;-0.1972;0.9318;1.159
52.08827781;0.3579;0.1384;1.1368;1.206
52.09642154;-0.0176;-0.0785;0.8197;0.832
52.10432739;0.1714;-0.0628;1.4795;1.498
52.11436677;0.5374;-0.0608;1.2963;1.41
52.12447016;0.2853;0.0445;1.1731;1.215
52.13679935;0.2158;-0.1895;1.4179;1.454
52.145195;0.4981;0.1622;1.3292;1.435
52.17709996;0.7442;-0.1121;0.5819;0.952
52.1788825;0.1776;0.1316;0.9553;0.988
52.18020604;0.1156;-0.2003;0.9403;0.975
52.18435435;0.2708;0.0572;1.9392;1.966
52.19477216;-0.0232;-0.3159;0.8154;0.882
52.20435092;0.4217;-0.1524;1.3812;1.458
52.21429473;1.0749;0.2361;0.6511;1.278
52.235726;0.3961;0.0045;-0.4329;0.577
52.23731719;0.1882;0.2593;0.0042;0.319
52.27876396;1.0179;-0.1908;2.3072;2.534
52.2804165;-0.041;-0.076;1.953;1.963
52.28141315;-0.6823;-0.1416;-0.0175;0.702
52.28213404;0.3558;-0.0259;1.5315;1.579
52.28432669;0.9621;-0.2347;1.3465;1.674
52.29490512;0.3549;0.2329;0.3431;0.548
52.3041845;-0.0947;0.0618;-0.4923;0.498
52.31438562;-0.3078;-0.3517;1.5876;1.664
52.33348946;0.2895;-0.1085;2.1697;2.199
52.33536731;0.1239;0.0801;0.2716;0.314
52.37557696;0.3618;0.1457;0.025;0.387
52.37726304;0.5339;-0.1382;0.9488;1.102
52.378358;0.894;0.1793;1.2074;1.516
52.37904315;0.6422;0.1121;0.0099;0.647
52.38456027;-0.3461;-0.1285;0.7101;0.81
52.39492077;0.0461;-0.1025;1.2088;1.222
52.40444646;0.3346;0.0007;0.8522;0.921
52.414454;0.0555;0.0636;0.7438;0.757
52.43482196;0.0158;-0.2889;0.6773;0.743
52.43622735;0.0545;0.0865;1.1912;1.204
52.47644542;0.1255;-0.0465;0.47;0.495
52.47821054;0.2552;-0.043;0.9427;0.984
52.47934392;0.1892;0.0437;0.8902;0.918
52.48041931;-0.1027;-0.029;0.8138;0.83
52.4842095;0.379;0.0247;1.2322;1.296
52.49451865;0.5101;-0.0322;1.2449;1.351
52.50420992;-0.0233;0.064;0.5573;0.57
52.51486792;0.2183;-0.1159;0.245;0.35
52.53176985;0.6413;0.1505;1.4963;1.64
52.53520239;0.5399;-0.068;0.9638;1.111
52.57046292;0.0569;0.0861;0.8417;0.856
52.57186423;-0.0801;-0.0964;0.798;0.816
52.57317404;0.3533;-0.1319;1.4283;1.484
52.57698808;0.7332;0.156;1.0088;1.26
52.58447296;0.3786;0.0448;0.4482;0.591
52.59512823;-0.222;-0.0897;0.8925;0.933
52.60432027;0.3853;-0.1825;1.4674;1.534
52.61457631;0.4999;0.1671;1.5976;1.689
52.63246285;0.0875;-0.1033;0.3385;0.37
52.63464254;0.1197;-0.1284;1.1411;1.162
52.67146723;0.5499;0.0854;1.2469;1.371
52.67339546;0.5705;-0.0468;1.2005;1.335
52.67718758;0.2536;-0.006;0.9351;0.975
52.67830489;-0.0917;-0.2487;1.0032;1.046
52.68427154;0.2354;0.114;1.7896;1.816
52.69529946;0.5303;-0.163;0.794;0.972
52.70415146;0.4261;0.0293;1.0717;1.159
52.71451865;0.0524;-0.1295;0.7493;0.77
52.73189015;0.2846;-0.0286;1.3494;1.386
52.73524542;0.468;0.0785;1.1146;1.217
52.77435896;0.1013;-0.1086;0.9061;0.925
52.77575435;0.1873;-0.0836;1.0363;1.063
52.77651673;0.5411;-0.0514;0.9751;1.121
52.777406;0.4787;0.1242;1.1681;1.274
52.78479662;0.2635;-0.2161;0.3537;0.493
52.794643;0.1534;0.0166;1.3032;1.32
52.80444127;0.2852;-0.0423;1.0287;1.075
52.81456885;0.2106;-0.1306;0.8333;0.876
52.83250235;0.3043;0.086;0.9547;1.012
52.83460335;0.1531;-0.1632;0.8407;0.877
52.87374439;0.2228;-0.0169;1.0735;1.103
52.87523289;0.5486;0.029;0.9215;1.077
52.87604473;0.1313;0.045;1.0086;1.026
52.87686269;0.0597;-0.1981;0.4529;0.504
52.88424765;0.4073;0.1222;1.3805;1.451
52.8944815;0.617;-0.0655;0.8367;1.045
52.90482904;0.2684;-0.0287;0.845;0.893
52.91441489;0.0211;-0.0294;0.5093;0.519
52.93155389;0.2702;-0.0347;1.2239;1.261
52.93507839;0.4549;0.0517;0.4964;0.677
52.97241081;0.47;-0.0535;0.4964;0.688
52.97708065;0.1198;-0.0757;0.795;0.815
52.97810015;0.4815;0.0379;1.3418;1.432
52.97939573;0.3649;-0.054;0.7561;0.846
52.98416412;0.0569;-0.1043;0.943;0.958
52.99469577;-0.0514;-0.0048;1.0061;1.016
53.00452073;0.4658;-0.0635;0.8818;1.004
53.01492646;0.5474;0.022;0.9129;1.069
53.03126692;0.0716;-0.0787;0.5005;0.519
53.03485704;0.0393;-0.0154;1.3513;1.36
53.06885562;0.3218;-0.1281;0.9643;1.03
53.07030577;0.2601;0.0178;0.9783;1.019
53.07118327;0.3218;-0.0734;0.6151;0.702
53.08156431;0.3781;0.0227;1.2067;1.271
53.09475089;0.2937;-0.1013;0.7879;0.852
53.10439231;-0.0183;-0.015;0.9935;1.002
53.11442785;0.2549;-0.0816;0.7817;0.832
53.13394692;0.3073;0.0645;1.2337;1.28
53.13590454;0.2902;-0.1748;0.4849;0.595
53.175389;0.1557;-0.0263;1.1759;1.194
53.17699454;0.0823;-0.0804;1.0803;1.094
53.17788081;0.3298;-0.1108;1.0974;1.157
53.17859796;0.494;0.0623;1.0575;1.174
53.18438262;0.1953;-0.0954;0.7478;0.785
53.19434577;0.1357;0.0202;1.1942;1.21
53.20442627;0.7095;-0.155;1.2631;1.461
53.21432454;0.0974;0.0579;1.2788;1.292
53.23036415;-0.1234;-0.1908;0.3803;0.451
53.23518919;0.302;0.0632;1.4548;1.494
53.27289758;0.5581;-0.0878;1.3666;1.484
53.27501531;0.4251;-0.1189;0.7734;0.895
53.27590769;0.1752;0.134;0.8105;0.847
53.27729312;0.1493;-0.2265;1.0781;1.119
53.28434442;0.5051;-0.06;1.6764;1.758
53.29448658;0.5873;0.1104;0.7576;0.968
53.30438835;-0.132;-0.1058;0.7789;0.806
53.31461246;0.2723;-0.1482;1.1785;1.225
53.33173065;0.7777;0.0657;1.4229;1.627
53.33496212;0.2692;0.0761;0.4838;0.563
53.36969896;0.0331;-0.1489;0.7522;0.775
53.37127635;0.419;0.0716;1.4505;1.518
53.37203369;0.5127;-0.0512;0.8185;0.971
53.38230392;0.3699;-0.0005;0.7964;0.883
53.38478904;0.17;-0.0991;0.7034;0.737
53.39433973;0.2502;0.0226;1.6062;1.633
53.40441846;0.3751;-0.0864;0.8647;0.952
53.41424419;0.1071;-0.0465;1.0057;1.02
53.43160504;0.0625;-0.1229;0.9455;0.963
53.43452292;0.2361;-0.0054;0.9969;1.031
53.47433988;0.293;0.0195;1.0275;1.075
53.47599781;0.2305;-0.1285;0.9649;1.007
53.47693819;0.1507;-0.1002;1.1612;1.183
53.47769762;0.313;0.0337;0.7067;0.779
53.48436477;0.0249;0.0276;1.1587;1.167
53.49447204;0.3776;-0.2723;0.9703;1.081
53.50447227;0.5298;0.0319;1.418;1.52
53.51455527;0.1394;0.0186;0.8647;0.883
53.532245;0.1648;-0.0998;0.9707;0.997
53.53450442;0.251;0.0144;1.2702;1.302
53.57052927;0.2722;-0.1273;0.9591;1.011
53.57320035;0.4483;0.0434;1.0622;1.159
53.57473681;0.4494;-0.07;0.926;1.036
53.57690427;-0.0011;0.0403;1.1687;1.178
53.58431012;0.4933;-0.179;0.5588;0.768
53.59499392;0.8768;0.1255;1.3971;1.658
53.60429142;0.2279;0.0039;0.6973;0.74
53.61435727;0.2222;-0.1506;0.703;0.758
53.63066327;0.3922;-0.1661;0.8436;0.95
53.66992762;0.3106;0.0831;1.1892;1.239
53.671786;0.2483;-0.1424;0.8649;0.917
53.672967;0.0429;-0.1002;1.2399;1.253
53.67488288;0.2772;-0.0348;0.8168;0.869
53.68445223;0.5643;0.0497;1.1615;1.297
53.69454185;0.2764;-0.0379;0.7162;0.774
53.70464977;0.1344;-0.1934;0.7095;0.754
53.71458762;0.3314;0.1456;1.2481;1.306
53.72933265;0.1487;-0.1753;0.9795;1.013
53.73497881;0.2008;-0.069;1.0738;1.101
53.76970742;0.3291;-0.1079;0.4986;0.61
53.77163188;0.1858;0.0877;1.0845;1.111
53.77282438;0.3463;-0.0408;0.7126;0.798
53.77459619;0.2932;-0.1007;0.8895;0.948
53.78443346;0.0508;-0.0266;1.0551;1.065
53.79458165;0.4479;-0.0391;0.931;1.039
53.80666262;0.2693;-0.0327;0.7761;0.828
53.81446331;0.0803;0.0564;0.864;0.877
53.82484015;0.5254;-0.1544;0.8672;1.029
53.83435796;0.2866;0.0818;1.3862;1.425
53.84808377;0.0343;-0.1136;0.1782;0.219
53.89130565;0.1636;0.0233;0.7923;0.816
53.89291673;0.3303;-0.0401;1.2805;1.329
53.894377;0.3536;-0.1437;0.9634;1.042
53.8955175;0.1476;0.113;1.0151;1.039
53.89677527;0.2314;-0.2433;1.0357;1.095
53.90914481;0.1092;0.0413;1.2279;1.241
53.91465442;0.3585;0.0304;0.3492;0.503
53.92580242;0.6803;0.1169;1.0954;1.299
53.93436058;0.264;-0.2199;0.9583;1.024
53.94452115;0.1717;-0.0487;1.2577;1.278
53.96663462;0.3838;0.1058;0.8359;0.931
53.96810854;0.2205;-0.1316;0.7915;0.838
54.01182831;0.2177;-0.0788;1.1684;1.198
54.013339;0.7114;-0.0827;1.0027;1.235
54.01476581;0.5266;0.1187;1.3407;1.451
54.015633;-0.0658;-0.0763;0.3592;0.382
54.01653635;-0.1353;-0.1102;0.9656;0.99
54.02484931;0.4983;-0.0695;1.5814;1.666
54.03496904;0.4213;-0.0515;1.5156;1.58
54.04703942;0.1374;0.0002;0.548;0.572
54.08598292;0.0588;-0.1162;0.5999;0.621
54.08741358;0.337;0.1295;1.2889;1.345
54.08833854;0.6672;-0.1208;0.7598;1.02
54.08938054;0.6171;0.1179;1.1597;1.324
54.09717619;-0.0007;-0.2168;0.7514;0.79
54.10890646;-0.1415;-0.0299;1.2799;1.297
54.11431154;0.4134;-0.006;0.7672;0.876
54.124138;0.559;-0.0132;1.1426;1.277
54.13432565;0.294;-0.1597;1.0319;1.091
54.14750688;-0.0009;0.0595;0.9186;0.929
54.18661642;-0.034;-0.0155;1.0315;1.041
54.19152415;0.1059;-0.2025;1.1483;1.178
54.1928125;0.3435;-0.0746;1.3043;1.357
54.19487708;0.7588;0.1168;0.5598;0.95
54.19566554;-0.036;-0.0374;0.932;0.942
54.20659135;0.057;-0.1445;0.7741;0.797
54.21418946;0.5841;-0.0144;1.1606;1.304
54.22455638;0.332;0.0581;1.0536;1.112
54.23418969;0.2338;-0.1793;0.8857;0.939
54.24739842;0.3109;0.1474;1.1087;1.167
54.28806004;0.3577;-0.1609;0.8115;0.906
54.28976977;0.549;0.0238;1.1957;1.321
54.29063896;0.5209;-0.014;0.8171;0.973
54.29146008;-0.0745;0.0579;1.1286;1.141
54.29476915;0.0474;-0.2415;0.7892;0.834
54.30624296;0.536;0.0129;1.3296;1.439
54.31443785;0.2019;0.0689;1.1049;1.132
54.325919;0.281;-0.2477;0.8774;0.959
54.33448535;0.3888;0.0258;1.0105;1.089
54.34731677;0.1407;-0.0397;0.6837;0.706
54.38846619;0.4405;-0.0235;1.2083;1.292
54.39002473;0.489;-0.0467;0.8136;0.954
54.3908005;0.1256;-0.053;0.8744;0.892
54.39151119;0.3386;-0.0338;0.9113;0.978
54.39470227;0.225;-0.0226;1.3985;1.424
54.4059345;0.2918;-0.074;0.9238;0.978
54.41453677;0.3696;-0.0705;1.0705;1.14
54.4242585;0.2711;-0.0092;1.063;1.104
54.43437954;0.1399;-0.0673;0.9879;1.007
54.4444025;0.2239;-0.0789;1.3368;1.365
54.48173246;0.2404;-0.1575;0.8335;0.888
54.48326392;0.0506;0.0555;1.2609;1.271
54.48512596;0.3442;-0.0763;0.7923;0.872
54.48664088;0.1417;-0.0729;1.1881;1.206
54.4945045;0.2571;-0.0473;0.9894;1.03
54.505495;0.6415;-0.0244;1.2359;1.397
54.51449742;0.3016;0.0143;1.0293;1.079
54.52506442;0.1846;-0.1062;0.8432;0.876
54.53441769;0.4676;0.0487;0.8324;0.96
54.54761208;0.739;-0.0886;0.5358;0.917
54.58667323;0.3726;0.156;0.4419;0.602
54.59122392;0.178;-0.1984;0.4419;0.521
54.59240504;0.1802;-0.0508;1.1964;1.218
54.59365908;0.3025;-0.0272;1.1777;1.223
54.5948365;0.242;0.0908;0.8368;0.882
54.60509604;0.242;0.0908;0.5306;0.595
54.61460246;0.5137;0.0663;1.2435;1.352
54.62501677;0.1948;-0.1196;1.2273;1.255
54.63420942;-0.2885;-0.0095;1.5249;1.561
54.647244;-0.0398;-0.2742;0.9483;0.996
54.68302277;0.43;-0.139;1.5591;1.629
54.68471858;0.38;0.1556;0.6339;0.76
54.68588658;0.3462;-0.1081;0.2654;0.449
54.68674069;0.5598;0.095;0.6015;0.829
54.69577104;0.3214;-0.1615;1.2435;1.301
54.70753;0.1601;0.0514;1.1643;1.184
54.71460027;0.124;-0.0506;0.7216;0.741
54.72439677;0.2718;-0.1234;1.2183;1.261
54.73467265;0.812;-0.044;0.6901;1.067
54.745453;0.6478;0.2592;0.8014;1.066
54.78318435;0.1366;-0.0718;0.4732;0.504
54.78528381;-0.1527;-0.2682;1.1273;1.177
54.78644561;-0.0122;0.0872;1.1758;1.187
54.78749427;0.015;-0.0697;1.2411;1.251
54.79562811;0.0138;-0.2514;1.494;1.523
54.80789969;0.4915;-0.1286;0.721;0.885
54.81454538;0.3178;0.181;0.7332;0.825
54.82429008;0.5444;-0.0331;0.297;0.62
54.83446396;0.5458;0.0592;0.8245;0.994
54.84667831;0.1504;0.0001;0.5908;0.616
54.88262269;0.0834;-0.0782;1.2913;1.304
54.88536888;0.3134;-0.104;1.5086;1.551
54.88640827;0.4614;-0.0983;0.8507;0.977
54.88740108;0.3404;0.1024;0.3775;0.521
54.89516877;0.5173;-0.0485;0.1581;0.54
54.90608892;0.3766;0.1581;1.5394;1.599
54.91433681;0.1923;-0.2777;0.8384;0.91
54.92454265;0.0551;-0.0303;0.9356;0.946
54.93427642;-0.2518;-0.0992;0.7168;0.776
54.94438908;0.1054;-0.1396;1.1968;1.217
54.98359542;0.5922;0.0448;1.0128;1.178
54.98568773;0.4165;0.002;0.8918;0.989
54.98660042;-0.1334;-0.0145;1.3334;1.349
54.98741315;-0.028;-0.2733;1.1501;1.19
54.99590646;0.3776;0.1291;1.6854;1.739
55.00809742;0.2299;-0.1622;0.679;0.74
55.01430815;0.1055;-0.0388;0.8719;0.887
55.0245385;0.0847;-0.0112;0.8353;0.847
55.03471696;0.4865;-0.0655;1.071;1.183
55.04678681;0.6999;-0.0142;0.5703;0.904
55.09301481;0.1456;0.0291;0.6236;0.648
55.09483735;0.5194;0.0486;1.3391;1.443
55.09585773;0.8126;-0.0107;1.1163;1.384
55.09684608;0.415;0.0493;0.6287;0.759
55.09768331;0.5579;-0.0654;0.5628;0.797
55.10676577;0.3395;0.0239;1.5167;1.561
55.11457246;0.1308;-0.1069;0.7719;0.797
55.12436942;-0.2091;-0.2107;1.0806;1.129
55.13436469;-0.1876;-0.079;1.4808;1.504
55.14735688;-0.0209;-0.2747;1.4073;1.442
55.18963961;0.076;0.1027;0.995;1.011
55.19134173;0.2569;-0.1309;0.4088;0.504
55.19211042;0.325;0.0031;1.5639;1.604
55.19291035;0.8895;-0.0357;1.2062;1.502
55.19445992;0.4176;0.1083;0.8631;0.97
55.20449908;-0.267;-0.1441;0.5489;0.637
55.21462873;0.4395;-0.1047;1.5292;1.601
55.22441108;0.8244;0.084;1.0595;1.348
55.23455658;0.3055;0.0167;0.7371;0.804
55.24413677;0.0508;-0.0718;0.8794;0.892
55.27981138;0.2715;-0.188;1.0987;1.154
55.28144642;0.4633;0.1213;1.1191;1.223
55.28223311;0.4686;0.0033;0.2488;0.529
55.28488188;0.1103;-0.0258;1.0101;1.024
55.29456165;0.1664;-0.1841;1.2129;1.245
55.30624935;0.3805;-0.0506;1.4462;1.503
55.31425358;0.3001;0.0889;0.7667;0.834
55.32482973;-0.0072;-0.0579;0.7391;0.75
55.33485854;0.3149;-0.0464;0.793;0.86
55.34495619;0.6381;0.086;1.127;1.302
55.38506404;0.3385;0.0496;1.123;1.18
55.38641473;0.0437;-0.1264;0.7172;0.737
55.38705946;0.0037;-0.1175;1.4135;1.426
55.3877255;0.4556;-0.0861;1.1101;1.208
55.39458288;0.5224;0.1112;0.9415;1.087
55.40442192;0.4525;-0.0276;0.0959;0.459
55.414469;0.1235;0.0167;0.7248;0.743
55.42443954;0.3608;-0.1269;0.9365;1.017
55.43470596;0.3608;-0.1269;0.8447;0.932
55.44477488;0.1826;-0.2342;0.9753;1.026
55.47968011;0.4764;0.1116;1.4616;1.547
55.48117869;0.5499;-0.0474;0.4033;0.684
55.48192658;0.3456;0.0479;0.8692;0.942
55.48496008;-0.0337;-0.2282;0.8479;0.887
55.49433915;0.0332;0.0012;1.2307;1.239
55.50485358;0.1382;0.0044;1.0204;1.037
55.51442961;0.111;-0.2317;1.0994;1.136
55.52452227;0.2281;-0.0239;1.4333;1.459
55.53561896;0.5836;-0.0523;0.9351;1.107
55.54620111;0.5168;0.0814;0.8143;0.972
55.58090211;0.184;-0.0568;0.5688;0.606
55.58252858;0.3856;0.021;1.2547;1.319
55.58331092;0.4314;-0.0927;1.0079;1.105
55.58808454;0.1198;-0.0227;1.1934;1.207
55.5946735;0.1115;-0.0933;0.7398;0.761
55.60538388;0.2697;-0.1069;1.1154;1.159
55.61447304;0.6296;-0.0381;1.2433;1.399
55.624329;0.5476;0.001;1.1129;1.245
55.64386634;0.1572;-0.0073;0.8218;0.844
55.64556534;0.1589;-0.0996;0.6961;0.727
55.68928484;0.5337;0.0344;1.361;1.468
55.69071981;0.4314;-0.0319;0.8098;0.923
55.69156165;-0.0741;-0.0243;1.2668;1.278
55.6922565;0.1567;-0.2202;0.9889;1.032
55.69533519;0.2304;-0.0688;1.3906;1.418
55.70583061;0.2867;0.0875;0.6671;0.737
55.71423308;0.5658;-0.0723;0.7122;0.915
55.72475615;0.4274;-0.0316;1.0707;1.159
55.74719477;0.2177;-0.1135;1.0875;1.122
55.74880654;0.1516;0.1005;1.2889;1.309
55.78814354;0.0641;-0.1711;0.8772;0.903
55.78981296;0.0985;-0.1038;1.3683;1.383
55.79061473;0.6436;0.0167;1.0938;1.273
55.79132904;0.2895;0.0498;1.0606;1.107
55.79472108;0.0092;-0.1385;0.7197;0.741
55.80574881;0.4454;-0.1502;1.2989;1.387
55.81443665;0.2957;0.1016;1.0442;1.096
55.82498208;0.1856;-0.1597;0.4796;0.543
55.83466511;0.4349;0.0474;1.1347;1.222
55.84488873;0.4424;-0.2155;0.617;0.792
55.89133015;0.2764;0.05;1.0277;1.072
55.89298931;0.1785;0.0732;0.8836;0.911
55.89390115;0.2068;-0.1919;1.3287;1.365
55.89542027;0.3297;-0.047;1.1816;1.234
55.89635054;0.3959;0.0244;1.0651;1.142
55.90545911;0.3126;-0.0208;0.5995;0.681
55.91449865;0.0617;-0.1509;1.2428;1.261
55.92447881;0.6841;-0.0221;1.325;1.496
55.93494934;0.2838;-0.0895;0.7763;0.837
55.94662461;-0.2994;0.0031;1.1477;1.196
55.98330684;0.3056;-0.2167;0.8739;0.956
55.98793904;0.6622;0.0199;1.3205;1.482
55.98910327;0.4795;-0.0665;0.5122;0.707
55.99012054;0.1153;0.1437;0.8407;0.868
55.99442746;0.1647;-0.1352;0.8105;0.845
56.00656065;0.2976;-0.1382;1.2824;1.33
56.01435531;0.454;0.027;1.0677;1.166
56.02436404;0.328;0.0077;0.8516;0.918
56.0349265;-0.0106;-0.0158;1.1054;1.114
56.04905527;0.6693;-0.2034;0.7088;0.997
56.05448958;0.6314;0.1603;1.0321;1.225
56.06482188;-0.0832;-0.0346;0.4556;0.473
56.09873615;0.0629;-0.0875;1.1472;1.16
56.10166411;0.2526;-0.1758;1.2488;1.293
56.10240177;0.2921;-0.0768;1.0923;1.14
56.104505;0.05;0.1283;0.8386;0.858
56.11489846;0.1755;-0.168;0.8557;0.896
56.12442958;0.466;-0.0474;1.3313;1.417
56.14447488;0.4721;0.0151;0.7468;0.887
56.14611534;0.1434;0.124;0.8935;0.921
56.18831161;0.2213;-0.2138;0.6521;0.726
56.19027981;0.5694;0.0387;1.1742;1.31
56.19156542;0.3004;-0.0089;0.3108;0.434
56.19285646;0.2542;0.0206;0.9349;0.976
56.19537223;0.4159;-0.0402;1.2448;1.319
56.20486181;0.1932;-0.1426;0.8758;0.915
56.21439827;0.2244;0.0575;0.8419;0.88
56.22494069;0.3553;0.043;1.1141;1.176
56.24231269;0.3553;-0.1375;0.5176;0.646
56.24470731;0.1899;0.018;0.5176;0.557
56.28094177;-0.1627;-0.0017;1.2554;1.275
56.28249804;0.2915;0.015;1.4179;1.455
56.28440004;0.1187;0.0733;0.7068;0.728
56.28545377;0.1595;-0.2691;1.0892;1.14
56.29479861;0.6163;-0.015;1.7567;1.868
56.30505627;0.4902;0.0993;0.5314;0.732
56.31467308;0.0016;-0.0248;0.6333;0.642
56.32430754;0.2139;-0.251;1.1165;1.171
56.34356619;0.3309;0.0386;1.8286;1.866
56.34568538;0.4303;-0.0368;0.9015;1.005
56.38846511;0.2525;-0.0115;1.3155;1.347
56.39014669;0.0173;-0.1968;1.0463;1.073
56.39107911;0.6114;-0.0396;0.8535;1.054
56.39191158;0.8291;0.2493;0.9988;1.325
56.39457634;0.3214;-0.2679;1.1226;1.204
56.40484792;0.0748;-0.1159;1.5137;1.528
56.41445881;0.3111;-0.1605;0.8832;0.956
56.42485077;0.2711;0.1521;1.2511;1.296
56.44336258;0.3347;-0.195;0.6907;0.796
56.44519158;0.4981;-0.0252;1.1643;1.272
56.48549661;0.4261;0.1168;1.0109;1.109
56.48696331;0.2634;-0.1003;1.1903;1.23
56.48772458;0.1531;-0.015;1.1005;1.119
56.48840361;0.2231;-0.1342;1.1099;1.147
56.49447454;0.3754;0.0407;1.3189;1.378
56.50486631;0.4157;-0.0925;0.8435;0.95
56.51444415;0.2863;0.03;1.1169;1.16
56.52441292;0.052;-0.205;0.556;0.602
56.54299973;0.1331;-0.0507;1.2623;1.278
56.54471434;0.5617;0.1116;0.9304;1.097
56.58561457;0.1886;-0.1995;0.8647;0.913
56.58688942;0.2296;0.0017;0.6869;0.73
56.58775169;0.2768;0.0652;0.6911;0.753
56.58851754;0.4374;0.0472;0.9983;1.096
56.59441827;0.4752;-0.0898;1.0741;1.183
56.60481792;0.0068;0.0035;1.1358;1.144
56.61429196;0.0592;-0.1268;0.6328;0.655
56.62428446;0.2724;-0.058;1.279;1.316
56.641384;0.6849;0.0316;0.6589;0.952
56.64448742;0.2218;0.0358;0.4175;0.479
56.68323561;-0.0143;0.054;0.6651;0.676
56.68524981;0.2905;-0.2377;1.3958;1.452
56.68614004;0.2174;0.0485;1.4152;1.44
56.68707269;0.0866;-0.104;0.4098;0.438
56.69454027;0.0161;0.1301;0.798;0.817
56.70496327;0.5813;-0.0864;0.9586;1.128
56.7147265;0.7953;0.0921;1.2657;1.502
56.72488127;0.0716;-0.0275;0.6306;0.643
56.74231169;-0.2802;-0.1841;1.1689;1.225
56.74447207;0.2673;0.0228;1.1423;1.18
56.78195896;0.7657;-0.0796;0.6782;1.027
56.78344861;0.4162;0.0667;0.47;0.634
56.78534031;0.0106;0.0545;0.7051;0.716
56.78637561;0.0738;-0.0485;1.8005;1.811
56.79464534;0.5635;-0.3029;1.3403;1.49
56.80449115;0.4483;0.1495;1.0027;1.114
56.81493042;-0.3259;0.0305;-0.2673;0.422
56.82496542;0.1849;0.0687;0.8973;0.926
56.84374954;1.3464;-0.0989;1.8387;2.284
56.8458865;0.2985;0.001;1.3621;1.401
56.88694896;-0.8085;-0.036;0.442;0.931
56.88840304;-0.1302;-0.1879;1.1356;1.167
56.88962242;0.9662;-0.0548;1.8873;2.126
56.89046877;0.9771;0.1402;0.294;1.027
56.89496227;-0.0194;0.2643;0.5014;0.575
56.90476019;-0.2693;-0.3286;1.1374;1.223
56.91447607;0.4383;-0.1766;1.9838;2.046
56.92496007;0.136;0.179;0.8353;0.872
56.93615169;-0.1777;-0.0263;0.6041;0.64
56.94440554;0.2375;-0.1531;1.7828;1.812
56.95441827;0.864;-0.0888;0.967;1.302
56.97598704;0.4356;0.2987;0.601;0.804
56.97772084;0.118;-0.1355;0.5629;0.597
57.00899846;0.2531;-0.0591;1.7972;1.823
57.01036123;0.3939;-0.1054;0.8903;0.984
57.01109419;0.3294;0.0112;0.9911;1.05
57.0214625;0.0608;-0.1543;1.1333;1.153
57.02439219;0.3676;-0.0013;0.8836;0.962
57.03440861;0.4576;0.187;0.9233;1.052
57.04443631;0.3762;-0.172;0.9656;1.056
57.05933396;-0.0079;0.0711;1.6351;1.645
57.06483723;0.1981;-0.0719;0.7552;0.79
57.09539715;0.2039;-0.1379;0.926;0.965
57.09714419;0.3032;-0.0331;1.0013;1.053
57.09794531;0.3745;0.0949;0.8477;0.937
57.10725042;0.2598;-0.1628;0.9925;1.045
57.11455438;0.1842;-0.0327;0.8563;0.883
57.12441473;0.3913;0.0145;0.6679;0.778
57.14512327;0.7023;0.1667;1.2511;1.449
57.14680146;0.4917;-0.1837;0.8682;1.018
57.17958754;0.2033;0.0829;0.9787;1.01
57.18133254;0.027;-0.0519;0.7962;0.806
57.18272677;0.1935;-0.0971;1.5133;1.536
57.19082084;0.4884;-0.0013;0.9765;1.097
57.19450177;-0.0636;0.0021;0.8375;0.849
57.20482904;-0.149;-0.1362;1.2693;1.294
57.21438123;0.3744;-0.1499;1.4771;1.538
57.22416957;0.2618;0.0743;1.1523;1.191
57.24174942;0.0869;-0.1092;0.5164;0.542
57.24481927;0.224;-0.0632;1.3213;1.349
57.27902742;0.806;0.0856;0.9199;1.228
57.28046142;0.6094;-0.0089;0.6381;0.884
57.28148877;0.156;0.134;0.5682;0.611
57.29075688;0.0525;-0.1342;1.0203;1.038
57.29465731;0.4978;0.074;1.4859;1.575
57.30494681;0.6758;-0.0315;0.7883;1.041
57.31418046;0.0219;0.1269;0.8049;0.823
57.32423823;0.1345;-0.1902;0.7534;0.795
57.34322307;0.6533;0.0219;1.5637;1.7
57.34528273;0.4129;0.0643;0.7353;0.85
57.378241;-0.2783;-0.1451;0.8038;0.872
57.37982388;-0.2242;-0.157;1.3597;1.396
57.380745;0.5474;-0.0746;1.398;1.509
57.38966204;0.3647;0.1063;0.9527;1.031
57.39455054;0.0961;-0.1003;0.6008;0.624
57.404511;0.2697;0.0588;1.241;1.278
57.41442519;0.5812;0.0493;0.755;0.957
57.42418169;0.6094;0.0421;0.719;0.946
57.44046884;0.3564;0.0575;0.3614;0.513
57.44471665;0.175;0.0181;0.8727;0.897
57.47654788;0.3046;0.038;0.8434;0.903
57.47806019;0.3517;-0.0425;1.1754;1.234
57.47899119;0.0081;-0.0341;1.3757;1.384
57.48855577;0.033;-0.1965;0.8493;0.88
57.49485634;0.3436;0.1374;1.5168;1.568
57.50485992;0.1415;-0.1096;0.7579;0.785
57.51696934;-0.1477;-0.1584;0.8935;0.928
57.52435207;0.1211;0.1145;1.2516;1.27
57.535008;-0.0603;-0.209;1.2593;1.286
57.54488731;-0.0116;-0.0282;1.4357;1.444
57.55664919;0.1733;-0.0215;0.916;0.939
57.590871;0.2062;0.0999;1.0247;1.057
57.59224246;0.9601;0.0249;0.8303;1.271
57.59338784;1.0233;0.2344;1.2005;1.597
57.59470719;0.2772;-0.0216;0.2591;0.381
57.60489907;0.2228;0.0638;0.8477;0.885
57.61847615;0.6304;0.03;1.2437;1.399
57.62434538;0.4496;-0.179;1.1297;1.234
57.63476896;0.1146;0.1124;1.0238;1.044
57.64429407;0.0534;-0.0021;0.4771;0.488
57.65759027;0.1344;-0.0998;1.2784;1.297
57.6915383;0.789;-0.0469;1.0837;1.344
57.69301219;0.4802;-0.0176;0.9987;1.113
57.6944423;-0.2195;0.0912;0.6682;0.719
57.69537842;0.0088;-0.2441;1.2972;1.328
57.70422677;0.5752;0.0018;1.6357;1.74
57.71595338;0.2494;-0.1637;0.8008;0.86
57.72426946;-0.1573;0.0851;0.8248;0.853
57.7350615;0.1781;-0.1665;0.6815;0.73
57.7442678;0.5074;-0.0845;1.3541;1.454
57.75436115;0.548;-0.0274;0.6913;0.885
57.77541219;0.2157;0.1185;0.8087;0.852
57.7770183;0.071;-0.0617;0.8692;0.882
57.82088554;0.4671;-0.1564;1.1727;1.277
57.82237996;0.5266;0.1516;0.9618;1.112
57.82318065;0.1752;0.0209;0.3368;0.385
57.82477377;0.1516;-0.0164;1.0927;1.111
57.82574438;0.5279;-0.2045;0.8692;1.041
57.83555454;0.231;0.1135;0.8588;0.903
57.84455311;-0.1877;0.0406;0.4768;0.524
57.85451565;0.2603;-0.1714;1.03;1.082
57.87547315;0.3656;-0.0702;1.2569;1.317
57.87697315;0.1722;0.0142;0.4958;0.531
57.91062504;0.3114;0.1322;0.8289;0.901
57.91203534;0.1851;-0.0089;1.2011;1.223
57.912943;0.406;0.1159;0.9496;1.045
57.922333;0.0202;-0.0578;1.0801;1.09
57.92444815;0.1305;-0.1097;1.0799;1.101
57.93456861;0.4666;0.0107;0.728;0.869
57.94438138;0.3242;0.1728;0.91;0.987
57.95656665;0.2869;-0.1369;0.6635;0.741
57.99543604;0.3391;0.0469;1.1792;1.234
57.99747092;0.3057;-0.0625;0.6923;0.764
58.00173007;0.2536;0.0208;1.0563;1.093
58.00281292;0.2917;0.0772;0.9963;1.047
58.00445857;0.2723;-0.1101;0.7252;0.788
58.0146213;0.4341;0.1153;1.552;1.622
58.0250308;0.3961;-0.1096;1.1369;1.215
58.03911523;-0.1906;0.0798;0.8328;0.868
58.04442927;0.0771;-0.1025;0.8435;0.861
58.07328807;0.5691;-0.0773;1.9661;2.054
58.07501065;0.2685;-0.0396;1.0649;1.105
58.07583373;-0.1654;0.0269;0.7462;0.774
58.08618096;0.0148;-0.0426;1.3579;1.367
58.0948523;0.5713;-0.2404;1.3823;1.52
58.10491207;0.393;0.1921;1.165;1.251
58.11890273;0.3972;0.0408;0.3699;0.546
58.12432665;0.3667;-0.0343;1.5242;1.575
58.13482157;0.4746;-0.0967;1.1073;1.214
58.14429511;0.57;0.0087;0.9481;1.11
58.1573415;0.2758;0.2064;1.0007;1.065
58.19292815;0.1151;-0.2507;0.8936;0.942
58.19530007;0.3386;0.1097;1.2095;1.267
58.19693488;0.4141;-0.0199;0.8154;0.919
58.19833073;0.0513;0.0707;1.5614;1.572
58.20428907;0.1931;-0.2526;0.8973;0.958
58.21856757;0.4664;-0.0002;1.1647;1.26
58.22432884;0.0401;0.1296;0.8583;0.877
58.23441992;0.3626;-0.1594;0.8361;0.93
58.24448669;0.5836;0.0518;1.2553;1.39
58.2550943;0.2422;-0.052;0.735;0.782
58.29310569;0.0184;0.0337;1.386;1.395
58.29520288;0.1903;-0.118;0.9029;0.937
58.29648373;0.4705;-0.0107;1.145;1.243
58.297577;0.503;0.0672;0.5921;0.782
58.30571911;0.3433;0.0418;0.8054;0.882
58.31778761;0.3696;0.0865;1.0253;1.099
58.3242865;0.2397;-0.1452;0.8083;0.861
58.33445804;0.1314;0.12;1.265;1.285
58.34428804;0.118;-0.0678;0.8998;0.917
58.3553815;0.2406;-0.0674;1.3786;1.408
58.38987592;0.5441;-0.0722;0.6382;0.844
58.39151357;0.4119;0.1305;0.778;0.895
58.39235192;0.3131;0.0539;0.5755;0.662
58.394644;0.2731;-0.0934;0.6261;0.694
58.40435388;0.1939;0.1374;1.1445;1.176
58.414853;0.2823;-0.1526;0.8631;0.926
58.42454661;0.0689;0.0518;1.3705;1.381
58.43457027;0.155;-0.079;0.8318;0.857
58.44435019;0.5248;0.0066;0.8782;1.027
58.45687865;0.5762;0.1208;0.9279;1.103
58.4974258;0.0591;-0.0215;0.8589;0.869
58.49887457;-0.0987;0.0314;1.2273;1.24
58.49986823;0.3519;-0.2562;0.9189;1.022
58.50106265;0.129;-0.0059;1.3446;1.358
58.50441173;0.2613;0.0689;0.4766;0.552
58.51673838;0.3957;-0.0382;0.676;0.788
58.52456754;0.265;-0.0169;0.9461;0.989
58.53450204;0.5101;-0.0232;1.2321;1.339
58.54464265;0.4087;0.1407;1.2784;1.356
58.55711338;0.0307;-0.1535;0.6087;0.636
58.59879904;0.3231;-0.0191;1.0517;1.106
58.6001838;0.6574;0.1862;0.9146;1.145
58.60126842;-0.0122;-0.08;1.4143;1.425
58.60202457;-0.1058;-0.167;1.3694;1.392
58.60474465;0.2272;-0.1513;1.3448;1.379
58.61732173;0.3056;-0.1939;0.7492;0.837
58.6345985;0.7139;0.0373;1.3531;1.535
58.64454257;0.4592;0.0246;0.5109;0.69
58.65817677;0.2432;0.0804;1.0364;1.074
58.70127215;0.3159;0.0442;1.0275;1.082
58.70277365;0.3387;-0.113;1.1853;1.244
58.70424461;0.5422;0.0564;1.2465;1.366
58.70556115;0.7477;0.0965;1.1621;1.389
58.70633342;0.2747;-0.0094;0.6802;0.739
58.71729492;0.2395;-0.1643;0.6802;0.745
58.7243928;0.2846;-0.0782;0.9222;0.974
58.73454465;0.1656;-0.2267;1.0894;1.132
58.74450457;0.0016;0.1395;1.2535;1.27
58.75907353;0.0628;-0.3636;0.7078;0.804
58.79909807;0.4209;0.1167;1.548;1.615
58.80068365;0.3819;-0.0945;0.5483;0.678
58.80158623;0.364;-0.0877;0.9797;1.054
58.802318;0.7839;0.0266;0.9691;1.249
58.80491034;0.4845;0.0978;0.4949;0.701
58.81790927;0.1242;-0.0126;0.7697;0.787
58.82485288;0.4146;-0.2579;1.12;1.227
58.8345695;0.0912;0.0729;1.6302;1.642
58.84425527;-0.0866;-0.1736;0.7327;0.766
58.8554305;0.3029;-0.01;1.3654;1.405
58.89666457;0.4438;-0.0959;0.7249;0.859
58.89822265;0.3042;0.0032;0.1775;0.351
58.90029707;0.6848;0.2226;0.7656;1.053
58.90152311;0.4571;-0.2359;0.5804;0.778
58.90435815;-0.1834;-0.0894;1.029;1.058
58.91533603;0.2675;0.0309;0.5637;0.63
58.92447292;0.3527;-0.0132;0.9682;1.036
58.93457627;0.2619;-0.2027;0.8551;0.923
58.94430227;0.4675;-0.0088;0.8098;0.939
58.95643123;0.1003;0.1461;1.1693;1.191
59.00255196;0.0806;-0.3538;0.9069;0.983
59.00480946;0.1647;-0.1009;1.2338;1.256
59.005703;0.1143;0.0484;0.5259;0.547
59.0064278;0.0694;-0.071;0.8487;0.862
59.00725953;0.2713;-0.135;1.0628;1.111
59.01497115;0.388;-0.061;0.8429;0.935
59.02423469;0.0858;0.0509;0.9324;0.946
59.03438661;0.4518;-0.1281;0.5876;0.755
59.04419615;0.489;0.0476;0.943;1.068
59.054504;0.5675;-0.0512;0.4001;0.696
59.09273261;0.619;0.0001;0.9091;1.103
59.095;0.1592;0.096;0.8777;0.904
59.09581257;-0.0708;-0.2905;0.395;0.502
59.096875;0.009;0.0845;1.664;1.674
59.10510477;0.4527;-0.203;1.2406;1.342
59.11627434;0.5504;-0.0029;0.7939;0.969
59.12448546;0.0526;0.0457;0.0834;0.113
59.13452919;0.232;-0.0919;0.3401;0.425
59.14584596;0.6099;0.1229;1.2321;1.385
59.16151115;0.326;-0.1295;0.9288;0.998
59.16452715;-0.2639;-0.0816;1.2033;1.244
59.17459846;-0.1027;-0.2171;1.1598;1.193
59.20227673;0.5497;-0.1228;1.4964;1.604
59.2041023;0.576;0.1912;0.7296;0.952
59.20531434;0.2788;-0.1832;0.3671;0.498
59.21441673;-0.0877;-0.0149;1.4521;1.463
59.22447942;-0.0005;-0.2509;1.1372;1.172
59.23448365;0.0232;-0.0355;1.5876;1.596
59.24541127;-0.0745;-0.1586;1.0799;1.102
59.25560015;0.2231;-0.1974;1.157;1.201
59.29337607;0.5402;0.1496;0.7051;0.904
59.2950643;0.71;0.0612;0.6067;0.937
59.29575273;0.4742;-0.0238;1.3916;1.476
59.29683592;0.418;-0.2289;1.2051;1.301
59.3043383;0.4842;0.1488;1.5624;1.649
59.31470857;0.3368;-0.2125;0.6702;0.784
59.32473596;0.0333;-0.0645;0.9954;1.006
59.3344385;0.3683;0.014;1.2309;1.291
59.34425842;0.4106;-0.204;1.2446;1.332
59.35512519;-0.0873;-0.0757;1.2974;1.311
59.39037761;0.0166;-0.1749;0.7222;0.751
59.39183634;0.3925;-0.0743;1.6233;1.678
59.39283157;0.8378;-0.0034;0.9285;1.253
59.40178473;0.713;-0.0353;0.4546;0.846
59.40490946;0.2679;0.1317;0.8037;0.863
59.41467742;0.2216;-0.2717;1.1942;1.251
59.42427888;0.5603;0.057;1.8712;1.96
59.43449165;0.248;-0.1136;0.6874;0.745
59.45785919;-0.0304;0.0097;1.2024;1.211
59.4598463;0.5182;-0.146;1.2092;1.329
59.5044635;0.5232;-0.0914;1.2233;1.339
59.50600077;0.1358;0.1507;0.7425;0.777
59.506811;-0.0224;-0.1974;0.7894;0.822
59.50756142;0.2256;-0.1766;1.851;1.88
59.50840357;0.6029;-0.1134;0.7299;0.956
59.51632973;0.3457;0.0833;0.4743;0.596
59.52439138;0.1171;0.0285;0.2033;0.241
59.5343478;0.3305;-0.2184;1.4476;1.507
59.55233677;0.0997;-0.1165;0.6133;0.639
59.55466727;-0.0243;-0.0706;0.8313;0.843
59.59494607;0.6023;0.0088;0.8582;1.052
59.59644492;0.2277;0.0377;0.7149;0.757
59.5974058;0.3459;-0.1483;0.7741;0.866
59.59812092;0.6864;-0.1353;1.8137;1.949
59.60436296;-0.2781;0.1266;0.7854;0.853
59.61449434;-0.4834;-0.3094;0.0967;0.588
59.62442284;0.3656;-0.0557;2.0576;2.098
59.63458188;1.6267;-0.2162;1.6688;2.342
59.65309642;0.442;0.3707;0.2028;0.611
59.65511577;-0.7031;-0.1918;-1.1335;1.344
59.69775203;0.1223;-0.0507;1.5162;1.53
59.69942077;1.2887;-0.1942;2.5699;2.886
59.70037477;0.42;0.1179;0.5204;0.682
59.70152503;-0.4731;0.0281;0.1161;0.496
59.7048145;-0.0257;-0.3825;1.7308;1.781
59.7153483;0.8609;-0.0701;1.6292;1.848
59.7244118;1.2236;0.3172;-0.2647;1.285
59.7346023;0.2421;0.0081;0.151;0.285
59.75256142;-0.524;-0.2954;1.8349;1.94
59.75494877;0.3605;-0.2599;1.2679;1.349
59.78596546;0.5089;0.3544;0.7531;0.979
59.78747553;-0.0869;-0.2626;0.4772;0.559
59.7881678;0.1397;-0.1738;1.5221;1.546
59.7979848;0.5972;0.1663;0.6901;0.93
59.804331;0.572;-0.129;0.6135;0.85
59.81498461;0.2527;-0.0547;1.3831;1.414
59.82478607;0.0936;-0.0948;0.6975;0.717
59.8343858;0.0107;0.0469;0.8316;0.841
59.85185946;0.1384;-0.1446;1.2488;1.272
59.85506276;0.366;-0.1157;1.5217;1.576
59.88270065;0.1594;-0.0338;0.532;0.563
59.88480523;0.0535;0.0268;0.5556;0.567
59.88555473;0.4112;-0.0463;1.1871;1.263
59.89542515;0.6279;-0.1146;0.6781;0.933
59.90439561;0.2376;0.1206;1.2045;1.241
59.914514;0.2404;-0.1178;0.7084;0.763
59.92432792;0.2377;-0.116;0.935;0.978
59.93445446;0.3099;0.0089;0.7716;0.837
59.95324165;0.4042;-0.0489;0.7117;0.824
59.95480173;0.4168;0.0892;1.2125;1.291
59.99092688;0.0745;-0.159;0.6881;0.717
59.99297092;0.1504;-0.0892;1.2464;1.266
59.99429261;0.5176;0.0329;0.7851;0.945
59.99542684;0.3381;0.0635;0.7245;0.807
60.00487796;0.441;-0.0871;0.8633;0.978
60.0148485;0.3718;-0.1546;1.0359;1.117
60.02436542;-0.0288;0.1593;1.4103;1.428
60.03422073;0.1099;-0.2085;0.5408;0.596
60.05593811;0.1388;-0.0661;1.219;1.236
60.05760003;0.3188;-0.0652;1.0936;1.147
60.09350796;0.51;-0.1014;1.1241;1.243
60.09770815;0.2681;0.0711;0.9123;0.96
60.09865869;-0.0871;-0.2857;0.7116;0.779
60.0996603;0.267;0.0347;1.6875;1.716
60.1045663;0.6062;-0.0495;0.6741;0.91
60.11469069;0.2081;0.0148;0.9807;1.01
60.12449711;0.2477;-0.1683;1.0398;1.088
60.13455807;0.4977;-0.0921;1.2739;1.376
60.1560345;0.3513;0.1467;0.8915;0.975
60.15799419;0.3038;-0.1837;0.4482;0.575
60.1953808;0.2855;0.1059;1.1689;1.215
60.19731146;0.442;-0.1204;0.8479;0.968
60.19846611;0.3459;0.0437;1.3358;1.387
60.19951653;0.1722;-0.0931;0.8607;0.889
60.20443588;0.1888;-0.1715;1.3161;1.348
60.21435276;0.3036;0.0217;1.1615;1.207
60.2245373;0.447;-0.0638;0.6786;0.819
60.2343653;0.2724;0.1246;1.018;1.068
60.2532765;0.3319;-0.2146;0.79;0.888
60.25529096;0.1673;0.1344;1.38;1.404
60.29556903;0.1768;-0.047;0.9577;0.982
60.2973203;0.2195;-0.1445;1.2577;1.292
60.29817003;0.2995;-0.0161;1.0297;1.079
60.29892807;0.5367;0.0528;0.5942;0.805
60.30514703;0.4626;0.0848;1.021;1.129
60.31471573;0.3886;-0.1673;0.7018;0.823
60.3243798;0.1283;0.0128;1.1506;1.165
60.33500446;0.2378;-0.0095;1.4428;1.469
60.3530308;0.2378;-0.21;1.4428;1.484
60.35466646;0.0421;0.0094;1.0629;1.072
60.39017423;0.5582;0.1515;1.7184;1.819
60.39173146;0.3709;-0.1444;0.8102;0.907
60.39302238;0.1515;-0.0281;0.5776;0.604
60.39503065;0.1496;0.192;0.6858;0.735
60.40495584;0.3032;-0.1601;1.3772;1.426
60.41432246;0.4878;-0.0109;1.3015;1.396
60.42535542;0.3701;-0.0485;0.6717;0.773
60.4346435;0.0989;0.1494;1.0589;1.082
60.45281123;0.2579;-0.2176;0.8901;0.958
60.45450392;0.9055;0.1121;1.3676;1.648
60.48836553;0.5293;0.1146;0.2727;0.605
60.49000026;-0.3972;-0.0097;0.868;0.965
60.49082776;0.2157;-0.0696;1.7339;1.756
60.49936907;0.557;-0.2414;1.3816;1.514
60.50455823;0.0668;0.0964;1.0338;1.048
60.51438776;-0.0332;-0.052;0.5116;0.524
60.52411292;0.2783;0.0572;1.3467;1.383
60.53435203;0.7262;-0.0632;0.837;1.112
60.55164773;0.4956;0.0525;0.9332;1.063
60.55434034;0.128;0.0961;0.9248;0.946
60.58389988;-0.0547;-0.2707;1.2177;1.257
60.58556811;0.4996;0.1239;1.431;1.527
60.58650392;0.8273;-0.0082;0.3318;0.889
60.59585719;0.2041;0.154;0.8643;0.908
60.60433153;0.3895;-0.1176;0.7972;0.9
60.61448561;0.3957;-0.0727;1.1826;1.255
60.62440561;0.0568;0.0226;0.9011;0.911
60.63438196;0.1951;-0.0784;0.8923;0.923
60.65212011;0.05;0.0529;1.1454;1.156
60.65461438;0.2416;-0.1224;0.4045;0.49
60.6858203;0.3827;0.0765;1.2595;1.325
60.68729203;0.339;-0.0522;1.1098;1.168
60.68812796;0.2008;0.015;1.1044;1.13
60.69725638;0.2855;-0.0454;0.7183;0.78
60.70439938;0.2965;-0.0872;0.7999;0.863
60.71423765;0.2461;0.1444;1.102;1.145
60.72443257;0.6878;-0.114;0.4791;0.846
60.73432961;0.1619;-0.007;0.8603;0.882
60.75209876;-0.2129;-0.0558;0.7926;0.832
60.75446557;0.3961;-0.0324;1.3287;1.393
60.78632576;0.4272;-0.0726;0.9455;1.045
60.78772492;0.4123;0.0005;0.4072;0.581
60.78856119;0.2476;0.1881;0.807;0.871
60.79614646;0.3249;-0.075;0.8086;0.88
60.80469053;0.1953;-0.1263;1.4371;1.463
60.814631;0.2548;-0.053;0.9624;1.003
60.82486119;0.1152;-0.0049;1.1022;1.116
60.83438815;-0.0682;-0.0414;0.9037;0.916
60.85322461;0.3607;-0.117;0.6113;0.723
60.85525103;0.6821;0.1322;0.8737;1.119
60.88927896;0.348;0.0071;0.6875;0.775
60.89070938;-0.0933;-0.0705;1.1153;1.13
60.89311169;0.057;-0.0783;0.8863;0.899
60.89613107;0.5224;-0.1219;1.3456;1.454
60.90505569;0.4228;0.1287;0.9663;1.068
60.91438649;0.4324;-0.0678;0.3466;0.559
60.92425942;0.4244;0.0628;1.2051;1.285
60.9347718;0.2417;-0.1812;0.8467;0.905
60.95209788;0.2796;0.0458;1.2238;1.263
60.95475707;0.1091;0.0046;0.8943;0.908
60.99013726;-0.1435;-0.2498;0.9849;1.035
60.99205761;0.3079;0.005;1.1845;1.23
60.99337476;0.6127;0.0112;1.0206;1.195
60.99514492;0.2849;-0.0065;1.2569;1.296
61.00443811;0.2843;-0.2695;0.6355;0.751
61.01435038;0.2919;0.1395;1.3469;1.392
61.02483584;0.2792;-0.0186;0.9414;0.988
61.03505942;0.527;-0.2827;1.2939;1.43
61.05180811;0.2045;0.0718;1.2101;1.237
61.05429838;-0.0881;-0.1364;0.2457;0.303
61.0822358;0.388;0.1146;1.5502;1.609
61.08383776;0.493;-0.2669;1.2221;1.35
61.08491226;0.0689;0.0011;0.9526;0.963
61.09508011;0.3266;0.0385;0.9609;1.022
61.10428284;0.4259;-0.1222;1.488;1.559
61.1145108;0.3579;-0.0805;0.9918;1.063
61.1264088;0.4743;-0.0318;0.6918;0.843
61.13465565;0.2593;0.047;1.9644;1.989
61.14472753;0.3031;-0.3338;1.2246;1.311
61.15441773;0.0988;0.0023;1.0305;1.043
61.16789265;0.2315;-0.007;0.3514;0.425
61.17517376;0.4507;-0.0789;0.9615;1.07
61.20578626;0.4248;-0.2195;1.0501;1.159
61.20766211;0.034;-0.0837;1.7573;1.768
61.20918257;0.2828;-0.1035;0.8395;0.898
61.21443749;0.5184;0.0134;0.9618;1.097
61.22634653;0.8769;-0.0291;0.7283;1.141
61.23445926;0.6329;-0.0806;0.7702;1.003
61.24485226;0.0395;0.1196;0.8622;0.879
61.25435553;-0.0628;-0.288;0.8692;0.926
61.26451188;-0.1317;-0.012;1.7483;1.762
61.28313496;-0.0465;-0.1402;0.7686;0.791
61.28486834;0.2676;-0.0569;1.154;1.193
61.31748519;0.6325;0.026;0.8897;1.095
61.31907873;0.5579;-0.1621;0.6504;0.874
61.32003196;0.2615;0.1239;0.8604;0.914
61.32885692;0.3529;-0.1138;0.5219;0.643
61.33469496;0.2307;-0.0032;1.0552;1.087
61.34421346;0.2088;-0.1717;0.5164;0.588
61.35442334;0.3232;0.0153;1.1534;1.204
61.36586223;0.0987;-0.001;0.9134;0.926
61.39605849;0.3138;-0.1324;0.7212;0.803
61.39751699;0.4591;0.0172;0.9814;1.089
61.3982668;0.1362;-0.0338;0.6418;0.664
61.40438249;0.2999;0.0242;1.0724;1.12
61.41497946;0.411;-0.1149;0.5181;0.674
61.42440261;0.0948;-0.1312;0.9448;0.966
61.43444757;0.1357;0.0588;0.8904;0.91
61.45275765;0.3112;-0.107;0.8091;0.879
61.45491023;0.2025;-0.0899;1.0087;1.04
61.48686434;0.279;-0.0553;0.4193;0.51
61.48826019;0.4393;0.1439;0.9415;1.054
61.48937603;0.3071;-0.1573;0.5137;0.622
61.49820615;0.2834;-0.0989;1.0695;1.117
61.50479038;0.2823;0.0412;1.2067;1.247
61.5145033;0.0782;-0.082;0.8091;0.824
61.52621442;0.0111;-0.0177;1.259;1.267
61.53441992;0.3793;-0.1874;0.821;0.928
61.54487153;0.3547;0.0357;1.1675;1.227
61.55454069;0.2079;0.0005;0.7423;0.777
61.56624526;0.1936;-0.1779;0.9532;0.995
61.59838019;0.2544;-0.0092;1.3255;1.357
61.59996788;0.163;-0.1454;0.7868;0.823
61.60087742;0.3101;0.0859;1.2884;1.335
61.60441453;0.5961;-0.1868;0.6125;0.876
61.61453253;0.2708;-0.0302;1.0591;1.1
61.6287768;0.3126;-0.0266;0.8501;0.912
61.63438157;0.5152;-0.0518;1.1202;1.239
61.64414561;0.3005;-0.007;1.4875;1.524
61.65438773;0.3593;-0.1884;0.7172;0.828
61.66523599;0.1856;0.1544;1.1758;1.208
61.6969348;0.1937;-0.1888;0.7314;0.786
61.69840546;0.374;-0.1063;1.4945;1.551
61.69927384;0.4261;-0.0475;1.0173;1.109
61.70444111;-0.2268;-0.0268;0.9342;0.971
61.71478373;-0.0765;-0.0858;1.3727;1.386
61.72554734;0.6518;-0.2641;0.9968;1.223
61.73449176;0.5139;0.0559;1.2681;1.375
61.7449518;0.4753;-0.0585;0.6817;0.836
61.75435311;0.1449;-0.0502;1.2577;1.275
61.7642133;0.3783;-0.1071;0.8809;0.97
61.78675311;0.6736;-0.1051;0.9816;1.198
61.78866049;0.2255;0.216;1.0448;1.097
61.82631338;-0.0272;-0.1862;0.7206;0.753
61.82780065;0.2492;-0.1152;1.6477;1.678
61.82885007;0.729;-0.0963;1.0627;1.296
61.82968315;0.1441;0.1741;0.8644;0.901
61.83482438;0.108;-0.106;0.3219;0.361
61.84487311;0.4928;-0.1694;0.9767;1.111
61.85444453;0.467;0.2125;1.479;1.572
61.86801223;0.2315;-0.1347;0.7011;0.756
61.89916165;-0.1157;-0.0667;1.3043;1.32
61.90074957;0.1283;-0.2555;0.9894;1.037
61.9015873;0.4865;0.0472;1.1422;1.248
61.90489761;0.4813;0.1468;0.6814;0.851
61.91486446;0.2652;-0.1307;0.9645;1.015
61.92740157;0.1004;-0.0693;1.3864;1.399
61.93439161;0.3406;-0.0459;1.1524;1.209
61.94442649;0.1411;0.0364;1.4422;1.457
61.95456707;0.3202;-0.2052;0.7664;0.86
61.96538157;0.3147;0.0607;1.0238;1.079
62.00288111;0.8166;-0.0018;0.8959;1.214
62.00523034;0.0933;0.0489;1.0064;1.02
62.00618903;-0.1449;-0.3053;0.8879;0.958
62.00692992;0.4571;0.0958;1.8413;1.906
62.0153658;0.7603;-0.1823;1.0016;1.273
62.02657253;0.4092;0.1032;0.7758;0.888
62.03445099;0.1427;-0.0432;-0.4578;0.472
62.04454611;0.6729;0.3513;0.824;1.123
62.05442657;0.6617;-0.2604;1.7118;1.859
62.0690823;-0.0187;-0.2284;0.9013;0.938
62.10692472;-0.2202;0.2103;0.4746;0.574
62.10873126;-0.1417;-0.0768;0.5512;0.583
62.10977719;0.6248;-0.2105;1.9279;2.043
62.11078603;1.2221;0.1391;0.6743;1.402
62.11463657;0.3584;0.1054;0.6389;0.745
62.12450138;-0.6061;-0.0487;1.5563;1.681
62.13460915;-0.1482;-0.5016;1.1896;1.307
62.14453099;0.3037;0.2022;1.1876;1.249
62.15457384;0.0226;0.0062;0.2472;0.256
62.16674169;0.0436;0.0035;1.0244;1.033
62.20161711;0.2783;-0.0919;0.9548;1.005
62.20295196;0.25;-0.0694;0.6748;0.729
62.20444192;0.3906;0.2162;0.9982;1.099
62.20552584;0.4696;-0.0711;0.583;0.755
62.21459249;0.6071;0.0723;0.7597;0.978
62.22497453;0.8944;0.0735;0.6647;1.117
62.23466565;0.1437;0.0447;1.0502;1.068
62.24438719;-0.0669;-0.1098;0.4987;0.523
62.25458603;0.3811;-0.0431;0.903;0.986
62.27012326;0.0772;0.1192;1.1814;1.198
62.31138488;-0.1445;-0.1632;0.3113;0.388
62.31295788;0.1761;0.0873;1.1924;1.216
62.31410303;0.2564;-0.2035;1.081;1.136
62.3150473;0.1013;-0.1851;1.1986;1.224
62.31581357;0.1869;0.2651;0.9899;1.049
62.3248993;0.0177;-0.2538;0.738;0.788
62.3349073;0.0889;-0.0208;1.5051;1.516
62.34488138;0.7974;-0.1175;0.9239;1.228
62.35478103;0.4917;0.2806;0.6021;0.83
62.36773999;-0.1658;-0.1785;0.1463;0.291
62.41193688;0.4647;0.0103;1.3012;1.388
62.41395076;0.9275;0.0666;1.236;1.55
62.41587572;0.2601;-0.0497;0.9042;0.948
62.41695711;0.1968;0.125;0.9073;0.944
62.41797722;0.642;-0.2606;0.5859;0.908
62.42443407;0.4228;0.2215;1.2127;1.309
62.43423749;0.2198;-0.0591;0.7878;0.826
62.44444203;-0.0656;-0.1963;1.6627;1.684
62.46392976;-0.2966;-0.2794;1.6899;1.747
62.46547892;0.0462;-0.2301;1.162;1.193
62.49925615;-0.0749;0.2178;0.6394;0.689
62.50114222;0.1449;-0.222;0.2682;0.38
62.50203742;0.9899;0.0552;1.6232;1.906
62.51110503;0.6216;0.1053;1.2119;1.371
62.51471692;-0.3296;-0.0324;1.151;1.207
62.52424857;0.1956;-0.2001;1.2978;1.335
62.53431638;1.0648;-0.1195;1.5943;1.924
62.54490538;0.6187;0.2267;0.8243;1.059
62.55477803;0.4299;-0.0275;0.0769;0.433
62.56454788;0.2154;0.0324;1.1185;1.147
62.59633276;-0.074;-0.3365;1.2895;1.343
62.59777215;0.2086;-0.0362;1.6792;1.7
62.59850822;0.2285;0.073;0.6388;0.688
62.60450972;0.1005;-0.2166;0.5918;0.644
62.61470657;0.9865;0.1158;1.0448;1.444
62.62641561;1.0613;0.2189;0.1824;1.095
62.63452215;0.2711;0.0806;0.3067;0.42
62.64483242;0.2469;-0.0512;0.6995;0.749
62.65446611;0.1636;-0.0937;1.8282;1.845
62.66874811;-0.0308;-0.1168;0.8989;0.915
62.71034857;-0.1737;0.0197;1.4421;1.462
62.7119493;-0.1693;-0.4303;1.354;1.439
62.71324438;0.6318;-0.0377;2.2377;2.332
62.71528907;-0.059;0.0871;0.492;0.512
62.72467807;-0.6959;-0.3303;0.1589;0.793
62.7344173;0.53;0.0573;1.1454;1.268
62.74427796;1.0328;-0.0385;1.6666;1.965
62.75427499;-0.1335;0.0114;1.0028;1.021
62.76476596;-0.1413;-0.1875;0.6374;0.688
62.79739338;0.4687;0.0511;1.7421;1.811
62.79885857;0.907;-0.0189;0.8278;1.229
62.79972057;0.7897;-0.0347;0.0746;0.789
62.80833434;0.5527;-0.0309;1.5209;1.624
62.81462534;0.1462;0.0486;1.1961;1.213
62.82455872;-0.1073;-0.2022;0.2009;0.311
62.83436434;0.0368;0.1099;0.7938;0.81
62.84480653;0.6656;-0.2187;0.9724;1.202
62.8631858;0.6044;0.0546;1.182;1.333
62.86490161;0.3192;0.0357;0.3117;0.449
62.90702303;0.0843;-0.1303;0.7363;0.76
62.90855872;0.2799;0.0537;1.3872;1.423
62.91041388;0.6306;-0.0809;0.8766;1.086
62.91127253;-0.0137;-0.0101;0.8174;0.826
62.91469372;-0.3141;-0.2558;0.9037;0.999
62.92798165;0.1633;0.0859;1.7842;1.801
62.93436346;0.2448;-0.1479;0.8188;0.873
62.9444753;0.2198;-0.0228;1.0458;1.076
62.95435288;0.183;-0.0585;0.7157;0.747
62.96837607;0.5013;0.0233;0.771;0.924
63.00857334;0.4643;0.0591;1.0172;1.125
63.01020842;0.3575;-0.1307;0.5774;0.695
63.01131426;0.1852;0.0655;1.0258;1.052
63.01234988;-0.1263;0.0233;0.6978;0.719
63.01467738;0.1759;-0.1937;1.3443;1.377
63.02644222;0.6874;-0.0994;1.0641;1.274
63.03443003;0.6166;0.2392;0.1676;0.68
63.04435788;0.0976;0.1448;-0.5914;0.608
63.05443645;-0.6792;-0.0227;0.5802;0.903
63.06679322;0.4754;-0.4757;3.6262;3.695
63.1026018;0.5639;-0.2223;1.8951;1.996
63.1048008;-0.5047;0.2707;0.2154;0.62
63.1056278;-0.5108;-0.1209;0.4606;0.708
63.1065578;0.8686;-0.3628;1.47;1.749
63.1146893;1.2775;0.2863;1.5673;2.045
63.12607053;0.0379;0.1382;0.1334;0.202
63.13452895;-1.0583;-0.1903;1.5716;1.914
63.14429853;-0.3618;-0.6362;2.0879;2.221
63.15458795;1.0629;0.1476;1.4973;1.845
63.1659273;1.0831;0.4503;0.3029;1.209
63.19678207;0.3387;-0.336;0.7209;0.868
63.19864772;1.2877;0.1527;1.2993;1.837
63.1996683;1.3623;0.0938;0.7112;1.538
63.20622599;-0.0721;0.077;1.3729;1.386
63.21465015;0.0679;-0.3165;1.0798;1.134
63.22489215;0.3976;0.1082;1.5513;1.612
63.23430026;0.3418;-0.0077;1.0832;1.142
63.24433184;0.1915;-0.3425;1.5894;1.644
63.26401157;-0.2351;0.0822;1.6578;1.685
63.26560753;-0.2503;-0.3749;0.6153;0.771
63.29628776;0.624;0.2116;1.5215;1.664
63.29780853;0.7961;-0.1495;1.3005;1.536
63.29853634;0.091;-0.1289;1.4494;1.466
63.30698434;0.3086;-0.0468;1.0988;1.149
63.31450807;0.2406;-0.0811;1.4231;1.453
63.32434084;0.3351;0.0679;1.0358;1.097
63.33423307;0.6874;-0.1009;0.8473;1.098
63.34455822;0.4312;0.1262;0.9403;1.047
63.36795022;0.4863;-0.077;0.5825;0.765
63.36967953;0.301;0.0164;1.2763;1.318
63.40620207;0.2428;-0.1743;1.0866;1.133
63.40763799;0.2161;0.2016;0.8611;0.917
63.40853465;0.3221;-0.1506;0.4694;0.592
63.41442207;0.4485;-0.0315;1.0349;1.134
63.42477676;0.4374;-0.0111;0.6499;0.787
63.43447095;0.1009;0.0633;0.9255;0.941
63.4444948;0.1611;-0.098;0.8603;0.888
63.46888372;0.3397;-0.065;1.2907;1.343
63.47052026;0.284;-0.0111;0.5898;0.66
63.4754193;0.4027;0.1005;0.5583;0.699
63.48445961;0.4314;0.1075;1.0919;1.185
63.51300484;0.3528;-0.3159;0.6851;0.837
63.51488607;0.2569;0.0898;1.1898;1.227
63.51589184;0.0261;0.0853;0.454;0.471
63.52451799;0.0688;-0.1989;0.9994;1.029
63.53448061;0.4245;-0.0566;1.1138;1.199
63.54488495;0.435;0.0447;0.6622;0.797
63.56276684;0.1688;0.1174;0.628;0.667
63.56503495;0.1479;-0.1024;0.719;0.748
63.59979357;0.4013;-0.0849;1.161;1.237
63.60147684;0.3895;0.073;0.6074;0.729
63.60221184;0.1598;0.0696;1.0548;1.077
63.61143099;0.2742;-0.107;0.8675;0.922
63.61436745;0.2984;-0.1294;1.1244;1.177
63.62455415;0.366;-0.1021;0.4113;0.562
63.63494995;0.2456;0.0105;0.916;0.955
63.64425522;0.2757;-0.073;0.7462;0.804
63.66151665;0.2196;-0.0332;1.1331;1.162
63.66450195;0.2899;0.0385;0.8125;0.869
63.69169715;0.1401;-0.1906;0.5132;0.571
63.69341453;0.2546;0.1032;1.3844;1.419
63.6949668;0.4317;-0.1225;0.7802;0.904
63.70763599;0.1361;0.0645;0.9629;0.982
63.71496334;0.1604;-0.1087;0.9009;0.928
63.72479695;0.3282;-0.112;1.1892;1.245
63.73466149;0.2049;0.16;1.2249;1.259
63.74452003;0.1423;-0.1643;0.5488;0.596
63.7625038;0.0684;0.0864;1.2673;1.28
63.79919272;0.3302;0.0453;1.2331;1.284
63.80086761;0.1692;0.0823;0.2718;0.335
63.80200142;0.3682;-0.0674;0.8057;0.893
63.81089322;0.4224;0.0249;1.5265;1.59
63.81476372;0.5055;-0.1311;0.8335;0.987
63.82480049;0.0836;0.1959;1.1597;1.187
63.83450465;0.1637;-0.2935;0.7413;0.82
63.84446934;0.4967;0.0658;1.0447;1.164
63.86439949;0.4763;0.1632;0.8144;0.962
63.86604222;0.3412;-0.1164;1.0585;1.124
63.8960403;0.0316;-0.0993;1.1506;1.163
63.89741892;0.1695;-0.0509;1.0033;1.026
63.89828576;0.2934;0.0705;1.2448;1.288
63.90678157;0.3307;-0.1395;0.7048;0.795
63.91434103;0.337;-0.0583;1.12;1.177
63.92449592;0.5101;0.0895;0.9537;1.09
63.93463122;0.211;-0.1399;1.2143;1.247
63.94435195;-0.1112;0.0042;1.1228;1.137
63.96524922;0.2085;-0.2371;0.8157;0.881
63.96676426;0.5695;0.1206;1.6303;1.737
64.00189422;0.3266;-0.0238;0.6666;0.748
64.00361926;0.0997;-0.1402;0.5764;0.608
64.00508699;0.337;0.1053;0.9658;1.034
64.00640149;0.4402;-0.1724;1.3509;1.437
64.01530765;0.5927;0.0904;0.8632;1.055
64.02472945;0.297;0.0358;0.0275;0.296
64.03444703;0.0418;0.0492;0.9193;0.93
64.0445293;0.7571;-0.151;1.0096;1.274
64.06334976;0.7293;0.1344;1.5046;1.682
64.06553876;-0.1597;-0.1391;0.4931;0.546
64.09634972;-0.2262;-0.2172;1.1942;1.244
64.09803511;0.3558;0.0794;1.5415;1.591
64.09904265;0.4771;-0.1179;0.5733;0.757
64.10764738;0.2866;-0.0639;1.1394;1.183
64.11454622;-0.0497;-0.0684;0.6636;0.677
64.12522945;-0.085;-0.089;1.1935;1.208
64.13752226;0.4666;-0.0392;1.2574;1.347
64.15800161;0.0763;0.0054;0.71;0.722
64.16525134;0.5331;0.0263;0.8137;0.977
64.18147584;0.8343;0.1153;1.5139;1.737
64.18445407;0.4525;-0.2477;0.4347;0.675
64.22105253;0.1825;0.1925;1.0368;1.077
64.22273411;0.4102;-0.0972;0.7332;0.85
64.22401034;0.2935;-0.1329;1.027;1.082
64.22535595;0.2709;0.0696;0.9965;1.041
64.23471688;0.1235;-0.0883;0.6752;0.699
64.24436011;-0.0599;-0.0646;1.4766;1.488
64.2625698;0.4576;-0.1521;0.9841;1.101
64.26438257;0.4136;0.0239;1.0712;1.154
64.29908084;0.0733;-0.0225;0.7136;0.725
64.30070795;0.163;0.0018;1.1178;1.137
64.30185134;0.5749;-0.0485;1.4223;1.54
64.31060399;-0.2442;0.1242;0.9807;1.028
64.32428692;0.2092;-0.1713;0.5096;0.582
64.3344358;0.6634;-0.0649;1.5731;1.714
64.3442548;0.719;0.02;0.8019;1.079
64.3613363;0.3626;0.0645;0.4876;0.614
64.36434234;-0.0473;-0.0483;0.7092;0.721
64.38638665;0.3183;-0.3022;1.1529;1.239
64.38757284;0.6648;0.1788;1.551;1.702
64.3944173;0.3209;0.0109;0.4873;0.587
64.40420007;-0.2591;-0.134;1.1015;1.149
64.41416115;0.3996;-0.1068;1.2066;1.281
64.42494153;0.7344;0.0497;1.0844;1.314
64.43435145;0.1294;0.0347;0.7412;0.76
64.44403768;0.1104;0.0228;1.4366;1.449
64.45889261;0.1416;-0.1799;0.6459;0.691
64.46422145;0.5101;0.1295;1.3012;1.409
64.48493215;0.3461;-0.0834;0.6951;0.786
64.48609361;0.0997;-0.1649;0.8886;0.916
64.49452411;0.3778;0.0233;1.2389;1.302
64.50410176;0.5078;-0.0959;0.9746;1.108
64.51428203;0.2747;-0.0388;1.1689;1.208
64.52401411;0.4374;-0.0541;0.5692;0.723
64.53559888;0.3389;0.0132;1.1291;1.185
64.54421807;0.2393;-0.1168;0.8302;0.878
64.55638157;0.4689;-0.0089;1.1405;1.239
64.57627692;-0.2009;-0.2828;0.9692;1.038
64.60891242;0.4259;0.1125;1.6358;1.701
64.61039499;0.5046;-0.222;0.4769;0.73
64.61151134;0.3275;0.0199;1.2088;1.259
64.6147588;0.3509;-0.1329;0.8962;0.977
64.62432415;0.0583;-0.0706;0.9665;0.979
64.63601661;0.2482;-0.1124;1.0558;1.097
64.64441303;0.6885;-0.1824;1.2595;1.451
64.65482688;0.2856;0.0784;1.2344;1.276
64.66472007;-0.0151;-0.1256;0.3058;0.338
64.67734234;0.5625;0.0184;1.2222;1.351
64.70559526;0.9032;-0.1033;1.1182;1.444
64.70706638;0.0039;0.0089;0.9382;0.947
64.70795472;0.0325;-0.0569;0.506;0.518
64.71434511;0.5843;-0.1616;1.2296;1.376
64.72416768;0.3596;0.0781;1.374;1.429
64.73891899;0.4324;-0.2221;0.2965;0.569
64.7442958;0.4103;0.1191;1.1564;1.239
64.75513122;0.2216;-0.1715;0.7099;0.769
64.76413515;0.2094;-0.0046;0.7497;0.785
64.77674172;0.0799;-0.0038;1.1048;1.116
64.80456749;0.2861;-0.3224;1.7409;1.8
64.80608753;0.1813;-0.0138;1.3679;1.387
64.8069998;0.2758;-0.0249;0.3349;0.437
64.81416995;0.1559;0.0512;0.8428;0.866
64.82419695;0.4559;-0.1724;0.7513;0.899
64.83598265;0.6419;0.1368;0.932;1.143
64.84474372;0.4455;-0.0118;0.8377;0.953
64.85430272;0.052;-0.2235;1.0309;1.064
64.8643913;-0.3419;0.0652;1.0517;1.118
64.87675872;0.1169;-0.2196;1.1415;1.175
64.90456561;1.1954;-0.209;2.6008;2.875
64.90638357;0.8994;0.1689;0.9386;1.313
64.90718015;-1.0125;-0.1323;-0.6241;1.197
64.91446445;-0.4273;-0.0238;-0.3123;0.53
64.92474438;1.6103;-0.1127;2.3966;2.893
64.93580761;0.574;-0.091;2.0305;2.118
64.94445165;-0.5807;-0.0425;-0.1853;0.614
64.9549538;-0.4259;0.1522;0.8895;1.008
64.96434784;0.8872;-0.423;1.6926;1.961
64.97436626;1.567;0.179;1.1543;1.955
64.99302695;1.0006;0.1092;-0.3069;1.044
64.99492822;0.2233;0.0017;0.2706;0.354
65.02073438;-0.1942;-0.0789;2.2778;2.296
65.02209092;-0.2647;-0.4776;1.2671;1.388
65.02433603;0.331;0.2796;0.9079;1.012
65.03593338;0.4666;0.0396;0.2194;0.515
65.04437053;0.0386;-0.2063;1.5797;1.601
65.05444488;0.1318;-0.2089;1.3371;1.367
65.06427965;0.2981;0.077;0.2551;0.401
65.07714457;0.1202;0.1589;0.8818;0.912
65.10478722;0.2976;-0.4409;1.6154;1.707
65.10614984;0.5766;0.0522;1.5408;1.652
65.10715945;0.1775;0.025;0.0016;0.174
65.11426038;0.0639;0.0623;0.9321;0.944
65.12433765;0.5565;-0.2799;1.2659;1.416
65.13522053;0.5679;-0.0271;1.0363;1.186
65.14447807;0.1193;0.0937;0.5431;0.571
65.15451715;0.0555;-0.1379;0.5493;0.576
65.16481903;0.3663;-0.0254;1.5512;1.601
65.1757403;0.5939;-0.111;0.4989;0.784
65.20134168;0.3106;0.0701;0.7302;0.802
65.20284668;0.0864;-0.1306;0.861;0.882
65.20432903;0.2347;-0.1862;1.0884;1.135
65.21445526;0.3853;0.1245;1.1507;1.226
65.22433538;0.3464;-0.1228;0.543;0.659
65.23581138;0.1935;0.0209;0.691;0.724
65.24428491;0.3705;0.0579;0.9946;1.069
65.25431549;0.2785;-0.1339;0.9062;0.963
65.26442861;0.2707;-0.0702;0.9569;1.003
65.27865722;0.2681;0.1336;0.9244;0.978
65.30677161;0.495;-0.2288;0.518;0.753
65.30879441;0.2143;0.0877;1.119;1.15
65.30970738;0.108;-0.1204;0.6782;0.704
65.31422399;0.2498;-0.0711;1.4013;1.432
65.32446761;0.1937;-0.0976;1.2816;1.307
65.33508038;0.2332;-0.1465;0.9288;0.975
65.34427626;0.1363;0.0652;1.1468;1.164
65.35426476;0.4459;-0.1335;0.8011;0.931
65.36487115;0.4069;0.0044;1.161;1.236
65.37500457;0.2753;-0.089;0.7217;0.783
65.40099034;0.0354;0.0011;1.2746;1.283
65.40249995;0.2224;-0.1677;1.0288;1.072
65.40429472;0.5045;-0.09;1.2195;1.328
65.41445945;0.2921;0.0782;1.0776;1.126
65.42453322;0.5794;-0.1204;0.6824;0.905
65.43527507;0.4399;0.0503;1.2585;1.34
65.44491968;0.3882;-0.1495;0.6745;0.796
65.45428449;0.5669;-0.0188;1.3163;1.438
65.46470711;0.2344;-0.0277;0.8322;0.871
65.47478018;-0.0166;-0.1649;1.0195;1.041
65.50080045;0.2901;0.0111;1.4291;1.465
65.50234218;0.4702;-0.173;0.9616;1.089
65.50481265;0.2084;0.1246;1.0456;1.08
65.51465765;0.2492;-0.1471;0.5315;0.61
65.52454099;0.6137;0.0665;1.2315;1.382
65.53723641;0.3238;-0.0881;0.7276;0.806
65.54447115;0.3523;-0.0446;0.7931;0.874
65.55441118;0.3308;0.0801;1.0451;1.105
65.56481449;0.0749;-0.2174;0.8422;0.88
65.57712611;0.3656;-0.0419;1.236;1.296
65.61004099;0.5984;-0.0176;0.6557;0.89
65.61150168;0.213;-0.0183;1.0688;1.097
65.61239218;0.3125;-0.0919;0.7426;0.816
65.61467565;0.2102;-0.01;0.8658;0.898
65.62532738;0.1159;-0.0078;1.0205;1.035
65.63768745;0.4674;-0.2156;1.1038;1.223
65.64486711;0.2791;0.1143;1.0089;1.06
65.65463945;0.0393;-0.0806;0.1872;0.213
65.66445857;0.1316;0.042;1.1291;1.145
65.67590288;0.3877;-0.2441;1.27;1.356
65.70891541;0.4087;-0.0291;1.4259;1.49
65.71023511;0.128;0.0319;0.7937;0.812
65.71102607;-0.0392;-0.1675;0.7189;0.747
65.71477272;0.4226;-0.0605;0.9474;1.044
65.7256033;0.9563;-0.0072;0.6409;1.151
65.73481922;0.3564;0.0801;0.9216;0.997
65.74441761;-0.0801;-0.1628;0.6644;0.697
65.75470003;0.149;-0.0612;1.1324;1.151
65.76482438;0.6281;-0.0336;0.9382;1.133
65.77684915;0.5199;0.0183;0.935;1.074
65.81300615;0.45;0.0016;0.6901;0.828
65.81487407;0.4478;-0.1604;0.9296;1.049
65.81621588;0.2149;0.0404;1.3987;1.423
65.81747795;0.3563;-0.1319;0.7624;0.857
65.82453018;-0.0856;-0.0246;1.0741;1.087
65.83532603;0.1804;-0.1368;0.8275;0.864
65.84432011;0.4815;-0.0883;1.3183;1.412
65.85466518;0.1165;-0.0236;0.8884;0.904
65.86444088;0.2481;-0.1168;0.6747;0.734
65.87627699;0.2981;0.0109;1.2959;1.336
65.91139322;0.5077;-0.1135;0.7788;0.94
65.91344922;0.4368;0.0591;1.1242;1.213
65.91470818;0.2952;-0.0677;0.7484;0.813
65.91627053;0.3608;-0.0479;1.0366;1.104
65.92513703;0.3436;-0.033;1.0081;1.071
65.9352318;0.2682;-0.116;1.1289;1.173
65.94441618;0.1604;0.0151;1.1134;1.132
65.95451915;0.1826;-0.1272;0.7415;0.78
65.96477126;0.333;-0.0498;1.2326;1.284
65.97534491;0.3804;-0.1198;0.6752;0.788
66.00724957;0.3274;0.0116;1.1141;1.168
66.00907788;0.2747;-0.0923;0.732;0.793
66.01011157;0.2016;-0.0871;1.1753;1.203
66.01481126;0.4504;-0.0263;1.1551;1.246
66.02477961;0.2533;-0.0208;0.7708;0.818
66.03521826;0.3059;-0.0192;1.0105;1.062
66.04421338;0.5645;-0.1275;1.3071;1.435
66.05440945;0.3108;-0.0781;0.6114;0.695
66.06482741;0.1797;-0.0027;1.0373;1.06
66.0752823;0.3904;-0.1114;0.8929;0.986
66.10895134;0.3367;-0.129;1.0544;1.12
66.11068868;0.2855;0.0288;1.2182;1.258
66.11183922;0.3994;-0.2085;0.7449;0.875
66.11473249;0.1834;0.1068;1.2816;1.306
66.12476022;0.3392;-0.1207;0.738;0.826
66.13479499;0.4389;0.0181;1.0982;1.188
66.14428595;0.3647;-0.1038;0.7655;0.859
66.15435138;0.2231;0.0022;1.3172;1.343
66.16445718;0.2935;-0.13;0.9697;1.027
66.17678345;0.2988;-0.0092;0.9808;1.032
66.20160999;0.1557;-0.0193;1.0001;1.02
66.20292753;0.5976;-0.1694;0.9812;1.165
66.20480261;0.4933;0.0311;1.2598;1.359
66.21652395;0.2151;-0.1292;0.6102;0.665
66.22426345;0.2599;-0.0217;1.202;1.237
66.23431876;0.3828;-0.1026;0.8214;0.917
66.24417564;0.3523;-0.0877;1.0934;1.158
66.2544073;0.2543;-0.0034;0.9938;1.032
66.26439614;0.2266;-0.1222;0.8862;0.929
66.27602576;0.2736;-0.02;1.1147;1.155
66.30523149;0.4967;-0.107;0.8461;0.991
66.30694934;0.4426;0.0706;0.9954;1.097
66.30804857;0.2119;-0.0996;0.4661;0.526
66.3146028;0.3478;-0.0544;1.4284;1.478
66.3247178;0.4095;-0.1123;0.8614;0.965
66.33421134;0.2202;-0.0705;1.1623;1.192
66.34432561;0.3209;-0.0925;0.8938;0.96
66.35442572;0.3283;-0.0795;1.0194;1.08
66.36440257;0.3528;0.0217;1.0324;1.097
66.37516926;0.3283;-0.1088;0.6466;0.738
66.40572684;0.216;0.0551;1.1507;1.179
66.40710438;0.2395;-0.1539;0.8008;0.856
66.4079238;0.381;0.0567;1.1983;1.265
66.41672938;0.4681;-0.1483;0.7078;0.865
66.42498949;0.1638;0.0689;0.9268;0.951
66.43457414;0.334;-0.1274;0.7253;0.813
66.44477595;0.7714;-0.0498;1.0717;1.325
66.45459249;0.208;-0.0354;1.0458;1.074
66.48066918;0.1349;-0.1877;0.4631;0.523
66.48559849;0.3309;0.0599;1.4452;1.491
66.48679207;0.3183;-0.1739;0.9455;1.018
66.49485426;0.1281;0.0199;0.9641;0.98
66.51350576;0.3229;-0.0597;0.808;0.878
66.51617961;0.2525;-0.0704;1.2829;1.316
66.52435841;0.4186;-0.0606;0.8934;0.993
66.53475191;0.4933;0.0489;0.8979;1.03
66.5444588;0.0912;-0.0515;0.9111;0.925
66.55458626;0.384;-0.2036;0.9541;1.053
66.56476922;0.4582;0.0992;1.0999;1.201
66.57562834;0.3604;-0.1322;0.46;0.602
66.61092995;0.3528;0.0133;1.2376;1.293
66.61237357;0.2671;-0.1277;0.6164;0.689
66.61524734;0.2835;0.0072;0.9511;0.999
66.61637072;0.28;-0.0853;0.9182;0.97
66.62491888;0.3194;0.0353;1.2329;1.281
66.63461811;0.2399;-0.1073;0.9055;0.949
66.64497757;0.3954;-0.0425;1.0585;1.136
66.65481334;0.5696;-0.0045;1.0751;1.221
66.67387568;0.2463;-0.0934;0.4932;0.564
66.67542526;0.1677;-0.0082;1.1407;1.16
66.70424807;0.4671;-0.1791;0.7583;0.912
66.70572768;0.2171;0.0927;1.1724;1.203
66.70660022;0.2035;-0.1948;0.6415;0.706
66.71616153;0.3065;-0.0167;1.1708;1.217
66.72446353;0.3299;-0.0959;1.1902;1.245
66.73459364;0.294;-0.0171;0.7018;0.766
66.74482722;0.3964;0.0204;0.9213;1.008
66.75464872;0.1768;-0.1781;1.1096;1.144
66.77595938;0.163;-0.0567;1.1771;1.197
66.77749864;0.8148;0.0454;0.5098;0.962
66.80677411;0.1957;-0.042;0.994;1.021
66.80825034;0.1347;-0.1676;0.6773;0.717
66.80934511;0.5509;0.0352;0.7348;0.922
66.81680503;0.4012;0.0188;0.7348;0.842
66.82454772;0.3149;-0.1524;0.8941;0.966
66.83480326;0.3083;0.0539;1.0616;1.113
66.84453776;0.3549;-0.0511;1.069;1.133
66.85473734;0.5372;0.0409;0.7997;0.968
66.87844772;-0.0437;-0.0136;1.0663;1.076
66.88155753;0.1143;-0.2718;0.7426;0.805
66.88500561;0.5128;0.1472;1.364;1.47
66.89505307;0.2328;-0.1105;0.4173;0.494
66.91224314;0.263;-0.0794;0.9935;1.037
66.91463745;0.3788;-0.1406;0.9503;1.038
66.92424688;0.2907;0.0412;0.6801;0.746
66.93555418;0.4477;-0.0031;0.8457;0.961
66.94452311;0.4183;-0.098;0.8221;0.932
66.95462568;0.119;-0.0788;1.0294;1.047
66.97297568;0.2747;-0.0867;0.7826;0.84
66.97471664;0.3018;0.0893;1.3717;1.414
67.00140903;0.2049;-0.2387;0.7613;0.829
67.00280045;0.1589;-0.0247;1.0901;1.109
67.00447007;0.3571;-0.0563;0.7543;0.841
67.01650761;0.3364;-0.0748;1.1217;1.18
67.02469964;0.3757;-0.1438;0.945;1.032
67.03484926;0.1103;-0.0537;0.7772;0.794
67.04446164;0.1491;-0.0134;1.1435;1.161
67.05480741;0.5474;-0.1493;1.0708;1.216
67.07582257;0.4444;0.044;0.8087;0.928
67.07750768;0.2329;-0.1223;0.6172;0.676
67.10476245;0.2315;-0.0228;1.5145;1.54
67.10621518;0.5099;-0.1369;0.6774;0.862
67.10708161;0.3123;0.0678;1.0465;1.101
67.11600261;0.2323;-0.1908;0.8653;0.922
67.12491722;0.4581;-0.1085;1.339;1.425
67.13500591;0.4751;-0.0417;0.7209;0.868
67.14421988;0.5223;-0.0355;0.8997;1.045
67.15441672;0.1805;-0.1239;0.9445;0.976
67.17523795;0.0158;-0.0829;0.9428;0.955
67.17675441;0.5405;0.0165;1.3017;1.415
67.2040198;0.3602;-0.1719;1.1592;1.232
67.20574007;-0.0428;-0.053;1.1603;1.171
67.20659857;0.3108;-0.1652;0.5791;0.682
67.21788738;0.6165;0.0695;1.3949;1.532
67.2344518;0.1538;-0.0176;0.9645;0.984
67.24470938;0.1749;-0.1863;0.8274;0.872
67.25498126;0.4422;-0.0744;1.561;1.63
67.27254199;0.533;-0.0204;0.9355;1.081
67.27458014;0.161;-0.0511;0.8223;0.846
67.30095068;0.2233;-0.1434;0.9952;1.036
67.30265576;0.4095;-0.012;1.2461;1.318
67.30489772;0.384;0.0149;0.8479;0.936
67.31461637;0.3257;-0.187;0.8752;0.958
67.32435514;0.1331;-0.1069;1.2344;1.254
67.33454203;0.4255;-0.0476;0.4517;0.624
67.34488737;0.4088;0.0117;1.07;1.151
67.35445311;0.4548;-0.2168;0.961;1.09
67.36439664;0.3689;0.0413;0.9866;1.06
67.37825318;0.2016;-0.0202;0.3631;0.42
67.40832484;0.4674;-0.0628;1.3652;1.45
67.40980691;0.5656;-0.1527;0.8936;1.072
67.41055276;0.2304;-0.0259;0.8108;0.85
67.41462676;0.2306;0.0098;0.5422;0.595
67.4247733;0.3199;-0.1174;1.007;1.069
67.43617995;0.4827;-0.0895;0.8813;1.013
67.44456337;0.1804;-0.0551;0.4867;0.528
67.45498307;0.069;-0.0386;1.0699;1.081
67.4721573;0.1835;-0.1807;1.3672;1.398
67.47434887;0.187;-0.0607;1.1991;1.222
67.49812003;0.2714;-0.1153;0.7282;0.791
67.49963103;0.0761;0.0164;1.2381;1.248
67.50456326;0.4278;-0.2323;0.8908;1.02
67.51785414;0.3699;0.0519;1.144;1.21
67.52486734;0.1713;-0.2013;0.5622;0.627
67.53511449;-0.0031;0.0055;1.1845;1.193
67.54472541;0.289;-0.2027;1.0247;1.09
67.55474199;0.6963;-0.0507;1.4681;1.63
67.57357491;0.4908;-0.0755;0.735;0.891
67.57544411;0.3313;-0.009;0.9224;0.986
67.60589234;0.5187;-0.1526;0.9939;1.136
67.60742587;0.6238;-0.0153;1.3193;1.464
67.60842522;0.3213;-0.0349;0.7779;0.848
67.61783661;0.0614;-0.1582;0.8319;0.856
67.62454276;0.2558;-0.1821;1.4259;1.467
67.63504522;0.4018;-0.0197;0.9248;1.014
67.64468484;0.3906;-0.0316;0.9698;1.051
67.65426484;0.312;-0.0266;1.1643;1.212
67.67172895;0.6384;-0.0624;0.5999;0.88
67.6746958;0.3608;0.0722;1.38;1.435
67.7028078;0.3805;-0.3131;0.9896;1.11
67.70454107;0.4158;0.0122;1.2966;1.368
67.70556311;0.1378;-0.0281;0.6813;0.703
67.71645341;0.0596;-0.1201;1.188;1.203
67.72429537;0.5014;-0.13;1.0469;1.173
67.73430357;0.4439;-0.022;1.066;1.16
67.74440857;0.0426;0.0067;0.6557;0.665
67.7546503;0.2537;-0.0894;1.1393;1.177
67.77353676;0.4079;-0.0589;1.0688;1.151
67.77563741;0.2198;-0.0942;0.9941;1.029
67.80439007;0.3618;0.0006;1.0575;1.124
67.80607722;0.294;-0.1428;0.8813;0.946
67.80696872;0.1985;-0.0349;0.8971;0.926
67.81564034;0.5023;-0.1262;0.577;0.777
67.82438568;0.4703;0.1428;0.9361;1.062
67.8345478;0.1245;-0.1529;0.6006;0.638
67.8459988;0.3928;0.0546;1.0539;1.132
67.85435568;0.4528;-0.1996;0.8715;1.006
67.86430387;0.2564;0.1532;1.0134;1.063
67.87447699;0.5893;-0.1465;0.4491;0.755
67.88935761;0.3712;0.0409;0.8962;0.976
67.91876268;0.014;-0.1055;0.5113;0.53
67.92014203;0.2619;-0.0104;1.1229;1.16
67.92125795;0.3134;-0.1439;0.9062;0.975
67.92450049;-0.0413;-0.1333;1.2182;1.234
67.93486995;0.2038;-0.0148;0.8131;0.845
67.94450872;0.4368;0.0205;1.0081;1.104
67.95436345;0.2651;-0.1445;0.7694;0.832
67.97301195;0.5019;0.0093;0.9548;1.083
67.97459222;0.3814;-0.0134;0.8125;0.903
67.99865914;0.1211;-0.1835;0.8516;0.886
67.99997018;0.3072;-0.0657;1.081;1.132
68.00469368;0.2802;-0.0779;0.8223;0.878
68.01826287;0.268;-0.068;1.0886;1.13
68.02455776;0.4505;-0.118;0.9433;1.057
68.03476876;0.3949;0.0276;1.0235;1.103
68.04447353;0.3196;-0.156;0.6702;0.763
68.05485176;0.3065;0.0735;1.3246;1.368
68.07189668;0.3313;-0.1794;0.6183;0.728
68.10120468;0.479;-0.1535;1.0379;1.158
68.10266037;0.178;-0.0232;1.1098;1.131
68.10441611;0.2444;-0.1357;0.5656;0.636
68.11756726;0.6772;0.002;1.4104;1.569
68.12499045;0.3636;-0.0706;0.8108;0.896
68.13479376;0.1835;0.0529;0.8061;0.835
68.14445334;0.2999;-0.1109;0.8521;0.916
68.15452522;0.3992;-0.1666;1.6285;1.691
68.17795387;0.4257;0.023;1.0178;1.109
68.17989814;0.2492;-0.0489;0.829;0.873
68.18486264;0.1196;-0.1724;0.8869;0.918
68.19453753;0.4809;-0.0287;0.9008;1.026
68.20619518;0.6612;0.1211;1.0121;1.219
68.21722972;0.0685;-0.1947;0.7994;0.833
68.2243848;0.0815;-0.0939;1.2419;1.256
68.23432695;0.385;-0.0583;0.9511;1.033
68.24445826;0.4404;0.0309;1.0922;1.184
68.25479795;0.4318;-0.1907;0.6283;0.789
68.2709508;0.0796;0.1025;0.9106;0.928
68.2746883;0.3854;-0.2724;0.876;1.0
68.29812803;0.4919;0.0006;1.5966;1.677
68.29941464;0.0551;-0.1242;0.6622;0.683
68.30452784;0.0652;0.0095;1.0252;1.035
68.31463976;0.4807;-0.1334;1.0588;1.175
68.32429164;0.482;0.0265;1.3079;1.4
68.33458172;0.256;-0.0717;0.5471;0.613
68.34896241;0.1656;-0.0679;1.2168;1.237
68.35448464;0.3248;-0.202;0.8378;0.926
68.36437868;0.4288;0.0568;1.0853;1.174
68.37452926;0.4765;-0.0785;0.5934;0.768
68.38812787;0.1529;-0.0391;1.0926;1.111
68.41867891;0.4766;-0.0732;0.8123;0.949
68.42024272;0.5571;0.0881;1.0088;1.16
68.4215376;0.3368;-0.1807;0.5364;0.662
68.4244043;0.2388;0.0711;1.0056;1.043
68.43440649;0.3691;-0.0259;0.7504;0.841
68.4460971;0.5057;-0.1029;1.2538;1.361
68.45432626;0.3283;-0.17;0.6566;0.758
68.46435026;0.1948;-0.0672;0.8053;0.838
68.47431057;0.3337;-0.1047;1.2151;1.271
68.48965607;0.3193;-0.0202;1.1037;1.155
68.51878095;-0.1038;-0.0479;0.8478;0.864
68.52005984;0.0264;-0.1307;1.0403;1.057
68.52111387;0.4273;-0.0514;1.119;1.204
68.52531176;0.2786;-0.0597;1.0039;1.05
68.5344466;0.4416;-0.1424;0.6494;0.801
68.54645807;0.2998;0.0325;1.1329;1.179
68.55449087;0.0443;-0.1066;0.5561;0.575
68.56541003;0.4526;0.0281;0.9498;1.057
68.57435687;0.6466;-0.0632;0.9312;1.139
68.5870678;0.0651;0.0034;1.001;1.011
68.61451045;0.2212;-0.1711;0.6155;0.681
68.61612384;0.2426;0.0472;1.3094;1.34
68.61735103;0.2111;-0.2165;0.8429;0.902
68.62432607;0.2896;0.022;1.1738;1.216
68.63434591;0.3627;-0.1175;0.8725;0.957
68.64619818;0.2294;-0.1642;1.2802;1.318
68.65441137;0.2538;0.012;0.7008;0.751
68.66447314;0.3495;0.02;0.8785;0.951
68.67426287;0.1504;-0.1278;0.8662;0.895
68.68705649;0.3253;-0.0981;1.2963;1.347
68.71504764;0.4125;0.0283;0.7231;0.837
68.7166956;0.1314;-0.1263;1.027;1.05
68.71760295;0.3915;-0.0806;1.0181;1.099
68.7242511;0.5117;-0.059;0.8381;0.988
68.73480141;0.5469;0.042;1.0569;1.195
68.74695449;0.246;-0.1473;1.1236;1.166
68.75447322;0.0066;-0.0497;0.8024;0.812
68.76498622;0.267;-0.1402;1.1758;1.22
68.77441376;0.3277;0.0214;1.5976;1.638
68.79074849;0.1688;-0.2342;0.7657;0.824
68.8225531;-0.048;0.042;0.9779;0.989
68.82511149;0.2976;-0.2162;0.921;0.997
68.8261651;0.5352;0.0555;1.2333;1.351
68.8275808;0.4024;-0.0992;0.6921;0.811
68.83440937;0.1787;0.032;0.9313;0.956
68.84581991;0.1182;-0.1507;0.77;0.8
68.8544521;0.4281;0.0075;1.3433;1.416
68.8650321;0.4599;-0.0518;0.7625;0.896
68.87446191;0.144;-0.0718;1.0949;1.114
68.8895031;0.2774;-0.1091;0.7677;0.829
68.92433695;0.4082;-0.0437;1.2376;1.31
68.92763299;0.3495;-0.0558;0.7145;0.802
68.92855741;-0.009;-0.0545;0.9696;0.979
68.92969153;0.117;-0.0689;1.0623;1.078
68.9354598;0.2049;-0.0811;1.3348;1.36
68.94591864;0.2105;-0.0941;0.9513;0.985
68.95460614;0.2596;0.0155;0.7984;0.846
68.96454007;0.2482;-0.0259;0.9151;0.955
68.97474303;0.5415;-0.1184;0.9114;1.071
68.98597376;0.2174;-0.0149;0.7421;0.78
69.01291103;0.1992;-0.1422;0.9571;0.995
69.01527376;0.4391;-0.0591;1.422;1.496
69.01616287;0.2717;-0.1048;0.8699;0.923
69.02442114;0.2709;0.0175;0.8297;0.879
69.0343458;0.4523;-0.0966;1.0671;1.168
69.04820884;0.3685;0.0053;1.1821;1.244
69.05456272;0.2609;-0.1201;0.4983;0.579
69.06444599;0.2173;-0.0164;1.2279;1.254
69.07470168;0.1391;-0.1479;0.5998;0.639
69.08713807;0.328;0.039;1.0607;1.117
69.09473841;0.4951;-0.1048;0.8783;1.018
69.11667534;0.0762;-0.1052;1.0851;1.101
69.11833645;0.2337;-0.1018;0.7598;0.807
69.12434541;0.3334;0.0503;1.2493;1.301
69.13465284;0.2459;-0.1943;0.9658;1.022
69.14712526;0.2333;-0.0528;1.1655;1.197
69.15447364;0.0982;-0.004;0.8793;0.892
69.16439068;0.1899;-0.2111;1.002;1.048
69.17498934;0.2519;-0.0458;1.1809;1.215
69.18468218;0.312;-0.0757;0.6714;0.749
69.20661187;0.1022;-0.0241;0.9649;0.978
69.20806299;0.3848;-0.0836;1.0522;1.129
69.21578526;0.2799;-0.0443;1.1688;1.209
69.22422834;0.0999;-0.0661;0.7061;0.723
69.23436857;0.3999;0.0412;1.2689;1.337
69.24607787;0.4418;-0.1975;0.8107;0.948
69.25469187;0.393;-0.0034;1.0632;1.139
69.26506614;0.0463;-0.0439;1.161;1.171
69.27504491;0.2458;-0.1835;1.0188;1.07
69.28850584;0.4808;0.0097;1.1774;1.277
69.32035391;0.0513;-0.0493;0.7911;0.802
69.32226122;0.1462;-0.1087;1.08;1.102
69.32438099;0.5019;-0.0305;1.1897;1.297
69.32667822;0.301;-0.0746;0.9852;1.039
69.3345213;0.1528;-0.0268;0.7471;0.77
69.34488426;0.2757;-0.1215;0.822;0.881
69.3545538;0.3006;-0.0644;1.1794;1.225
69.3647868;0.4735;-0.1623;0.8101;0.956
69.37483303;0.2802;0.0799;1.043;1.089
69.3893446;0.1356;-0.1368;0.8331;0.862
69.42511334;0.2343;-0.0382;1.4159;1.443
69.42658303;0.4349;-0.135;1.0192;1.121
69.42758964;0.2509;0.0237;1.1236;1.158
69.42890195;0.1471;-0.1278;0.7263;0.759
69.43447722;0.263;-0.0987;1.2049;1.244
69.44626953;0.1496;0.0024;0.9603;0.979
69.4547966;0.2044;-0.1345;0.9377;0.976
69.4644746;0.3134;-0.066;0.9764;1.034
69.48515341;0.2344;-0.1182;0.7225;0.774
69.48654937;0.3197;0.0537;1.0848;1.138
69.50916687;0.4625;-0.1157;0.8405;0.97
69.51055933;0.4917;0.0406;1.0831;1.195
69.51446791;0.2626;-0.1038;0.7007;0.761
69.52486164;0.059;0.02;1.0235;1.033
69.53499687;0.3949;-0.1715;0.6839;0.812
69.54474253;0.412;0.0732;1.2821;1.355
69.55468718;0.2255;-0.1671;0.7493;0.806
69.5650751;0.0391;-0.0469;1.1866;1.196
69.5747933;0.0591;-0.14;1.0044;1.023
69.58854937;0.4311;-0.0959;1.1866;1.272
69.62199895;0.4224;0.0148;1.0419;1.13
69.62380453;0.0037;-0.0889;0.8964;0.909
69.62528253;0.4819;-0.0892;1.0948;1.205
69.63505353;0.3564;0.0671;1.1974;1.257
69.64449753;0.0639;-0.1771;0.5064;0.547
69.65452822;0.2675;-0.006;1.1309;1.169
69.66452037;0.5483;-0.1446;0.8028;0.986
69.67423541;0.5315;0.0276;1.1544;1.276
69.68622349;0.3007;-0.0106;0.5511;0.632
69.71818841;0.1434;-0.0639;1.0373;1.056
69.7197046;0.3422;-0.1104;0.9845;1.054
69.7207843;0.3461;0.057;1.1323;1.192
69.72497318;0.2191;-0.1154;0.9658;1.004
69.7350286;0.1752;-0.1347;0.9207;0.954
69.74488591;0.3392;0.0354;0.9862;1.049
69.75457953;0.3442;-0.1124;0.6897;0.783
69.76486022;0.189;-0.0051;1.168;1.19
69.77464226;0.2882;-0.1485;0.6622;0.742
69.78755349;0.0926;-0.0034;1.1939;1.205
69.81726026;0.2784;-0.1609;0.9477;1.007
69.81885218;0.2472;-0.025;1.209;1.241
69.81978345;0.1766;-0.0513;0.8359;0.863
69.82434453;0.2825;-0.0275;1.2963;1.334
69.83472195;0.2386;-0.0908;1.0166;1.055
69.84482007;0.2165;-0.1086;1.0209;1.056
69.8548666;0.3331;0.0452;0.9674;1.03
69.86470964;0.5755;-0.1564;0.7337;0.948
69.8749856;0.2905;0.0833;0.8436;0.902
69.88774107;0.2051;-0.0755;0.2689;0.349
69.8949748;0.294;0.0187;1.1584;1.202
69.92506033;0.4355;-0.2132;1.1156;1.222
69.92696953;0.3211;0.0227;1.2915;1.338
69.92812464;-0.0106;-0.0424;0.4644;0.475
69.93455053;0.1939;0.0006;1.3029;1.325
69.94445233;0.586;-0.1496;1.3205;1.457
69.95500083;0.2795;-0.0467;1.0153;1.06
69.96547549;-0.0159;-0.0199;0.6819;0.691
69.99039107;0.0928;-0.1353;0.8521;0.875
69.99208464;0.3982;-0.0646;1.1834;1.256
69.99481033;0.5358;-0.0966;0.789;0.962
70.00494437;0.173;0.1055;1.0743;1.101
70.02434472;0.2039;-0.1989;0.7886;0.844
70.02615391;0.4121;-0.0012;1.3156;1.385
70.03461464;0.7146;-0.0193;0.6385;0.96
70.04571753;0.2603;0.0221;1.0128;1.053
70.0545416;0.1477;-0.1234;1.0478;1.072
70.06445322;0.267;-0.1105;1.25;1.29
70.07466718;-0.0485;-0.0347;1.2477;1.258
70.08929191;0.3045;0.0652;1.0621;1.113
70.11720026;0.2639;-0.1725;0.6073;0.689
70.11893157;0.419;0.0447;1.2805;1.354
70.12024707;0.3735;-0.0953;0.7823;0.877
70.12896622;0.14;0.004;1.0864;1.103
70.1343706;0.3858;-0.1005;0.9604;1.045
70.14434487;0.4999;-0.0154;1.3174;1.415
70.15454322;0.2564;-0.0329;0.7022;0.754
70.1643973;0.4153;-0.0657;1.165;1.244
70.18609476;0.3137;-0.0556;1.1858;1.234
70.18770245;0.1531;-0.1661;0.7396;0.78
70.21655214;0.2108;0.0923;0.7994;0.839
70.2182588;0.3605;-0.1769;0.9795;1.064
70.21910876;0.3635;-0.0138;1.2847;1.342
70.22673757;0.3237;-0.0976;0.549;0.649
70.23461949;0.3409;0.0555;1.092;1.152
70.24583849;0.2587;-0.1302;0.8434;0.898
70.25455576;0.4399;0.0523;1.1438;1.232
70.26447976;0.5924;-0.0782;0.7109;0.931
70.28597272;0.053;-0.0557;0.9659;0.977
70.28746253;0.1987;-0.0428;0.8541;0.885
70.31245707;0.4523;-0.1137;0.9425;1.056
70.31414333;0.061;-0.0359;1.1443;1.154
70.31582576;0.1943;-0.1317;0.6208;0.669
70.32619953;0.379;0.0934;1.1926;1.261
70.33504395;0.3502;-0.1562;0.8485;0.936
70.34442449;0.0987;-0.1263;0.971;0.992
70.35472887;0.3661;0.0702;0.7784;0.868
70.36494714;0.2454;-0.0311;1.2075;1.239
70.38518318;0.2281;-0.145;0.9427;0.987
70.38725191;0.4733;-0.0059;1.0043;1.115
70.41342549;0.1457;0.0279;0.6092;0.634
70.41553599;0.3832;-0.1377;0.7859;0.89
70.41677064;0.6172;0.0277;1.1621;1.321
70.42582218;0.0712;-0.0903;0.5546;0.574
70.43445272;0.0354;-0.0461;1.0707;1.08
70.44445087;0.4152;-0.0854;0.9614;1.056
70.45463399;0.4033;0.0065;1.1939;1.266
70.46446526;0.2233;-0.0826;0.5387;0.594
70.48504495;0.2301;0.0046;1.1149;1.145
70.4865208;0.2943;-0.0497;1.0376;1.086
70.50891303;0.1255;-0.0684;1.049;1.066
70.51042164;0.3588;-0.0305;1.0619;1.127
70.51499849;0.1903;-0.135;0.9455;0.981
70.52819095;0.2371;-0.0765;1.0569;1.093
70.53495899;0.6017;-0.0832;0.7854;0.996
70.54497356;0.2875;0.0679;1.1505;1.194
70.55473841;0.1323;-0.1981;0.6296;0.679
70.56467268;0.3935;0.0872;1.2408;1.311
70.5846623;0.5648;-0.088;0.7739;0.965
70.5861766;0.2039;0.0062;0.8649;0.895
70.60856653;0.3944;-0.0738;0.5475;0.682
70.6102483;0.5286;0.0513;1.1121;1.237
70.61436468;0.2276;-0.0684;1.0744;1.107
70.62575445;0.2941;-0.0447;0.7095;0.775
70.63511553;0.1284;-0.031;1.0232;1.039
70.6449178;0.3623;-0.2421;0.8995;1.004
70.65448291;0.45;0.1258;1.266;1.355
70.66477618;0.1082;-0.0928;0.5637;0.588
70.68558056;0.1065;-0.1057;1.1644;1.182
70.68710441;0.2617;-0.0083;0.898;0.942
70.71731295;0.225;0.0265;1.231;1.259
70.71881568;0.2629;-0.1859;0.9873;1.045
70.71978483;0.2079;-0.071;1.1346;1.163
70.72849076;0.1941;0.0009;1.0381;1.063
70.73455433;0.4125;-0.1033;0.8952;0.996
70.74479976;0.4055;-0.0481;1.1715;1.246
70.75473126;0.0917;-0.1068;0.5805;0.604
70.76483268;0.3109;0.0297;1.2062;1.253
70.78570041;0.4369;-0.1689;0.9864;1.097
70.78746587;-0.0436;-0.0699;1.2857;1.297
70.81068295;0.2704;-0.1024;0.9933;1.041
70.81236814;0.7251;0.0391;1.4606;1.636
70.81454199;0.5741;-0.0779;0.5209;0.78
70.82572168;0.1423;0.044;0.1734;0.232
70.83475026;0.5242;0.135;0.329;0.633
70.84556168;0.758;-0.207;1.5441;1.737
70.85496406;0.0279;-0.1459;1.3776;1.393
70.8645343;0.0385;-0.0344;0.6905;0.7
70.8824641;0.3059;0.0004;1.4804;1.519
70.88498041;0.6121;-0.295;0.9527;1.173
70.9069508;0.1633;0.0335;0.4315;0.468
70.90825918;-0.2318;-0.3169;1.6554;1.71
70.91464883;0.1564;-0.1053;1.2757;1.297
70.9245701;-0.1727;-0.0327;1.1207;1.143
70.93459953;-0.0068;-0.1025;1.1583;1.171
70.94501541;0.7674;-0.2709;1.2419;1.488
70.95482256;0.7329;0.1737;0.9101;1.184
70.96480522;0.3329;-0.1615;0.4556;0.59
70.98815753;0.3883;0.0248;1.4416;1.5
70.99010703;0.2736;-0.1921;0.8666;0.935
70.99486614;0.4191;0.0493;1.2331;1.309
71.0044641;0.219;-0.1435;0.8588;0.904
71.01709322;-0.0095;-0.0254;1.1783;1.187
71.02891976;0.4405;-0.0768;0.6533;0.795
71.0348956;0.5751;-0.0332;1.1215;1.265
71.04510326;0.2643;-0.0303;0.9834;1.025
71.0544506;0.2399;-0.0757;0.6995;0.749
71.06452291;0.4192;-0.009;0.8987;0.997
71.08200133;0.3348;-0.2552;1.2161;1.293
71.08450903;0.3878;0.0931;1.3226;1.388
71.10571633;0.2031;-0.0342;0.5347;0.579
71.10792418;-0.0026;-0.0788;1.0933;1.104
71.11470395;0.6633;-0.1207;1.234;1.411
71.12483464;0.4323;0.1143;0.9696;1.073
71.13456303;0.332;-0.1298;0.3548;0.505
71.14446276;0.3876;0.0149;1.2728;1.337
71.15449641;0.2878;-0.0875;0.7181;0.784
71.16442756;0.4614;-0.0147;0.9172;1.031
71.18298533;0.3606;-0.0126;0.715;0.806
71.1848808;0.178;-0.1394;0.7325;0.773
71.20297672;0.2066;0.0358;1.0413;1.069
71.20494237;0.3489;-0.1046;0.9922;1.063
71.2143466;0.2039;-0.0971;1.1594;1.188
71.22449876;0.045;-0.0343;0.569;0.58
71.23452668;0.4044;0.0333;1.1951;1.268
71.24445449;0.419;-0.1429;0.6616;0.8
71.25451953;0.1082;-0.0177;0.9554;0.969
71.26473818;0.428;-0.0281;0.6414;0.775
71.28205183;0.2196;-0.1019;1.1267;1.159
71.28430164;0.1383;-0.1309;0.7186;0.75
71.30787356;0.3726;0.0452;0.734;0.829
71.3094351;0.5268;-0.0132;0.889;1.038
71.31472364;0.371;-0.0914;0.7481;0.845
71.3244271;0.2714;-0.0028;0.8242;0.874
71.3343053;0.2995;-0.041;0.7441;0.809
71.34543964;0.1963;-0.0105;1.1801;1.203
71.3548988;0.3965;-0.1255;0.6478;0.773
71.36491037;0.1223;0.0354;1.053;1.068
71.39225353;0.1213;-0.2003;0.7489;0.791
71.39559845;0.435;-0.0105;1.2536;1.333
71.39646964;0.2544;-0.0922;0.8242;0.873
71.40480987;0.0246;-0.1185;0.963;0.978
71.4187338;0.1331;0.0137;1.0702;1.086
71.4289758;0.3949;-0.1097;1.0557;1.138
71.43479603;0.3728;-0.0365;1.0959;1.164
71.44455418;0.2372;-0.0548;0.8947;0.934
71.45454895;0.1959;-0.0417;0.9882;1.015
71.46443422;0.4162;-0.1347;0.9494;1.05
71.4829196;0.5816;0.0032;1.5106;1.624
71.48510618;0.399;-0.1042;0.6232;0.751
71.50897837;0.1073;-0.0434;0.9571;0.972
71.51035672;0.4316;-0.0544;0.7576;0.878
71.51452349;0.5869;-0.0934;1.4492;1.572
71.52489656;0.3364;-0.0654;0.9818;1.046
71.53468414;-0.1245;-0.0211;0.9163;0.934
71.54453541;0.3066;-0.071;1.1882;1.236
71.55433656;0.653;-0.1923;1.3097;1.481
71.56425214;0.4063;0.1284;1.0509;1.14
71.58378741;0.3298;-0.1636;0.4939;0.619
71.58538706;0.2524;-0.0384;1.2678;1.3
71.6097566;0.3939;-0.2129;0.9215;1.029
71.61137983;0.2351;0.1204;1.3938;1.426
71.61486256;0.2056;-0.1722;0.728;0.782
71.62662572;0.2347;-0.018;1.4704;1.496
71.63483695;0.456;-0.1131;0.9951;1.105
71.64474533;0.4666;0.0487;1.0858;1.188
71.65464603;0.2042;-0.1248;0.8083;0.849
71.66457068;0.3303;-0.0589;1.3127;1.361
71.68104906;0.516;-0.0098;0.7922;0.949
71.68500556;0.2701;-0.1116;0.8081;0.865
71.70404995;0.4079;-0.0978;0.9068;1.004
71.70583772;0.4079;-0.0978;1.0583;1.144
71.71445718;0.1925;-0.0261;0.8391;0.868
71.72454437;0.2915;-0.0833;0.9041;0.959
71.73463595;0.5377;-0.0779;0.8993;1.055
71.74480929;0.4461;0.0368;1.2129;1.299
71.75671129;0.2376;-0.163;0.5815;0.654
71.76431599;-0.001;-0.043;1.4055;1.414
71.77587014;0.3524;-0.1684;0.9112;0.997
71.78444272;0.2904;0.0366;1.0589;1.105
71.80009722;0.1983;-0.1258;0.7065;0.75
71.80692279;0.2629;-0.1019;1.1603;1.201
71.82620076;0.4989;-0.0221;1.005;1.127
71.82770095;0.385;0.0265;0.7723;0.868
71.83452029;0.1369;-0.066;0.8743;0.895
71.84453379;0.4615;-0.141;1.2274;1.324
71.85634572;0.5675;0.1018;0.8676;1.046
71.86475179;0.4112;-0.0992;0.57;0.713
71.87689387;0.0439;-0.0684;1.3971;1.407
71.88470856;0.1444;-0.3156;0.9507;1.018
71.90095376;0.4455;0.1231;1.4644;1.542
71.92727118;0.3076;-0.1342;0.8014;0.874
71.92885033;0.1228;-0.0717;1.0087;1.026
71.92976618;0.2886;-0.0641;0.7493;0.811
71.9345896;0.7087;0.0811;1.2647;1.456
71.94490476;0.6236;-0.1341;0.7457;0.984
71.95680476;-0.1782;-0.0199;0.8937;0.921
71.96452218;0.2014;-0.1076;0.8804;0.916
71.97539406;0.977;-0.0966;1.301;1.633
71.98451756;0.5559;0.0684;0.7197;0.915
71.99761403;0.058;-0.0994;0.3224;0.349
72.0266966;0.231;-0.0889;1.2063;1.238
72.02830168;0.527;-0.1021;1.483;1.583
72.02936395;0.0071;0.011;0.8892;0.898
72.03453345;0.0002;-0.1285;0.9608;0.977
72.04488299;0.1963;-0.0807;1.5061;1.528
72.05627668;0.4882;-0.0816;0.58;0.765
72.06474395;0.5013;0.0972;0.8423;0.989
72.0744881;0.1632;-0.1502;0.5755;0.623
72.0850006;0.2857;0.0294;1.0933;1.137
72.10924283;0.4925;-0.0671;0.5661;0.756
72.11097203;0.2956;-0.0419;1.1079;1.154
72.11481999;0.2744;-0.07;0.8874;0.937
72.13073764;0.2736;0.027;0.774;0.827
72.13482129;0.4334;-0.1052;1.1262;1.217
72.14556072;0.2852;-0.0492;1.0487;1.094
72.15888614;0.1125;0.0322;0.6262;0.644
72.16450568;0.2814;-0.1224;0.6818;0.753
72.17440683;0.3112;-0.0916;1.3099;1.356
72.18452914;0.2259;-0.1294;0.7231;0.774
72.20067449;0.1169;0.0391;1.0216;1.037
72.22935041;0.2954;-0.1512;0.9588;1.02
72.23102537;0.2483;0.0059;1.2869;1.318
72.23198979;0.4435;-0.1278;0.7239;0.862
72.23445141;0.4409;0.0983;1.2254;1.312
72.24470233;0.3204;-0.2002;0.8971;0.979
72.25886083;0.2083;-0.0473;1.0676;1.096
72.26478137;0.1836;0.0187;0.559;0.595
72.27489699;0.4393;-0.0589;1.1385;1.227
72.28472064;0.5061;-0.1595;1.0098;1.145
72.29881106;0.3387;-0.0401;0.8177;0.891
72.32420668;0.1666;0.048;0.8703;0.894
72.32599972;0.5129;-0.1159;1.2408;1.353
72.3271331;0.6779;0.0169;1.0467;1.251
72.33475326;0.2031;-0.0423;0.8112;0.844
72.34478414;0.1863;-0.0706;1.1627;1.187
72.35598499;0.4025;-0.1915;0.9516;1.056
72.36454029;0.2982;0.0563;1.1494;1.195
72.37475295;0.2092;-0.2118;0.6348;0.706
72.38429749;0.0407;-0.0064;1.3141;1.323
72.39806153;0.3494;-0.1595;0.6795;0.785
72.42880168;0.5579;0.0404;1.0986;1.238
72.4305146;0.3821;-0.1091;0.9001;0.989
72.43140726;0.1749;0.0136;0.9096;0.933
72.43495895;0.355;-0.0707;0.6583;0.756
72.44446476;0.4102;-0.0579;1.3009;1.371
72.45830449;0.1524;-0.0602;1.116;1.135
72.46447806;0.2033;-0.0776;0.7944;0.83
72.47470091;0.2156;-0.0912;0.9058;0.942
72.48521422;0.4642;-0.1269;1.0203;1.133
72.49879206;0.1482;0.0305;0.6531;0.677
72.52416603;0.1482;-0.0679;0.6531;0.68
72.52585968;0.2278;-0.091;0.9337;0.972
72.52674895;0.3303;0.0428;0.9963;1.057
72.53494241;0.3541;-0.1995;0.5105;0.655
72.54427933;0.4294;0.0847;1.3021;1.38
72.55488564;0.3079;-0.1644;0.5373;0.644
72.56420091;0.2386;-0.0281;1.1407;1.173
72.57471879;0.4577;-0.0844;0.7192;0.86
72.58485395;0.1396;-0.0382;0.9124;0.931
72.59818129;0.1862;-0.0889;1.0662;1.093
72.6045586;0.4764;-0.0555;1.5086;1.589
72.62247956;0.2057;-0.0821;0.6064;0.651
72.62454483;0.0418;0.0214;0.9068;0.916
72.63465683;0.7273;-0.0594;0.9667;1.214
72.64440937;0.6655;-0.1424;0.9886;1.204
72.65540818;0.2145;0.0603;0.5226;0.574
72.6644951;0.3387;-0.0812;0.5372;0.644
72.67537337;0.216;0.0034;1.2889;1.314
72.68445714;0.2576;-0.1923;0.722;0.796
72.69743079;0.4367;0.1463;1.0748;1.175
72.72109214;0.0009;-0.2106;0.9277;0.959
72.72249322;0.1146;-0.0105;1.4533;1.466
72.72425941;0.4385;-0.0845;0.7154;0.847
72.73420087;0.1943;0.0001;1.1608;1.184
72.74445656;0.1367;-0.2101;0.7144;0.763
72.75511129;0.4131;0.1147;1.0586;1.148
72.76450456;0.4113;-0.1548;0.5535;0.709
72.77466445;0.179;-0.0299;1.0263;1.049
72.78468345;0.5072;-0.0275;0.8934;1.032
72.79509479;0.3425;0.0325;0.8643;0.936
72.81891676;0.2608;-0.1311;0.7486;0.809
72.82339433;0.3678;0.0043;1.2437;1.303
72.82439337;0.1212;-0.0116;0.9439;0.959
72.83431087;0.4773;-0.1472;0.8954;1.03
72.84444799;0.388;-0.0007;1.123;1.194
72.85591041;0.0353;-0.1566;0.7399;0.765
72.86424249;0.2209;-0.011;1.1123;1.141
72.87464702;0.3994;-0.0936;0.9538;1.043
72.88446006;0.2984;0.0126;1.0928;1.139
72.8948286;0.2031;-0.0832;0.6555;0.697
72.91516864;0.3077;-0.0101;1.3485;1.39
72.91900576;0.3569;-0.0927;0.8272;0.911
72.93434614;0.3492;-0.0963;0.8039;0.887
72.94430945;0.2287;-0.0537;1.3663;1.393
72.95456941;0.4798;-0.1167;0.8499;0.987
72.96465691;0.4289;0.0415;1.127;1.212
72.97453045;0.2416;-0.1187;0.6769;0.734
72.98432406;0.3351;0.0388;1.1228;1.179
72.99673849;0.4465;-0.0965;0.9526;1.061
73.01609468;0.3099;-0.0385;1.0793;1.13
73.01756776;0.2113;-0.0558;0.8698;0.903
73.02506987;0.3401;-0.1415;0.9536;1.028
73.03603876;0.3662;-0.0045;0.9858;1.057
73.04437487;0.3786;-0.1143;0.7747;0.874
73.0548556;0.2949;0.0117;1.0656;1.112
73.06439037;0.2383;-0.1739;1.0089;1.058
73.07425722;0.3038;0.0101;1.1446;1.191
73.08451802;0.2031;-0.1081;0.8364;0.874
73.09504876;0.318;-0.0026;1.3626;1.406
73.11738279;0.3905;-0.1582;0.7673;0.88
73.11886656;0.2906;0.0145;0.9524;1.002
73.12450991;0.253;-0.1252;0.5672;0.638
73.13454226;0.4018;0.0209;1.0875;1.165
73.14423426;0.4534;-0.1502;0.722;0.869
73.15592364;0.1565;-0.009;1.0007;1.02
73.16430245;0.3285;-0.0373;0.719;0.796
73.1743801;0.1868;-0.0374;1.221;1.243
73.18445699;0.4136;-0.1724;0.9246;1.032
73.19564083;0.2628;0.0506;1.1731;1.21
73.21928714;0.0553;-0.1448;0.6031;0.63
73.22080945;0.328;-0.1112;1.2632;1.316
73.22502752;0.2679;-0.1035;0.8526;0.906
73.23466091;0.1836;-0.0252;0.9299;0.955
73.24494995;0.3604;-0.086;0.8201;0.905
73.25466587;0.3418;0.0093;1.0442;1.105
73.26451249;0.2614;-0.1054;0.8741;0.924
73.27440933;0.4567;-0.0134;0.9607;1.069
73.28487949;0.3059;0.054;0.9514;1.007
73.29551429;0.1648;-0.1422;0.872;0.905
73.31948952;0.4547;-0.0621;1.1101;1.206
73.32100352;0.3104;-0.0272;0.8402;0.902
73.32501652;0.4829;-0.1347;0.9103;1.044
73.33472452;0.1857;0.0049;1.1645;1.186
73.34457168;0.2569;-0.0257;0.6578;0.712
73.35457326;0.3838;0.0795;1.1937;1.263
73.36435441;0.4176;-0.1996;0.909;1.025
73.3742811;0.144;-0.0287;1.3088;1.325
73.38477495;0.4503;-0.0291;0.609;0.761
73.39538368;0.2745;-0.0156;1.0392;1.081
73.42245283;0.222;-0.1467;0.9014;0.946
73.42405329;0.5559;0.063;1.2702;1.393
73.42534326;0.1998;-0.0342;0.5898;0.63
73.43481976;0.1998;-0.0949;1.2869;1.313
73.44489014;0.447;-0.0244;1.0291;1.127
73.45453906;0.176;-0.0762;1.005;1.03
73.46441972;0.2315;-0.1239;1.1956;1.231
73.47440437;0.4751;-0.1252;1.3836;1.474
73.48504049;0.3876;-0.0169;0.8546;0.944
73.50034279;-0.0349;-0.1093;0.4463;0.469
73.50451026;0.3586;0.0213;1.0209;1.088
73.51521495;0.6231;-0.103;1.1845;1.347
73.53463579;0.2378;-0.0649;0.9591;0.997
73.53625491;0.1732;-0.0628;0.9809;1.005
73.5445231;0.2822;-0.0557;1.034;1.08
73.55461549;0.753;-0.1368;0.7649;1.083
73.56435883;0.762;0.092;0.8771;1.168
73.57441991;0.2855;-0.1802;0.6549;0.741
73.58446333;-0.0708;-0.0646;1.199;1.211
73.5953946;0.2316;-0.1204;0.7028;0.755
73.61917852;0.302;-0.0585;1.3188;1.361
73.62054118;0.0417;-0.1716;0.8616;0.887
73.62485299;0.2388;0.009;1.1948;1.225
73.63449318;0.236;-0.155;0.7832;0.838
73.64497495;0.1246;-0.0967;1.3205;1.337
73.65581856;0.4622;-0.0952;0.781;0.916
73.66445737;0.3342;0.0078;1.0082;1.068
73.67478656;0.3544;-0.2464;0.733;0.855
73.69718637;0.3691;-0.0243;1.1829;1.245
73.69885891;0.3229;-0.0147;0.7454;0.818
73.72049506;0.2463;-0.0697;1.111;1.147
73.72216418;0.3371;-0.1213;0.9119;0.985
73.72481576;0.2858;-0.0503;1.0369;1.083
73.73617264;0.3839;-0.0315;0.8436;0.932
73.74443495;0.4432;-0.1241;0.8532;0.974
73.75482483;0.1713;-0.0395;0.8694;0.894
73.76437972;0.3178;-0.1209;0.9294;0.995
73.77482999;0.2879;0.0128;1.0931;1.137
73.79647756;0.1831;-0.13;0.9295;0.963
73.79830006;0.499;-0.0547;1.0126;1.135
73.82252664;0.338;-0.0274;1.0623;1.121
73.82414322;0.1437;-0.0583;1.0244;1.043
73.82541683;0.4613;-0.0715;0.9853;1.095
73.83706579;0.2571;-0.0708;1.1727;1.209
73.84487187;0.1031;-0.188;0.6552;0.696
73.85566802;0.4874;0.0087;1.0986;1.207
73.86442345;0.4119;-0.1186;0.7603;0.877
73.87471991;0.1256;-0.0794;1.0078;1.026
73.89468564;0.5573;0.0244;0.8888;1.053
73.89614483;0.0909;-0.063;1.0125;1.026
73.91935499;0.1798;-0.1881;0.7651;0.814
73.9209011;0.5573;0.0941;1.3965;1.512
73.92470129;0.2901;-0.1885;0.8019;0.879
73.93860275;0.1338;-0.1713;1.1141;1.142
73.94492725;0.3775;0.0112;0.8344;0.921
73.95544095;0.2858;-0.1241;1.0468;1.098
73.9644226;0.3308;-0.0872;0.8346;0.907
73.97441068;0.5127;0.0424;1.0001;1.129
73.99597725;0.16;-0.0803;0.5241;0.56
73.99810391;0.0858;-0.1016;1.0424;1.058
74.02807749;0.6192;0.0056;1.1301;1.293
74.02977179;0.297;-0.0204;0.855;0.911
74.03066783;0.141;-0.1914;0.6825;0.729
74.04112829;0.4816;-0.074;1.0545;1.167
74.04489318;0.4471;0.1081;0.9238;1.037
74.05462825;0.2588;-0.1342;0.6957;0.76
74.06446345;0.1583;-0.0468;1.1275;1.147
74.0744506;-0.0409;-0.1415;1.0773;1.096
74.09338722;0.1717;0.0325;0.9045;0.928
74.09498183;0.61;-0.1309;0.9045;1.102
74.11869002;0.1963;-0.0039;1.0359;1.061
74.12009691;0.147;-0.1501;0.673;0.711
74.12451764;0.6098;0.0616;0.8468;1.049
74.13845199;0.1692;0.0404;0.9153;0.939
74.14494525;0.3678;-0.0971;0.5367;0.661
74.15456137;0.4815;0.097;1.1114;1.22
74.16433649;0.3673;-0.1697;0.5623;0.696
74.17466333;0.2221;0.0353;1.0202;1.052
74.19372122;0.0359;-0.1857;0.6986;0.731
74.19581222;0.1444;-0.0354;1.472;1.487
74.21891979;0.4795;-0.1466;0.8333;0.976
74.22032625;0.1583;0.0391;1.1621;1.181
74.22548406;0.1099;-0.2051;0.9036;0.94
74.23612225;0.3636;0.0585;1.1382;1.202
74.2451931;0.2745;-0.1302;0.7948;0.856
74.25470306;0.1692;-0.0792;1.381;1.401
74.26433452;0.2402;-0.0923;0.9299;0.971
74.27447491;0.3227;-0.0519;1.0125;1.07
74.29335829;0.3688;-0.1561;0.742;0.848
74.29554595;0.6393;-0.038;1.2314;1.393
74.31684475;0.2726;-0.0228;0.8048;0.856
74.32141233;0.199;-0.0265;0.8301;0.861
74.3243856;0.579;-0.0694;1.1941;1.334
74.33651487;0.2537;-0.1311;1.2446;1.284
74.34439318;0.4137;-0.0299;1.1581;1.236
74.35496033;0.3815;-0.0572;0.8113;0.903
74.36496141;-0.0843;-0.1121;0.8761;0.896
74.37474137;0.3826;-0.147;1.1022;1.182
74.39751318;0.5658;0.065;1.4283;1.543
74.39929541;0.1246;-0.1339;0.8957;0.921
74.42558175;0.1094;-0.0882;0.854;0.873
74.4271106;0.5673;-0.0849;1.3375;1.461
74.42805552;0.5375;0.0507;1.0375;1.174
74.43683537;0.5691;-0.0818;0.5456;0.794
74.44480552;0.4165;-0.0485;1.155;1.234
74.45476483;0.2303;-0.1484;0.6553;0.716
74.46470987;0.3579;0.0202;1.0525;1.118
74.47453264;0.4124;0.012;0.8976;0.993
74.49352218;0.1652;-0.1539;1.1791;1.208
74.49534049;0.1388;-0.026;0.7773;0.797
74.51969891;0.2574;0.075;1.0796;1.119
74.52142975;0.4124;-0.1277;0.6555;0.788
74.52487745;0.2183;-0.0182;0.9619;0.993
74.53794906;0.2708;-0.0606;0.5574;0.627
74.54522183;0.1776;-0.0524;1.1116;1.134
74.55468083;0.2343;-0.1395;0.8206;0.871
74.56475545;0.2866;0.0479;1.0534;1.099
74.57436383;0.165;-0.1544;0.8463;0.883
74.59715025;0.1863;-0.0065;1.3389;1.359
74.59871733;0.3784;-0.1022;0.8118;0.906
74.62025637;0.2435;0.0487;1.0617;1.097
74.62188225;0.1473;-0.1215;0.4819;0.524
74.62490656;0.4838;0.0244;0.7291;0.879
74.63539333;0.4443;-0.0264;0.4911;0.665
74.64444975;0.2965;-0.0307;0.7016;0.768
74.65445272;0.2656;-0.0114;0.822;0.87
74.66431114;0.2066;-0.0332;1.0458;1.073
74.67465337;0.3329;-0.0581;0.7369;0.816
74.69336495;0.4922;-0.0771;1.0589;1.175
74.69524468;0.381;0.042;1.0055;1.082
74.71823479;-0.0264;-0.1577;0.7777;0.802
74.71965933;0.1473;-0.0975;1.0254;1.048
74.72452729;0.2051;-0.106;1.1456;1.176
74.73694895;-0.1031;0.0059;1.0888;1.102
74.74473729;0.2246;-0.1134;0.8612;0.903
74.75498406;0.3636;0.0062;1.0717;1.138
74.7646976;0.3701;-0.1246;1.0768;1.151
74.77448683;0.4347;0.0639;1.0883;1.179
74.79336249;0.4484;-0.1589;0.7947;0.93
74.79526045;0.3182;-0.0116;1.0881;1.14
74.81832714;0.5244;-0.1325;0.6515;0.849
74.81980864;0.5374;0.0914;1.2246;1.346
74.82484052;0.0562;-0.2546;0.8058;0.854
74.83551572;0.3139;0.0055;1.3337;1.377
74.84442137;0.2016;-0.0989;0.9533;0.986
74.85472372;-0.0142;0.0084;1.462;1.47
74.86423868;0.6459;-0.1727;0.9279;1.147
74.87468533;0.384;0.1413;0.9265;1.018
74.89342241;0.0796;-0.2538;0.4348;0.515
74.89499318;0.558;0.038;1.352;1.469
74.91884618;0.3761;-0.055;0.6923;0.794
74.9202906;0.0202;-0.1043;1.0779;1.091
74.92537052;0.3446;-0.0745;1.1758;1.234
74.93690052;0.3446;-0.0745;0.6272;0.724
74.94479248;0.6021;-0.0513;1.4429;1.57
74.95528248;0.0737;-0.049;0.7752;0.788
74.96445552;-0.0066;-0.1638;0.8842;0.907
74.97442272;0.4562;-0.0546;0.9333;1.045
74.99446179;0.0324;-0.0624;1.3114;1.321
74.99600545;0.191;-0.0912;0.7201;0.757
75.01867775;0.5012;0.0464;1.045;1.165
75.01989329;0.2751;-0.2085;0.9099;0.979
75.02449245;0.2499;0.0348;1.0277;1.065
75.03509764;0.5762;-0.0209;0.7259;0.93
75.04452883;0.301;-0.1088;1.001;1.057
75.05466618;0.0859;-0.2295;0.8401;0.882
75.06422029;0.4352;0.0357;1.1388;1.225
75.07449864;0.2117;-0.0231;0.8846;0.916
75.09220583;0.0971;-0.0997;1.1628;1.179
75.09468145;0.3864;-0.0793;0.9208;1.007
75.11289302;0.4354;-0.0392;1.0915;1.181
75.11475772;0.3149;-0.0882;0.8703;0.935
75.12477806;0.35;-0.0446;0.6502;0.744
75.13553268;0.2733;-0.1371;0.9414;0.996
75.14454006;0.2789;-0.1555;1.1215;1.172
75.15457572;0.444;-0.0086;0.9575;1.06
75.16450314;0.2741;-0.036;0.8344;0.885
75.17427075;0.2383;-0.1548;1.1149;1.157
75.19388533;0.5488;-0.0667;0.9364;1.091
75.19602333;0.4223;0.1852;0.762;0.895
75.21971818;0.2023;-0.2606;0.7994;0.871
75.22141125;0.1397;-0.0983;1.2216;1.241
75.22477429;0.3583;-0.1244;0.6266;0.736
75.2367241;0.2453;0.0388;1.1185;1.153
75.24451198;0.0665;-0.3254;1.1301;1.185
75.25442818;0.2314;0.0481;1.2761;1.305
75.26449772;0.1779;-0.0561;0.8846;0.911
75.27498214;0.3628;-0.0683;1.2921;1.35
75.29430529;0.2844;-0.1917;0.707;0.791
75.29605095;0.3347;0.0226;0.9166;0.982
75.32025618;0.4831;-0.1222;0.781;0.93
75.32187091;0.2138;-0.0694;1.0215;1.053
75.32473406;0.2207;-0.0899;0.5861;0.638
75.33451041;0.3705;-0.0112;1.3297;1.387
75.34442525;0.4033;-0.1532;0.9618;1.059
75.35445718;0.2027;0.0854;1.1071;1.136
75.36453848;0.3298;-0.1722;0.7465;0.839
75.37431156;0.2552;-0.1437;1.3938;1.431
75.39456887;0.2882;-0.0787;0.734;0.798
75.3962911;0.3408;0.0663;0.8236;0.899
75.42180422;0.3448;-0.1979;0.5909;0.716
75.42325637;0.3976;-0.1212;1.1638;1.242
75.42516102;0.3656;0.0886;0.6809;0.783
75.43458841;0.2597;0.0044;1.1079;1.145
75.44441672;0.2351;-0.2376;0.921;0.986
75.45458691;0.1827;-0.0687;1.4566;1.477
75.46482791;0.4507;-0.0756;0.8578;0.976
75.47443452;0.369;-0.0285;1.2344;1.295
75.49364018;0.0953;-0.1553;0.7973;0.825
75.4954416;0.0865;-0.0161;0.935;0.947
75.52139418;0.2821;-0.0986;0.977;1.028
75.5228526;0.2607;-0.088;1.5088;1.541
75.52441879;0.3777;-0.0699;0.8563;0.944
75.53487737;0.2101;-0.0404;0.9459;0.977
75.54433914;0.2959;-0.1435;0.7971;0.868
75.5544921;0.8728;-0.0126;1.1019;1.408
75.56481998;0.3977;0.0344;0.6054;0.729
75.57429575;-0.0148;-0.195;1.1091;1.134
75.59278037;0.2554;-0.0977;1.0336;1.076
75.59452575;0.3484;0.016;1.208;1.264
75.61815756;0.3451;-0.1255;1.0861;1.152
75.61968272;0.1603;-0.0908;1.3224;1.342
75.62435641;0.1215;-0.0625;0.8821;0.9
75.63452422;0.396;-0.0467;0.85;0.944
75.64441456;0.5099;-0.0927;0.8874;1.032
75.65444579;0.2989;-0.0959;0.7468;0.815
75.66627291;0.2413;0.0166;0.7283;0.773
75.67445029;0.4858;-0.0224;1.0506;1.163
75.68437102;0.1884;-0.0897;1.0145;1.043
75.69464252;0.3263;-0.12;0.9952;1.06
75.7105561;0.447;0.0767;0.9753;1.081
75.73956687;0.3211;-0.1455;0.6947;0.784
75.74120583;0.2101;-0.0338;0.7716;0.807
75.74213729;0.2101;-0.1229;0.7716;0.815
75.74452075;0.0392;-0.0454;0.8888;0.899
75.75510095;0.207;-0.096;1.2244;1.253
75.76631187;0.1611;-0.0624;1.0507;1.072
75.7744176;0.3147;-0.0013;1.1201;1.17
75.78471914;0.6138;-0.0985;0.4562;0.771
75.79446333;0.1528;-0.0189;1.0555;1.074
75.80780614;0.2121;-0.1306;0.6367;0.689
75.83316095;0.4633;0.0137;0.9415;1.054
75.83475283;0.3776;-0.0887;0.8116;0.904
75.83560687;0.1909;-0.118;1.0912;1.121
75.84440529;0.3589;-0.023;0.658;0.754
75.8548406;0.2222;0.0545;1.149;1.179
75.86624487;0.329;-0.1466;0.8717;0.949
75.8743741;0.4565;-0.0362;1.1529;1.246
75.88577464;0.1278;-0.0914;0.5467;0.575
75.89438387;0.1628;-0.0965;1.1749;1.197
75.90480633;0.3961;-0.0644;0.8429;0.938
75.92704018;0.1386;-0.0371;1.052;1.069
75.92878341;0.2476;-0.0906;0.7608;0.811
75.94938583;0.2529;0.0138;1.1987;1.232
75.95078248;0.2795;-0.1251;0.9621;1.016
75.95519714;0.333;-0.0148;1.0611;1.118
75.96659048;0.3492;-0.073;0.721;0.809
75.9748336;0.2008;-0.0183;0.8229;0.854
75.98471091;0.3183;-0.1198;0.8825;0.951
75.99508114;0.3624;-0.1068;1.087;1.157
76.01373179;0.1724;0.0065;0.9056;0.929
76.01611845;0.383;-0.0804;0.8934;0.98
76.02481041;0.31;-0.0217;0.8414;0.903
76.04088248;0.2552;-0.1018;0.8149;0.866
76.04490206;0.3468;0.1146;0.8609;0.941
76.05476095;0.2703;-0.1945;0.7837;0.857
76.06606071;0.3009;-0.0901;1.2157;1.262
76.07433795;0.1446;-0.0496;0.7519;0.774
76.08468102;0.0392;-0.0395;0.9654;0.975
76.09451441;0.401;-0.1421;1.1743;1.255
76.10475068;0.411;-0.0616;1.4333;1.499
76.12844856;-0.0084;-0.0833;0.6344;0.648
76.1313206;0.0754;-0.0231;1.189;1.199
76.13504037;0.4995;-0.2469;1.0186;1.165
76.14487633;0.3617;0.0536;0.9849;1.056
76.1568431;0.2474;-0.0186;0.1946;0.316
76.16737629;0.0257;-0.0735;0.9685;0.98
76.17479018;0.4474;-0.2274;1.1761;1.284
76.18441114;0.7815;0.0607;1.1672;1.41
76.19455979;0.3301;0.0217;0.3073;0.453
76.20981618;-0.0486;-0.0001;0.6944;0.705
76.23458671;0.6842;-0.1501;0.9861;1.213
76.23618379;0.7109;0.0602;1.3103;1.496
76.23731587;-0.1888;-0.1413;0.4063;0.479
76.24425645;-0.2713;-0.1341;1.4538;1.494
76.25464691;0.3152;-0.2439;1.2405;1.309
76.26515468;0.3502;-0.0221;1.3505;1.402
76.27440637;0.0695;-0.0342;0.8788;0.89
76.28419152;-0.0715;-0.2147;1.2761;1.304
76.29468787;0.1907;-0.0959;1.1124;1.14
76.30722679;0.3193;0.0408;1.1156;1.167
76.32992037;0.2984;-0.1245;0.8065;0.874
76.33139506;0.3065;-0.1616;1.0629;1.124
76.33432345;0.5702;-0.0557;0.7501;0.947
76.34448237;0.7561;0.0755;0.8949;1.177
76.35457225;0.5077;-0.0805;0.6434;0.826
76.36450641;0.6953;-0.0534;0.9627;1.192
76.37439675;0.5084;0.0204;0.9437;1.077
76.38450575;0.2016;-0.1582;0.8792;0.922
76.39453498;0.0825;0.0611;1.193;1.205
76.40594183;0.1405;-0.2257;0.9596;1.002
76.43082818;0.1141;-0.1207;1.1688;1.188
76.43244648;0.0743;-0.0556;0.8427;0.855
76.43471764;0.0243;-0.073;1.0054;1.016
76.44470706;0.1459;-0.157;0.979;1.009
76.45444033;0.4272;-0.0652;1.0821;1.171
76.46578137;0.2619;0.0386;0.8046;0.853
76.4743721;0.1876;-0.0501;0.8731;0.901
76.48454571;0.7475;-0.2182;0.9807;1.255
76.4947626;0.4645;-0.0035;1.1103;1.209
76.51033425;0.2185;-0.1328;0.9411;0.982
76.54959625;0.177;0.0329;0.9411;0.965
76.55125468;0.3462;-0.1399;0.9586;1.034
76.55233245;0.3501;-0.0583;0.9933;1.061
76.55351129;-0.0281;0.0132;0.6427;0.652
76.55522179;0.4361;-0.1951;1.4114;1.496
76.56806787;0.234;-0.0766;1.2316;1.263
76.58490779;0.2916;-0.0927;0.97;1.023
76.59453921;0.64;-0.0788;0.7227;0.971
76.60831279;0.3095;-0.0027;0.9089;0.966
76.63720321;0.1965;-0.0878;0.782;0.817
76.63892441;0.1063;-0.1255;1.311;1.329
76.63996614;0.67;-0.0672;0.8311;1.072
76.64435552;0.8646;0.0677;1.0075;1.332
76.65445083;0.3746;-0.1523;0.5813;0.711
76.66435933;0.331;-0.0417;1.0921;1.148
76.67444906;0.3619;-0.0506;0.8888;0.966
76.68435295;-0.1147;-0.1417;1.3128;1.334
76.69467271;-0.2438;-0.1463;1.2483;1.289
76.70508133;0.3178;-0.0396;1.1598;1.21
76.72955241;0.2573;-0.0456;1.1049;1.142
76.73083233;0.2124;-0.1165;0.8979;0.936
76.73456302;0.3683;0.0319;0.609;0.716
76.74433456;0.2934;-0.0316;0.7416;0.804
76.75474979;0.4128;-0.1813;1.2392;1.324
76.76454706;0.3419;-0.0017;1.1854;1.24
76.77498798;0.2532;-0.0402;0.7101;0.761
76.78447683;0.5127;-0.0509;0.7737;0.933
76.79474695;0.6406;-0.0316;0.792;1.022
76.80963721;0.4962;0.0528;0.671;0.839
76.83379087;-0.1193;0.1263;0.8814;0.907
76.83538733;0.0291;-0.311;1.0436;1.097
76.83625171;0.1314;0.0055;1.8095;1.822
76.84434598;0.0528;-0.2317;0.7068;0.753
76.85489071;0.2243;0.0326;1.2493;1.277
76.86669998;0.2337;-0.1709;0.9449;0.994
76.8745191;0.0976;-0.0798;1.0639;1.079
76.88437841;0.0752;-0.0575;0.7132;0.727
76.89583702;0.1175;-0.0098;1.3027;1.316
76.91019706;0.1073;-0.1799;1.0393;1.067
76.91489298;0.4035;-0.0687;1.3345;1.402
76.92500633;0.4744;-0.0762;0.5993;0.771
76.93793925;0.3133;0.0303;1.1768;1.225
76.94470002;0.9694;-0.2028;1.0872;1.473
76.95486598;0.8365;0.1091;0.9995;1.311
76.96560191;0.0067;-0.0164;0.0021;0.018
76.97461152;0.0424;-0.0602;0.8512;0.862
76.98422552;0.7571;-0.1424;1.7851;1.949
76.99557821;0.2492;-0.0583;1.2089;1.242
77.00811698;-0.3112;0.0144;0.2076;0.384
77.02910514;0.1422;-0.2261;1.0656;1.105
77.03057544;0.8084;-0.1096;1.4992;1.711
77.03442729;0.7467;0.0822;0.6404;0.988
77.04558198;-0.2802;0.0413;0.6017;0.675
77.05468441;-0.3583;-0.3647;1.5968;1.685
77.06512514;0.4804;-0.0319;1.4551;1.539
77.07447791;0.3495;0.0342;0.556;0.662
77.08431552;0.0232;-0.0496;0.8543;0.864
77.10791883;0.1852;-0.2114;1.2518;1.29
77.10957144;0.6679;-0.0222;1.0988;1.29
77.13085787;0.4203;0.0481;0.6266;0.76
77.13231341;-0.0173;-0.0816;1.0502;1.062
77.1347891;0.4569;-0.0752;0.7226;0.862
77.14479344;0.5977;0.0706;0.9026;1.089
77.15469991;0.2934;-0.0508;0.7481;0.811
77.16484337;-0.0315;-0.1333;1.1917;1.208
77.17458044;0.2073;-0.096;0.7423;0.783
77.1847801;0.0805;-0.038;1.163;1.174
77.19476125;0.3233;-0.0748;0.7138;0.792
77.20793441;0.3713;-0.0285;0.9375;1.014
77.2378861;0.0756;-0.1217;0.8498;0.869
77.23929006;0.3797;-0.1087;1.3292;1.393
77.2402806;0.2435;0.0084;0.72;0.766
77.24482537;0.0246;0.0321;0.9317;0.941
77.25485506;0.4565;-0.1419;0.8424;0.973
77.26455748;0.5181;-0.0059;1.1066;1.227
77.27455991;0.2874;-0.0092;0.62;0.688
77.28448064;0.1695;-0.0304;0.9596;0.982
77.30747144;0.1537;-0.1548;1.1731;1.2
77.30934418;0.2676;-0.1368;0.9464;0.999
77.33143494;0.4567;0.1468;1.0404;1.151
77.33305598;0.3279;-0.1616;0.9287;1.004
77.33496941;-0.03;-0.058;1.0458;1.056
77.34997814;0.4124;-0.0542;0.964;1.055
77.35441594;0.3354;0.0986;0.9951;1.061
77.36622583;0.4644;-0.0321;1.1465;1.243
77.37456729;0.483;-0.0663;0.5381;0.728
77.38469952;0.2956;0.066;0.855;0.913
77.40385248;0.4714;-0.1046;0.894;1.02
77.40573464;0.2613;0.0288;1.339;1.372
77.4306666;0.0292;-0.1284;0.4895;0.514
77.4322111;0.1749;0.097;1.3209;1.343
77.43497556;0.3445;-0.2459;0.9921;1.084
77.45034468;0.2306;0.0436;1.0656;1.098
77.45495748;0.2577;-0.065;0.5912;0.653
77.46657568;0.1399;-0.0636;1.1891;1.206
77.47464171;0.2049;-0.1738;0.9423;0.986
77.48504841;0.3572;0.0171;0.8901;0.965
77.50522883;0.2169;-0.0162;0.77;0.806
77.50672171;0.1633;-0.1187;1.1438;1.169
77.53273698;0.4086;-0.0324;0.8676;0.964
77.53440444;0.2185;-0.0369;1.0828;1.112
77.53547594;-0.0702;-0.0329;1.2702;1.281
77.54663921;0.2902;-0.2436;0.8169;0.906
77.55538183;0.3871;0.0368;1.2013;1.269
77.56596279;0.4341;-0.1163;0.6756;0.815
77.5744481;0.175;0.0232;0.6841;0.713
77.58508352;0.1699;-0.0867;0.5061;0.547
77.60476464;0.5922;-0.0259;1.3793;1.506
77.60690518;0.3374;-0.0656;0.8858;0.956
77.63068029;-0.0149;0.0225;0.7928;0.802
77.63231298;0.3558;-0.1285;0.7646;0.858
77.63479568;0.5857;-0.0801;1.4708;1.591
77.64654337;0.2609;-0.0401;0.8549;0.901
77.65454356;-0.1096;-0.0465;1.0303;1.046
77.66487741;0.0167;-0.2488;0.9587;0.998
77.67453275;0.2709;-0.0892;1.4913;1.525
77.68438868;0.5497;0.0114;0.7787;0.957
77.70279702;0.1352;-0.0772;0.7978;0.82
77.70494841;0.1533;-0.0524;0.774;0.798
77.72673379;0.6211;-0.0525;0.9581;1.147
77.72816033;0.3308;0.0329;0.9598;1.022
77.73455533;0.2185;-0.1642;0.8198;0.87
77.74649941;0.184;0.0026;0.9406;0.965
77.75472794;0.2242;-0.1842;0.9268;0.977
77.76478848;0.2119;-0.0213;1.3312;1.355
77.77448429;0.182;-0.1279;0.9906;1.022
77.78444171;0.1572;-0.0314;1.1947;1.213
77.79461587;0.1765;-0.0491;0.7976;0.825
77.80667002;0.2483;-0.0166;1.1108;1.145
77.82970787;0.2961;-0.1677;0.6883;0.773
77.83117879;0.3694;0.0029;1.3687;1.424
77.83455491;0.2458;-0.1313;0.7019;0.761
77.84451387;0.1019;0.0029;1.0602;1.073
77.85464571;0.4438;-0.1509;0.795;0.927
77.86443983;0.5774;0.0024;1.0834;1.232
77.87466583;0.3997;-0.0013;0.891;0.982
77.88455664;0.0275;-0.0672;1.012;1.023
77.89475844;0.0864;-0.0843;0.941;0.956
77.90783183;0.2808;-0.1064;1.1796;1.224
77.93520118;0.2329;0.0403;1.0983;1.13
77.93683714;0.2715;-0.1599;0.9068;0.966
77.93774241;0.1803;-0.0867;1.1184;1.143
77.94640568;0.3773;-0.1435;0.9638;1.05
77.95452541;0.221;0.0288;1.2145;1.242
77.96611256;0.2199;-0.0493;0.6629;0.706
77.97473898;0.2844;-0.0373;1.1516;1.193
77.98507479;0.1823;-0.133;1.0154;1.047
78.01065679;0.2494;-0.0116;1.4711;1.499
78.01244814;0.2613;-0.0853;0.7805;0.833
78.01478702;0.079;-0.0704;1.1076;1.12
78.02451348;0.3759;-0.0977;1.0337;1.11
78.03956441;0.5993;-0.0472;1.0774;1.238
78.04997837;0.3216;-0.0382;0.5484;0.641
78.05441971;0.0748;-0.0845;0.9397;0.954
78.06449737;0.3943;-0.0844;1.3572;1.422
78.07464521;0.2934;-0.0972;1.0044;1.057
78.0842711;0.1581;0.0419;0.8446;0.867
78.10276941;0.2764;-0.1228;0.9772;1.029
78.10499167;0.2904;-0.0368;1.2147;1.256
78.12761314;0.4279;-0.0992;0.7642;0.886
78.12932094;0.1925;0.0854;1.0107;1.04
78.13466391;0.0908;-0.2618;0.7079;0.767
78.1475146;0.1956;0.0128;1.3551;1.377
78.16499717;0.1186;-0.0568;0.8059;0.824
78.17701275;0.2902;-0.0226;1.2922;1.331
78.18447948;0.3579;-0.1092;0.8771;0.959
78.20658225;0.0811;-0.0364;1.0209;1.032
78.20841291;0.0677;-0.039;0.9329;0.944
78.24374525;0.3315;-0.151;1.1074;1.172
78.24572852;0.286;-0.0614;0.9768;1.026
78.24666671;0.191;-0.0331;0.7072;0.74
78.24932564;0.053;-0.0837;1.2045;1.216
78.2544316;0.2678;-0.1737;1.077;1.13
78.26480621;0.4344;0.0719;1.0072;1.105
78.27530817;0.1923;-0.0462;0.5996;0.637
78.28439071;0.178;-0.043;1.3346;1.354
78.30616637;0.6479;-0.1474;0.7596;1.011
78.30780998;0.3586;0.073;0.9131;0.989
78.33346475;0.211;-0.0451;0.5927;0.636
78.33514675;0.3043;-0.0685;0.9945;1.048
78.33618129;0.2172;-0.0431;0.851;0.886
78.34523302;0.3732;-0.1372;0.8634;0.956
78.35473421;0.2184;0.0818;1.3391;1.367
78.36473744;0.0067;-0.2912;0.8421;0.898
78.37463848;0.1647;0.0706;1.2233;1.244
78.38488533;0.3163;-0.0164;0.9012;0.961
78.41186929;0.1021;-0.0872;1.1832;1.198
78.41476767;0.1965;-0.1262;0.9134;0.949
78.41592483;0.284;-0.0599;1.3238;1.362
78.42496437;0.0485;-0.0759;0.8335;0.846
78.44513494;0.3946;-0.0528;0.8776;0.969
78.44708033;0.4394;0.0447;0.7931;0.912
78.45458702;0.1588;-0.1572;0.8032;0.84
78.46455925;0.3595;-0.0404;1.1176;1.181
78.47471525;0.2668;0.0055;0.8672;0.914
78.4848611;-0.0228;-0.1154;1.0937;1.108
78.50846087;0.3242;-0.096;0.9646;1.028
78.51022179;0.2736;0.0672;1.227;1.266
78.51489579;0.2227;-0.1831;0.6304;0.698
78.52441348;0.2899;-0.0083;1.444;1.48
78.53512552;0.2329;-0.1559;0.9234;0.971
78.54543479;0.0934;-0.0418;1.1052;1.118
78.55452587;0.452;-0.0734;0.8286;0.951
78.56505025;0.3819;-0.0077;0.9636;1.042
78.57451014;0.1752;-0.0316;0.8377;0.863
78.58452741;0.5348;-0.03;0.9304;1.078
78.60452429;0.2911;0.0285;0.8388;0.894
78.60612856;0.0883;-0.1901;0.8522;0.885
78.63011717;0.3029;0.086;1.4735;1.514
78.63163744;0.2779;-0.1407;0.7172;0.787
78.63438871;0.0872;-0.0469;1.0502;1.063
78.64706737;0.4632;-0.0724;0.773;0.908
78.6545741;0.3674;-0.0595;1.2116;1.274
78.66446048;0.0733;-0.0279;0.6861;0.698
78.67444329;0.2895;-0.1868;0.859;0.931
78.68439264;0.2325;0.0961;1.1908;1.224
78.70401714;0.0723;-0.1952;0.6753;0.714
78.7059876;0.3599;0.0807;1.1009;1.167
78.72913452;0.2819;-0.119;0.6533;0.726
78.73064725;0.0961;0.0107;1.2185;1.23
78.73467141;0.366;-0.1691;0.8396;0.936
78.74629144;0.225;0.0282;1.1777;1.206
78.75439283;-0.1279;-0.1197;0.6953;0.726
78.76430229;0.3604;-0.0745;1.1412;1.205
78.77466544;0.562;-0.0722;1.0203;1.171
78.78445706;0.0617;-0.117;0.7392;0.758
78.80094933;0.2177;0.0349;0.948;0.98
78.80489017;0.2862;-0.1531;0.9726;1.031
78.82313687;0.0398;-0.0453;1.2143;1.224
78.82566748;0.4507;-0.0836;0.723;0.86
78.83428983;0.1805;0.0404;1.15;1.172
78.84615091;0.1935;-0.2007;0.7981;0.851
78.85434471;0.3955;0.0029;1.0925;1.168
78.86481829;0.2425;0.0347;0.7856;0.829
78.87634256;0.0795;-0.2767;1.0755;1.121
78.88478021;0.2944;0.0594;1.2822;1.324
78.89616729;0.3446;-0.1724;0.6184;0.732
78.90441675;0.1688;0.0683;1.0853;1.108
78.92013217;0.3946;-0.1564;0.934;1.031
78.95255102;0.3817;-0.0754;1.3121;1.375
78.95498998;0.1667;0.0147;0.8273;0.851
78.95617517;0.0745;-0.0387;0.8498;0.862
78.95747217;0.2609;-0.0899;0.8498;0.899
78.96488071;0.4471;-0.1415;0.9167;1.034
78.97457494;0.46;0.114;0.7326;0.877
78.9842816;0.0283;-0.0298;1.2257;1.235
79.00574429;0.414;-0.1947;0.7984;0.924
79.00887833;0.4671;0.1158;1.3147;1.406
79.02624414;0.2276;-0.1419;0.7022;0.757
79.02759417;0.1786;-0.1208;1.0816;1.11
79.03449848;0.3538;0.0154;1.0077;1.074
79.04558271;0.211;-0.0855;1.0033;1.036
79.05452441;0.2417;0.0625;1.0316;1.068
79.06482675;0.101;-0.1937;0.8086;0.844
79.07472652;0.2105;0.0562;1.2537;1.28
79.08495102;0.3991;-0.1186;0.7776;0.886
79.10274748;0.2386;0.0186;1.1987;1.229
79.10527129;0.1459;-0.2332;0.8077;0.86
79.13215114;0.2668;0.0386;1.3573;1.391
79.13415121;0.253;-0.1462;0.8022;0.86
79.13522644;0.2607;-0.12;0.9537;1.002
79.14494237;0.4685;0.109;1.0326;1.144
79.15448675;0.2973;-0.2579;0.62;0.738
79.16455621;0.1225;0.1239;1.1098;1.131
79.1767879;0.2708;-0.1528;0.707;0.778
79.18444687;0.1615;0.0129;1.225;1.243
79.19472371;0.4333;-0.133;0.8515;0.969
79.20487648;0.312;0.0133;1.1171;1.166
79.22273664;0.0691;-0.0253;0.6596;0.671
79.2261669;0.3441;-0.1698;1.1934;1.26
79.23481379;0.3605;0.0155;1.2536;1.311
79.25209625;0.0723;-0.2609;0.6944;0.752
79.25503433;-0.007;0.0997;1.2852;1.298
79.26500567;0.3931;-0.2209;0.9399;1.047
79.27755864;0.4655;-0.0971;1.161;1.26
79.28477848;0.1797;-0.0276;0.639;0.671
79.29554102;0.1545;0.016;1.0763;1.095
79.30469583;0.2993;-0.0942;1.0518;1.104
79.31530725;0.4608;-0.2063;0.8568;0.999
79.33836733;0.2355;0.1665;1.0632;1.109
79.34057133;0.175;-0.1714;0.5074;0.569
79.37506521;0.2511;-0.0387;1.4605;1.49
79.37770344;0.4163;-0.1543;0.9541;1.057
79.37873664;0.213;-0.0599;1.0859;1.115
79.37967925;0.0252;-0.0454;0.8921;0.902
79.38480256;0.4162;-0.1233;0.8942;0.999
79.39503725;0.4633;0.0202;1.0173;1.123
79.40490444;0.1643;-0.1418;0.7537;0.791
79.41889425;0.1742;0.0216;1.3027;1.322
79.44443421;0.194;-0.1165;0.7088;0.75
79.44602198;0.0809;0.0148;1.3308;1.341
79.44688475;0.4509;-0.1559;0.8722;0.998
79.45445617;0.3809;0.0338;1.021;1.096
79.4648231;0.1746;-0.048;0.7399;0.768
79.4757991;0.3867;-0.1383;1.0175;1.103
79.48430964;0.162;0.0242;1.2846;1.303
79.49489356;0.028;-0.202;0.4828;0.531
79.50476029;0.2532;0.1257;1.4007;1.436
79.52076217;0.3119;-0.2935;1.0583;1.147
79.54881583;0.0661;-0.1123;1.197;1.212
79.55030079;0.4324;0.0751;0.9775;1.077
79.55117406;0.293;-0.128;0.7355;0.807
79.55480844;0.034;0.0533;1.0713;1.081
79.56512671;0.5679;-0.1495;0.7806;0.98
79.57613456;0.2945;0.0932;1.2042;1.25
79.58436575;0.0511;-0.2205;0.6592;0.704
79.59471737;0.3461;-0.0241;1.3356;1.386
79.60441856;0.3685;-0.0492;0.963;1.038
79.61903479;0.3959;-0.1167;0.6552;0.778
79.62920883;0.3563;0.141;0.9897;1.067
79.64600075;0.2358;-0.254;0.699;0.785
79.64747071;0.0964;-0.0006;1.3602;1.371
79.65444248;0.3903;-0.0053;0.599;0.719
79.66428725;0.0578;-0.1726;0.7366;0.766
79.6757366;0.0448;0.0843;1.1008;1.113
79.68436448;0.4658;-0.2198;1.2248;1.334
79.69481225;0.2326;0.1632;1.4123;1.448
79.7044496;0.0691;-0.3022;0.7352;0.804
79.71718194;0.3393;0.0711;1.3595;1.41
79.74073667;0.243;-0.1467;0.5864;0.656
79.74218602;0.2581;0.0261;0.946;0.987
79.74469075;0.3324;0.0159;0.8565;0.924
79.75439733;0.1981;-0.2298;0.8256;0.886
79.76491837;-0.047;0.1346;1.0654;1.084
79.7754594;0.3495;-0.147;0.5809;0.697
79.78427479;0.3775;-0.0854;0.7603;0.858
79.79446848;0.4578;0.0114;0.9201;1.033
79.80471075;0.0851;0.0398;0.7754;0.789
79.81542394;0.0941;-0.1719;1.0173;1.043
79.83602483;0.477;0.0663;1.2292;1.326
79.8451239;-0.2446;0.0206;1.519;1.548
79.85447756;0.1429;-0.2382;0.9541;1.0
79.86445075;0.4484;-0.0767;1.21;1.298
79.87496198;0.296;0.0958;0.8246;0.887
79.88470033;0.3062;-0.2217;0.3332;0.505
79.89476294;0.3795;0.151;1.2174;1.29
79.9050141;0.477;-0.1727;0.6924;0.861
79.91990544;0.2511;0.0337;1.0377;1.075
79.94434252;0.0134;-0.0206;0.7655;0.774
79.94602129;0.1062;-0.2719;1.1402;1.184
79.94694014;0.4383;0.0734;1.407;1.482
79.95432052;0.6345;-0.0739;0.6674;0.926
79.96477033;0.0848;-0.0103;1.0258;1.037
79.97588856;-0.0618;-0.187;0.6841;0.72
79.98452237;0.407;0.0678;1.2337;1.307
79.99495879;0.3646;0.0751;1.076;1.145
80.00469479;-0.0555;-0.3092;0.6144;0.697
80.01469587;0.1364;0.1615;1.0955;1.123
80.03514879;0.3953;-0.1869;0.6922;0.822
80.03704398;0.3826;-0.0208;1.3167;1.378
80.05692679;0.3567;-0.0599;0.6851;0.779
80.0585081;0.0695;-0.0371;0.9656;0.977
80.06434375;0.2279;-0.0919;1.1669;1.199
80.07750533;0.3739;-0.1677;0.8649;0.962
80.0848651;0.1105;0.1069;1.274;1.291
80.09443625;0.0807;-0.29;0.7993;0.861
80.10451171;0.0743;-0.0577;1.3458;1.357
80.11780737;0.1943;-0.022;1.1323;1.156
80.13757706;0.2915;-0.144;0.8252;0.892
80.13931879;0.2355;0.0816;0.9681;1.006
80.14495794;0.3722;-0.2406;0.5738;0.728
80.1544996;0.3773;0.0729;1.5629;1.616
80.16476294;0.3889;-0.0934;0.6674;0.782
80.17692002;0.0788;-0.0424;0.8263;0.839
80.18470333;0.2009;-0.0154;1.1251;1.15
80.19509687;0.5766;-0.1974;0.8201;1.025
80.20495714;0.2427;0.065;1.3683;1.398
80.2180576;0.3378;-0.1462;0.6361;0.739
80.24411775;0.1275;-0.0634;1.1506;1.167
80.24585817;0.0171;-0.0522;1.0293;1.039
80.24685344;0.3016;-0.2911;0.849;0.952
80.25572402;0.4493;0.1868;1.4147;1.502
80.26446348;0.181;-0.2697;0.5537;0.647
80.27619379;-0.0484;-0.0531;1.2753;1.286
80.2845249;0.3873;-0.0845;1.2922;1.358
80.29513283;0.4263;-0.0733;0.9398;1.04
80.3050716;0.1202;0.0066;0.8755;0.891
80.31874787;0.3877;-0.2013;0.7589;0.88
80.34734175;0.258;0.0983;1.3429;1.378
80.34915294;0.2682;-0.0965;0.576;0.647
80.35010244;0.2624;-0.1097;1.1222;1.164
80.35453098;0.0877;-0.0715;1.2685;1.281
80.3648919;0.1036;-0.2531;0.8849;0.933
80.37567083;0.2514;0.1466;1.2416;1.282
80.38472294;0.3849;-0.1835;0.5006;0.66
80.39455629;0.24;-0.0485;1.3373;1.367
80.40510737;0.412;0.0028;1.0165;1.102
80.41764156;0.3296;-0.1978;0.5157;0.646
80.44135871;0.0198;0.1267;1.1189;1.134
80.44287525;0.3636;-0.2244;0.7545;0.871
80.44470029;0.423;-0.0177;1.1108;1.194
80.45503887;0.2461;0.087;0.7502;0.8
80.46434948;0.16;-0.1928;1.0976;1.133
80.47679079;0.0996;0.0082;1.5309;1.542
80.48437667;0.2369;-0.2483;0.8585;0.93
80.49504683;0.0719;0.061;1.28;1.291
80.50472075;0.1978;-0.1286;0.7289;0.772
80.51895117;0.3254;-0.1484;1.1598;1.22
80.55021183;0.3353;0.07;1.2503;1.303
80.55189063;0.284;-0.2504;0.5618;0.681
80.55311629;0.0641;0.0351;1.299;1.309
80.55486002;0.3241;-0.1531;0.7802;0.864
80.56495552;0.3715;-0.0186;0.9077;0.986
80.57643002;0.3715;0.042;0.9077;0.987
80.58434444;0.1011;0.0915;1.4471;1.461
80.59473148;0.2981;-0.2169;0.9616;1.036
80.60474129;0.2242;-0.1724;1.1151;1.157
80.61639648;0.0257;0.109;1.0567;1.071
80.64592406;0.2369;-0.2791;0.8375;0.92
80.64743479;0.5466;0.0911;1.4214;1.531
80.64853956;0.4711;-0.106;0.6024;0.775
80.65634417;-0.0188;-0.0214;1.1502;1.159
80.66477217;0.1694;-0.0807;0.9958;1.02
80.67578637;0.6238;-0.1711;0.624;0.9
80.68443671;0.1215;0.1747;1.3121;1.337
80.69477537;0.2289;-0.1732;0.4286;0.52
80.71525506;0.4742;-0.0746;1.0533;1.162
80.71678329;0.1257;0.0225;1.1984;1.213
80.74047813;0.1011;-0.1854;0.7426;0.779
80.74258056;0.1362;0.0634;1.3789;1.395
80.7443849;0.1925;-0.2371;0.5951;0.674
80.75622879;0.2676;-0.0032;1.3081;1.342
80.76457071;0.4075;-0.0539;1.0191;1.104
80.77491637;0.1964;-0.1876;0.7093;0.765
80.7844654;0.0865;0.0669;1.2772;1.29
80.7946634;0.5608;-0.1421;0.6665;0.885
80.81483567;0.2255;-0.0404;1.063;1.094
80.81627017;0.1345;0.0952;0.94;0.962
80.8396999;0.4452;-0.2773;0.6225;0.817
80.84150013;0.4312;0.181;1.2555;1.346
80.84432906;0.2233;-0.1746;0.6406;0.706
80.85589548;0.0569;-0.0374;1.1384;1.148
80.86470867;0.0299;-0.0479;1.1616;1.171
80.8761131;0.4071;-0.2338;0.8049;0.936
80.88513721;0.2486;0.1197;1.3635;1.398
80.89435833;0.2316;-0.1507;0.5825;0.65
80.9129789;0.2873;-0.1418;0.9378;0.997
80.91459837;0.3324;0.1474;1.1064;1.171
80.93395637;0.4294;-0.2314;0.712;0.866
80.93604644;0.0231;0.0434;1.329;1.338
80.9445629;0.1438;-0.1417;0.6855;0.721
80.95679402;0.3717;-0.0757;1.221;1.285
80.96469594;0.2994;0.0165;1.2846;1.326
80.97489183;0.3908;-0.2179;0.6129;0.762
80.9845261;0.1594;0.1704;1.1371;1.168
80.99490652;0.2966;-0.2387;0.6428;0.751
81.01772271;0.3811;-0.0064;1.1691;1.236
81.01979787;0.3056;0.1031;0.8463;0.912
81.0514446;0.3678;-0.1885;0.6224;0.751
81.05365148;0.1764;0.0241;1.3433;1.362
81.05740087;0.4374;-0.1386;0.8331;0.955
81.05861767;0.2321;0.0341;1.2729;1.301
81.06453398;0.074;0.0385;1.0608;1.072
81.07557779;0.3331;-0.3233;0.8006;0.93
81.08456833;0.2498;0.0912;1.5027;1.533
81.0947894;0.2298;-0.117;0.6753;0.728
81.11529825;0.2675;-0.0358;0.8822;0.929
81.11683717;0.2728;0.0633;1.0303;1.074
81.13631098;0.3172;-0.2985;0.6901;0.82
81.13804256;0.38;0.1601;1.2476;1.32
81.1442764;0.4033;-0.0435;0.5001;0.647
81.15472029;0.2267;-0.1402;0.8902;0.935
81.16473398;0.433;0.0131;1.2107;1.292
81.1745376;0.6049;-0.1688;0.5137;0.812
81.1843584;-0.0524;0.1649;1.1347;1.157
81.19453575;0.0428;-0.2558;0.852;0.898
81.21399583;0.4418;-0.1535;1.2799;1.368
81.21562687;0.1224;0.1647;1.5011;1.523
81.23337137;0.0733;-0.34;0.6019;0.701
81.23496317;0.2106;0.1324;1.4273;1.456
81.24433906;0.4178;-0.136;0.8622;0.972
81.25780383;0.3268;-0.0828;0.796;0.87
81.26486144;0.315;0.0845;0.9;0.963
81.27511006;0.4869;-0.1323;0.5331;0.736
81.28450863;0.1765;0.0474;1.1531;1.175
81.29456494;0.5266;-0.136;0.7854;0.959
81.3145246;0.4062;-0.0255;1.023;1.106
81.31601644;0.0128;0.0374;1.0622;1.071
81.33928933;0.4274;-0.1914;0.7277;0.869
81.3408786;0.2935;0.0453;1.526;1.562
81.34503583;0.2606;-0.1893;0.7737;0.843
81.35558171;0.2588;-0.0351;1.1609;1.197
81.36476917;0.1771;0.0027;0.8846;0.909
81.3755974;0.312;-0.2535;0.4751;0.625
81.3845441;0.3152;0.1369;0.4904;0.603
81.39480702;0.388;-0.1562;0.7602;0.872
81.41628025;0.4256;0.1233;1.418;1.492
81.41792471;0.3204;-0.2682;0.7528;0.866
81.43962121;0.1835;0.1151;1.0145;1.045
81.44170075;0.4387;-0.1485;0.8914;1.009
81.44477833;0.3685;-0.1274;1.4164;1.475
81.45566417;0.0826;0.0492;1.0351;1.047
81.46498002;0.2956;-0.1545;0.4188;0.538
81.4749289;0.0508;0.0749;1.2698;1.281
81.48452998;0.3711;-0.1989;0.8473;0.951
81.49449121;0.476;-0.0139;0.8682;0.995
81.51285813;0.1224;0.1203;0.8803;0.904
81.51524971;0.3746;-0.263;0.6285;0.781
81.53691948;0.5975;0.0805;1.2652;1.406
81.53848133;0.4889;-0.1256;0.6381;0.816
81.54477698;0.2895;-0.025;1.0373;1.084
81.55553121;0.2436;0.0071;1.1269;1.16
81.56441433;0.1882;-0.2467;0.7454;0.813
81.57481306;0.0966;0.1248;1.5492;1.565
81.58455102;0.1211;-0.2648;0.7589;0.819
81.59481206;0.1184;-0.0258;1.1429;1.157
81.61953183;0.3627;-0.058;1.1452;1.209
81.6217546;0.3501;-0.1049;0.9367;1.011
81.62487075;0.1542;0.0009;1.021;1.04
81.63468536;0.4627;-0.1576;0.6105;0.785
81.64761033;0.5102;0.1141;1.376;1.478
81.6595726;0.6003;-0.1085;0.7247;0.95
81.66481198;0.3645;-0.1338;0.6277;0.742
81.67450856;0.141;0.117;0.9047;0.93
81.68486106;0.6911;-0.1838;0.5546;0.905
81.69452833;0.447;0.1031;1.1135;1.21
81.71414275;0.0966;-0.1206;0.5667;0.594
81.71611063;0.1873;-0.0838;1.2707;1.294
81.73992125;0.3964;-0.0788;1.3017;1.369
81.74271975;0.4049;-0.1721;0.6885;0.821
81.74489694;-0.0054;0.0279;1.1287;1.137
81.75583394;0.2819;-0.1444;0.78;0.847
81.76443913;0.4197;-0.1275;0.9682;1.068
81.77462525;0.1931;0.208;0.8692;0.921
81.7844154;0.2055;-0.3357;0.5097;0.648
81.79483406;0.0376;0.0825;1.2398;1.251
81.81632052;0.3615;-0.1347;0.6966;0.801
81.81778336;0.5266;-0.0193;1.1592;1.278
81.83789363;0.3187;-0.0453;0.9333;0.993
81.83928729;0.3552;-0.0948;0.6879;0.784
81.8445229;0.3219;0.1424;0.9883;1.055
81.85532213;0.5453;-0.1823;0.6771;0.891
81.86430406;0.1904;-0.0346;1.245;1.267
81.8744376;-0.2163;-0.0657;0.8154;0.856
81.88484313;0.1489;-0.2171;1.0481;1.088
81.89516252;0.1979;0.0309;1.4203;1.442
81.91601175;0.1535;-0.1907;0.3878;0.463
81.91777883;0.3968;0.0501;1.0214;1.102
81.94094571;0.4286;-0.103;0.8097;0.926
81.94245606;0.3523;-0.1319;1.0545;1.125
81.94479375;0.2441;0.1386;1.1857;1.225
81.9550814;0.2755;-0.2955;0.8596;0.955
81.96442679;0.3415;0.1116;1.2239;1.282
81.97489794;0.5129;-0.1809;0.6951;0.885
81.9845724;0.5244;0.1791;1.3972;1.509
81.9944339;0.2723;-0.2213;0.7468;0.83
82.0152124;0.2546;-0.081;0.8334;0.881
82.01702994;0.1082;0.1512;1.1214;1.145
82.03784294;0.3572;-0.32;0.9796;1.096
82.03941213;0.4527;0.0498;1.4718;1.547
82.04481036;0.2331;-0.112;0.5897;0.649
82.05696833;0.3072;-0.021;1.2551;1.299
82.06479521;0.5751;-0.0878;1.0651;1.218
82.07450706;0.5414;-0.0805;0.522;0.758
82.08523663;0.0933;0.1926;1.2106;1.237
82.09444613;0.242;-0.3688;1.0508;1.145
82.11733575;0.4685;0.0165;1.8432;1.908
82.11937413;0.0812;-0.0077;0.7822;0.794
82.12911648;-0.0645;-0.1344;0.9277;0.948
82.13523571;0.3827;-0.027;1.5317;1.586
82.1450079;0.5242;-0.1362;1.0469;1.183
82.1551639;0.2994;0.0855;1.034;1.086
82.16478836;0.192;-0.1565;0.6947;0.744
82.1744484;0.3175;-0.0341;1.5206;1.561
82.1841819;0.6351;-0.075;0.6495;0.913
82.19445198;0.2939;0.0446;1.0118;1.061
82.2154294;0.2188;-0.2904;0.6109;0.716
82.21715702;0.5262;0.1642;1.3484;1.462
82.23611902;0.4077;-0.0915;0.6708;0.794
82.23780802;0.127;-0.1002;1.0945;1.114
82.24415548;0.3076;0.0101;0.9765;1.03
82.25602233;0.2338;-0.0746;1.0182;1.054
82.26453863;0.3888;0.0024;1.172;1.241
82.27450794;0.4396;-0.1318;0.694;0.836
82.28442113;0.2496;0.161;0.9386;0.991
82.29440721;0.2397;-0.2772;0.4014;0.546
82.31508679;0.3298;0.054;1.4104;1.456
82.3172634;0.4019;0.0492;0.7293;0.839
82.33940398;0.1747;-0.1725;0.5296;0.589
82.3410069;0.1692;0.054;1.0612;1.083
82.34455302;0.4945;-0.17;0.7173;0.891
82.3545749;0.4131;0.1637;1.106;1.198
82.36438375;0.1688;-0.224;0.6401;0.705
82.37429056;0.0804;-0.0723;1.506;1.518
82.38621894;0.1311;-0.081;1.1621;1.18
82.39464936;0.0773;-0.1047;0.9415;0.958
82.41354983;0.2458;-0.0352;1.2279;1.26
82.41526767;0.2107;-0.215;0.7429;0.807
82.43938656;-0.0115;0.1367;1.1545;1.171
82.44116748;0.5049;-0.1937;0.7473;0.926
82.44430598;0.3236;-0.0478;1.0558;1.111
82.45504486;0.101;0.0177;0.7374;0.752
82.46483175;0.6673;-0.0579;0.9003;1.125
82.47465713;0.6848;0.0788;1.1577;1.352
82.48491102;0.4983;-0.2659;0.5945;0.822
82.49477283;0.4516;0.1897;1.2805;1.377
82.51582686;0.3373;-0.1821;0.6789;0.784
82.51901786;0.2169;0.02;1.2405;1.267
82.53935625;0.3938;-0.0785;0.8976;0.988
82.54200152;0.181;-0.0632;1.0398;1.064
82.54482602;-0.0644;-0.0347;1.1746;1.185
82.55631233;0.4047;-0.203;0.9852;1.089
82.56479871;0.1978;0.1149;1.2558;1.284
82.57439736;0.3232;-0.1711;0.6031;0.709
82.58811967;0.7423;0.0446;1.3564;1.551
82.59461152;0.3078;0.011;0.518;0.607
82.60569879;0.2676;-0.1603;0.661;0.736
82.61510652;0.483;0.0766;1.2452;1.343
82.63037583;0.2249;-0.2055;0.9004;0.957
82.63476556;0.0789;0.0768;1.3062;1.319
82.65930586;0.2141;-0.1642;0.6578;0.717
82.66106194;0.2748;-0.0024;1.2742;1.31
82.66442613;0.3066;0.0024;0.8593;0.918
82.6754899;0.37;-0.1316;0.8237;0.917
82.68478736;0.2112;0.0812;0.9226;0.957
82.69490471;-0.0447;-0.1975;0.6767;0.714
82.71466406;0.3198;0.0991;1.3275;1.376
82.71634102;0.4529;-0.1292;0.546;0.723
82.74026159;0.1413;-0.0254;0.8609;0.88
82.74196494;0.3633;0.0581;0.6381;0.741
82.74450521;0.458;-0.0847;0.9794;1.089
82.7543244;0.1969;-0.0645;0.8815;0.912
82.7643564;0.2259;-0.0386;0.5957;0.644
82.77432048;0.2592;0.1639;1.2358;1.28
82.7866829;0.2114;-0.235;0.8044;0.87
82.79447121;0.3059;-0.0556;1.1173;1.166
82.80475456;0.3633;0.038;0.672;0.769
82.81466736;0.0162;-0.0437;0.9382;0.947
82.82849213;0.2569;-0.0518;1.0279;1.067
82.85131221;0.361;-0.1356;0.8714;0.958
82.85284125;-0.0106;0.0836;1.0815;1.093
82.85450633;0.297;-0.1739;0.7832;0.861
82.86455886;0.3975;0.0474;1.3068;1.373
82.87541525;0.2295;-0.2049;0.511;0.601
82.88771609;0.3489;0.0839;0.9638;1.034
82.89426652;0.5648;0.0277;0.7795;0.966
82.90449633;0.2316;-0.198;0.9359;0.99
82.91459667;0.1451;0.0105;1.1283;1.145
82.9277174;0.4303;-0.0528;0.7429;0.864
82.94810483;0.1532;0.0712;1.1192;1.139
82.9510229;0.2503;-0.1994;0.8759;0.938
82.95779575;0.3855;-0.0103;1.3393;1.4
82.96433617;0.2144;0.0144;0.6977;0.736
82.97465921;0.1125;-0.1331;0.9395;0.963
82.98821163;0.3779;0.0143;1.3798;1.437
82.99429813;0.0195;0.1013;0.953;0.967
83.00496248;0.2668;-0.0991;0.6583;0.722
83.01441167;0.3061;-0.0381;1.576;1.613
83.02668067;0.3304;-0.1528;0.7959;0.88
83.05075467;0.4132;0.1054;0.9394;1.037
83.05221744;0.0204;-0.0204;0.9498;0.958
83.05462202;0.2796;-0.2338;1.1165;1.181
83.06452894;0.7279;0.0566;1.1764;1.388
83.0750224;0.3079;0.0656;0.4679;0.568
83.08805175;0.0689;0.0076;0.9827;0.993
83.09439079;0.5085;-0.1886;0.8424;1.006
83.10446163;0.4537;-0.0022;1.1456;1.238
83.1143479;0.1347;-0.0192;0.6723;0.693
83.12820017;0.1477;0.0018;1.1217;1.139
83.15166175;0.1538;-0.1632;1.0917;1.122
83.1543254;0.2893;-0.1488;0.6294;0.713
83.15583575;0.4864;0.2491;1.2428;1.363
83.16442359;0.1434;-0.2428;0.86;0.912
83.17603456;0.0264;-0.0861;1.1692;1.181
83.18527656;0.3894;-0.0046;0.6517;0.763
83.19427002;0.2911;0.0522;1.0599;1.107
83.20496329;0.284;-0.0541;0.7641;0.823
83.21430363;0.3971;-0.0572;0.8573;0.951
83.22493002;0.3293;0.042;1.0187;1.078
83.24196586;0.1777;-0.1141;0.9139;0.945
83.24418009;0.1262;0.0776;1.2879;1.304
83.26209121;0.2519;-0.1882;0.6613;0.737
83.26443094;0.2102;-0.0755;1.2508;1.278
83.27514248;0.3797;0.055;0.943;1.024
83.28520221;0.166;-0.1826;0.9046;0.944
83.29420363;0.1163;0.0167;1.0815;1.095
83.30431606;0.2919;-0.1755;0.9414;1.007
83.31463671;0.3953;0.1906;0.9173;1.022
83.32570179;0.2817;-0.1171;0.6878;0.758
83.34912852;0.2344;0.004;1.3566;1.384
83.35080413;0.7213;-0.1391;0.5561;0.921
83.35505702;0.4526;0.1516;1.0208;1.132
83.36476398;0.0105;-0.1283;0.7344;0.753
83.37468148;0.301;-0.1543;1.2537;1.305
83.3854884;0.2882;0.0246;0.9383;0.988
83.39462429;0.316;-0.0733;0.8896;0.953
83.40488159;0.1521;0.0525;1.3369;1.354
83.41458709;0.053;-0.2427;0.851;0.894
83.42562686;0.424;-0.018;1.354;1.425
83.44628582;0.3419;0.0537;0.8544;0.927
83.44811009;0.0084;-0.0749;1.2595;1.27
83.45794198;0.3109;-0.1779;0.927;0.999
83.46505317;0.4725;0.0145;0.9979;1.109
83.47454506;0.3371;0.0886;0.8237;0.9
83.48589979;0.3178;-0.1952;0.9;0.98
83.49466036;0.3437;-0.0226;1.1116;1.17
83.50488436;0.3443;-0.0296;0.4469;0.568
83.51507106;0.3476;0.145;1.1928;1.257
83.52834302;0.4547;-0.199;0.8802;1.015
83.56045113;0.3685;0.0257;1.2097;1.271
83.56225225;0.3371;-0.0965;0.6357;0.73
83.56327617;-0.0669;0.0072;1.2228;1.233
83.56494521;0.1206;-0.048;1.16;1.175
83.57477932;0.5119;-0.237;1.1502;1.286
83.58579336;0.2084;0.1226;0.9494;0.987
83.5945844;0.1621;-0.0654;0.1563;0.236
83.60453136;0.2696;0.0551;0.8396;0.89
83.6144144;0.6314;-0.2034;0.6467;0.928
83.62849317;0.3677;0.1616;0.9524;1.039
83.65118563;-0.0772;-0.0222;0.38;0.398
83.65274779;0.1682;-0.2212;1.1722;1.212
83.65448848;0.7795;0.0707;1.4277;1.633
83.66433956;0.419;0.0634;0.3304;0.538
83.67473429;-0.0925;0.0688;0.4823;0.505
83.68548463;0.0644;-0.2333;1.2459;1.277
83.69445732;0.0216;-0.0465;1.9815;1.99
83.70452936;-0.0009;-0.1345;0.5767;0.6
83.71454359;-0.1305;-0.0486;1.3612;1.377
83.72927044;-0.0934;-0.1612;1.277;1.299
83.75272775;0.537;-0.1262;0.8709;1.035
83.75434859;0.4637;0.1733;0.6189;0.796
83.75524894;-0.1149;-0.1772;1.0313;1.061
83.76441109;0.3153;-0.0126;1.4962;1.536
83.7747299;0.569;-0.0919;1.0638;1.214
83.78457059;0.3437;0.0662;0.9891;1.055
83.79442902;0.4485;-0.2084;1.6936;1.771
83.80496198;0.481;-0.1309;0.5787;0.766
83.81452509;0.1979;0.0728;1.0727;1.1
83.82826802;0.2648;-0.1804;1.0335;1.088
83.84876625;0.2712;-0.006;1.5163;1.547
83.85343798;0.1262;-0.111;1.0078;1.029
83.85511613;0.1691;-0.1192;1.2563;1.28
83.86442552;0.2123;0.0164;1.6457;1.667
83.87457586;0.5775;-0.1467;0.9414;1.118
83.88672967;0.5556;0.1455;1.0476;1.199
83.8944634;0.6982;-0.1323;0.7867;1.062
83.90513921;0.433;0.0169;1.2593;1.338
83.91446382;0.5719;-0.0377;0.6708;0.885
83.92491967;0.348;0.0276;1.1636;1.221
83.94528775;-0.0529;-0.1867;0.7285;0.762
83.94683544;0.3811;-0.1055;1.01;1.09
83.9581009;0.5454;0.1803;1.0602;1.211
83.96455836;0.1738;-0.2823;0.7305;0.808
83.97461521;0.1399;-0.0072;1.1446;1.161
83.9865134;0.427;-0.033;0.75;0.868
84.0048549;0.1435;-0.0942;0.8331;0.858
84.01588425;0.3902;-0.0892;1.1863;1.258
84.0282054;0.1066;0.0104;0.5759;0.593
84.05237686;0.1377;-0.0586;0.6632;0.687
84.0545809;0.3386;0.0508;0.5077;0.616
84.0555544;0.2538;-0.1478;0.6867;0.752
84.06490506;0.3621;0.0365;0.8719;0.95
84.07474294;-0.0054;-0.0255;0.8601;0.869
84.08697832;-0.0733;-0.1407;1.5145;1.531
84.09456021;0.569;-0.261;1.2821;1.431
84.10493448;0.1579;0.2342;0.8535;0.906
84.11496086;-0.2191;-0.1283;-0.0759;0.267
84.1309964;0.2941;-0.0056;1.0167;1.065
84.13579252;0.7997;-0.1047;0.9646;1.26
84.14453398;-0.0376;0.0966;0.4932;0.513
84.15453094;-0.3538;-0.0669;0.2554;0.451
84.16456886;0.3375;-0.2452;1.4432;1.509
84.17457617;1.1403;0.0088;1.3905;1.801
84.18444875;0.8658;0.1452;0.18;0.892
84.19467913;-0.2475;0.138;0.1716;0.341
84.20475425;-0.0965;-0.3441;1.1957;1.256
84.21479482;0.7242;-0.1852;2.4971;2.613
84.22539882;0.1995;-0.0095;1.0451;1.071
84.25003482;-0.5899;0.0034;0.4936;0.779
84.25147002;-0.6159;-0.2542;0.9366;1.159
84.25472606;0.801;-0.242;1.6947;1.895
84.26455556;1.2152;0.3123;0.9775;1.591
84.27473171;-0.0882;-0.1008;0.5591;0.584
84.28673598;-0.418;-0.2516;1.4286;1.519
84.29445275;0.7724;-0.1703;1.6392;1.825
84.30447117;1.0582;0.2088;1.3177;1.706
84.32714656;0.2758;-0.1154;0.4485;0.543
84.3290074;0.3619;-0.0847;0.9858;1.059
84.35116613;1.0405;0.0235;0.8675;1.356
84.35271313;-0.1062;0.0933;1.3997;1.416
84.35456752;-0.4153;-0.4554;1.2697;1.42
84.36929317;0.7978;0.1037;1.5852;1.782
84.37507513;0.4333;0.0972;0.9686;1.071
84.38608444;-0.1051;-0.3503;0.7984;0.886
84.39455532;0.3529;0.0231;1.4937;1.542
84.4047859;0.8531;-0.0364;0.6675;1.084
84.42504729;0.0801;0.0877;1.1498;1.164
84.42658856;-0.1222;-0.2648;1.0268;1.076
84.4460949;0.1888;-0.0056;1.4628;1.482
84.44769871;0.5394;-0.1324;0.9762;1.127
84.45456532;0.5635;0.2248;1.0594;1.226
84.46644248;0.2435;-0.2378;0.3172;0.467
84.47498752;0.1582;-0.0073;1.2884;1.306
84.48528713;0.5171;-0.0182;1.0462;1.172
84.49475025;0.3969;-0.0059;0.8888;0.979
84.50508652;0.0365;-0.1787;0.7116;0.742
84.52705667;0.1715;-0.1775;0.9026;0.942
84.52878063;0.3702;0.1124;1.0825;1.156
84.54822275;0.2821;-0.0677;0.7142;0.776
84.54988002;0.1518;-0.0595;0.8248;0.848
84.55478025;0.1676;-0.0899;0.7815;0.811
84.56681252;0.3396;0.0766;1.1908;1.247
84.57469779;0.4517;-0.0715;0.5689;0.733
84.58451467;0.264;-0.048;0.8857;0.932
84.59433921;0.3825;-0.0646;1.0131;1.09
84.60450594;0.2025;-0.0727;0.5482;0.594
84.6244509;0.3413;-0.0608;0.9096;0.979
84.62628413;0.3032;0.0082;1.0888;1.137
84.65503232;0.2217;-0.0503;0.6329;0.678
84.65651221;0.3722;0.03;0.7971;0.885
84.65754502;0.3105;-0.0728;0.5515;0.641
84.66668279;0.1913;0.0991;0.8297;0.864
84.67469717;0.4473;-0.0645;0.6131;0.765
84.68488402;0.0106;0.0463;1.1721;1.181
84.69475159;-0.0028;-0.2502;0.8013;0.847
84.70485832;0.4399;-0.0467;1.5953;1.662
84.72793552;0.517;-0.1484;1.0208;1.158
84.72989655;0.4035;0.2636;0.4855;0.687
84.75139498;-0.2619;-0.1532;-0.4;0.498
84.75314294;0.2762;0.0305;1.0469;1.09
84.75503236;0.7753;-0.1446;2.1809;2.325
84.76892025;-0.1474;-0.0353;0.8253;0.848
84.77470867;-0.3452;-0.0309;0.439;0.569
84.78480136;0.441;-0.1599;0.9524;1.066
84.79458079;0.8999;0.0029;1.6154;1.853
84.80549575;0.7098;0.1074;0.1207;0.724
84.8258394;-0.0403;0.027;1.0307;1.04
84.82738963;-0.6187;-0.4738;1.4363;1.643
84.85329229;0.2955;-0.0435;1.5821;1.617
84.85517379;0.4538;0.1544;0.8748;1.002
84.85633836;-0.1328;-0.1847;1.0928;1.125
84.86616979;0.3605;-0.1296;1.1969;1.263
84.87438763;0.6402;0.0572;0.8738;1.088
84.88431817;0.1556;0.0387;0.9;0.921
84.89452413;0.3916;-0.1722;1.1516;1.234
84.90446144;0.584;0.0009;1.2372;1.373
84.92622352;0.4376;-0.1673;0.7274;0.869
84.92775059;0.2176;0.1086;1.2348;1.266
84.94911675;0.5284;-0.1341;0.8825;1.041
84.95054655;0.4395;0.0042;1.275;1.354
84.9542379;0.2723;-0.1211;0.7817;0.842
84.96630171;0.1735;0.1159;1.3296;1.353
84.97500013;0.1462;-0.2558;0.8334;0.89
84.98455994;0.4514;-0.0077;1.4339;1.509
84.99446232;0.2867;-0.0363;0.8821;0.934
85.00543267;0.1393;-0.1523;1.1301;1.156
85.02606936;0.3062;-0.0435;1.1903;1.236
85.02777767;0.2467;-0.0464;1.1413;1.175
85.06841163;0.4303;-0.0854;0.8347;0.947
85.07000286;0.2775;-0.0039;0.786;0.839
85.07088186;0.1814;-0.0056;1.1225;1.144
85.07166232;0.5194;-0.1744;1.1002;1.234
85.07458175;0.2465;0.0333;1.305;1.336
85.08547352;0.065;-0.1593;0.5502;0.583
85.09454444;0.2245;-0.0084;1.1173;1.147
85.10489913;0.7633;-0.0978;0.7206;1.056
85.12719471;0.328;0.0373;0.8144;0.884
85.12877552;0.1245;-0.1339;0.3609;0.41
85.14929129;0.4314;-0.0188;1.1678;1.251
85.15107371;0.2106;0.0125;0.9059;0.937
85.15443236;0.1073;-0.0437;0.8329;0.848
85.16568163;0.3354;-0.0892;0.7983;0.876
85.17466555;0.4031;-0.052;1.3428;1.409
85.18482763;0.4216;0.0315;0.7094;0.83
85.19476017;0.2641;-0.0452;0.5499;0.616
85.20426394;0.044;-0.1498;0.8734;0.895
85.22223313;0.3;-0.1068;0.9582;1.016
85.22450013;0.3516;0.111;0.9858;1.058
85.24126325;-0.0997;-0.1011;0.7474;0.769
85.24454159;0.0934;-0.1881;1.273;1.298
85.25472009;0.6497;-0.0022;0.9173;1.127
85.2675414;0.198;0.1535;0.7602;0.807
85.27436286;0.1722;-0.1998;0.5186;0.587
85.28440521;0.3895;-0.0274;1.3994;1.459
85.29461205;0.3244;-0.1578;0.73;0.819
85.30444125;0.2926;0.0574;1.088;1.135
85.32542409;0.2998;-0.124;0.7072;0.783
85.32722632;0.1182;-0.0475;0.8787;0.895
85.34880455;0.4713;0.0079;0.7099;0.856
85.35021898;0.5253;0.0366;1.1573;1.277
85.35451117;0.0517;-0.1102;0.7525;0.77
85.36562829;0.0926;-0.0963;1.0078;1.024
85.37444402;0.3715;0.0039;0.9042;0.983
85.38445044;0.4478;-0.134;1.1257;1.224
85.39459025;0.2643;0.0415;0.9155;0.96
85.40434425;0.2684;-0.0644;1.2106;1.248
85.42522463;0.3875;-0.066;1.0044;1.084
85.42671479;0.2529;0.0326;0.8893;0.932
85.44947952;-0.0054;-0.0871;0.7154;0.729
85.45108686;0.2;-0.0978;1.5369;1.56
85.45490936;0.5807;-0.0961;0.8036;0.999
85.46454017;0.312;0.0504;0.8785;0.939
85.47464321;0.3277;-0.0524;0.474;0.582
85.48428925;0.2933;-0.0666;1.0701;1.118
85.49483279;0.5171;-0.0696;0.676;0.857
85.50452552;0.1344;0.0187;1.0895;1.105
85.52638213;-0.2049;-0.1388;1.0743;1.111
85.5280739;0.2899;-0.0847;1.6777;1.712
85.5493584;0.431;-0.0694;1.2427;1.323
85.55083325;0.1776;-0.1129;0.9846;1.014
85.55472009;-0.0252;-0.0285;0.9618;0.971
85.56505998;0.1583;-0.2017;1.4277;1.458
85.57462717;0.1691;-0.0892;1.3856;1.406
85.58492609;0.2651;-0.0856;1.0606;1.103
85.59473778;0.2475;-0.0283;0.9149;0.955
85.6044844;0.2355;-0.1082;1.0221;1.061
85.62574048;0.949;0.0504;1.1135;1.466
85.62714675;0.7107;-0.0004;1.0237;1.25
85.64717567;0.332;0.0288;1.173;1.226
85.64881067;0.6644;-0.0933;0.8736;1.104
85.65457586;0.474;0.0632;1.2057;1.303
85.66496625;0.4886;-0.3342;0.9009;1.082
85.6743769;0.47;0.214;1.1755;1.29
85.68455782;-0.1351;-0.135;0.5149;0.558
85.69519567;-0.2187;-0.0722;1.2994;1.329
85.70514471;0.6027;-0.1373;1.1755;1.333
85.72415448;0.4405;0.0945;1.1682;1.258
85.72574648;0.0647;-0.1693;0.582;0.616
85.7454989;0.5778;0.0501;1.2571;1.39
85.74966386;0.5909;-0.0847;0.4526;0.749
85.75445909;0.3148;0.0139;1.106;1.156
85.76451567;0.2982;-0.1372;0.9439;1.005
85.7745399;0.0976;-0.0722;1.2723;1.286
85.78449936;0.0279;-0.0502;0.7448;0.755
85.79509748;0.2628;0.0535;1.2417;1.277
85.80445471;0.2832;-0.2008;0.8065;0.883
85.82423294;0.0597;-0.0081;0.9704;0.98
85.82699575;0.3903;0.034;0.6473;0.761
85.85032355;0.2726;-0.1029;1.0595;1.105
85.85199009;0.0777;-0.1837;0.6982;0.733
85.85500367;0.4156;0.0899;0.8219;0.93
85.86595836;0.3982;0.0632;0.5177;0.659
85.8751284;0.1865;-0.075;0.9313;0.96
85.88447363;0.2549;-0.087;0.5271;0.597
85.89487113;0.3577;0.0711;1.0293;1.098
85.90455036;0.2562;-0.1418;0.9714;1.021
85.92436852;0.3077;-0.0235;1.0093;1.062
85.92621313;0.2474;0.0122;0.7562;0.802
85.94593505;0.0515;-0.1732;0.6828;0.713
85.94738175;0.4209;0.0833;1.1026;1.189
85.95432667;0.3336;-0.0112;0.8832;0.95
85.96421644;-0.1858;-0.1375;0.7728;0.816
85.97460609;0.1018;-0.1116;1.0787;1.097
85.98451971;0.3701;0.1255;1.193;1.262
85.99473305;0.3965;-0.1871;0.7705;0.891
86.00433344;0.4834;0.0288;0.9524;1.073
86.02197213;0.4079;-0.0914;0.3567;0.55
86.02453425;0.2863;0.0546;1.0672;1.113
86.04510978;0.408;-0.1445;0.9861;1.082
86.04687628;0.1427;-0.0161;1.3621;1.377
86.05439517;-0.0193;-0.1201;0.9229;0.939
86.06544017;0.3028;-0.0253;1.2012;1.246
86.07430659;0.4374;-0.0717;0.7486;0.874
86.08453448;0.2289;0.0062;1.1758;1.205
86.09442094;0.2935;-0.1633;0.6542;0.74
86.10429425;0.2475;0.0268;1.4892;1.517
86.12455732;0.1207;-0.1868;1.0023;1.034
86.12653463;0.2861;-0.0425;1.202;1.243
86.14632378;0.3928;-0.0508;0.8383;0.932
86.14810117;0.243;0.0149;1.1996;1.231
86.15474286;0.315;-0.1998;0.8888;0.969
86.16513117;0.175;-0.0176;1.3656;1.384
86.17439013;0.1604;-0.0831;0.973;0.997
86.18443121;0.1892;-0.0897;1.2478;1.272
86.19683313;0.5338;-0.1459;0.8066;0.982
86.20431509;0.2072;-0.0515;0.789;0.824
86.21680978;0.4123;-0.0407;1.3487;1.417
86.22452117;0.3009;-0.0391;0.8121;0.873
86.24204205;0.1319;-0.1125;0.8489;0.873
86.26503936;0.4376;0.0291;0.9441;1.046
86.26651971;0.4333;-0.1169;1.0787;1.174
86.26736094;0.095;-0.066;0.9129;0.928
86.27494925;0.0476;-0.146;1.103;1.121
86.28478586;0.325;-0.0033;1.2662;1.314
86.29674905;0.1851;-0.1273;1.122;1.151
86.30442132;0.3718;0.0065;0.7562;0.848
86.31479232;0.3746;-0.1021;0.8114;0.904
86.32476505;0.167;0.0111;1.0774;1.098
86.33858525;0.4621;-0.1455;1.0362;1.149
86.35758617;0.216;0.0237;0.7208;0.759
86.3591754;0.0729;-0.118;0.9034;0.921
86.36639805;0.533;0.006;1.199;1.317
86.37442598;0.5034;-0.0668;1.0238;1.148
86.38453525;0.2024;-0.0448;0.9316;0.961
86.39873617;0.1939;-0.0452;1.0241;1.05
86.40421125;0.2518;-0.0369;1.0103;1.048
86.41542848;0.176;-0.1051;0.8279;0.86
86.42473267;0.1559;-0.0491;1.0591;1.079
86.43786302;0.173;-0.2215;0.982;1.028
86.44708502;0.347;-0.0053;1.4148;1.463
86.46437513;0.0866;0.0492;0.4944;0.512
86.47434309;0.3729;-0.1009;0.9806;1.059
86.48432167;0.7978;-0.0067;1.3539;1.576
86.49483255;0.2469;-0.104;0.8003;0.85
86.50417378;-0.2092;-0.0759;0.7504;0.792
86.51882863;0.3254;-0.2161;1.0647;1.14
86.52427878;0.6771;0.0915;1.3098;1.482
86.53539809;0.4261;-0.091;0.4358;0.618
86.54598044;0.0978;0.0599;0.9787;0.993
86.55432028;0.1494;-0.2491;1.16;1.203
86.5648004;0.4537;0.125;1.1462;1.245
86.57433986;0.1579;-0.1275;0.4603;0.508
86.5844274;-0.0151;-0.1011;1.218;1.231
86.59590805;0.4997;-0.1512;0.913;1.056
86.60501717;0.3621;0.0954;0.9048;0.985
86.61457675;0.0701;-0.1193;0.6592;0.681
86.6430899;0.1561;-0.0652;1.4906;1.508
86.64749163;0.3626;-0.1534;0.8835;0.972
86.64839963;0.0713;0.0923;1.2404;1.254
86.6544289;0.1488;-0.1799;0.8491;0.887
86.66428932;0.2498;-0.1055;1.2452;1.281
86.67436359;0.3848;-0.0193;0.8734;0.96
86.68495571;0.533;-0.0688;1.0855;1.216
86.69628344;0.1493;-0.0534;0.4918;0.523
86.70429901;0.0815;0.0094;0.9114;0.923
86.71461425;0.5813;-0.0495;0.9746;1.14
86.72455759;0.3099;-0.0209;1.3705;1.412
86.73980859;0.1866;-0.1737;0.6973;0.748
86.76703078;0.3089;0.0839;1.1405;1.191
86.76878932;0.3585;-0.2169;0.8705;0.971
86.76983705;0.4409;0.0241;0.9112;1.017
86.7744139;0.3599;0.0563;0.4166;0.556
86.7849769;-0.0883;-0.0717;1.1228;1.137
86.79617063;0.3154;-0.2134;1.486;1.541
86.80486621;0.5499;0.1052;1.3805;1.495
86.81476655;0.085;-0.1438;0.0753;0.183
86.82498436;0.229;0.0298;0.9653;0.999
86.84132332;0.7599;-0.0252;1.059;1.307
86.86432678;0.2907;-0.0715;0.6019;0.677
86.86604548;-0.0535;-0.0671;0.6019;0.617
86.86716713;-0.1245;-0.1342;1.203;1.225
86.87465998;0.0442;-0.0999;1.3473;1.36
86.88437017;0.3953;0.0164;1.3424;1.406
86.89633436;0.3242;-0.0612;0.8719;0.938
86.90443828;-0.0038;-0.1446;1.1702;1.187
86.91424901;0.322;-0.0332;0.9933;1.051
86.92427025;0.4638;-0.0569;0.905;1.023
86.93932301;0.5128;-0.0754;0.7309;0.899
86.96087421;0.2827;0.0167;0.8443;0.896
86.96263848;0.1024;-0.0048;0.6688;0.684
86.96438563;0.5592;0.017;1.1749;1.306
86.97453167;0.6094;-0.086;0.9373;1.125
86.98437917;0.4143;-0.0522;0.8726;0.972
86.99545986;0.079;-0.0044;0.9329;0.944
87.00439175;0.2028;-0.0493;0.9139;0.944
87.01454194;0.2123;-0.1351;1.1445;1.179
87.02448932;-0.0953;-0.0828;1.1277;1.143
87.0346609;-0.0553;-0.096;1.0497;1.064
87.05561386;0.5363;-0.0462;1.1011;1.23
87.05717263;0.4619;0.0221;1.0211;1.126
87.06430344;0.117;-0.0199;0.5115;0.532
87.07441913;0.3082;-0.0989;0.7837;0.853
87.08447855;0.4367;-0.0866;1.3241;1.403
87.09542921;0.2371;-0.1062;1.2855;1.318
87.10447351;0.0103;-0.0437;0.7958;0.805
87.11454894;0.2431;-0.0654;0.9488;0.988
87.12449555;0.4898;-0.0633;1.2563;1.355
87.13684048;0.622;-0.0246;0.7049;0.943
87.16020175;0.1979;0.1384;0.5573;0.613
87.16192455;-0.2817;-0.2853;0.7236;0.836
87.16448744;0.5494;-0.1242;1.4086;1.522
87.17467075;0.7035;0.077;0.8824;1.134
87.18446732;-0.208;0.0187;0.6262;0.67
87.19474263;0.1659;-0.207;0.862;0.908
87.20430351;0.9148;0.0656;1.3593;1.643
87.21458686;0.2507;-0.091;0.9597;1.002
87.23560321;-0.2145;-0.0376;0.9742;1.008
87.23756509;0.1827;-0.1951;0.9042;0.949
87.26489959;0.2585;-0.0104;1.0322;1.071
87.26652971;0.4481;-0.0514;0.7029;0.839
87.26755744;0.227;0.0044;1.0243;1.056
87.27695075;0.1818;-0.1868;0.841;0.887
87.28451225;0.3636;0.0475;1.063;1.13
87.29525494;0.1739;-0.0937;0.9516;0.979
87.30455594;0.3084;-0.0804;1.2595;1.306
87.31449859;0.4236;-0.0566;0.8378;0.945
87.32475848;0.0845;-0.0377;0.9194;0.932
87.33827448;0.2331;-0.1732;0.8578;0.912
87.35993821;0.1146;0.0663;1.2508;1.266
87.36152105;0.0588;-0.2105;1.0448;1.075
87.36456301;0.4666;0.0032;1.4836;1.561
87.37445659;0.2739;-0.1553;1.0226;1.076
87.38428851;0.241;0.0558;0.9125;0.952
87.39541267;0.6766;-0.1578;0.7664;1.036
87.40445478;0.3029;-0.0276;1.3038;1.345
87.41478501;0.17;-0.0869;0.5563;0.594
87.42446544;0.1044;0.0578;1.1002;1.114
87.43893928;0.0307;-0.259;1.2255;1.261
87.46084525;0.5012;-0.1223;1.5428;1.633
87.46237336;0.6795;0.1057;0.544;0.878
87.46504636;-0.0002;-0.0039;0.759;0.767
87.47444521;0.2353;-0.2315;1.1931;1.244
87.48428078;0.7297;0.0077;1.5643;1.731
87.49499578;0.3495;-0.0943;0.5495;0.662
87.50429575;-0.1032;0.0362;1.049;1.064
87.51468055;0.1645;-0.2555;0.8875;0.944
87.52501232;0.5162;0.0291;1.2957;1.401
87.53623198;0.6275;0.0266;0.894;1.096
87.55815755;0.0035;0.0228;0.9828;0.991
87.56097332;0.0044;-0.2546;0.6778;0.731
87.56449051;0.5198;0.0335;1.216;1.328
87.57508148;0.6059;0.0793;0.5642;0.833
87.5854139;0.1311;-0.1523;0.9179;0.947
87.59527059;0.0288;-0.0739;0.9099;0.921
87.60454836;0.1143;-0.0622;1.0921;1.107
87.61484551;0.2808;-0.0028;0.6251;0.69
87.62480475;0.2433;0.0529;1.1831;1.216
87.63726821;0.2277;-0.1974;0.7197;0.786
87.65911471;0.1394;0.0474;1.2042;1.221
87.66073848;0.2052;-0.171;0.7701;0.821
87.66473221;0.1805;0.0118;1.1636;1.185
87.67469782;0.1233;-0.1317;0.6858;0.716
87.68490555;0.2413;-0.015;0.9863;1.022
87.69453444;0.3839;-0.0518;0.8489;0.938
87.70455882;0.1377;0.0197;1.1661;1.182
87.71471186;0.1947;-0.1308;0.6192;0.668
87.72448259;0.2118;0.0104;1.2326;1.258
87.73906355;0.3516;-0.1107;0.72;0.813
87.76701321;0.6726;0.0435;0.9708;1.185
87.76901655;0.3881;-0.1118;0.4322;0.593
87.77002724;0.1134;-0.0635;0.7901;0.808
87.77471359;0.3017;-0.0435;0.9734;1.026
87.78475213;0.2654;-0.0563;1.1884;1.226
87.79454963;0.0365;-0.0887;0.9706;0.983
87.80480171;0.0426;-0.0977;1.1877;1.2
87.81483878;0.4145;-0.1666;0.9603;1.064
87.82535609;0.129;0.0354;1.0453;1.061
87.83892874;-0.0752;-0.1974;0.6302;0.673
87.86410348;0.0955;0.0327;1.3404;1.352
87.86616778;0.6285;-0.1986;1.1383;1.319
87.86722874;0.1808;-0.0053;1.2858;1.306
87.88088209;-0.0017;-0.1793;0.7147;0.744
87.88442136;0.5602;0.0821;1.2915;1.415
87.89456174;0.5146;-0.1435;0.7263;0.905
87.90972917;0.1019;-0.018;0.9976;1.011
87.91435971;0.3441;-0.1054;0.7303;0.819
87.92446278;0.1726;-0.0884;1.4492;1.469
87.93621498;0.1581;-0.1505;0.9548;0.986
87.95801951;0.2866;0.049;1.2601;1.3
87.95955032;-0.0275;-0.1548;0.7436;0.768
87.96440955;0.2982;-0.0026;1.4305;1.468
87.97533028;0.7391;-0.1561;0.8286;1.123
87.9844659;-0.0761;0.0158;1.1645;1.176
87.99567767;0.0619;-0.1727;0.4951;0.535
88.00437501;0.4867;0.0726;1.2295;1.33
88.01434232;0.261;-0.1744;0.9577;1.014
88.03835959;0.277;-0.0377;1.0641;1.107
88.03989624;0.1716;0.0293;0.5501;0.583
88.0692384;0.1351;-0.0577;1.3203;1.336
88.07098378;0.2167;0.0398;1.1741;1.202
88.08292855;0.0087;-0.1325;0.5334;0.557
88.08449405;0.3021;-0.0186;1.3479;1.388
88.09603321;0.4974;-0.1121;0.6396;0.821
88.10431386;0.1841;0.0028;0.8457;0.872
88.11433348;0.27;-0.0978;0.8876;0.939
88.1242684;0.238;-0.0103;1.2193;1.249
88.13764505;0.1208;-0.1057;0.6553;0.681
88.15854044;0.202;-0.0484;1.0828;1.11
88.16026409;0.3382;-0.0524;1.2006;1.255
88.16438371;0.2697;-0.1724;0.8142;0.88
88.17532871;0.079;0.0175;1.0579;1.069
88.18483909;0.2086;-0.2271;1.09;1.139
88.19460859;0.0768;0.0062;1.1192;1.13
88.20418821;0.3143;-0.0569;0.473;0.574
88.21423694;0.3337;-0.0127;1.0818;1.138
88.23437305;0.215;-0.1015;0.8142;0.854
88.23575682;0.4923;0.001;1.0419;1.157
88.25146563;0.3612;-0.0126;0.573;0.681
88.25413998;0.0525;-0.157;1.0628;1.083
88.26431828;0.5982;0.0564;0.6944;0.921
88.27508824;0.5091;-0.0327;0.7563;0.916
88.28402482;0.0727;-0.1358;0.613;0.639
88.29451428;0.1749;-0.0204;1.047;1.069
88.30434982;-0.0279;-0.0919;1.0876;1.1
88.3142184;-0.1168;-0.1726;1.2836;1.309
88.33080655;0.3759;-0.053;1.4108;1.467
88.33437032;0.069;-0.0211;0.8647;0.875
88.34757909;-0.0937;-0.1059;0.9597;0.979
88.35420224;0.5165;-0.1863;1.0628;1.201
88.36424624;0.1385;0.0355;1.4887;1.503
88.37641028;-0.1371;-0.2028;0.4422;0.514
88.38447036;0.0221;-0.0098;1.3422;1.351
88.39453698;0.4433;-0.2112;1.2344;1.334
88.40414209;0.5861;-0.0118;0.9669;1.135
88.4143144;0.6146;0.0456;0.1637;0.634
88.43388982;0.2435;0.0781;0.8522;0.896
88.43516594;0.2183;-0.168;0.8373;0.888
88.4521264;0.7122;-0.0106;1.3403;1.522
88.45449194;0.2981;-0.0268;0.8904;0.945
88.46425655;-0.3132;-0.173;0.9664;1.04
88.47463717;0.1689;-0.1451;1.2366;1.264
88.48478455;0.753;-0.1051;1.2883;1.5
88.49442263;-0.0534;0.0204;1.1605;1.17
88.50441251;-0.3837;-0.1835;0.7144;0.841
88.51443255;0.1461;-0.0845;1.3729;1.391
88.53279471;0.2974;-0.1026;1.2746;1.319
88.53450632;0.3782;-0.0266;1.1394;1.207
88.55363701;0.3486;-0.097;0.6839;0.778
88.55580674;0.1782;-0.0561;1.0539;1.077
88.56441524;0.7196;-0.1136;0.7148;1.022
88.57447298;0.7214;0.1998;0.9885;1.243
88.58498736;0.1704;-0.2447;1.3542;1.394
88.59444086;0.1724;-0.023;1.3542;1.373
88.60439017;0.3225;-0.1417;1.3782;1.429
88.61437505;0.0417;-0.1854;1.1094;1.133
88.63285128;0.4687;-0.0713;1.4896;1.569
88.63448467;-0.0746;-0.0276;0.5148;0.53
88.65240251;-0.0441;-0.0807;0.6596;0.674
88.65481521;0.5398;-0.0377;1.2731;1.389
88.66450086;0.3145;-0.2217;1.0961;1.168
88.67602705;0.0018;0.1054;0.8843;0.899
88.68444374;0.3396;-0.0638;0.548;0.652
88.6950284;0.4808;-0.052;1.2735;1.368
88.7049194;0.4406;-0.0688;0.6763;0.814
88.71448244;0.3947;0.146;1.1153;1.198
88.73485486;-0.0291;-0.262;0.8744;0.921
88.73633709;-0.0837;-0.1088;1.5536;1.568
88.76338598;0.3812;-0.0939;0.7927;0.889
88.76532282;0.2281;0.0559;0.9289;0.965
88.76628778;0.1697;-0.1902;0.6743;0.727
88.77574113;0.3303;-0.0227;1.0452;1.102
88.7849389;0.2503;0.0257;0.8669;0.909
88.7947854;0.0981;-0.0836;0.9805;0.996
88.80476298;0.2128;-0.0451;0.8373;0.872
88.81485647;0.4832;-0.0862;1.0882;1.199
88.83475151;0.3501;-0.0192;1.065;1.127
88.83638474;0.2573;-0.0677;0.7562;0.807
88.85757474;0.1197;-0.0439;1.0033;1.019
88.85916494;0.1404;-0.2144;1.0127;1.052
88.86512851;0.2514;0.0236;1.3729;1.403
88.87598494;0.0314;-0.1013;0.5208;0.539
88.88518721;0.0515;-0.0976;1.3491;1.362
88.89499355;0.4328;-0.0856;1.0779;1.17
88.90517571;0.2674;0.0707;1.0324;1.075
88.91526317;0.1538;-0.1202;0.5859;0.624
88.93609182;0.2338;-0.0602;1.331;1.36
88.93801186;0.5212;-0.0404;0.7568;0.923
88.95955697;0.3754;-0.0326;0.6335;0.741
88.96117809;0.124;-0.0269;0.8822;0.899
88.96470978;0.1393;-0.1902;0.7953;0.836
88.97469559;0.3512;0.065;1.3528;1.406
88.98447882;0.4049;-0.144;0.8232;0.933
88.99499128;-0.1655;-0.0101;1.021;1.043
89.00453259;0.2802;-0.1182;0.8107;0.871
89.0157904;0.6342;0.0194;1.3635;1.509
89.03682678;0.171;-0.1285;0.5027;0.552
89.03899509;-0.0893;-0.0752;0.8807;0.897
89.06616178;0.0248;-0.0418;1.0573;1.066
89.06782097;0.272;-0.1785;1.1697;1.22
89.06887247;0.1556;-0.023;1.0298;1.049
89.07552521;0.1075;-0.1415;0.7954;0.822
89.08450836;0.1518;-0.0635;1.4152;1.432
89.09484351;0.4593;-0.1005;1.0246;1.132
89.10548678;0.3064;0.038;1.152;1.199
89.11443205;0.0556;-0.1192;0.5513;0.574
89.1336444;0.2745;0.0073;1.1601;1.199
89.13524928;0.4201;-0.1192;0.7682;0.888
89.15656301;0.2191;-0.0655;1.332;1.359
89.15809586;0.2171;-0.1405;0.6607;0.715
89.16438244;0.2339;0.066;1.0354;1.07
89.17467297;0.2598;-0.1383;0.801;0.859
89.1844279;0.5085;-0.1393;0.9629;1.102
89.19446594;0.5113;0.1363;1.0555;1.186
89.2041874;0.0048;-0.1559;0.7319;0.756
89.2145349;-0.041;-0.0734;1.3257;1.337
89.23078647;0.32;-0.1334;1.0573;1.119
89.23437094;0.0858;0.031;1.3354;1.346
89.24948578;0.3283;-0.245;0.7517;0.861
89.25434647;0.2419;0.0641;1.3667;1.397
89.26482224;0.1114;-0.1429;0.6345;0.667
89.27493067;0.352;-0.0787;1.0232;1.091
89.28427682;0.331;0.0257;1.0679;1.125
89.29496921;0.0586;-0.2316;0.8992;0.938
89.30617259;0.2244;0.0578;1.0398;1.072
89.31467763;0.5222;-0.1275;0.6516;0.847
89.3318839;0.2145;0.0585;1.0395;1.07
89.33523767;0.4057;-0.1333;0.652;0.783
89.35525971;0.3495;0.1273;1.3424;1.4
89.3570489;-0.0155;-0.2828;0.7112;0.773
89.36441194;0.2708;-0.0589;1.2979;1.334
89.37463286;0.2;-0.0027;0.9386;0.966
89.38476636;0.1366;-0.139;0.7553;0.787
89.39468244;0.3547;-0.0492;1.1995;1.258
89.40494201;0.2784;-0.139;0.6663;0.74
89.41483882;-0.0324;-0.216;0.8417;0.877
89.43695413;0.3202;-0.0428;1.4584;1.501
89.43859894;0.3231;-0.0122;1.033;1.089
89.44581982;0.165;-0.0706;1.0347;1.057
89.45524251;0.3207;-0.0965;0.7374;0.815
89.46503594;0.2632;0.0028;0.9676;1.009
89.47522063;0.2714;-0.0873;1.0318;1.077
89.48502113;0.4009;-0.1823;1.0329;1.128
89.49489194;0.1835;0.0585;1.2469;1.269
89.50525151;0.138;-0.2382;0.3875;0.48
89.51464432;0.5121;0.1498;1.1386;1.263
89.53529017;0.4964;-0.1191;0.7451;0.907
89.53762032;-0.0193;-0.0469;1.071;1.08
89.55865305;0.3536;-0.0628;0.7609;0.846
89.56000344;0.1333;-0.0043;1.5014;1.515
89.56454232;-0.0534;-0.1779;1.0364;1.061
89.57480301;0.383;-0.1121;1.1582;1.231
89.58480351;0.4366;0.0906;1.1146;1.206
89.59510194;0.215;-0.2366;0.812;0.878
89.60496874;0.054;0.0188;0.841;0.851
89.61482282;0.3187;-0.0932;0.6566;0.74
89.64000628;0.3552;0.0541;1.2908;1.346
89.64214005;0.1875;-0.1969;0.7873;0.839
89.64497282;-0.014;0.0171;1.2813;1.29
89.65508678;0.1601;-0.1848;0.8465;0.888
89.67139236;0.5115;0.0293;1.2541;1.36
89.6746474;0.5073;-0.015;0.6363;0.817
89.68453336;0.2937;-0.0872;1.0013;1.053
89.69508524;0.1259;-0.0464;1.0473;1.063
89.70500321;0.2333;-0.1278;0.4863;0.559
89.71480159;0.6947;0.1579;0.7405;1.03
89.73332178;-0.0529;-0.0259;-0.0922;0.105
89.7352329;-0.6628;-0.1235;1.3044;1.478
89.76167182;0.8517;-0.3051;2.12;2.31
89.76321136;0.647;0.0651;1.5184;1.657
89.76455986;-0.6106;-0.0377;0.1852;0.647
89.77453767;-0.3296;-0.1926;1.0165;1.095
89.78433971;0.9905;-0.039;1.706;1.977
89.79482163;0.6266;0.0095;0.6173;0.881
89.80670732;-0.2023;0.0745;0.2783;0.362
89.81461401;-0.3764;-0.1642;0.8344;0.939
89.82455394;-0.2656;-0.2884;2.0403;2.086
89.8345209;0.8212;-0.1893;1.1716;1.446
89.85023747;1.3029;0.3199;1.0624;1.712
89.87339263;-0.0519;-0.1731;0.4816;0.522
89.87504824;0.113;-0.2116;0.2776;0.37
89.87591155;1.0845;0.273;0.9775;1.487
89.88484624;0.4406;-0.2792;1.5872;1.677
89.89468947;-0.6281;-0.1065;1.2856;1.445
89.90478959;-0.4213;-0.1722;0.5853;0.751
89.91457559;0.0607;0.0614;1.7927;1.803
89.93740694;0.6645;-0.2427;0.9171;1.161
89.9391529;1.0448;0.1997;0.5782;1.21
89.94528251;0.0669;0.0541;0.5956;0.609
89.96719005;-0.0578;-0.3844;1.1444;1.216
89.96898097;0.4851;0.0281;1.6921;1.767
89.97966467;0.1783;-0.0651;0.4504;0.494
89.9848842;0.0246;-0.0986;1.0075;1.02
89.9950067;0.3905;-0.0331;0.9993;1.079
90.00668128;0.2529;-0.2028;1.0646;1.119
90.01473859;0.1087;0.0578;1.129;1.143
90.02611155;0.2277;-0.1682;0.7503;0.808
90.03486182;0.0836;0.0839;1.3458;1.359
90.05599244;0.3611;-0.263;0.6475;0.79
90.05820144;0.5386;0.0983;1.4241;1.531
90.06505294;0.0678;-0.1195;0.7281;0.748
90.08811409;0.1468;-0.1665;0.9183;0.952
90.09071563;0.2658;0.0313;1.4448;1.476
90.09484032;0.0138;-0.2259;0.7128;0.755
90.10702597;0.3626;0.0297;1.2;1.26
90.11486255;0.578;-0.055;0.5126;0.775
90.12500809;0.173;-0.0498;0.9277;0.952
90.13460397;0.2634;-0.0259;0.5987;0.66
90.15069859;0.3577;-0.0355;0.8053;0.887
90.1779549;0.1105;-0.0061;1.3276;1.34
90.17970394;0.2023;-0.1892;0.9856;1.03
90.18102751;0.3163;0.0978;1.2259;1.276
90.18443686;0.1506;-0.172;0.6339;0.68
90.19444582;0.328;-0.0044;1.372;1.417
90.20565505;-0.1245;-0.0547;0.8987;0.918
90.21423467;0.0398;-0.0799;0.9498;0.962
90.22535901;0.3563;-0.1253;0.9532;1.031
90.23461113;0.1104;0.0457;1.059;1.073
90.24770405;0.2853;-0.2411;0.6795;0.78
90.27147747;0.2992;0.1242;1.3327;1.378
90.2734329;0.2262;-0.222;0.684;0.759
90.27469563;0.1793;0.0177;1.2664;1.287
90.28445694;0.4097;-0.0702;1.0062;1.094
90.29479063;0.2458;-0.0589;1.2296;1.262
90.3060344;0.2155;-0.0763;0.7747;0.814
90.31433363;0.4042;-0.0776;0.8258;0.927
90.32427328;0.0463;0.0851;1.0132;1.026
90.33460513;0.4079;-0.2359;0.5852;0.754
90.34674086;0.4925;0.1943;1.0557;1.186
90.36929917;0.165;-0.1259;0.425;0.478
90.37079605;0.2827;-0.1033;1.0399;1.089
90.37504194;0.4161;0.0711;0.8976;0.997
90.38436167;0.3148;-0.1848;0.8593;0.939
90.39445413;0.1604;0.0942;1.2745;1.296
90.40533628;0.1881;-0.1987;0.6283;0.691
90.41437763;0.0202;0.0056;1.1289;1.137
90.42492459;0.3166;-0.0757;0.8703;0.935
90.43470032;0.4379;-0.0586;1.1027;1.193
90.44843017;0.0292;0.0539;0.6785;0.689
90.47069005;0.076;-0.1518;0.4617;0.498
90.47222528;0.3904;0.1965;1.1943;1.278
90.4747927;0.358;-0.2046;0.4211;0.591
90.4849149;0.2204;-0.0155;0.9078;0.941
90.49477332;0.2127;0.0588;0.8754;0.91
90.50649932;0.1594;-0.2486;0.973;1.023
90.5147372;0.1032;0.0997;1.2835;1.299
90.52496147;0.279;-0.1738;0.5031;0.605
90.53479413;0.0542;0.0247;1.1556;1.165
90.55103055;-0.0042;-0.1146;0.7556;0.772
90.58795028;0.3087;-0.143;1.1527;1.208
90.59003594;0.1137;0.0264;1.14;1.154
90.59104186;0.0053;-0.1941;0.7004;0.734
90.59198574;0.2636;0.1131;1.0457;1.091
90.59481644;0.415;-0.2096;0.7646;0.899
90.60709132;0.4415;0.05;1.2327;1.316
90.6150189;0.4296;-0.0241;0.3836;0.578
90.62485151;0.154;-0.1019;0.9151;0.941
90.6350779;0.2224;-0.0018;1.1965;1.224
90.6485724;0.4172;-0.1623;0.9475;1.053
90.67512905;0.2466;0.1102;0.9571;1.001
90.67672055;0.1644;-0.2487;0.6631;0.733
90.6776712;0.3468;0.0855;1.5005;1.549
90.68447374;0.2829;-0.1647;0.6986;0.777
90.69439317;0.149;-0.0862;0.9492;0.972
90.70509282;0.2549;0.0628;1.1314;1.168
90.71430174;0.0344;-0.2691;1.0507;1.093
90.72444778;0.1666;0.1141;1.4212;1.443
90.73461547;0.3909;-0.2061;0.7436;0.869
90.74970178;0.039;0.032;1.4195;1.429
90.7782224;0.2598;-0.1327;0.9226;0.974
90.78018486;0.3095;-0.1002;1.2537;1.302
90.78157055;0.1333;0.0779;1.2669;1.284
90.78584151;0.2624;-0.3221;0.8869;0.985
90.79537086;0.3503;0.1421;1.3485;1.407
90.80479382;0.2855;-0.2508;0.5289;0.655
90.81438351;0.2866;0.0428;1.154;1.196
90.82465459;0.5228;-0.0291;0.7744;0.938
90.83491851;0.2265;-0.1568;0.9348;0.981
90.84936617;0.0559;0.0497;1.3539;1.364
90.87608494;0.4205;-0.2215;1.0215;1.132
90.87785013;0.3341;0.047;1.3364;1.385
90.8785759;0.3445;-0.1369;0.8574;0.939
90.88474824;0.1989;-0.1027;1.42;1.445
90.89443986;0.2891;0.0195;0.8665;0.92
90.90676109;0.0357;-0.1972;0.9227;0.952
90.91445955;0.1556;0.0693;1.0749;1.096
90.92445928;0.3651;-0.2529;0.9079;1.016
90.9347347;0.1048;0.0614;1.2211;1.235
90.94880067;0.4582;-0.1775;0.6263;0.799
90.97382455;0.5253;0.0112;1.2339;1.346
90.9756712;0.3057;-0.042;0.7518;0.818
90.97670167;0.4159;-0.141;0.9309;1.034
90.98434505;0.5017;0.0976;0.98;1.11
90.99456951;0.1786;-0.2191;0.9511;0.999
91.00513336;0.0181;-0.1612;0.6973;0.723
91.01447228;0.0181;-0.1612;1.7271;1.743
91.02437713;0.209;-0.1994;1.1102;1.154
91.03459897;0.3849;-0.124;0.9652;1.052
91.0478889;0.1127;0.1071;0.9643;0.984
91.0693824;0.3842;-0.3027;0.6001;0.777
91.0709464;0.5645;0.107;1.3546;1.477
91.07470351;0.3012;-0.1127;0.5268;0.621
91.08605263;0.0246;-0.1164;1.0127;1.028
91.09493367;0.0816;-0.0153;0.9924;1.004
91.10492201;0.3894;-0.2428;1.0848;1.183
91.11466928;0.4498;0.102;1.2494;1.338
91.12503532;0.3707;-0.1399;0.69;0.8
91.1351952;0.1456;-0.0053;1.3621;1.377
91.15066701;0.2389;-0.2446;0.8821;0.952
91.15530251;0.3819;0.0704;1.3352;1.397
91.16516105;0.2675;-0.0679;0.945;0.991
91.17890105;0.0919;-0.3153;0.9967;1.056
91.1912662;0.3483;0.1173;1.3021;1.36
91.19492374;0.3545;-0.1335;0.5194;0.646
91.2044704;0.1499;-0.0159;1.1149;1.132
91.21442513;0.4205;-0.1324;0.7732;0.894
91.22445467;0.3087;-0.0456;1.435;1.475
91.23479532;0.2868;-0.0636;1.1314;1.175
91.24721374;0.3208;-0.2343;0.9579;1.042
91.2689577;0.2125;0.0903;1.4029;1.429
91.27041143;0.2144;-0.2647;0.887;0.956
91.27463632;0.1771;0.0454;1.5789;1.597
91.28432409;0.2891;-0.1509;0.8628;0.928
91.2942679;0.0789;-0.0945;1.0761;1.091
91.30436824;0.2664;0.0066;1.0575;1.097
91.31475097;0.4803;-0.2179;0.905;1.052
91.3245287;0.3101;0.1898;1.0726;1.139
91.33476751;0.4336;-0.187;0.3394;0.581
91.34668693;0.4131;0.0564;1.3577;1.426
91.37219828;0.383;-0.1849;0.8105;0.92
91.37510001;0.3385;0.0115;1.2149;1.268
91.37596917;0.2789;-0.0432;1.0827;1.125
91.3848694;0.1383;-0.2841;0.9384;0.997
91.39481463;0.0276;0.1317;1.6977;1.711
91.4048532;0.3181;-0.2631;0.6632;0.785
91.41452601;0.1291;-0.0171;0.9461;0.962
91.42444328;0.1291;0.0475;0.8385;0.857
91.43638059;0.2988;-0.2486;0.9447;1.027
91.45014809;0.2282;0.1268;1.2943;1.328
91.45466543;0.3594;-0.1427;0.5093;0.642
91.46417282;0.1538;0.0533;1.2246;1.243
91.47857301;0.5322;-0.1336;0.8076;0.98
91.48453486;0.5636;-0.0132;1.1173;1.256
91.49457832;0.2277;0.0254;0.8131;0.851
91.5060279;0.2343;-0.2497;1.0596;1.12
91.51438436;0.1418;0.0509;1.6084;1.623
91.5243722;0.1565;-0.3027;0.6229;0.715
91.54348009;0.0081;0.1364;1.2079;1.224
91.54538886;0.3911;-0.1779;0.8143;0.925
91.56887132;0.5465;-0.1225;1.0982;1.237
91.57042001;0.2108;0.1479;0.7118;0.763
91.5748299;0.417;-0.1046;0.3002;0.524
91.5847594;0.2505;0.0591;1.0821;1.119
91.59453359;0.4764;-0.1704;0.7131;0.878
91.60444182;0.4841;0.0524;1.1608;1.264
91.61459109;0.0235;-0.0456;0.6511;0.661
91.6248584;0.1576;-0.2242;1.05;1.092
91.64768697;0.4087;0.0965;1.4157;1.483
91.64965978;0.2526;-0.2038;0.5539;0.646
91.67964124;0.2259;-0.2493;0.8412;0.912
91.68142478;0.363;-0.0474;1.1459;1.209
91.69204509;-0.0377;0.0627;0.8513;0.863
91.69486382;0.3446;-0.2747;0.4187;0.61
91.70567667;0.3033;0.181;1.3116;1.365
91.71465901;0.1418;-0.1736;0.4619;0.519
91.7245542;0.4782;-0.0467;1.0756;1.183
91.74386005;0.248;0.065;0.9607;1.001
91.7458257;0.1357;-0.1542;0.5612;0.604
91.76561536;0.3981;0.1035;1.2068;1.281
91.76760993;0.4236;-0.1815;0.7954;0.923
91.7747657;0.0049;0.054;1.4161;1.425
91.7861789;0.242;-0.175;0.6072;0.682
91.7942392;0.3682;-0.0755;1.0839;1.153
91.80446747;0.0362;0.0426;1.0625;1.072
91.81445147;0.3678;-0.1975;1.2223;1.298
91.82530297;0.0121;-0.2325;0.6087;0.659
91.85018809;0.2939;-0.0837;1.3316;1.373
91.8551039;0.1699;-0.3045;0.5096;0.622
91.86442743;0.4091;0.1476;1.4759;1.545
91.87878636;0.4697;-0.1758;0.6842;0.851
91.8871354;0.0316;-0.0006;1.117;1.126
91.89534628;0.044;-0.101;0.854;0.869
91.90525067;0.3716;-0.0379;1.241;1.302
91.91447182;0.2882;-0.034;1.1981;1.239
91.92472386;0.241;-0.242;0.7101;0.793
91.94608459;0.2654;0.2075;1.2626;1.314
91.94762863;0.2516;-0.2552;0.5119;0.629
91.96904701;0.4289;-0.0594;1.4335;1.504
91.97066951;0.516;0.1413;0.9296;1.077
91.97480228;0.0861;-0.2392;0.3284;0.42
91.98627367;0.0663;0.0641;1.37;1.381
91.99438032;0.4384;-0.2938;0.9998;1.135
92.0057317;0.3153;0.0368;1.4398;1.481
92.0146754;-0.0167;-0.0601;0.845;0.856
92.02500243;0.0056;-0.2129;0.9886;1.019
92.04804478;0.2926;0.0657;1.5515;1.587
92.05037155;0.4554;-0.2358;0.8306;0.98
92.07540178;0.2433;0.124;1.3831;1.417
92.07714963;0.0253;-0.2833;0.7568;0.815
92.07803763;0.2872;-0.0297;1.4015;1.438
92.08655443;0.5119;0.1179;0.9289;1.072
92.09454974;0.4167;-0.2367;0.36;0.6
92.10494459;0.3334;0.204;1.377;1.438
92.11488786;0.478;-0.2779;0.8461;1.014
92.1253889;0.3031;0.0007;1.3605;1.401
92.14395674;0.3198;0.0133;0.8813;0.943
92.14576266;0.2388;-0.199;0.9155;0.973
92.16807536;0.1224;-0.0057;1.3127;1.326
92.16975916;0.5389;-0.1975;0.7212;0.924
92.17489455;0.2009;0.1622;1.5435;1.572
92.18595805;-0.1975;-0.4126;0.7745;0.907
92.19487955;0.1948;-0.0641;1.2904;1.314
92.20498905;0.4005;0.1053;1.3007;1.371
92.21511151;0.2441;-0.209;0.6557;0.735
92.22524266;0.3528;0.074;1.22;1.279
92.25051209;0.6853;-0.0963;0.6616;0.959
92.25224482;0.1446;-0.0386;1.0897;1.107
92.25536028;0.1702;-0.0252;0.8984;0.922
92.2652284;0.3578;-0.1838;1.0665;1.145
92.2789917;0.1328;0.0862;1.5928;1.608
92.2922414;0.3276;-0.2283;0.5567;0.688
92.29428436;0.4355;0.089;0.9408;1.046
92.30430824;0.1805;-0.0654;0.6346;0.669
92.31443024;0.1637;-0.211;1.2257;1.262
92.32474132;0.5596;0.0525;1.5998;1.702
92.34279374;0.0573;-0.2245;0.5522;0.605
92.34490532;-0.3961;-0.0214;1.4059;1.47
92.36814355;0.7509;-0.2044;1.1845;1.421
92.36988897;1.0891;0.1086;0.6896;1.293
92.37450678;-0.1005;0.155;-0.1601;0.243
92.3856389;0.0517;-0.1506;0.2356;0.289
92.39472178;0.7715;0.0266;2.2661;2.4
92.40481505;0.2318;-0.1283;0.6801;0.735
92.41513797;-0.2552;0.0144;0.3009;0.405
92.42495966;0.4173;0.0491;1.187;1.265
92.44876997;0.7928;-0.4854;1.3808;1.668
92.45060282;0.4782;0.3571;1.0399;1.204
92.45927116;0.2562;-0.0509;0.129;0.29
92.46535516;-0.6456;-0.2619;1.7512;1.894
92.47988236;0.0247;-0.1433;1.4685;1.484
92.4908219;0.5095;0.0515;0.7128;0.881
92.49451324;-0.2604;-0.0465;0.99;1.034
92.50509055;0.0264;-0.454;0.9508;1.061
92.51469916;0.6266;0.2132;1.2555;1.424
92.5249164;0.5549;0.0247;0.3337;0.647
92.54709274;0.1493;-0.2187;0.7308;0.783
92.54873043;0.3771;0.1218;1.3242;1.389
92.5730509;0.7434;-0.2193;0.5015;0.923
92.57456893;0.4206;0.1027;1.1412;1.226
92.57552978;0.1251;-0.12;0.6105;0.641
92.58765359;0.1532;-0.0355;0.8351;0.857
92.60501382;0.4762;-0.2617;1.2362;1.356
92.61492436;0.0222;-0.2428;0.646;0.698
92.62430993;0.331;-0.1266;1.3292;1.382
92.64321251;0.2703;0.092;1.225;1.265
92.64499355;0.2948;-0.2618;0.5102;0.648
92.6674539;-0.1253;0.065;1.2783;1.295
92.66899101;0.0046;-0.1909;0.7485;0.78
92.6747862;0.5231;-0.1371;1.3254;1.437
92.68550943;0.516;0.0893;1.2983;1.405
92.6947469;0.2113;-0.1695;0.2385;0.362
92.70487959;0.0332;0.1388;0.8505;0.871
92.71441486;0.7726;-0.2298;0.8874;1.201
92.72454493;0.6913;0.0341;1.3886;1.556
92.74258443;0.0224;-0.0199;0.6714;0.68
92.74428601;0.108;-0.1713;0.8854;0.915
92.76764543;0.2265;0.0407;1.7494;1.772
92.76938859;0.4768;-0.2125;0.6503;0.837
92.77441059;0.1818;0.0496;1.0485;1.072
92.78584128;-0.0413;-0.026;1.0619;1.072
92.79456086;0.0195;-0.3947;1.1019;1.178
92.80463586;0.2344;0.191;1.6663;1.701
92.81460601;0.3749;-0.2226;0.8008;0.916
92.82446405;-0.0843;-0.0936;1.1562;1.172
92.84636447;0.331;0.0148;0.7743;0.847
92.8478427;0.9183;-0.0766;1.0655;1.411
92.87022063;0.3979;0.0817;1.1913;1.265
92.87186766;0.179;-0.2707;0.2616;0.419
92.8745884;0.4426;0.1983;1.3898;1.478
92.88738447;0.4672;-0.2118;1.0355;1.16
92.89456559;0.2452;-0.1896;1.0103;1.063
92.90472547;0.2289;0.2872;0.9775;1.051
92.92116697;0.2807;-0.3418;0.5798;0.733
92.92500897;0.248;0.0914;1.4895;1.52
92.93545947;0.402;-0.0936;0.7408;0.852
92.94432732;0.2559;-0.0607;0.8179;0.865
92.9593052;-0.0627;0.017;1.2613;1.272
92.9647742;0.3604;-0.261;0.6891;0.824
92.98242516;0.2921;0.1419;1.412;1.456
92.98467397;0.2317;-0.0781;0.6392;0.69
92.99435724;0.1562;-0.1877;0.8741;0.914
93.00440886;0.4214;0.1347;1.4351;1.508
93.0185774;0.4246;-0.289;0.6107;0.801
93.02426759;-0.0656;0.1617;0.9871;1.011
93.03429178;0.2361;-0.1207;0.4899;0.562
93.04430763;0.4268;-0.1027;1.2383;1.32
93.0555724;0.2454;0.0169;1.2994;1.33
93.07207666;0.2008;-0.2147;0.505;0.589
93.07440509;0.0496;0.0829;1.407;1.418
93.08448447;0.3068;-0.1948;0.8714;0.95
93.09408016;0.5246;-0.0761;0.8929;1.042
93.10446713;0.3668;0.2234;0.8158;0.927
93.11923105;0.1682;-0.3147;0.4431;0.573
93.12438105;0.2647;0.0621;1.3436;1.378
93.13436559;0.4338;-0.0635;0.6734;0.807
93.14446797;0.0694;-0.0723;0.9162;0.929
93.15645886;0.2596;-0.0344;0.9685;1.01
93.16423328;0.5334;-0.1498;0.8714;1.036
93.17409093;0.2372;0.2239;1.1804;1.232
93.18483055;0.5327;-0.2487;0.5732;0.823
93.19448724;0.2057;-0.0195;1.4708;1.493
93.20417043;-0.0002;-0.0385;1.0228;1.032
93.21426989;0.4698;-0.2141;0.8677;1.014
93.22409347;0.0982;0.1189;1.4571;1.473
93.2416932;0.1349;-0.2769;0.4288;0.532
93.24476478;0.5193;0.0502;0.808;0.966
93.25950928;0.4687;0.1083;0.7489;0.894
93.26446782;0.1761;-0.2961;0.3451;0.49
93.27436882;0.0241;0.1846;1.4644;1.485
93.28439224;0.3777;-0.332;1.0351;1.156
93.29408739;0.2201;-0.0473;1.3797;1.405
93.30424743;0.2731;0.0972;0.9933;1.041
93.31854709;0.5626;-0.1909;0.7121;0.93
93.32402936;0.1659;0.085;1.3665;1.387
93.3343617;0.3512;-0.2422;0.7528;0.87
93.3441577;0.1825;0.0423;1.5508;1.57
93.35642263;-0.2591;-0.0965;1.0782;1.122
93.3642377;0.009;-0.2657;0.7635;0.816
93.37819339;0.3853;0.1522;1.434;1.499
93.38843797;0.6356;-0.1791;0.5478;0.859
93.39428743;0.516;0.0182;1.0107;1.14
93.40425697;0.2902;0.048;0.8919;0.945
93.41816974;0.1998;-0.274;1.463;1.509
93.43005186;0.6477;-0.1612;0.5698;0.878
93.44189316;0.1212;0.0254;1.4343;1.447
93.46625486;0.4667;-0.045;0.9787;1.09
93.46897643;0.2077;0.0986;1.0682;1.1
93.47422763;0.267;-0.2722;0.6096;0.723
93.48436232;0.3083;0.14;1.3121;1.362
93.49444547;0.3386;-0.1284;0.7964;0.88
93.50497982;0.3786;-0.1717;1.1522;1.231
93.51604924;0.2522;0.1208;1.2659;1.304
93.52439559;0.2354;-0.2847;0.6261;0.732
93.53532897;0.2718;0.1113;1.5989;1.633
93.54449663;0.4912;-0.1092;0.6888;0.856
93.55488509;0.2249;-0.1083;0.8177;0.861
93.57205074;0.1783;0.0821;1.1423;1.166
93.57501609;0.4373;-0.2959;0.8871;1.037
93.58984293;0.1311;0.0377;1.2538;1.269
93.59443213;0.2619;-0.0672;0.5601;0.627
93.60438601;0.3638;-0.0297;1.17;1.232
93.61866232;0.1794;-0.0353;1.1257;1.148
93.62423513;0.4621;-0.2698;0.5866;0.796
93.63462809;0.2464;0.2226;1.4935;1.537
93.64444451;0.0186;-0.3393;0.8077;0.883
93.65495674;0.2144;-0.0884;1.2767;1.305
93.67588889;0.3031;0.1316;1.2306;1.281
93.67746086;0.3362;-0.2024;0.6889;0.797
93.68504266;0.371;0.0628;1.2513;1.313
93.69911074;0.6254;-0.175;0.6262;0.904
93.70442736;0.3684;0.077;1.101;1.17
93.71576939;0.3426;-0.1107;0.877;0.953
93.72439809;0.4366;-0.1057;0.882;0.994
93.73442528;0.0327;0.1129;1.2751;1.289
93.74447397;0.3646;-0.3406;0.7976;0.945
93.75920339;0.4762;0.1465;1.6595;1.739
93.7782997;0.1746;-0.1715;0.6208;0.673
93.77985274;0.2427;-0.0823;1.0816;1.118
93.78443693;0.3572;-0.0038;1.4974;1.546
93.79452586;0.4142;-0.2106;0.6327;0.788
93.80483566;0.1667;0.0961;1.2413;1.264
93.81447124;0.4677;-0.1791;0.7616;0.915
93.82433059;0.4711;-0.0673;1.1054;1.209
93.83526482;0.1783;0.0235;1.1008;1.123
93.84440843;0.5238;-0.1101;0.6833;0.871
93.85882974;0.28;0.0214;1.4669;1.501
93.87931186;0.1742;-0.1792;0.7972;0.842
93.88098378;0.4303;0.011;1.1312;1.216
93.8848037;0.3553;0.0233;0.9669;1.036
93.89501963;0.143;-0.3126;1.0862;1.146
93.90443705;0.3662;0.1553;1.7009;1.754
93.91455851;0.4527;-0.1742;0.5363;0.725
93.92445601;0.0281;-0.0145;1.0409;1.049
93.94187505;0.2099;-0.0512;0.9583;0.989
93.94473386;0.8028;-0.1331;0.8716;1.194
93.96385459;0.4102;0.041;1.1286;1.207
93.96846824;0.3538;-0.133;0.1871;0.42
93.97444843;0.2789;0.1891;0.8893;0.957
93.98484778;0.3099;-0.1331;0.6952;0.778
93.9944582;0.6946;-0.2062;1.0767;1.301
94.00428832;0.4645;0.285;1.0621;1.199
94.01619413;0.0206;-0.2919;0.0697;0.301
94.02446236;0.4014;-0.0101;1.0614;1.14
94.03502901;0.6893;0.1482;0.6006;0.927
94.04452074;-0.0828;-0.1488;0.3846;0.429
94.06018916;-0.135;-0.0086;1.4726;1.488
94.08216924;0.4366;-0.261;1.6187;1.703
94.08373209;-0.2525;0.0765;1.3624;1.397
94.08537636;-0.0643;-0.238;0.5899;0.647
94.09446616;0.9689;-0.049;1.4415;1.741
94.10435397;0.3049;0.1996;0.4124;0.554
94.11854513;-0.3296;-0.2062;-0.2776;0.476
94.12424974;0.3287;0.1018;1.9712;2.008
94.13442739;0.3621;-0.4758;1.6557;1.766
94.14439201;0.0799;0.0883;0.7628;0.78
94.15955378;0.4173;0.2052;-0.1098;0.471
94.16644505;0.4008;-0.1867;0.7689;0.891
94.17933528;1.0262;-0.0878;1.8689;2.138
94.18433886;1.0627;0.1972;0.4314;1.162
94.19700159;-0.1513;-0.0478;0.6114;0.641
94.20436186;-0.66;-0.3682;1.5262;1.712
94.2143372;0.423;-0.1703;1.8442;1.906
94.22480878;-0.2018;-0.2364;0.4135;0.526
94.23450178;-0.3494;-0.0432;1.7653;1.809
94.24477474;0.3191;-0.2533;0.9499;1.039
94.25547297;0.6183;0.0259;1.2597;1.408
94.27534162;0.6494;0.0849;1.2394;1.406
94.27696832;0.1891;-0.2304;0.6432;0.714
94.28570001;0.3023;0.0435;1.1224;1.17
94.29421989;1.1154;-0.1167;0.7933;1.374
94.3040792;0.8517;0.1391;1.4925;1.728
94.31720678;0.2017;-0.2139;0.5965;0.67
94.3241962;0.3387;-0.0867;0.8317;0.907
94.33427655;0.3891;0.0061;1.7552;1.805
94.34419478;0.296;-0.2945;0.9183;1.014
94.35453186;0.1054;0.1179;1.2305;1.248
94.37170962;-0.0459;-0.1594;0.766;0.792
94.37414955;0.2568;-0.143;1.2102;1.252
94.38421251;0.531;0.1429;0.921;1.077
94.39434197;0.1559;-0.1654;0.684;0.727
94.40409616;0.3357;-0.0526;1.7181;1.758
94.41443986;0.634;-0.17;0.9487;1.157
94.42422866;0.1548;0.0704;0.9845;1.006
94.43449166;0.409;-0.1037;0.6469;0.776
94.44435801;0.6159;-0.1496;1.0015;1.189
94.46035505;0.2617;0.1014;1.1382;1.179
94.48826401;0.1159;-0.2272;0.5427;0.605
94.48965616;0.0515;0.0237;1.677;1.686
94.49048116;-0.0134;-0.1571;0.8465;0.869
94.49451128;0.2797;-0.161;0.7287;0.802
94.50452189;0.8016;0.1986;1.1673;1.434
94.51617012;0.4452;-0.2216;0.5285;0.728
94.52477586;0.326;0.0657;0.9279;0.992
94.5346837;0.4441;-0.1699;0.808;0.942
94.54475274;0.1983;0.0321;1.3357;1.358
94.55835501;0.297;-0.0624;0.6188;0.694
94.58328862;0.3778;-0.0242;0.6168;0.728
94.58504432;0.0467;0.0428;1.3751;1.385
94.58621301;0.5072;-0.3026;0.8263;1.019
94.5946547;0.3479;0.132;1.5181;1.57
94.60431439;0.0319;-0.0807;0.6053;0.619
94.61444582;0.1499;-0.2152;0.8261;0.873
94.62426455;0.4361;0.1186;1.519;1.591
94.63439943;0.5999;-0.2169;0.5005;0.811
94.64447516;0.1342;0.0943;1.1308;1.15
94.6564997;0.0325;-0.2123;0.8284;0.863
94.68961609;0.2188;-0.1102;1.3906;1.419
94.69119389;0.6535;0.005;1.2089;1.379
94.69232186;0.4835;-0.0523;0.8301;0.966
94.69428793;0.2209;0.0132;0.9531;0.985
94.70440739;0.6037;-0.1918;0.8505;1.063
94.71437316;0.3602;0.0191;1.5085;1.558
94.72433505;0.4281;-0.0695;0.7212;0.846
94.73474074;-0.0104;-0.076;0.9404;0.952
94.74504909;-0.0476;0.0005;1.4027;1.412
94.75597486;0.6148;-0.252;0.8033;1.045
94.77857616;0.349;0.162;1.2527;1.317
94.77980051;0.2426;-0.2057;0.5274;0.62
94.78422055;0.5262;-0.0708;1.1287;1.252
94.79471697;0.5187;0.0697;1.0926;1.216
94.80430336;0.2029;-0.2156;0.5686;0.646
94.81440812;0.3362;0.1262;1.261;1.318
94.82419297;0.5687;-0.2536;0.8388;1.048
94.83452255;0.1589;0.0042;1.3009;1.318
94.84451128;0.2944;-0.1068;0.8971;0.956
94.85573893;0.2784;-0.0327;1.0783;1.121
94.87735005;0.0297;-0.0548;1.422;1.431
94.88209066;0.6188;-0.2554;0.9577;1.172
94.88481628;0.3397;0.2375;1.1314;1.211
94.89470382;-0.0039;-0.2157;0.2277;0.319
94.90444128;0.5471;-0.0409;1.1255;1.257
94.91526243;0.7704;0.1627;1.0561;1.321
94.92441424;0.2505;-0.2485;0.4072;0.542
94.93462093;0.0114;0.1092;1.0657;1.08
94.9445442;0.612;-0.1601;0.6271;0.892
94.95835493;0.5872;0.015;1.1727;1.316
94.97931724;0.4003;-0.0548;0.6723;0.788
94.9808757;0.517;-0.0083;0.3836;0.644
94.98456016;-0.2299;0.0724;1.074;1.11
94.99450182;0.1255;-0.3853;0.9585;1.047
95.00449062;0.4755;0.1485;1.704;1.782
95.01460224;-0.049;-0.1825;0.9863;1.012
95.02484782;0.5171;-0.0101;1.4873;1.58
95.03513732;0.5691;-0.1121;0.6576;0.879
95.04478578;0.0184;0.1462;0.892;0.912
95.05827643;0.3298;-0.1914;0.501;0.633
95.08617036;0.4503;-0.0401;1.2064;1.294
95.08794932;0.2343;0.0137;0.8775;0.915
95.08897828;0.4847;-0.1065;0.469;0.684
95.09579662;0.3596;0.0643;1.1228;1.187
95.10487878;0.3412;-0.1224;0.5311;0.646
95.11605078;0.6556;0.0158;1.138;1.318
95.12456186;0.5068;-0.0034;0.6557;0.832
95.13467432;0.0359;-0.1946;0.7073;0.742
95.1447462;0.2334;0.0468;1.3248;1.353
95.15911505;0.3577;-0.2825;0.9365;1.046
95.18802362;0.0413;0.084;1.5586;1.57
95.18969843;-0.0772;-0.1847;0.7;0.736
95.19062832;0.2271;-0.0956;0.9663;1.004
95.19462509;0.4191;0.0272;1.1297;1.211
95.20450182;0.4076;-0.2222;0.7149;0.856
95.21498847;0.2356;0.2084;1.246;1.292
95.22442728;0.2642;-0.2678;0.6447;0.751
95.23472332;0.36;-0.0443;1.6782;1.724
95.25848886;0.5673;-0.0156;1.0092;1.162
95.25998332;0.5322;-0.1046;0.6763;0.87
95.28299985;0.3265;0.0045;1.1323;1.185
95.2849272;0.5532;-0.2411;0.7585;0.972
95.28596524;0.2762;0.1116;1.5428;1.579
95.29474093;0.0492;-0.3018;0.8449;0.905
95.30467185;0.186;-0.0202;1.3325;1.353
95.31705105;0.0777;-0.0364;1.0557;1.067
95.32444874;0.4501;-0.1278;0.7733;0.908
95.33463262;0.6861;0.0948;1.2569;1.44
95.3448867;0.4153;-0.206;0.4535;0.65
95.35448224;0.396;0.0707;1.2995;1.367
95.37554755;0.6398;-0.0971;0.8483;1.07
95.37832843;0.3061;-0.0887;0.8612;0.924
95.38428597;0.4125;0.0529;0.973;1.064
95.39445362;0.6714;-0.1246;0.6767;0.963
95.40420593;0.2221;-0.1246;1.1675;1.202
95.41435701;0.1075;-0.0722;0.2705;0.305
95.42468155;0.3211;0.0136;0.9094;0.97
95.4344702;0.2843;-0.0031;1.1008;1.143
95.45917997;0.1165;-0.2128;0.4192;0.489
95.46495489;0.205;0.1266;1.3618;1.39
95.46608159;0.141;-0.348;0.9751;1.051
95.47467355;0.1961;-0.068;1.6332;1.654
95.48564462;0.3393;-0.0211;1.2689;1.32
95.49566855;-0.1066;-0.2101;0.9162;0.954
95.50499712;0.0357;-0.0189;1.2757;1.284
95.51476124;0.6271;-0.0894;0.5471;0.838
95.52454997;0.2592;0.1408;0.6649;0.733
95.53503009;0.1942;-0.1992;0.2913;0.405
95.54527389;0.6459;0.0111;1.1932;1.361
95.55935516;0.4588;0.1003;0.7672;0.904
95.56523424;0.216;-0.2012;0.3862;0.489
95.57467824;0.9828;0.0916;1.4784;1.781
95.58987662;0.94;-0.2354;0.6526;1.168
95.60182324;0.2752;0.1226;0.8312;0.89
95.60488289;0.4147;-0.069;0.4447;0.614
95.61551478;-0.0689;-0.1253;1.0652;1.083
95.62432524;-0.418;-0.0816;1.3145;1.391
95.63495543;0.1961;-0.1951;0.9395;0.986
95.6452077;0.1135;-0.0128;1.5316;1.544
95.65917089;-0.091;-0.1827;0.7326;0.769
95.66480432;0.3386;0.0403;0.8049;0.88
95.67463382;0.8394;-0.0177;1.1347;1.415
95.68941809;0.5148;-0.2642;1.5199;1.632
95.70290089;0.2897;0.1246;1.3152;1.359
95.70487143;0.2546;-0.222;0.3661;0.501
95.71515516;-0.0559;-0.0089;1.4306;1.44
95.72437143;0.7326;-0.208;1.0007;1.26
95.73446105;0.7211;0.1659;0.8135;1.102
95.75562805;-0.1204;-0.0535;0.549;0.574
95.75750297;0.1471;-0.2829;0.7404;0.812
95.77947689;0.8545;0.2028;1.3336;1.601
95.7811252;0.7223;-0.0845;0.3666;0.813
95.78483774;0.2402;-0.0514;0.9645;1.002
95.79646662;0.5137;-0.0952;1.2456;1.356
95.80501797;0.3203;-0.1286;1.3327;1.383
95.81509051;0.2477;-0.2027;0.9131;0.974
95.82489582;0.0241;0.015;1.8205;1.829
95.83502701;0.1204;-0.2149;0.7471;0.793
95.85441401;0.3586;-0.027;0.7868;0.87
95.85617674;-0.0472;0.1562;0.8413;0.866
95.87732424;0.4161;-0.3202;0.9646;1.103
95.87876751;0.8415;0.1583;1.3916;1.638
95.88440855;0.4172;-0.1351;0.4346;0.619
95.89526166;0.334;0.0423;1.1257;1.181
95.90427509;0.8077;-0.088;1.0673;1.344
95.91456262;0.762;-0.0934;1.2608;1.48
95.9245557;0.1837;0.1127;0.762;0.799
95.93450462;0.0204;-0.1362;0.7573;0.777
95.95684462;0.2228;-0.0114;1.3848;1.41
95.9586887;0.2674;-0.232;0.5701;0.675
95.99012478;0.0803;0.1886;0.8815;0.913
95.99163478;0.0666;-0.1352;0.6699;0.694
95.9941577;0.4387;-0.197;1.1689;1.269
95.99504859;0.6858;0.1983;0.9642;1.203
96.00519605;0.5764;-0.0906;0.1592;0.601
96.01480243;0.2146;0.1149;0.9205;0.959
96.02452578;0.6413;-0.2177;0.845;1.086
96.03477193;0.5894;0.0309;1.2367;1.375
96.05709255;-0.101;-0.0364;0.7548;0.771
96.05929851;-0.0787;-0.2202;0.5113;0.57
96.08478455;0.1854;0.1576;1.124;1.157
96.08632016;0.3506;-0.2295;0.61;0.744
96.08727059;0.3547;0.0197;1.3789;1.43
96.09602897;0.0721;-0.0942;0.9359;0.951
96.10439659;-0.1027;-0.103;0.9794;0.999
96.11473543;0.3038;0.0023;1.2152;1.259
96.12438943;0.46;-0.1543;0.9331;1.056
96.13505135;0.2128;0.0702;1.3009;1.327
96.15544959;0.2864;-0.1994;0.5464;0.652
96.15722551;0.4027;-0.0528;1.2161;1.288
96.17935643;0.2918;-0.0304;0.6715;0.738
96.18105159;0.2662;-0.0853;0.2584;0.382
96.18447978;0.4051;0.1455;0.7184;0.842
96.19798916;0.5444;-0.2254;0.993;1.159
96.20477012;0.5553;0.1113;1.6183;1.721
96.21458955;0.1852;-0.1402;0.4839;0.542
96.2245577;0.353;-0.1164;1.0922;1.16
96.2346992;0.8551;0.0778;1.1148;1.41
96.2563262;0.2151;-0.03;0.6919;0.731
96.25818905;0.1148;0.0001;0.9058;0.921
96.2813727;0.1268;-0.2993;1.0938;1.148
96.28310628;-0.0114;0.1245;1.552;1.565
96.2850757;0.2785;-0.1342;0.6006;0.68
96.29568401;0.2072;-0.0643;1.1984;1.225
96.3045367;0.3335;-0.0264;1.1151;1.17
96.31440747;0.7867;-0.0787;0.886;1.19
96.32516289;0.6517;0.1572;1.2614;1.433
96.33443997;0.243;-0.3643;0.6633;0.799
96.35455208;0.1457;0.0601;1.3768;1.393
96.35601555;0.5458;-0.1091;0.8896;1.053
96.3760372;0.1687;-0.0678;1.1281;1.15
96.3779127;-0.1146;-0.0031;1.0236;1.039
96.38433732;0.2008;-0.1506;0.5634;0.622
96.39503547;0.4035;0.0766;1.34;1.408
96.4043137;0.6383;-0.1428;0.6852;0.949
96.41457728;0.2444;0.0522;0.7802;0.826
96.42475278;0.2266;0.0024;0.6023;0.649
96.43486224;0.096;-0.1824;1.3699;1.393
96.45286285;0.6823;-0.0336;1.7315;1.867
96.45475655;0.7438;-0.0838;0.7546;1.064
96.4758397;-0.5188;0.0365;0.484;0.721
96.47749285;-0.0679;-0.2715;0.7901;0.846
96.48495235;0.9866;0.0676;2.1629;2.383
96.49549735;0.2497;-0.0716;0.7663;0.815
96.50479105;-0.5284;-0.1318;0.513;0.758
96.5151042;0.1496;0.0192;1.6701;1.685
96.52491701;0.9552;-0.2943;1.3066;1.648
96.53458258;0.7586;0.2007;0.5505;0.959
96.55245732;0.2318;0.1601;0.1497;0.32
96.55502051;0.0209;-0.2684;1.9387;1.965
96.57363897;1.0035;-0.2871;1.7102;2.007
96.57861155;0.7234;0.2315;0.684;1.024
96.58455778;-0.2659;0.0004;0.2363;0.366
96.59613635;0.1848;-0.4203;1.2715;1.358
96.6046872;1.1364;0.1594;1.6695;2.029
96.6144637;0.3915;-0.0042;0.0748;0.394
96.62467651;-0.4325;-0.0311;1.4347;1.508
96.63454855;0.8261;-0.016;1.2866;1.533
96.65179724;0.6769;0.2249;0.7319;1.024
96.65458985;0.0872;-0.2306;0.7049;0.753
96.67341593;0.2911;-0.025;1.5347;1.569
96.67506843;0.5993;-0.1548;0.7807;0.999
96.68446582;0.3158;0.0746;1.4163;1.46
96.69445528;0.0881;-0.1792;0.7376;0.771
96.70470466;0.1309;-0.029;0.9266;0.944
96.7144477;0.4259;-0.0129;1.2038;1.283
96.72663382;0.6086;-0.2;1.064;1.246
96.73462228;0.186;0.0988;1.2301;1.255
96.74443608;0.2508;-0.1835;0.3505;0.471
96.75460274;0.3538;0.0393;1.1626;1.222
96.77015878;0.4924;-0.0903;0.7118;0.873
96.77527585;0.5294;0.0129;0.7879;0.953
96.8005677;0.2047;0.0142;0.8954;0.925
96.80215158;0.0368;-0.2256;0.6524;0.698
96.80499182;0.3475;0.0662;1.4421;1.492
96.81472455;0.5469;0.0114;0.5776;0.797
96.82474043;0.181;-0.0151;0.6587;0.69
96.83466532;0.4841;-0.0374;0.705;0.859
96.85136378;0.4321;-0.0071;1.1669;1.25
96.85512639;0.0629;-0.0169;0.8289;0.839
96.87342474;0.3495;-0.0872;0.5048;0.623
96.87541182;0.1126;0.0213;1.2304;1.243
96.88431193;-0.0232;-0.2373;0.8887;0.928
96.8954307;0.3799;0.0076;1.4211;1.477
96.90481658;0.7064;0.0009;0.6074;0.933
96.91453451;0.119;-0.0445;0.2345;0.271
96.92634801;0.2549;0.0923;0.3898;0.479
96.93442012;0.6242;0.0336;0.447;0.769
96.94488751;0.2384;-0.1518;1.2995;1.337
96.95448682;0.2926;0.0305;0.8958;0.949
96.96893812;-0.0343;-0.006;0.8259;0.835
96.99502335;0.207;-0.0966;1.05;1.081
96.99698593;0.7433;-0.1975;0.8639;1.159
96.99798739;0.5223;0.3701;0.8302;1.053
97.00486166;0.0373;-0.3022;0.4226;0.526
97.01481962;-0.1485;-0.087;1.4057;1.425
97.02605912;0.2511;-0.0729;0.6516;0.708
97.03510412;0.1246;-0.0371;1.048;1.063
97.04453216;0.248;-0.1069;1.1931;1.23
97.05479366;0.6087;-0.0842;0.2936;0.679
97.07198005;0.3042;0.2566;0.0898;0.406
97.07621097;0.6276;-0.1101;-0.0426;0.632
97.09889874;0.8525;0.0517;1.4362;1.675
97.10035628;0.0618;-0.0594;0.8203;0.832
97.1047717;-0.1763;0.0143;0.8687;0.896
97.11449166;0.1759;-0.1105;2.0577;2.076
97.12612628;0.2916;-0.3735;1.6839;1.756
97.13461524;-0.1016;0.0854;0.9564;0.975
97.14562678;-0.1845;-0.1228;0.5716;0.622
97.15466216;-0.1824;-0.2305;2.3645;2.391
97.16932828;0.1021;-0.1178;1.1309;1.149
97.19234739;0.1535;0.0217;0.3056;0.348
97.19402055;-0.1146;0.0403;0.8956;0.913
97.19518674;0.6845;-0.3496;1.4025;1.604
97.20446828;1.3491;0.272;1.1869;1.819
97.21483562;0.8165;-0.0443;-0.0616;0.813
97.22584985;0.6674;0.1539;0.8162;1.068
97.23462424;1.3812;0.02;0.6748;1.536
97.24445462;1.1984;0.15;0.8949;1.504
97.25471089;0.3782;-0.0715;0.5607;0.683
97.27052601;-0.1413;0.0949;0.7446;0.773
97.30423393;-0.5802;-0.178;1.6191;1.739
97.30840005;0.0268;-0.3108;1.0649;1.117
97.30963155;0.2719;-0.0933;1.2123;1.253
97.31059574;-0.266;0.1004;0.9469;0.998
97.31708385;-0.2229;-0.4312;0.9281;1.055
97.3308632;0.5469;0.1241;1.3244;1.444
97.33454728;0.4553;-0.1501;0.5931;0.765
97.34535724;0.1849;0.085;1.4141;1.436
97.35465482;0.4101;-0.1218;0.8634;0.968
97.37058416;0.277;-0.0559;0.9753;1.022
97.3913417;0.2469;-0.0629;0.7922;0.838
97.3929672;0.4054;0.0156;1.0605;1.141
97.39465774;0.5249;-0.0434;0.8438;0.998
97.40932989;0.1639;-0.1115;0.5308;0.572
97.42946858;0.4615;-0.2;1.0281;1.149
97.43533701;0.1925;-0.1063;0.3641;0.429
97.44506166;0.3594;0.0192;1.1994;1.258
97.45450366;0.3049;-0.0861;1.2254;1.272
97.4743952;0.3266;-0.1153;0.6151;0.71
97.47588197;0.2491;0.1068;0.909;0.955
97.48484574;0.238;-0.2201;0.9371;0.998
97.49570312;0.1804;0.0461;1.3578;1.378
97.50453024;0.5363;-0.1048;0.6649;0.863
97.5143067;0.2505;-0.0081;1.3141;1.345
97.52551393;0.1589;-0.1022;1.0055;1.03
97.53423212;0.4218;0.0028;0.875;0.976
97.54448966;0.2748;0.1358;1.0431;1.094
97.5542962;0.6066;-0.3453;0.983;1.209
97.56686731;0.5145;0.1772;1.3619;1.472
97.59009151;0.1402;-0.1291;0.4222;0.469
97.59180358;0.4889;-0.015;1.6508;1.728
97.59446247;0.6157;-0.2331;1.246;1.414
97.60437258;0.3048;0.0525;1.1853;1.232
97.61425724;0.3027;0.058;1.1292;1.177
97.62522416;0.2388;-0.2954;1.1416;1.209
97.63427235;0.1421;0.0733;1.5111;1.527
97.64479601;0.3531;-0.1448;0.887;0.971
97.65435462;0.0628;0.0365;1.8917;1.901
97.66588174;-0.0084;-0.3375;1.1507;1.207
97.68690181;0.4015;-0.0178;1.4885;1.548
97.68806916;0.4167;0.0371;0.7029;0.822
97.69671651;0.6762;-0.1708;0.8021;1.065
97.70410855;0.9181;0.1886;1.0575;1.416
97.71409247;0.4529;-0.2128;0.4159;0.651
97.72623239;0.1648;0.1336;1.531;1.553
97.73408628;0.2105;-0.2051;0.9099;0.962
97.7441387;0.2452;-0.045;1.0792;1.114
97.75434147;0.4422;0.0337;0.9134;1.02
97.76494266;0.2052;-0.0971;1.2404;1.268
97.78210962;0.321;-0.0203;0.9621;1.02
97.78408431;0.3233;-0.0838;0.868;0.936
97.79415297;0.2533;0.0434;1.145;1.18
97.80480251;0.2179;-0.155;0.682;0.738
97.8142197;0.302;0.144;1.3247;1.373
97.8268197;0.4707;-0.2086;0.6232;0.811
97.8342067;0.2223;-0.0917;1.1136;1.146
97.84414778;0.2085;0.1132;0.8421;0.882
97.85448508;0.232;-0.0529;0.6619;0.709
97.86657128;0.3509;-0.0662;1.0986;1.161
97.88785343;0.5571;-0.0878;1.077;1.22
97.88945885;0.073;0.096;0.9955;1.011
97.8942862;0.2775;-0.1069;0.6466;0.717
97.90447397;0.3136;-0.0071;1.2806;1.325
97.91463197;0.4538;-0.0562;0.6196;0.773
97.9245637;0.4008;0.0391;0.8422;0.938
97.93443951;0.098;0.0889;0.9113;0.929
97.94438324;0.3142;-0.2591;0.7545;0.862
97.95448335;0.4303;0.0748;1.3274;1.403
97.96508743;0.2729;-0.093;0.7023;0.765
97.98282439;0.1921;0.0914;0.914;0.945
97.98443293;0.3618;-0.0992;0.5017;0.629
97.99427651;0.4632;-0.0335;1.2788;1.366
98.00427828;0.3827;0.0925;0.9642;1.047
98.01461689;0.1682;0.011;0.7095;0.736
98.02471747;0.0603;-0.0976;1.0537;1.068
98.03466358;0.4645;-0.1302;1.2439;1.34
98.04415289;0.3121;0.2086;1.3337;1.392
98.05488139;0.1124;-0.1772;0.3345;0.4
98.0651317;0.3139;-0.0566;1.2552;1.302
98.08259051;0.4415;-0.0009;1.0898;1.181
98.08449647;0.1391;-0.0414;0.9787;0.997
98.09455228;0.3126;-0.059;1.0573;1.11
98.10444316;0.4324;-0.1524;0.9095;1.023
98.11455574;0.1246;0.1827;1.1529;1.182
98.12683585;0.3716;-0.1049;0.6017;0.719
98.13440639;0.5959;0.0752;1.4806;1.603
98.14517728;0.2435;-0.168;0.7365;0.799
98.15443474;0.245;0.0867;1.0862;1.124
98.16538931;0.3904;0.0216;1.0933;1.167
98.19343851;0.0862;-0.202;1.0643;1.094
98.19521647;0.4043;0.1252;1.0785;1.164
98.19607851;0.7038;-0.1126;0.6872;0.991
98.20443085;0.0242;0.0938;1.4736;1.485
98.21465847;0.0624;-0.3302;0.4695;0.583
98.22439128;0.4798;0.2024;1.2448;1.355
98.23448312;0.1581;-0.1499;1.0073;1.038
98.24441551;0.3717;0.1851;1.0534;1.138
98.25436805;0.3514;-0.1744;0.7049;0.811
98.26478097;0.4445;0.0737;1.4041;1.481
98.28709805;0.6811;-0.0098;0.6659;0.954
98.28885135;0.0386;0.1127;0.9663;0.982
98.29439943;0.0911;-0.2781;0.7813;0.841
98.30428089;0.6393;0.0803;1.443;1.586
98.31424751;0.2642;0.1675;0.8085;0.873
98.32638081;0.0798;-0.3001;0.4668;0.566
98.33452362;0.293;0.0638;1.4732;1.51
98.34446889;0.4642;-0.1363;0.8055;0.944
98.35456089;0.1728;0.143;1.1103;1.14
98.36826824;0.2566;-0.1764;0.6432;0.72
98.39170928;0.3261;-0.0691;1.106;1.161
98.3935747;0.2916;0.1443;0.8869;0.951
98.39510908;0.4361;-0.0655;1.0402;1.135
98.40456001;0.2154;-0.0315;1.1297;1.157
98.41455955;0.0358;-0.1267;0.6486;0.669
98.42599774;0.2636;0.2384;1.2273;1.285
98.43439516;0.6762;-0.2222;0.8594;1.118
98.44452739;0.4795;0.0464;1.0081;1.122
98.45473897;0.2008;0.1026;0.05;0.229
98.46684635;0.1757;0.0403;0.9311;0.955
98.49010385;0.3485;-0.1797;1.5316;1.588
98.49142131;0.3826;-0.155;0.9916;1.079
98.49473804;0.1184;0.1978;0.9079;0.944
98.50477435;0.1427;-0.0887;0.6819;0.709
98.51502278;0.3456;-0.1273;1.4169;1.47
98.52478797;0.5344;0.0202;0.6731;0.863
98.53448058;0.2069;0.0189;0.7951;0.828
98.54522731;0.0305;0.0476;1.2161;1.226
98.55460678;0.0838;-0.2455;0.9842;1.025
98.56472135;0.4275;0.1148;1.1308;1.22
98.5882662;0.548;-0.0757;0.6291;0.84
98.5928837;0.4654;0.1057;1.1378;1.239
98.59431701;0.3655;-0.0862;0.4958;0.625
98.60449104;0.345;-0.0324;1.1538;1.211
98.61458858;0.4487;-0.0172;1.0294;1.128
98.62589408;0.1665;-0.0708;0.7761;0.804
98.63457593;0.1511;0.0834;1.3695;1.388
98.64502893;0.2608;-0.3199;0.9356;1.028
98.66281878;0.0956;0.1761;1.2508;1.275
98.66472389;0.4114;-0.0678;0.6219;0.752
98.68353589;0.2794;0.0115;1.1996;1.238
98.68561716;0.318;-0.1022;0.6952;0.776
98.69456962;0.3203;0.1272;0.9668;1.032
98.70896901;0.3726;-0.039;1.2679;1.328
98.71482228;0.4801;-0.232;1.1459;1.269
98.72487004;0.1672;0.1179;0.9912;1.019
98.73481631;0.3936;-0.0741;0.5555;0.688
98.74480243;0.4257;0.0783;1.4923;1.56
98.76488108;0.434;-0.0941;0.661;0.8
98.76661324;0.213;-0.0228;0.9989;1.028
98.7905322;-0.1171;0.0065;1.3509;1.365
98.79208412;0.1854;-0.2551;1.2745;1.32
98.79452435;0.2388;0.1112;1.3871;1.419
98.80683528;0.391;-0.2455;0.6295;0.784
98.81465224;0.4906;0.2367;1.3619;1.473
98.82566978;0.301;-0.1487;0.526;0.628
98.83465616;0.5735;-0.087;1.0165;1.175
98.84492566;0.7163;0.1273;0.7352;1.036
98.86819101;0.1807;0.0451;0.3851;0.433
98.87012439;0.0735;-0.0128;0.7332;0.745
98.89448251;0.572;-0.2033;1.3021;1.442
98.89576389;0.6208;0.0577;1.6269;1.748
98.89678104;0.3057;0.0097;0.3506;0.468
98.90654562;0.1339;0.044;0.8987;0.917
98.91528085;0.2277;-0.2463;1.0745;1.132
98.92559447;0.4666;-0.0607;1.3026;1.391
98.93454604;0.0766;0.2373;1.1532;1.188
98.94454878;-0.3582;-0.4692;0.8401;1.035
98.9629002;-0.1042;-0.0651;1.9242;1.937
98.96509089;0.3894;-0.0351;0.5373;0.668
98.98329428;0.431;0.1033;0.5545;0.713
98.98570951;0.535;-0.0517;0.6823;0.871
98.99420743;0.7687;-0.0635;1.1929;1.424
99.00590635;0.343;0.0767;0.6434;0.738
99.01413389;0.1267;-0.0509;0.8181;0.837
99.02632401;0.4306;-0.2355;0.6455;0.814
99.03413485;0.4306;-0.2355;0.6455;0.814
99.04470674;0.2927;-0.1401;0.7882;0.858
99.06287497;0.069;-0.0232;1.1851;1.195
99.06446243;0.2202;-0.1578;0.9105;0.956
99.08408151;0.4674;-0.0379;1.1533;1.25
99.08544778;0.1477;0.1055;1.0035;1.027
99.09716451;0.1318;-0.1803;0.5082;0.561
99.10990385;0.4907;-0.0544;1.4661;1.553
99.1142902;0.8233;-0.0321;0.7459;1.113
99.12507978;0.1859;0.0363;1.0053;1.03
99.13419904;0.1176;-0.0699;0.7638;0.783
99.14439831;0.4059;-0.258;1.1242;1.228
99.16143216;0.2796;0.2427;1.4043;1.459
99.16431174;0.3628;-0.1443;0.6236;0.74
99.18882189;0.2685;0.0302;1.1884;1.225
99.19039024;0.2272;-0.254;0.8483;0.92
99.19445754;0.4014;0.1393;1.3029;1.377
99.20602708;0.5796;-0.0476;0.8259;1.013
99.21465166;0.3666;-0.0871;1.1283;1.195
99.22559916;0.0498;-0.014;0.9581;0.967
99.23426966;0.3748;-0.1467;0.7052;0.816
99.24437893;0.4274;0.1008;1.5385;1.606
99.26416001;0.2353;-0.264;0.6241;0.722
99.26584162;0.1331;-0.0315;1.0595;1.076
99.28937031;0.0756;0.0186;0.9449;0.956
99.29105589;0.2817;-0.1765;1.1444;1.198
99.2946147;0.5645;0.0627;0.9384;1.101
99.30679404;0.4829;-0.0237;0.6145;0.785
99.31451378;0.2168;0.0941;1.2318;1.262
99.32626585;0.3594;-0.273;0.8923;1.005
99.33771766;0.4406;0.1504;1.4986;1.576
99.34428189;0.2051;-0.1423;0.4992;0.563
99.3632117;0.3123;-0.006;1.103;1.153
99.36474831;0.5499;0.0483;0.7253;0.915
99.38885997;0.616;-0.0993;0.0788;0.624
99.3904707;0.0241;0.2533;0.5493;0.613
99.39433478;0.0842;-0.2992;0.9404;0.997
99.40517885;0.4448;0.0423;2.0241;2.08
99.41445635;0.1187;-0.2089;0.3586;0.436
99.42430658;0.1899;0.2301;0.8292;0.888
99.43433666;0.0413;-0.0869;1.1996;1.211
99.44445389;0.563;-0.4398;1.4721;1.641
99.46315704;1.0414;0.2631;1.5921;1.924
99.46488262;-0.5475;-0.0219;-0.3377;0.644
99.48329916;-1.0045;-0.1014;0.408;1.097
99.48513004;0.969;-0.1853;1.8277;2.081
99.49428404;1.0422;0.0024;1.7264;2.021
99.50613335;-0.2796;0.2147;0.206;0.417
99.51419866;0.0892;-0.0327;0.8563;0.869
99.52437685;0.5199;-0.2922;2.0434;2.135
99.53478604;0.8427;-0.1076;0.4928;0.981
99.54470808;0.8238;0.5435;0.4388;1.08
99.56676366;0.1374;-0.2591;0.5357;0.616
99.56848174;-0.3434;-0.3443;1.939;2.008
99.58874581;0.0462;0.0067;1.1512;1.16
99.59041874;0.3368;0.1468;0.8104;0.895
99.59446504;0.0224;-0.2417;1.4923;1.52
99.60696435;0.6025;-0.1402;0.9408;1.129
99.61449701;0.6188;0.3327;0.6208;0.94
99.62431877;0.5619;-0.0068;0.5874;0.815
99.63426439;0.5366;-0.1373;1.844;1.931
99.6443997;0.4427;-0.0548;0.7991;0.919
99.66198185;0.0833;0.0337;0.7919;0.805
99.66486331;-0.1705;-0.1294;1.5093;1.533
99.68406677;0.6555;-0.2185;0.9288;1.161
99.68686389;0.5328;0.2454;1.0858;1.239
99.69430866;-0.161;-0.146;0.8064;0.844
99.70651301;0.2928;-0.1703;1.6799;1.721
99.7147252;0.6106;0.1781;1.2763;1.431
99.72530527;0.1628;-0.2223;0.6021;0.668
99.73433162;0.2113;0.1015;1.0708;1.103
99.74428293;0.6596;-0.0893;0.886;1.111
99.76227197;0.3826;0.1175;1.0533;1.133
99.76424739;0.2757;-0.1947;0.3324;0.476
99.77995758;0.2571;0.1706;1.2391;1.284
99.78425885;0.1336;-0.1091;0.9753;0.998
99.79419466;0.6436;-0.1036;1.0679;1.255
99.80601731;0.639;0.1754;0.9587;1.169
99.81411116;0.0555;-0.1491;0.5163;0.547
99.82412254;0.0059;-0.011;1.4697;1.478
99.83435958;0.4924;-0.1064;1.031;1.152
99.84424393;0.21;-0.1401;1.0621;1.098
99.86288616;0.1808;-0.1815;1.0652;1.102
99.89019804;0.3051;-0.0669;0.4883;0.583
99.89186889;0.2662;0.2634;0.9868;1.062
99.89442812;0.4387;-0.1386;0.6637;0.811
99.90497231;0.3676;-0.1074;1.3301;1.39
99.91530758;0.5049;0.1248;0.741;0.909
99.92429674;0.4963;0.0232;0.8604;0.998
99.9397807;0.2902;-0.0511;1.2442;1.285
99.94453916;0.4674;-0.2235;0.6152;0.807
99.95546062;0.4926;0.332;1.2289;1.371
99.96413139;0.2223;-0.2481;0.7421;0.819
99.97939127;0.2157;-0.0126;1.2877;1.313
100.0009605;0.1777;-0.0098;0.7308;0.759
100.0044092;0.4406;0.0575;1.7399;1.802
100.0143685;0.3127;-0.0927;0.4558;0.564
100.0241896;-0.195;0.0137;0.8644;0.896
100.034154;0.5047;-0.1444;1.2424;1.354
100.0441428;0.6898;-0.0578;1.309;1.485
100.0621684;0.3557;0.1752;0.6106;0.732
100.0645035;0.404;-0.1213;0.5623;0.706
100.0863772;0.0908;-0.0132;1.7786;1.789
100.0876739;0.2354;-0.1588;0.6486;0.713
100.0941675;0.4644;0.1048;1.2733;1.365
100.1058529;0.1753;-0.1529;1.1211;1.152
100.114162;-0.1495;-0.2317;0.9035;0.953
100.1242259;0.4336;0.2083;1.1375;1.241
100.1398395;0.5389;-0.1845;0.7172;0.919
100.1553445;0.4699;-0.0043;0.7293;0.871
100.1642158;0.2117;0.0639;0.6306;0.674
100.1769726;0.4318;-0.0544;0.8169;0.93
100.1843845;0.868;-0.1562;0.9829;1.323
100.1973475;0.4576;0.2828;0.9946;1.136
100.2092552;0.1013;-0.1604;0.2717;0.336
100.2144608;-0.0701;-0.1374;1.3123;1.33
100.2243103;0.6834;0.0493;1.0376;1.247
100.2343148;0.5933;-0.0332;0.6029;0.848
100.2441653;-0.0801;0.0537;0.383;0.404
100.2610411;0.0139;-0.246;0.6123;0.667
100.2645146;0.1829;0.1092;2.1529;2.171
100.2805419;0.1346;-0.3792;1.3181;1.385
100.2842876;0.0075;-0.0266;1.3964;1.405
100.2944708;-0.0076;-0.011;1.3825;1.391
100.3042012;0.2576;-0.3095;0.9552;1.042
100.3141199;0.49;0.1327;1.0851;1.203
100.3241921;0.5425;-0.0548;0.4732;0.723
100.3344569;-0.2033;-0.0398;1.2595;1.285
100.3443695;0.1912;-0.1369;1.1181;1.149
100.3651809;0.5966;-0.0319;1.1513;1.302
100.3667721;0.2331;0.0644;0.6951;0.742
100.392464;1.0074;-0.0702;0.5848;1.166
100.3945241;1.0609;0.1356;1.2091;1.617
100.395506;0.6815;-0.1969;0.312;0.773
100.4041825;0.6437;0.1009;1.1421;1.319
100.4144179;0.0745;-0.0672;0.881;0.894
100.4245252;-0.2766;-0.3726;0.9386;1.055
100.4393948;0.2399;0.1583;1.4514;1.487
100.4444647;0.1631;-0.2083;0.6217;0.681
100.4543565;-0.2075;-0.1402;1.1853;1.22
100.4643119;0.258;0.0625;1.0211;1.062
100.4779726;0.489;-0.1091;0.861;1.0
100.5047765;0.2444;0.0442;1.2073;1.24
100.5063683;0.5964;-0.1902;0.9002;1.1
100.5076936;0.3786;0.0893;1.2853;1.349
100.5144933;0.2386;-0.1593;0.5894;0.66
100.5265793;0.3469;-0.0825;1.3138;1.368
100.5403997;0.2547;0.0133;1.0013;1.04
100.544754;0.1333;-0.2274;0.5591;0.624
100.5546911;0.3099;0.1314;1.4562;1.502
100.5643769;0.3392;-0.3275;0.6282;0.789
100.5796295;0.3147;0.0723;1.1204;1.172
100.6227913;0.3596;-0.0342;0.5322;0.647
100.6254137;0.5515;-0.1014;0.7133;0.91
100.6265847;0.259;0.0878;1.0572;1.099
100.6276549;0.1989;-0.2487;0.5556;0.645
100.6289008;0.3087;0.0847;1.5918;1.631
100.6399035;0.3308;-0.2306;0.829;0.927
100.6445106;0.2934;-0.0139;0.7843;0.843
100.6563042;0.3288;0.0084;0.6112;0.699
100.6645664;0.3881;0.1037;1.2829;1.351
100.680681;0.4035;-0.1935;0.4712;0.652
100.7099637;0.0447;-0.026;1.0133;1.023
100.7121687;0.0231;0.021;0.8777;0.886
100.7138221;0.5352;-0.2408;0.8066;1.001
100.715279;0.4206;0.13;1.4837;1.554
100.7247259;0.3145;-0.2478;0.4865;0.633
100.7352034;0.3847;0.1224;1.2283;1.299
100.7443943;0.0876;-0.1521;0.8114;0.837
100.7543339;0.2829;-0.2477;0.7517;0.845
100.7641609;0.5091;0.2062;1.5012;1.605
100.7757967;0.0363;-0.2747;0.6665;0.729
100.79821;0.0452;-0.0623;1.0547;1.065
100.8001386;0.4205;-0.0572;0.8037;0.913
100.8043641;0.4231;-0.0601;0.9328;1.031
100.8143292;0.4335;-0.0075;0.819;0.931
100.8242615;0.2935;-0.1714;0.5076;0.615
100.8352069;0.2869;0.1055;1.6264;1.662
100.8441164;0.3006;-0.2913;0.8369;0.941
100.8543209;0.2049;-0.0062;0.9471;0.976
100.864198;0.2917;-0.0175;0.8732;0.927
100.8742095;0.3555;-0.2968;0.9725;1.082
100.9018563;0.2763;0.1269;1.4744;1.513
100.9030967;0.2529;-0.2222;0.3082;0.458
100.9043599;0.0762;-0.0128;1.2725;1.283
100.9141165;0.2273;-0.1152;1.0894;1.126
100.92448;0.531;-0.1611;0.7739;0.955
100.9344101;0.5033;0.0655;1.1623;1.274
100.9443654;0.1665;-0.3138;0.6249;0.724
100.954558;0.3031;0.0607;1.517;1.555
100.9647072;0.5382;-0.1255;0.9453;1.099
100.9780024;0.2582;-0.2123;0.8428;0.912
100.9988144;0.1544;0.0991;1.2389;1.26
101.0007178;0.2933;-0.2548;0.7151;0.819
101.0043056;0.3286;0.0264;1.6084;1.649
101.014291;0.409;-0.1819;0.7208;0.852
101.0243435;0.0633;-0.0666;0.8256;0.838
101.036324;0.1794;0.0199;1.4082;1.427
101.0442247;0.5609;-0.3883;0.8126;1.064
101.0542437;0.4516;0.1004;1.3613;1.444
101.0642315;0.3531;-0.1919;0.5416;0.678
101.0762223;0.3724;-0.0603;1.2274;1.29
101.1040001;0.562;-0.1079;0.9481;1.111
101.1059519;0.3506;-0.1837;0.5309;0.665
101.1068383;0.1587;0.0869;1.4567;1.476
101.1145067;0.4211;-0.2722;0.832;0.975
101.1248863;0.2768;-0.0558;0.9883;1.034
101.1359536;0.0237;0.0451;0.7646;0.774
101.1444427;0.1736;-0.2812;1.1009;1.156
101.1544023;0.6274;0.0001;1.533;1.662
101.1642137;0.3142;-0.1851;0.3908;0.537
101.1768631;-0.0643;0.0665;1.0739;1.087
101.1957369;0.5138;-0.2715;0.9685;1.133
101.1972321;0.5764;-0.1836;0.99;1.164
101.2064631;0.2559;0.1527;0.9252;0.979
101.2144819;0.2847;-0.2355;0.5668;0.681
101.2243486;0.0404;-0.0371;1.4587;1.468
101.2378122;0.4088;-0.2514;0.6497;0.811
101.2444977;0.5264;0.0796;0.9068;1.056
101.2543113;0.1316;-0.1189;1.128;1.149
101.264295;0.2781;-0.288;0.5424;0.678
101.2764801;0.4522;0.1382;1.1041;1.207
101.2979985;0.3265;-0.1175;0.605;0.702
101.2997734;0.0238;-0.2154;1.1887;1.216
101.3043296;0.4799;-0.0412;1.1899;1.289
101.3144312;0.3783;-0.1695;0.5855;0.721
101.3243007;0.0685;0.0623;1.3356;1.347
101.3348812;0.5708;-0.2493;0.6902;0.932
101.344246;0.4098;-0.0139;0.8763;0.972
101.3550513;0.2055;-0.0017;0.8248;0.857
101.364399;0.3666;-0.1929;1.0016;1.089
101.3767167;0.0882;0.0211;1.5444;1.555
101.3947789;0.1961;-0.2224;0.4745;0.564
101.3962167;0.3839;-0.0439;1.0711;1.144
101.4059194;0.4352;0.0178;1.2146;1.296
101.4147427;0.4134;-0.301;0.5732;0.771
101.4243287;0.2402;0.1372;1.0759;1.118
101.4373366;0.3915;-0.1893;0.4824;0.652
101.4449502;0.3079;-0.0622;0.9873;1.042
101.4543609;0.2221;-0.1485;0.9873;1.029
101.4643049;0.3685;-0.186;1.3939;1.46
101.477649;0.1278;-0.4015;0.7437;0.86
101.5032195;0.5057;-0.0674;1.428;1.522
101.5053957;0.4941;0.1079;0.9194;1.054
101.5062536;-0.1377;-0.1567;0.5892;0.634
101.5145613;0.2858;-0.1402;1.3243;1.369
101.524997;0.7688;-0.1884;0.9638;1.25
101.5380569;-0.0561;0.1245;1.1816;1.198
101.5447085;0.213;-0.1648;0.4995;0.572
101.5549187;0.5568;-0.1506;0.817;1.003
101.5648964;0.3698;0.0859;1.4195;1.476
101.5786032;0.5382;-0.2245;0.4894;0.762
101.6088611;0.3712;0.0348;1.1661;1.23
101.6104504;0.0011;-0.1807;0.8359;0.863
101.6115338;0.2132;-0.1837;0.8658;0.917
101.6144412;0.5734;0.1694;1.527;1.646
101.6245682;0.312;-0.3924;0.5113;0.718
101.6355154;0.0954;0.0092;1.2693;1.281
101.6445005;0.397;0.0125;0.9431;1.029
101.6546742;0.3076;-0.2433;0.5605;0.688
101.6643163;0.2168;0.0224;1.3509;1.376
101.6758481;0.4405;-0.1728;0.618;0.781
101.7026347;0.2062;0.0547;1.2001;1.226
101.7045036;0.258;-0.2282;1.0911;1.15
101.7059929;0.3064;-0.1567;0.824;0.898
101.7143772;0.3026;0.1083;1.1416;1.193
101.7242055;0.49;-0.2424;0.6261;0.833
101.7343474;0.3463;0.0081;1.3673;1.417
101.744171;0.2144;-0.045;0.7875;0.824
101.7546337;0.1893;-0.1964;0.6795;0.738
101.7659069;0.3269;0.1448;1.4514;1.502
101.776405;0.5668;-0.3194;0.5041;0.823
101.7971804;0.1636;0.0259;1.0445;1.065
101.7987371;0.2265;-0.0037;0.909;0.943
101.8046957;0.4795;-0.2654;0.7801;0.957
101.8158244;0.3546;0.0922;1.2691;1.327
101.8252509;0.2206;-0.2372;0.6158;0.701
101.8345774;0.1103;-0.0049;1.4969;1.509
101.8446747;0.3237;-0.1996;1.075;1.146
101.8544826;0.3216;-0.2469;0.8656;0.961
101.8658291;0.2511;0.1891;1.7163;1.752
101.8781914;0.263;-0.2698;0.5108;0.638
101.8976036;-0.0186;-0.0894;0.9294;0.942
101.8987785;0.5696;-0.0259;1.4479;1.562
101.9042832;1.0048;-0.1794;0.8568;1.333
101.915547;0.3586;0.2057;0.2032;0.46
101.9240932;-0.3191;0.0109;-0.7106;0.774
101.9342506;0.5374;-0.1009;1.6529;1.747
101.94413;1.5374;-0.2129;2.0857;2.603
101.954027;0.122;0.0248;-0.1653;0.197
101.9713966;-0.7058;0.0667;0.2181;0.75
101.9744466;0.5107;-0.4303;1.7412;1.871
101.988811;1.1526;-0.1214;2.0404;2.351
101.9942524;0.0226;0.4225;0.1966;0.471
102.0044031;-0.703;-0.1441;-0.196;0.747
102.0143772;-0.3186;-0.3952;2.7968;2.851
102.0248839;0.6164;-0.2452;1.3511;1.51
102.0372965;0.2752;0.2339;-0.0309;0.358
102.0458228;-0.2465;-0.0026;1.0707;1.108
102.0547132;0.3503;-0.5833;1.3926;1.555
102.0647657;0.8104;0.1956;1.247;1.504
102.0743963;0.6841;0.1151;-0.0752;0.691
102.0937232;0.0827;-0.1814;0.8287;0.86
102.0951463;0.441;-0.1488;1.6943;1.763
102.1187495;0.8581;-0.0798;0.33;0.92
102.1202429;0.2962;0.222;0.9354;1.012
102.1243278;-0.0341;-0.288;0.8838;0.938
102.1366992;0.3331;-0.1136;0.8913;0.964
102.1441702;0.6194;0.2034;0.977;1.179
102.1543397;0.2056;-0.2139;0.6899;0.756
102.1643602;0.0061;-0.0602;1.3319;1.341
102.1785434;0.3045;-0.0798;0.7674;0.835
102.2042505;0.2215;-0.1285;1.0114;1.05
102.2059654;0.2729;0.0618;1.6725;1.703
102.2068252;0.4368;-0.2144;0.4176;0.642
102.2148363;0.03;-0.0605;0.9781;0.988
102.2247279;0.3294;-0.052;1.2543;1.304
102.2368501;0.6806;-0.1857;1.0977;1.309
102.2443503;0.1636;0.109;1.0977;1.123
102.2542846;0.0214;-0.2492;0.5141;0.578
102.2648773;0.5323;-0.0187;1.004;1.141
102.2779351;0.254;-0.2745;0.3853;0.539
102.3009465;0.3644;0.1893;1.457;1.52
102.3025181;0.2952;-0.2295;0.705;0.803
102.3049394;0.2157;-0.1318;0.9175;0.958
102.3150508;0.3345;0.1375;1.2284;1.287
102.3248445;0.2647;-0.258;0.5508;0.667
102.3346411;0.0603;0.0414;1.6215;1.631
102.3448102;0.3393;-0.2149;0.9607;1.047
102.3547527;0.4681;-0.0468;1.0118;1.121
102.3646971;0.1654;0.0423;1.2938;1.312
102.3752974;0.3297;-0.2511;0.432;0.601
102.4022587;0.4183;0.1385;1.1007;1.191
102.4039427;0.3851;-0.0998;0.983;1.066
102.4052965;0.4176;-0.2201;1.0017;1.112
102.4192913;0.207;0.0953;1.1683;1.198
102.4245018;0.2263;-0.2101;0.5675;0.651
102.4350921;0.3357;0.0319;1.4192;1.465
102.444452;0.4448;0.0122;0.7304;0.859
102.4547087;0.5912;-0.1969;0.6177;0.879
102.4756484;0.2838;0.0537;1.632;1.665
102.4777434;0.1135;-0.2419;0.5943;0.658
102.5066197;0.3153;0.0112;1.0833;1.135
102.5081547;0.2152;0.0182;1.1836;1.21
102.5094368;0.2989;-0.3418;0.8445;0.964
102.5200048;0.3936;0.2123;1.556;1.626
102.5249304;0.1661;-0.2805;0.5023;0.603
102.5358567;0.3613;-0.0607;1.0239;1.093
102.5444989;0.3779;0.0165;1.3016;1.362
102.5547705;0.3668;-0.2377;0.5235;0.685
102.575455;0.2306;0.0794;1.2811;1.311
102.5770668;0.1011;-0.1191;0.9979;1.017
102.6040673;0.3673;-0.1961;1.0978;1.18
102.6057517;0.4595;0.0727;1.5058;1.582
102.6068753;0.4043;-0.2095;0.4989;0.678
102.6163864;0.2033;0.1239;0.9272;0.964
102.624773;0.4108;-0.1417;0.995;1.091
102.6348247;0.631;-0.1893;1.0024;1.203
102.6444878;0.1537;0.2209;1.1709;1.209
102.6547153;0.2739;-0.2235;0.4259;0.556
102.6783517;0.38;-0.1181;1.2632;1.33
102.6799812;0.2899;0.0336;1.2158;1.257
102.707727;0.4566;-0.2778;0.6839;0.871
102.7096167;0.129;0.1759;1.5177;1.541
102.7108412;0.1338;-0.2746;0.6787;0.75
102.7204742;0.54;-0.0761;1.1147;1.246
102.7253408;0.3337;0.1979;1.167;1.236
102.737114;0.2684;-0.3938;0.124;0.49
102.7449161;0.4488;0.1842;1.2606;1.357
102.754414;0.57;0.0049;0.7333;0.932
102.7652408;0.1325;-0.1609;0.471;0.521
102.7804495;-0.0293;0.0502;1.1169;1.127
102.7914958;0.4354;0.044;1.5112;1.58
102.8505392;-0.0111;-0.0752;0.7649;0.777
102.851634;0.0578;-0.1899;0.7734;0.806
102.8525664;0.1016;0.0616;1.7378;1.75
102.8537576;0.4208;-0.1361;0.8449;0.958
102.8547599;0.1608;-0.1577;0.6343;0.679
102.8558867;-0.0762;0.1088;1.1416;1.158
102.87187;0.1892;-0.3086;0.6293;0.731
102.8746695;0.5413;0.1025;1.2348;1.357
102.8922192;0.7117;-0.0237;0.5618;0.907
102.894911;0.3369;-0.1135;0.5881;0.691
102.9044735;0.4032;0.122;1.1659;1.246
102.9162251;0.7806;-0.3153;0.5656;1.014
102.9262716;0.2169;-0.026;0.9403;0.972
102.9345258;0.2169;-0.026;0.9403;0.972
102.9442804;0.123;-0.2612;0.7745;0.833
102.9545578;-0.0942;0.0077;1.6955;1.707
102.9764825;0.2933;-0.1666;0.8763;0.945
102.9780992;0.2107;-0.0785;0.9262;0.96
102.9984154;-0.0814;0.023;1.0393;1.052
103.0000381;0.288;-0.2832;0.3824;0.558
103.0043003;0.4868;0.1937;1.5779;1.669
103.0190014;0.313;-0.2086;0.9444;1.022
103.0244077;0.2563;-0.2414;0.7043;0.792
103.0350247;0.4992;0.2067;1.4874;1.589
103.0442829;0.5944;-0.2078;0.5894;0.864
103.054523;0.4187;-0.1598;1.1378;1.228
103.0729968;0.6367;0.0729;1.109;1.285
103.0749466;0.1415;-0.1771;1.612;1.635
103.0945547;0.2838;-0.3218;1.0414;1.132
103.0961254;0.2129;-0.0687;1.0089;1.04
103.1066807;0.1324;0.1766;0.9505;0.983
103.1157219;0.2928;-0.3843;0.3603;0.604
103.1242647;0.462;0.1062;1.656;1.729
103.1344551;0.3429;-0.0259;0.9967;1.06
103.1448565;0.2575;-0.2693;0.5044;0.631
103.1543898;0.3086;0.1079;1.5855;1.626
103.1724483;0.5602;-0.2766;0.8452;1.054
103.1745359;0.4515;0.0086;0.9596;1.065
103.1983147;0.2832;0.0822;0.8214;0.879
103.1998682;0.235;-0.3494;0.6085;0.744
103.2045233;0.1874;0.1132;1.8348;1.856
103.2179502;0.2759;-0.0812;0.7955;0.852
103.2247397;0.2973;-0.2369;0.6269;0.737
103.2343006;0.1499;0.0481;1.5414;1.557
103.2443984;0.5078;-0.1804;0.6221;0.825
103.2546875;0.615;-0.049;0.9583;1.143
103.2711587;0.0533;0.0324;1.016;1.026
103.2930442;0.4385;0.1404;1.6198;1.691
103.2973807;0.1546;-0.3253;0.7649;0.851
103.30427;0.2602;-0.0803;0.9349;0.98
103.3152991;0.2125;0.1181;1.4422;1.47
103.3242373;0.225;-0.4023;0.7261;0.865
103.3342648;0.4412;-0.0327;1.3718;1.447
103.3455493;0.2816;0.1424;0.9223;0.981
103.354553;0.2498;-0.3031;0.5;0.639
103.3705817;0.3196;-0.0314;1.3308;1.376
103.3743479;0.5101;-0.0938;0.7684;0.931
103.3928861;0.23;-0.0261;1.0285;1.061
103.3951255;0.0828;-0.0697;0.9692;0.983
103.4042565;0.6091;-0.2338;0.6376;0.914
103.4153638;0.5626;0.2165;1.5117;1.633
103.4255315;0.3641;-0.219;0.6144;0.75
103.4357189;0.4537;-0.2174;0.5799;0.77
103.4463743;0.2549;0.1165;1.4963;1.53
103.4542854;0.3287;-0.2729;0.6344;0.769
103.465761;0.1368;-0.1018;0.9604;0.983
103.4743028;-0.0387;0.0523;1.1108;1.121
103.4842366;0.3241;-0.3593;0.7862;0.928
103.503429;0.242;-0.0149;1.7352;1.759
103.5054915;0.1965;-0.0848;0.867;0.9
103.5220803;0.2155;-0.2825;0.7557;0.84
103.5243227;0.1441;0.1438;1.8266;1.846
103.5342891;0.6231;-0.2937;0.6179;0.926
103.5444233;0.4672;-0.0619;0.8636;0.988
103.554229;-0.1233;0.0106;1.1437;1.159
103.5714176;0.3888;-0.2685;0.6105;0.775
103.5746409;0.5642;-0.0116;1.3768;1.493
103.5913663;0.2425;0.0024;0.7556;0.8
103.5947269;0.1521;-0.1267;0.4034;0.454
103.6044092;0.5183;0.0129;1.3021;1.407
103.614593;0.6468;-0.1975;0.698;0.974
103.6243005;0.3288;-0.0869;0.9206;0.987
103.6341823;0.393;0.0308;1.3496;1.412
103.6441826;0.2061;-0.456;0.6291;0.808
103.6544147;0.1779;0.0464;1.3501;1.37
103.6735378;0.4135;0.0557;1.0754;1.159
103.675844;0.0128;-0.3544;0.6514;0.748
103.693597;-0.007;0.015;1.5221;1.53
103.6951822;0.3356;-0.179;0.8141;0.903
103.7042436;0.3119;-0.0216;1.0517;1.103
103.7146495;0.1755;-0.1437;1.246;1.274
103.7243367;0.3357;-0.2056;0.5386;0.67
103.7344327;0.6778;0.1698;1.1121;1.318
103.7442654;0.6937;-0.1841;0.7652;1.051
103.7543508;0.0688;-0.2901;0.7716;0.834
103.7728037;0.1364;0.1272;1.7802;1.798
103.7747323;0.5501;-0.2422;0.8534;1.047
103.7938513;0.2338;-0.2736;0.794;0.877
103.7970209;-0.0005;0.2569;1.1934;1.229
103.8043327;0.3965;-0.3011;0.4631;0.681
103.8165569;0.5348;-0.0436;1.3122;1.423
103.8244494;0.1572;-0.017;0.8841;0.905
103.8347405;0.3192;-0.1611;0.489;0.609
103.8442409;0.1568;-0.0292;1.4766;1.493
103.8542877;0.2342;-0.2016;0.7524;0.819
103.8720679;0.7174;-0.0555;1.5064;1.674
103.8747153;0.4047;0.0889;1.5064;1.569
103.8927825;0.0217;-0.494;1.3844;1.477
103.8949855;0.3302;0.0715;1.3401;1.389
103.9045544;0.2049;-0.3693;0.5434;0.692
103.9150812;0.1032;-0.0325;1.3585;1.371
103.9242017;0.2651;-0.0106;0.9166;0.96
103.9346947;0.2756;-0.2397;0.6502;0.75
103.9449096;0.3447;0.0117;1.6136;1.657
103.9544677;0.5604;-0.2452;0.6245;0.876
103.9710696;0.3517;-0.0197;0.6043;0.704
103.97445;0.3352;0.0359;1.1333;1.189
103.9900953;0.6646;-0.398;0.7066;1.05
103.9954507;0.442;0.1115;1.5104;1.584
104.0045605;0.2336;-0.1818;0.8874;0.941
104.0145048;0.252;-0.2686;0.6853;0.783
104.0244458;0.3302;0.0842;1.5414;1.586
104.0344356;0.4623;-0.1579;0.6285;0.799
104.0447432;0.1451;-0.1021;0.7094;0.738
104.0543671;0.2781;0.028;1.3029;1.339
104.0702613;0.2671;-0.265;0.7203;0.818
104.0892796;0.0717;-0.0022;1.2064;1.216
104.0947348;0.3227;-0.2855;0.6169;0.756
104.1049315;0.1302;0.1203;1.4729;1.491
104.1143904;0.5016;-0.1836;0.864;1.02
104.1244138;0.3612;-0.2287;0.7575;0.874
104.1344414;0.0093;0.0546;1.5209;1.53
104.1487891;0.3365;-0.2035;0.6094;0.729
104.1544285;0.4409;-0.1921;0.877;1.005
104.1642647;0.224;0.133;1.4509;1.481
104.1744537;0.2619;-0.2663;0.5015;0.629
104.1866454;0.3529;-0.0691;1.0739;1.138
104.2065492;0.2614;-0.0584;1.1327;1.171
104.2079602;0.503;-0.2597;0.6506;0.865
104.216994;0.3924;0.0578;1.4003;1.462
104.2242879;0.1267;-0.1783;0.6497;0.692
104.234401;0.4959;-0.1808;0.6471;0.838
104.2460145;0.4338;0.1112;1.5547;1.624
104.2545575;0.2525;-0.2601;0.4126;0.552
104.2645591;0.3898;-0.0829;0.7526;0.856
104.2745764;0.1638;0.0504;1.4493;1.467
104.286795;0.456;-0.3437;0.4418;0.723
104.3078267;0.4931;0.0241;1.0865;1.199
104.3094064;-0.0755;0.0028;1.214;1.225
104.3182609;0.1823;-0.4237;0.6878;0.833
104.3245496;0.3415;0.0678;1.7931;1.834
104.3347996;0.2351;-0.179;1.1964;1.239
104.3470569;0.2154;-0.2339;0.8059;0.872
104.3542431;0.0089;0.0282;1.4325;1.441
104.3660462;0.431;-0.1936;0.7267;0.87
104.3745049;0.5319;-0.085;1.0305;1.167
104.3843166;0.2182;0.0365;1.1341;1.163
104.4059817;0.1742;-0.2993;0.4454;0.568
104.4078668;0.4187;-0.0603;1.4422;1.509
104.4281395;0.6281;0.0275;1.3111;1.459
104.43455;0.3582;0.1924;0.6787;0.796
104.4484415;0.2476;-0.1454;1.3573;1.394
104.4543616;0.5133;-0.4492;1.2502;1.429
104.4647572;0.4343;0.0487;1.6617;1.725
104.4743777;0.0299;-0.0347;0.8162;0.825
104.4909615;-0.1754;-0.306;0.4841;0.607
104.5157308;0.4104;-0.0275;1.2178;1.291
104.5174178;0.7665;-0.0167;0.8695;1.162
104.5186201;0.3872;-0.0956;0.9974;1.08
104.5244637;0.1231;-0.018;0.8515;0.868
104.534288;0.0425;-0.2621;0.4623;0.539
104.5458413;0.6247;0.0691;1.4063;1.546
104.5545286;0.7062;-0.0421;0.9163;1.16
104.5651646;0.5825;-0.1809;0.0584;0.607
104.5745367;0.1516;0.2127;1.4244;1.456
104.5866912;-0.0226;-0.3034;1.4004;1.441
104.6078115;0.3695;-0.3705;0.9099;1.054
104.6092661;0.1829;0.3187;1.391;1.446
104.6169188;0.0656;-0.1483;0.5668;0.597
104.6244198;0.2254;-0.3726;0.7298;0.855
104.634419;0.3067;0.2213;1.546;1.599
104.6456753;0.3854;-0.0592;0.4539;0.601
104.6543548;0.1526;-0.2563;0.4601;0.553
104.6648907;0.3446;0.0788;0.6834;0.774
104.6743625;0.6992;-0.1529;0.6834;0.991
104.6856308;0.2138;-0.0497;1.0584;1.088
104.7088204;0.7771;-0.2636;0.8087;1.154
104.7136983;0.487;0.0956;1.4741;1.561
104.7151172;0.0173;-0.054;0.3592;0.371
104.7242199;0.2228;-0.1739;0.2027;0.348
104.7342831;0.4571;0.0806;2.1696;2.226
104.744231;0.2642;-0.3684;1.2619;1.347
104.7541875;0.1169;-0.136;0.4303;0.472
104.7640848;0.0483;0.2724;1.2316;1.27
104.7740545;0.3235;-0.3022;0.7296;0.858
104.7852735;0.9541;-0.2133;0.6603;1.179
104.8038467;1.0389;0.4172;1.002;1.504
104.8053698;0.0136;-0.36;0.4465;0.579
104.8142875;-0.0783;-0.1957;1.3939;1.418
104.8242096;0.4404;0.0492;1.3814;1.457
104.8341602;0.4666;-0.2019;0.4967;0.712
104.84436;0.3255;-0.011;1.3873;1.432
104.8544112;0.4602;-0.0856;0.9014;1.02
104.8642868;0.3271;-0.1273;0.4911;0.607
104.8740775;0.0727;0.044;1.6076;1.618
104.8853203;0.4719;-0.2755;0.9342;1.086
104.9077715;0.3185;-0.0406;0.7405;0.812
104.9096028;-0.1361;0.1608;1.0743;1.104
104.9176427;0.5971;-0.2878;0.7129;0.975
104.9243552;0.8095;-0.112;1.2023;1.457
104.934437;0.0928;0.075;1.1152;1.129
104.9489071;0.3513;-0.1168;0.4388;0.577
104.9542619;0.5111;-0.1408;1.2726;1.384
104.9653103;0.2744;0.0336;1.2096;1.248
104.9751982;0.3528;-0.1002;0.4585;0.59
104.9849247;0.3922;-0.0233;1.159;1.23
105.0034708;0.1818;-0.2658;1.175;1.225
105.0052382;0.1709;-0.089;1.1522;1.175
105.0248001;0.4235;0.0403;1.0782;1.165
105.0262372;0.4904;-0.1727;0.447;0.686
105.0342235;0.2538;0.0065;1.0171;1.055
105.0457281;0.7102;0.0657;1.0287;1.255
105.0543948;0.6202;-0.2775;0.369;0.772
105.0645167;0.071;0.0283;1.1907;1.201
105.074442;0.3524;0.0485;0.961;1.031
105.0844462;0.1721;-0.2843;0.5668;0.662
105.1028462;0.3823;0.0657;1.7632;1.812
105.1045479;0.6643;-0.0513;0.9031;1.125
105.1275402;0.2757;-0.1383;0.4623;0.559
105.1296202;0.2596;0.0148;1.3862;1.417
105.1347588;0.5321;-0.2158;0.8236;1.007
105.1461394;0.1909;-0.0211;0.9503;0.976
105.1545212;0.0338;-0.0173;1.3533;1.362
105.164556;0.3731;-0.3398;0.9526;1.083
105.1777528;0.195;0.0541;1.4449;1.466
105.184395;0.2012;-0.0298;0.9015;0.931
105.1945319;0.7304;-0.2415;0.5237;0.93
105.2042758;0.6225;0.1076;1.3176;1.466
105.2188343;0.2781;-0.0941;0.5798;0.655
105.2457655;0.5363;-0.152;0.8087;0.986
105.2472255;0.3176;0.0833;1.3268;1.374
105.2481156;0.3566;-0.1972;0.534;0.675
105.2546898;0.6069;0.0307;1.1443;1.3
105.2644578;0.4088;-0.0756;0.9522;1.044
105.2847665;0.3799;-0.1869;0.5077;0.664
105.2862168;0.3662;0.076;1.4838;1.537
105.312379;0.3439;-0.1625;0.7668;0.861
105.3146713;0.415;-0.133;0.6554;0.791
105.3158748;0.2494;0.1244;1.3958;1.431
105.3244504;0.2035;-0.2492;0.7145;0.789
105.3346941;0.2966;-0.1077;1.048;1.101
105.3456877;0.3855;0.0635;1.3279;1.39
105.3543322;0.3616;-0.2262;0.5103;0.668
105.3646489;0.2817;0.0522;0.77;0.827
105.3745628;0.4433;-0.025;0.962;1.065
105.3875639;0.4973;-0.0944;1.0589;1.178
105.410653;0.3533;-0.0974;1.1088;1.174
105.4121846;0.2651;-0.0823;0.5754;0.644
105.4150288;0.1534;0.0051;1.1269;1.145
105.4243151;0.3768;-0.0236;1.103;1.172
105.4347538;0.5189;-0.1832;0.3305;0.641
105.4452678;0.3464;0.0266;1.2377;1.292
105.4543733;0.2648;-0.1035;1.1671;1.208
105.4643392;0.1231;-0.2464;0.6806;0.74
105.4742796;0.2935;0.1206;1.2686;1.315
105.485473;0.4926;-0.0614;0.677;0.843
105.5080762;0.4901;0.1258;1.1642;1.275
105.5104758;0.4361;-0.1841;0.5138;0.701
105.5151867;0.1054;-0.064;1.2012;1.215
105.5242788;0.3555;-0.0767;1.1925;1.253
105.5343545;0.3739;-0.2254;0.7399;0.863
105.5459791;0.1594;0.1036;1.4809;1.501
105.5541934;0.4383;-0.1374;0.7685;0.899
105.564438;0.4852;-0.1921;0.7567;0.923
105.5745003;0.0888;0.0619;1.2343;1.247
105.5875837;0.2314;-0.2072;0.6251;0.703
105.610669;0.5315;-0.0156;1.3991;1.502
105.6124685;0.1555;-0.0322;1.0705;1.089
105.6154955;0.1942;-0.2602;0.4883;0.591
105.6248409;0.8033;0.1356;1.4589;1.675
105.6344723;0.6593;-0.2009;0.5678;0.894
105.6443224;0.2306;0.0059;0.6721;0.717
105.6543714;0.3524;-0.0222;1.2748;1.329
105.6644169;0.5259;-0.2791;0.79;0.992
105.6745916;-0.0087;0.0364;1.182;1.191
105.6873881;0.1385;-0.0224;0.9062;0.924
105.7129205;0.541;-0.2067;0.9311;1.1
105.7145683;0.1735;-0.058;1.4317;1.451
105.7158147;0.2696;-0.0574;0.7242;0.78
105.72472;0.5079;-0.0817;0.9585;1.092
105.7344991;0.1312;-0.069;1.3243;1.34
105.7463658;0.2012;-0.219;0.5092;0.594
105.7543198;0.621;0.1943;1.0908;1.275
105.7644685;0.2405;-0.1746;1.0239;1.073
105.7845648;0.1926;-0.2877;0.6751;0.764
105.7859988;0.3932;0.1968;1.3669;1.442
105.8088224;0.3816;-0.1184;0.6855;0.797
105.8100147;0.266;-0.2761;0.5913;0.709
105.8144281;0.3112;0.2532;1.1225;1.199
105.8291178;0.5044;-0.1516;0.4292;0.68
105.8444298;0.1572;0.0506;1.4085;1.426
105.8543607;0.3139;-0.2596;0.5499;0.688
105.8651404;0.048;0.0237;1.1746;1.184
105.8829042;0.3479;-0.0743;1.14;1.2
105.8845328;0.4692;-0.2979;0.6765;0.878
105.9100523;0.0385;0.1764;1.3906;1.411
105.9117447;0.16;-0.2303;0.7945;0.849
105.9153847;0.1821;-0.2477;1.0469;1.098
105.9276902;0.2119;0.1389;1.551;1.579
105.9350946;0.4123;-0.2123;0.238;0.52
105.9445012;0.3327;-0.048;0.8541;0.923
105.9542988;0.4846;0.0413;1.1669;1.27
105.9643525;0.5784;-0.2188;0.4528;0.766
105.9889158;0.2112;0.055;1.2586;1.285
105.9917754;0.1439;-0.0953;0.9555;0.978
106.057897;0.3169;0.1974;1.643;1.692
106.0597267;0.3117;-0.2486;0.9657;1.05
106.0610343;0.1506;-0.1804;0.6994;0.744
106.0621099;0.0167;0.179;1.567;1.586
106.0631715;0.2465;-0.3683;0.8561;0.969
106.0647807;0.3795;-0.1775;1.0776;1.162
106.065927;0.0967;0.2549;1.2099;1.248
106.0743154;0.1029;-0.229;0.3614;0.445
106.084484;0.4009;-0.2154;1.1192;1.214
106.1034091;0.5068;0.1854;1.5079;1.608
106.1052885;0.3329;-0.1968;0.2937;0.486
106.1274653;0.1289;-0.0525;0.8957;0.914
106.1304134;0.2728;0.0239;1.4169;1.45
106.1342976;0.6369;-0.2343;0.7283;0.997
106.1468169;0.3452;0.0429;0.9809;1.047
106.1544128;0.1263;0.0496;1.0007;1.017
106.1644071;0.1639;-0.3185;0.7578;0.844
106.1745809;0.178;-0.0279;1.3429;1.362
106.1891541;0.1534;0.1005;1.3011;1.322
106.2155617;-0.0396;-0.3486;0.5945;0.697
106.217345;-0.002;-0.0915;1.0346;1.047
106.2183148;0.3848;0.1576;1.5226;1.585
106.224449;0.4558;-0.1204;0.623;0.784
106.2346328;0.3084;-0.1297;0.2577;0.423
106.2463921;0.1676;-0.0713;0.7766;0.804
106.2543587;0.1902;-0.0837;0.8221;0.855
106.26475;-0.1342;-0.3378;0.6083;0.716
106.2878528;-0.4241;0.03;1.6754;1.738
106.2896013;0.2331;-0.263;1.1554;1.214
106.3163222;0.3503;-0.1603;0.8684;0.955
106.3188824;-0.0853;0.0237;1.1347;1.147
106.3202523;0.2326;-0.1385;0.5447;0.613
106.3299307;0.3635;-0.0768;0.9152;0.993
106.3447637;0.3368;-0.1029;0.7597;0.842
106.3544547;0.2985;-0.2897;0.7934;0.901
106.3674352;0.1316;0.043;1.5141;1.528
106.3785139;0.3293;-0.0544;0.9515;1.014
106.3842831;0.4157;-0.1459;0.4437;0.627
106.4006927;-0.0711;-0.1073;1.1913;1.207
106.4090713;-0.1057;0.0473;1.302;1.316
106.4289503;0.2785;-0.1797;0.6883;0.769
106.4305896;0.0826;-0.2045;1.0333;1.064
106.4344047;-0.2121;0.0947;1.4165;1.445
106.4444743;0.2289;-0.1879;0.589;0.664
106.4542716;0.3224;-0.0876;0.6296;0.717
106.4643756;0.1208;0.0406;1.4163;1.43
106.4819531;0.4952;-0.0665;0.7578;0.911
106.4844961;0.4456;-0.1626;0.3869;0.613
106.5021908;0.0336;0.0125;1.3997;1.408
106.5044593;0.1053;-0.0966;1.2486;1.264
106.5143762;0.2928;-0.1959;0.6277;0.724
106.5244475;-0.052;-0.0343;1.1642;1.174
106.5345239;-0.1507;0.0083;1.4622;1.479
106.5444782;0.2215;-0.2042;0.7438;0.808
106.5542739;0.3022;-0.1603;0.7051;0.789
106.5644638;0.0761;0.1009;1.3148;1.329
106.5744869;0.1819;-0.0689;0.9621;0.988
106.5864166;0.3166;-0.1632;0.4651;0.589
106.6103138;0.0465;-0.0895;0.9999;1.013
106.6119287;0.1258;0.1203;1.5349;1.553
106.6143782;0.4142;-0.2212;0.5231;0.705
106.6290702;0.2395;-0.1074;0.4462;0.522
106.6347611;-0.0118;0.1176;1.5582;1.571
106.6443794;0.1925;-0.1917;1.148;1.187
106.654328;0.3586;-0.2375;0.5752;0.721
106.6642999;0.1203;0.0556;1.3622;1.376
106.6829608;-0.0408;-0.0024;1.4106;1.42
106.6847575;0.3783;-0.2552;0.629;0.78
106.7070371;0.4559;-0.0905;0.567;0.736
106.7088137;-0.1159;0.0634;1.128;1.145
106.7143733;0.0591;-0.0761;1.3557;1.367
106.7261962;0.3061;-0.3373;0.8471;0.967
106.7345165;-0.1124;-0.1433;1.1092;1.133
106.745334;-0.0977;0.1445;1.4858;1.505
106.7553549;0.2284;-0.1474;0.8432;0.892
106.765181;0.5095;-0.2132;0.3902;0.676
106.7838598;0.333;0.0137;1.1325;1.187
106.7857342;0.2521;0.0109;1.2847;1.316
106.803234;0.2185;-0.2083;0.9665;1.019
106.8054571;-0.022;-0.2794;0.7945;0.85
106.8142918;-0.0162;0.1471;1.4119;1.428
106.8252481;0.2965;-0.0076;1.2944;1.335
106.8344881;0.3591;-0.172;0.5467;0.679
106.8442944;0.2404;-0.2336;0.5224;0.625
106.8543663;0.3572;0.2099;1.6372;1.696
106.8642718;-0.0368;-0.2064;1.1422;1.169
106.8829435;0.0109;-0.2544;0.5086;0.575
106.8845092;0.2084;-0.0445;1.0983;1.126
106.9047419;0.0539;0.0294;1.34;1.349
106.9062359;0.3632;0.0026;0.5615;0.672
106.9142213;0.2306;-0.1731;0.7923;0.849
106.9247744;-0.0123;0.1474;1.3805;1.397
106.9342078;0.1665;-0.0311;1.0098;1.031
106.9442742;0.0982;-0.2382;0.6932;0.746
106.9543998;0.0552;-0.194;0.9466;0.975
106.9644385;0.0687;0.0265;1.5183;1.528
106.9832306;0.0776;0.0512;1.4004;1.411
106.9853425;0.0724;-0.1829;0.7022;0.736
107.0101024;-0.0254;-0.3429;0.5486;0.654
107.0116204;0.2231;0.0784;1.447;1.473
107.0142403;0.1504;0.0472;1.4974;1.513
107.0251877;-0.0755;-0.15;0.7015;0.73
107.0344256;0.2536;-0.2503;0.5622;0.67
107.044455;0.3635;-0.1669;1.0364;1.116
107.0542044;-0.0567;0.0967;1.4107;1.424
107.0641969;0.162;0.0173;1.1465;1.165
107.0822711;0.2802;-0.2078;0.6808;0.77
107.1041645;0.2073;-0.0048;1.3854;1.408
107.105664;0.1687;0.144;1.4849;1.509
107.1144132;0.039;-0.1116;0.6453;0.664
107.124325;0.2455;-0.1363;0.6001;0.668
107.1343483;0.2879;-0.2827;0.9775;1.063
107.1442263;0.1972;0.028;1.2099;1.233
107.1544978;-0.0469;0.123;1.2402;1.256
107.1642585;-0.0199;-0.1559;0.896;0.918
107.1812161;0.1542;-0.3014;0.6751;0.761
107.1845557;0.3586;-0.0131;0.9307;1.003
107.2002719;0.0696;-0.011;1.1229;1.133
107.2045182;-0.0011;0.085;1.511;1.522
107.2143745;0.1934;-0.197;1.1281;1.168
107.2242179;0.1623;-0.2575;0.6869;0.757
107.2344587;0.0463;-0.1921;1.0761;1.102
107.2442605;0.1277;0.0191;1.466;1.479
107.2546017;0.1222;0.0878;1.2405;1.257
107.2642068;0.2595;-0.1189;0.8991;0.949
107.2821745;0.2737;-0.2941;0.6124;0.737
107.2850876;0.15;-0.133;0.6582;0.694
107.3030098;0.2559;0.0298;1.0923;1.129
107.3047692;0.1463;0.0847;1.5475;1.564
107.314519;-0.0178;-0.0448;1.0227;1.032
107.3257101;0.2085;-0.1689;0.5716;0.637
107.3342764;0.4886;-0.2446;0.6377;0.842
107.3441784;0.321;-0.1351;0.9861;1.052
107.3543217;0.2752;0.1728;1.3056;1.352
107.3645189;0.2885;0.0079;1.0669;1.112
107.3827059;0.2433;-0.1783;0.8515;0.909
107.384262;0.2191;-0.1921;0.7309;0.793
107.4026286;0.1361;-0.1853;0.7936;0.833
107.4045076;0.0158;0.0026;1.2437;1.252
107.4145632;0.1132;0.0241;1.3772;1.39
107.4243127;0.0635;-0.0682;1.1897;1.201
107.4348644;0.0676;-0.2113;0.8187;0.855
107.4448685;0.1931;-0.1754;0.5854;0.646
107.4550103;0.1546;-0.1632;0.6853;0.728
107.4643729;0.134;-0.0247;1.1051;1.121
107.4756023;0.1947;0.0895;1.5496;1.572
107.4843643;0.1953;0.068;1.0727;1.1
107.4979336;0.1924;-0.2028;0.5221;0.597
107.5043873;0.494;-0.1824;0.7691;0.935
107.5229142;0.3463;-0.2127;0.8114;0.912
107.5245217;0.133;0.0421;0.9142;0.932
107.5347605;0.1634;0.1007;1.3325;1.354
107.5447867;0.2628;0.0285;1.3325;1.365
107.5546808;0.004;-0.1611;0.8517;0.875
107.5642525;0.1158;-0.3275;0.8298;0.906
107.5756728;0.1826;-0.1066;1.0921;1.119
107.5845668;0.2614;0.1567;1.1502;1.197
107.6025747;-0.0756;0.016;1.0457;1.057
107.6049693;0.1369;-0.1284;1.1556;1.178
107.6298703;0.5723;-0.0533;1.0293;1.183
107.631523;0.1511;-0.1678;0.4072;0.47
107.6374652;-0.0905;-0.216;0.6503;0.699
107.6544003;0.4482;0.0658;1.2863;1.37
107.6643158;-0.0783;0.0057;1.0344;1.046
107.6743489;0.2279;-0.0638;1.0175;1.051
107.684471;0.2875;-0.1633;0.87;0.936
107.6992569;0.095;-0.2228;0.7084;0.755
107.7263673;0.0358;-0.1983;1.0099;1.037
107.7280257;0.182;-0.0683;1.229;1.252
107.7293057;0.1875;0.0322;1.2011;1.223
107.7344081;0.3293;0.1127;1.1435;1.202
107.744462;0.2272;-0.0087;1.0031;1.035
107.7572871;-0.0164;-0.1976;0.7418;0.776
107.764825;0.2635;-0.1876;0.7702;0.841
107.7746049;0.2218;-0.209;0.9401;0.995
107.7848197;-0.1423;-0.222;0.7298;0.784
107.8043453;0.1506;0.0083;1.0677;1.086
107.8061278;0.3428;0.1295;1.4983;1.549
107.8143876;0.132;-0.0991;1.1115;1.131
107.8249058;-0.0033;-0.0439;0.9182;0.927
107.834706;0.3268;-0.0788;0.909;0.975
107.8443472;0.0148;-0.2595;0.8192;0.867
107.8554259;-0.0862;-0.2725;0.694;0.758
107.8645447;0.1274;-0.0759;0.8107;0.831
107.8744424;0.0722;-0.1485;0.9122;0.934
107.8849088;0.0716;-0.0752;1.0492;1.062
107.8998832;0.1691;-0.0479;1.0735;1.095
107.9242529;-0.0618;-0.0006;0.9709;0.982
107.9258629;-0.0974;-0.001;1.4162;1.428
107.9269473;0.155;-0.0386;1.3255;1.343
107.9343277;-0.1787;-0.1356;0.8609;0.899
107.9443451;-0.2621;-0.192;0.7403;0.818
107.9575204;0.2326;-0.2311;0.8603;0.926
107.9744028;-0.011;-0.1317;0.6627;0.684
107.9842103;0.1088;-0.1374;0.9765;0.999
107.9946772;0.1126;-0.3039;1.1127;1.166
108.0099201;0.0584;-0.0224;0.8853;0.895
108.0147428;-0.1015;-0.053;1.0881;1.103
108.0245335;-0.0533;-0.0523;1.3254;1.336
108.0344608;0.0155;-0.1714;1.2703;1.29
108.0440531;0.0936;-0.066;0.7998;0.815
108.0543615;-0.0674;-0.0423;1.0128;1.025
108.0640553;-0.1295;-0.1681;1.1407;1.169
108.0741635;0.0062;-0.0343;1.0401;1.049
108.084232;0.0804;-0.1389;1.0274;1.047
108.0956365;-0.1009;-0.2005;1.0607;1.093
108.1125434;-0.2687;-0.1247;0.8566;0.916
108.1145912;0.0042;-0.1178;0.8669;0.883
108.1241441;0.2619;-0.1071;1.0206;1.065
108.1344006;0.0042;-0.1521;0.8918;0.913
108.1444884;-0.0855;-0.1421;0.6571;0.686
108.1560307;0.0145;-0.2154;1.0829;1.112
108.1641119;0.0145;-0.2154;1.0829;1.112
108.1742595;-0.0904;-0.1728;0.8687;0.899
108.1841494;0.0169;-0.1323;1.0625;1.079
108.1949383;-0.0518;-0.0828;1.1164;1.129
108.2155117;-0.1606;-0.1027;1.0178;1.044
108.2168868;0.2051;-0.1554;0.8174;0.863
108.2272615;0.1198;-0.0148;1.1654;1.179
108.2343718;0.0564;-0.0744;0.9547;0.967
108.2443686;0.1222;-0.0319;0.9873;1.003
108.2552218;-0.1882;-0.1636;1.0908;1.128
108.2642542;-0.1103;0.0078;1.1407;1.155
108.2742857;-0.0937;-0.1076;1.0322;1.051
108.2843479;-0.0827;-0.1368;1.0203;1.041
108.2977772;-0.0489;-0.1003;1.064;1.078
108.31845;0.0782;0.0695;0.9842;0.998
108.3197769;0.0148;-0.2551;0.8092;0.856
108.3250728;0.0027;-0.1187;1.0762;1.091
108.3348873;-0.1708;-0.0402;1.0142;1.038
108.3443887;-0.1391;-0.0535;1.1013;1.12
108.3553555;0.0478;-0.3105;1.1335;1.184
108.3642644;-0.0291;-0.0849;1.1823;1.194
108.3743713;-0.1652;-0.0713;0.8942;0.921
108.3843218;-0.1455;-0.1509;0.8843;0.918
108.3947484;0.0941;-0.3148;0.9061;0.97
108.4131758;0.297;0.1645;1.192;1.246
108.4149528;-0.1136;-0.0318;0.7916;0.809
108.4243755;-0.1904;-0.2155;0.9085;0.962
108.4350028;0.1697;0.058;1.4283;1.447
108.4441572;0.0027;0.1222;1.2895;1.304
108.4555483;-0.1799;-0.0715;0.7508;0.785
108.4642734;-0.0862;-0.0665;1.07;1.084
108.4746542;-0.0335;0.0569;1.3864;1.396
108.4849103;-0.0633;-0.1429;0.9544;0.975
108.4950309;0.0526;-0.1042;0.758;0.775
108.5153802;-0.0437;-0.0274;1.1112;1.121
108.5171937;-0.1163;-0.1109;1.2207;1.24
108.5244659;-0.0577;-0.2877;0.8081;0.867
108.53427;0.0591;0.0024;1.2272;1.237
108.5442725;-0.0299;-0.0111;1.2405;1.249
108.556416;-0.2648;-0.1478;0.9792;1.034
108.5642734;-0.042;0.0495;1.2334;1.244
108.5743605;0.0595;0.0365;1.3639;1.374
108.5844583;0.1141;-0.1571;0.998;1.024
108.5946307;0.023;-0.0237;0.9835;0.992
108.605097;-0.1129;-0.0723;1.0371;1.054
108.615955;0.0103;-0.3408;0.6569;0.747
108.6250653;0.0412;0.0656;1.2999;1.31
108.6343913;-0.2008;-0.0783;1.1586;1.187
108.6442157;-0.1932;-0.1428;1.0319;1.068
108.65657;-0.0965;0.021;1.4481;1.46
108.6642778;-0.0882;-0.0297;1.3385;1.35
108.6746038;0.0948;-0.1159;0.7964;0.818
108.6843637;0.0365;-0.0684;0.8915;0.903
108.6944698;0.1887;-0.1448;0.8808;0.919
108.712958;0.1647;-0.0947;0.6498;0.683
108.7151057;-0.2051;0.1501;1.1754;1.212
108.7243438;0.0071;-0.1666;1.5129;1.53
108.7345246;0.1098;-0.0523;1.2658;1.279
108.7444416;-0.3155;0.0969;1.0969;1.155
108.7563956;-0.1003;-0.3833;0.8242;0.922
108.7643689;0.0462;-0.123;1.0393;1.055
108.7743672;-0.1545;0.02;1.0691;1.089
108.7847155;0.043;-0.0986;0.9968;1.01
108.7957861;-0.1349;0.0078;1.4361;1.451
108.8205652;-0.1533;-0.0359;1.1826;1.202
108.8220738;0.166;-0.2349;0.636;0.704
108.8243485;-0.0012;0.011;1.3315;1.34
108.8345947;-0.1727;-0.2196;1.0689;1.113
108.8444081;-0.0752;0.1158;1.2364;1.253
108.8569429;-0.2709;0.0382;1.7247;1.755
108.8644668;-0.1501;-0.2334;1.1351;1.177
108.8743537;-0.092;-0.1169;0.9485;0.969
108.8844908;0.0192;-0.1627;0.9659;0.987
108.8962232;0.2642;0.0181;0.9375;0.981
108.9205593;0.0644;0.1849;1.5563;1.577
108.9224334;0.1306;-0.0004;1.111;1.126
108.9243312;-0.0704;-0.012;1.0739;1.085
108.9343614;-0.1958;-0.2448;1.4321;1.475
108.9445374;0.0814;-0.1575;1.0474;1.07
108.9562712;-0.2861;0.1295;1.4762;1.519
108.9642733;-0.1182;-0.0719;1.2143;1.231
108.9743203;0.1623;-0.0395;1.0785;1.099
108.9841631;-0.0535;-0.227;1.3337;1.362
108.9978043;0.0577;-0.195;0.9461;0.975
109.0188361;-0.0283;0.2878;1.3646;1.403
109.0201054;0.0839;-0.0425;1.0654;1.077
109.024495;0.305;-0.0699;1.2542;1.299
109.034444;0.0509;-0.0005;0.8406;0.85
109.0445278;-0.1671;0.2722;1.3347;1.381
109.0544511;0.1114;-0.1747;1.4363;1.459
109.064362;0.1914;-0.1143;0.7758;0.814
109.0747885;-0.114;-0.2527;0.8831;0.934
109.0862695;0.1393;0.0556;1.2246;1.241
109.1010573;-0.0539;0.2436;1.3661;1.397
109.1045167;0.0792;-0.1914;0.875;0.906
109.1148632;0.2901;-0.0699;0.8101;0.869
109.1262286;-0.0349;-0.258;1.1896;1.226
109.1345987;0.1308;0.2103;1.1819;1.215
109.1448657;0.0783;0.0588;1.146;1.158
109.1544423;0.1214;-0.3163;0.6197;0.712
109.1643715;0.1399;-0.0046;1.146;1.162
109.1745684;0.1765;0.0341;1.2446;1.265
109.1849711;0.0158;0.3049;1.1423;1.191
109.2026608;-0.1175;-0.3428;1.0067;1.078
109.2047942;0.2029;-0.0733;0.9543;0.985
109.2147277;-0.076;0.1167;1.0727;1.09
109.2305874;-0.0772;-0.0239;1.0528;1.065
109.2345332;0.267;-0.138;1.1703;1.215
109.2445448;0.0236;-0.2634;0.8425;0.89
109.2547175;-0.1057;0.1737;1.0016;1.031
109.2644514;0.1736;-0.132;1.3582;1.383
109.2744486;0.0166;-0.1225;0.973;0.989
109.2847204;-0.1568;-0.1044;1.1008;1.126
109.2973708;0.2919;0.1284;1.4845;1.525
109.3225025;0.0138;0.014;1.262;1.27
109.3247524;0.0551;-0.2588;0.9737;1.016
109.3259319;0.3528;0.0773;1.3082;1.364
109.3346469;-0.224;0.0451;1.1928;1.224
109.3445226;-0.065;-0.0178;1.031;1.042
109.3545236;0.3156;-0.2316;1.2171;1.285
109.364353;0.0903;0.1592;1.5287;1.548
109.374396;-0.059;0.0271;1.1937;1.204
109.3858007;0.1637;-0.0737;1.0426;1.065
109.3981101;0.118;-0.162;1.0112;1.038
109.4248858;0.2574;0.0818;1.0745;1.115
109.4265748;0.3061;0.1823;1.2237;1.281
109.4274715;0.0798;-0.1835;0.8284;0.859
109.434406;0.1747;-0.0263;1.0645;1.086
109.4447298;0.3186;-0.0027;1.2946;1.34
109.4546622;0.0963;0.1802;1.0849;1.112
109.4645159;0.0763;-0.2476;0.7117;0.764
109.4746398;0.2647;0.0633;1.2155;1.252
109.4956554;0.077;0.1843;1.2973;1.321
109.4974003;0.2621;-0.0606;0.7845;0.835
109.5216829;0.3773;-0.1513;0.9991;1.084
109.523184;0.0522;0.106;1.2671;1.281
109.5243143;0.0694;0.0862;1.0799;1.094
109.5361948;0.3087;-0.2823;0.9012;0.999
109.5445113;0.0573;0.1319;1.2057;1.222
109.5544585;-0.06;0.0674;1.0853;1.098
109.564494;0.3851;0.0843;1.3117;1.376
109.5745111;0.2522;-0.2536;0.8403;0.919
109.596153;-0.0242;0.1066;1.0732;1.087
109.5979985;0.1284;0.0009;1.3955;1.409
109.6225103;0.226;-0.0232;1.1003;1.13
109.6242002;0.2191;-0.127;0.9638;1.003
109.625617;0.3213;0.2056;1.2477;1.311
109.6345356;0.1653;0.0028;0.8599;0.883
109.6448208;0.2741;-0.1594;0.6916;0.766
109.6547016;0.5487;0.2404;0.8689;1.06
109.6644653;-0.1684;0.2422;0.7719;0.836
109.6745404;-0.4384;-0.1421;1.6321;1.705
109.6949068;0.3043;-0.2889;2.3923;2.436
109.6962997;0.0917;0.1116;1.9996;2.013
109.7196731;-0.6979;-0.0158;0.7705;1.05
109.7214037;-0.6845;-0.3051;1.4923;1.679
109.724454;0.4726;-0.0176;2.4088;2.462
109.738773;0.1544;0.288;1.8545;1.891
109.7444343;-0.1487;-0.2045;1.5735;1.602
109.7550604;0.0401;-0.017;2.1826;2.191
109.7642935;-0.1747;-0.016;1.5278;1.547
109.7744766;0.4885;0.0694;0.8179;0.959
109.7952191;0.5606;-0.0089;0.9376;1.096
109.7969785;0.3795;0.1941;1.1191;1.204
109.8229795;0.3884;0.2167;1.1191;1.21
109.824866;0.2877;-0.1465;0.9217;0.982
109.8259184;-0.2858;0.2056;1.0409;1.109
109.8360855;0.2204;0.0392;1.0243;1.055
109.8444968;0.5631;0.0695;1.1736;1.309
109.8546717;0.1802;0.3547;1.2747;1.343
109.8643696;0.8457;0.1231;1.2737;1.538
109.8745494;0.9736;0.2916;1.3145;1.665
109.8944522;0.3628;0.1164;1.0352;1.109
109.8959874;0.3646;0.3299;1.2819;1.38
109.9214088;-0.3445;-0.1823;1.9014;1.95
109.9229158;-0.4863;-0.3612;1.3263;1.467
109.9249167;0.5256;0.4796;0.6651;0.977
109.9367309;0.6562;0.1757;0.9427;1.166
109.9443668;0.1962;-0.3875;1.3541;1.429
109.9544949;0.3351;0.0021;1.1801;1.233
109.9643764;0.3892;0.5067;0.7859;1.018
109.9742444;0.0068;-0.277;0.903;0.952
109.9933318;0.0511;-0.1247;1.6269;1.64
109.9954459;0.2571;0.2439;1.3031;1.358
110.0162435;0.1235;0.1571;1.3689;1.391
110.0210922;0.1529;-0.2389;1.3422;1.379
110.0242915;0.2599;0.0876;1.0485;1.09
110.0373409;0.4371;0.1945;1.1329;1.236
110.0441434;0.5658;0.1693;1.3448;1.474
110.0545092;0.2306;-0.0542;0.848;0.887
110.0643204;0.4931;0.2207;1.2378;1.356
110.0742875;0.4043;0.0765;1.2961;1.366
110.0918792;0.1248;0.1022;1.2553;1.273
110.0946797;0.1708;0.0533;1.4654;1.484
110.1102155;0.1316;0.0314;1.3363;1.351
110.1144302;0.0211;0.0399;1.2359;1.245
110.1244492;0.0448;0.2615;1.3224;1.357
110.1373178;0.0374;-0.0941;1.0341;1.047
110.1442213;0.4222;0.1531;1.3425;1.422
110.1542766;0.3048;0.0655;1.0643;1.115
110.1641757;0.0325;0.0798;0.9543;0.966
110.1744408;0.3861;-0.0639;1.016;1.094
110.191657;0.5491;0.3672;1.0901;1.28
110.1949424;0.3448;-0.0005;0.6337;0.726
110.2133767;0.6506;0.3547;0.9753;1.229
110.2152533;0.5078;0.295;1.0441;1.203
110.2242677;0.3859;0.1054;0.9373;1.025
110.2349611;0.4438;0.1272;1.0798;1.18
110.2442877;0.1333;0.2906;0.9901;1.048
110.2542805;0.0919;-0.1363;0.4806;0.514
110.2642757;0.4873;0.1736;1.252;1.36
110.2746293;0.5072;0.113;1.032;1.16
110.2919172;0.2631;0.0529;0.6293;0.69
110.2944276;0.3961;0.0796;0.8859;0.979
110.3142872;0.5388;0.3342;1.3385;1.487
110.3162259;0.283;-0.0799;0.8937;0.947
110.3243138;0.4341;0.3016;1.327;1.435
110.3346136;0.2722;0.0535;1.3006;1.337
110.3443541;0.0552;0.0668;0.9511;0.963
110.3544756;0.2537;0.2284;0.8799;0.95
110.3644509;0.3602;0.0678;1.1228;1.187
110.3744288;0.3645;0.0447;0.9378;1.013
110.3914904;0.4161;0.3174;1.0327;1.163
110.3944568;0.3404;-0.0329;0.7096;0.793
110.4107593;0.2559;0.2046;0.9514;1.013
110.4146775;0.371;0.1516;1.0796;1.158
110.4243879;0.4274;0.0329;0.9117;1.012
110.4350303;0.2488;0.2425;0.8919;0.964
110.4444718;0.313;-0.0067;0.7635;0.831
110.4545316;0.2861;0.2485;0.8981;0.981
110.4644177;0.2338;0.0716;0.8631;0.904
110.4745977;0.3319;0.0816;0.6309;0.722
110.4871422;0.2808;0.2103;0.6784;0.769
110.494434;0.36;0.0149;0.9516;1.023
110.5090375;0.2287;0.0768;0.7611;0.805
110.5146711;0.2886;0.219;0.8938;0.971
110.5304429;0.4652;-0.065;0.6918;0.84
110.5391444;0.339;0.2158;0.5704;0.702
110.5444015;0.5736;0.1945;0.4029;0.728
110.5543488;0.6422;0.1324;0.5888;0.883
110.5648769;0.1531;0.1848;0.7134;0.76
110.5744002;0.3225;-0.2375;0.6392;0.758
110.5870293;0.3505;0.2785;0.9547;1.06
110.5946963;-0.0237;-0.0573;0.7751;0.786
110.6115123;0.1609;-0.0481;0.8435;0.867
110.6147914;0.2386;0.0899;0.8316;0.876
110.6431931;0.2141;-0.1231;0.7206;0.768
110.644927;0.3563;-0.162;0.576;0.7
110.6461276;0.4609;0.1682;0.9024;1.032
110.6544729;0.2425;0.0578;0.8494;0.892
110.6647253;0.3495;-0.0783;0.8676;0.944
110.675011;0.2072;0.1764;0.8877;0.935
110.6954731;0.2555;-0.1694;0.962;1.016
110.6971053;0.4129;0.0713;0.8634;0.965
110.7215001;0.2088;0.0272;0.8057;0.839
110.7230751;0.2272;-0.2292;0.8838;0.947
110.724877;0.1842;0.1307;0.7563;0.796
110.7366782;0.2362;-0.2404;1.0239;1.084
110.7444085;0.492;-0.0265;1.2023;1.305
110.7542658;0.0409;0.0075;0.9089;0.918
110.7645383;0.0038;-0.1958;0.6621;0.698
110.7745279;0.2864;0.1706;1.1384;1.193
110.7859587;0.2408;-0.2698;0.9927;1.063
110.7944717;0.256;0.2199;0.6866;0.771
110.8105154;0.2145;-0.1818;0.9387;0.986
110.8144552;0.466;-0.1368;1.0873;1.196
110.8365259;0.2748;0.1046;0.8601;0.915
110.838114;0.4336;-0.3847;0.8284;1.015
110.8443298;0.5801;0.0996;1.0151;1.178
110.8545612;0.1418;-0.2926;1.009;1.067
110.8650585;0.3822;-0.1498;1.0038;1.09
110.8749762;0.2266;-0.0643;1.1285;1.16
110.8860394;0.1352;-0.4047;1.0917;1.179
110.8945293;0.3274;0.143;0.9552;1.026
110.912394;0.1731;-0.4222;0.9604;1.069
110.9149264;0.3684;-0.0849;1.0847;1.154
110.9425163;0.3833;-0.1286;0.9189;1.009
110.9445138;0.3982;-0.348;1.0169;1.151
110.9457558;0.204;-0.0928;0.9976;1.029
110.9545367;0.1814;-0.2547;1.2658;1.311
110.9660023;0.409;-0.1449;1.0285;1.121
110.9744336;0.1096;-0.1913;1.1487;1.177
110.9864272;0.3552;-0.356;1.2766;1.378
110.9941969;0.3159;0.0374;1.0149;1.07
111.0099283;0.0343;-0.4504;1.0424;1.143
111.014646;0.3189;-0.1848;1.2503;1.31
111.0333345;0.1087;-0.1747;1.2635;1.288
111.0349615;0.1421;-0.4031;0.9996;1.093
111.0444577;0.3726;-0.0001;1.0644;1.134
111.0543149;0.1748;-0.3865;0.939;1.036
111.0644574;0.4264;0.0307;0.8314;0.94
111.0744728;0.3804;-0.2226;0.9155;1.021
111.0857509;0.2531;-0.2945;1.0906;1.164
111.09455;0.3051;-0.129;1.0899;1.145
111.1049635;0.4057;-0.4279;1.2411;1.379
111.1263638;0.3585;-0.1655;0.9972;1.078
111.128117;0.2179;-0.2323;1.0882;1.14
111.1487035;0.305;-0.3392;1.2735;1.359
111.1503445;0.1736;-0.1296;1.061;1.09
111.1542453;0.0002;-0.4751;1.104;1.209
111.166531;0.2463;-0.2116;1.3974;1.441
111.174406;0.0211;-0.2454;1.4202;1.449
111.184862;0.2207;-0.3103;0.9784;1.056
111.1944067;0.3061;-0.1196;0.9613;1.022
111.2047513;0.2863;-0.3745;1.1132;1.215
111.22262;0.6113;-0.135;0.883;1.086
111.2249694;0.3123;-0.2774;1.1328;1.213
111.2493983;0.2196;-0.4295;1.0415;1.154
111.2510233;0.3776;-0.1621;1.1092;1.189
111.2542408;0.1211;-0.3844;1.4385;1.501
111.2666421;0.0188;-0.1176;1.1306;1.145
111.2743715;0.0321;-0.3038;1.2381;1.283
111.2857493;0.0235;-0.4021;1.5118;1.572
111.2945514;0.0762;-0.0214;1.1174;1.128
111.3049005;0.3119;-0.5148;0.6742;0.907
111.3237853;0.5317;-0.2466;1.1661;1.31
111.3255168;0.3958;-0.4023;1.1744;1.308
111.3489828;0.5976;-0.2805;0.8418;1.073
111.3505175;0.3866;-0.3051;1.0377;1.154
111.354803;0.4154;-0.5148;1.2824;1.448
111.3667458;0.4158;-0.0572;0.88;0.98
111.3747151;-0.0037;-0.3275;0.9643;1.026
111.3858303;0.3031;-0.3842;1.4384;1.526
111.3945919;0.1452;-0.1474;1.2496;1.274
111.4052811;-0.0504;-0.4318;1.2814;1.361
111.4245632;0.446;-0.3242;1.2814;1.4
111.4265237;0.3419;-0.3397;0.5993;0.772
111.4493404;0.4507;-0.0446;0.9471;1.055
111.4510204;0.5365;-0.4366;0.9496;1.178
111.4546786;0.532;-0.091;0.637;0.837
111.4667702;0.5038;-0.2639;0.8162;0.998
111.474739;0.6962;-0.3723;0.8822;1.186
111.4849736;0.4217;-0.009;0.4675;0.632
111.494622;0.4692;-0.5419;0.6489;0.969
111.5099356;0.4428;-0.0279;1.0327;1.129
111.5458475;0.1115;-0.3341;0.8612;0.937
111.5476064;0.2571;-0.2027;0.8184;0.887
111.5488513;0.1788;-0.1819;1.0305;1.068
111.5497649;0.284;-0.4643;0.9934;1.138
111.5547213;0.4522;0.1434;0.6654;0.821
111.5665579;0.3842;-0.466;0.6857;0.917
111.5881123;0.5244;-0.0068;0.8604;1.012
111.5889204;0.3597;-0.273;0.69;0.828
111.5947062;0.3375;-0.2244;1.0161;1.099
111.6046732;0.3229;-0.2108;1.0956;1.167
111.6290693;0.3263;-0.4979;1.1706;1.319
111.6308556;0.1393;0.0989;0.8901;0.914
111.6350356;0.113;-0.5074;0.9515;1.09
111.6444737;0.3236;0.0382;0.9416;1.002
111.654681;0.1946;-0.2845;0.5918;0.69
111.6680917;0.3924;-0.1913;1.143;1.229
111.6748342;0.32;-0.1446;0.9441;1.013
111.6844969;0.1731;-0.4275;0.8796;0.999
111.6945806;0.2515;0.1295;0.8892;0.94
111.71206;0.3784;-0.4493;0.765;0.968
111.7173854;0.2613;0.0858;0.4928;0.569
111.7245022;0.3597;-0.1986;0.3752;0.558
111.7398728;0.3429;-0.1138;0.6252;0.726
111.744366;0.3181;0.073;0.8068;0.876
111.754544;0.3799;-0.4852;0.7724;0.992
111.7657408;0.275;0.1439;0.7412;0.809
111.7744941;0.0552;-0.5764;0.8765;1.056
111.7844554;0.2173;0.1285;0.8535;0.897
111.7944569;0.3436;-0.3793;0.7342;0.899
111.8041455;0.4183;-0.2039;0.9163;1.032
111.8239426;0.2812;-0.0633;0.8565;0.91
111.8255247;0.2448;-0.4832;0.9576;1.105
111.8451886;0.1589;0.1319;0.8141;0.847
111.8467119;0.2665;-0.4951;0.8567;1.029
111.8543034;0.2871;0.119;0.9389;0.995
111.8654963;0.322;-0.4153;0.7309;0.904
111.8744048;0.5361;-0.1397;0.7774;0.958
111.8843704;0.4747;-0.1532;0.8473;0.987
111.8944977;0.4791;-0.5668;1.1103;1.34
111.9076404;0.3023;-0.0205;0.947;1.0
111.9257402;0.1085;-0.6467;0.8395;1.07
111.9271729;0.0392;-0.0347;1.1107;1.12
111.9344521;0.0298;-0.4605;1.2333;1.324
111.9442573;-0.0795;-0.0944;0.9813;0.998
111.9544181;-0.0181;-0.1186;0.9976;1.013
111.9653588;0.1636;-0.3647;1.1349;1.21
111.9744421;0.3415;0.0066;1.1532;1.209
111.9841983;0.2879;-0.5641;1.0573;1.237
111.9946097;0.1097;0.1062;0.9582;0.978
112.0064193;0.3456;-0.4985;0.9665;1.146
112.0265753;0.398;0.031;1.0288;1.109
112.0280473;0.2518;-0.1904;0.8306;0.894
112.0352145;0.4489;-0.3494;1.0043;1.159
112.044763;0.3445;0.0129;0.8863;0.957
112.0542786;0.3108;-0.4614;0.8963;1.059
112.0654342;0.4208;0.0783;0.9555;1.052
112.0742965;0.3304;-0.3491;0.8706;0.999
112.0843093;0.3087;-0.0567;0.8236;0.887
112.0946268;0.2463;-0.0942;0.8008;0.849
112.1074953;0.2013;-0.3987;1.1502;1.24
112.1307122;0.2504;0.0454;0.8477;0.891
112.1321974;0.2675;-0.4444;0.7711;0.934
112.1343052;0.3178;-0.0916;1.0851;1.141
112.1443812;0.2911;-0.226;0.7205;0.814
112.1547862;0.3877;-0.1488;0.8229;0.926
112.1651397;0.3006;-0.0782;0.7107;0.781
112.1745063;0.2045;-0.3148;1.0914;1.16
112.184464;0.2223;0.06;0.7776;0.817
112.1946862;0.2878;-0.2409;0.9581;1.035
112.2066308;0.1449;-0.096;0.6453;0.675
112.2294896;0.2329;-0.1954;0.6453;0.718
112.2342315;0.3293;-0.1362;1.08;1.143
112.2352695;0.1468;-0.2371;1.0111;1.056
112.2448237;0.0792;-0.0493;1.0486;1.06
112.25441;0.1568;-0.3872;1.1864;1.264
112.2649128;0.1622;-0.0608;1.1837;1.204
112.2746486;0.2102;-0.2938;1.0691;1.135
112.2843643;0.1462;-0.1116;0.9745;0.999
112.2943183;0.1853;-0.2725;1.1363;1.19
112.3075049;0.332;-0.1077;0.6708;0.761
112.3293128;0.1126;-0.2305;0.9783;1.018
112.3340823;0.4398;-0.2454;1.6225;1.705
112.3352088;0.1978;-0.3517;1.2278;1.299
112.3446846;-0.3345;-0.1901;0.7854;0.884
112.3547109;0.3798;-0.186;1.301;1.374
112.3661173;0.4132;-0.2339;1.4296;1.512
112.3776748;-0.1281;-0.1542;0.6841;0.722
112.3946577;0.3553;-0.1579;1.3569;1.418
112.4102045;0.2033;-0.299;1.0266;1.095
112.4363863;0.3057;0.023;0.8414;0.901
112.438262;0.243;-0.3156;1.1532;1.226
112.4391519;0.2433;-0.1476;0.9442;0.992
112.4443622;0.4925;-0.1477;1.0127;1.14
112.4543495;0.1566;-0.2816;0.8005;0.869
112.4648805;0.0872;-0.1984;1.0772;1.106
112.4744011;0.3665;-0.1788;0.9259;1.017
112.484285;0.3014;-0.1714;1.0848;1.145
112.4943185;0.0943;-0.1289;0.6217;0.649
112.5084074;0.014;-0.1898;0.287;0.35
112.5305257;0.5053;-0.0067;1.4865;1.576
112.5324411;0.159;-0.2829;1.2679;1.316
112.5345938;-0.6927;-0.2792;0.3222;0.821
112.5443965;-0.1412;0.1032;0.8112;0.839
112.5545897;0.5039;-0.2146;1.8386;1.925
112.5666387;-0.1875;-0.338;1.0893;1.164
112.5742065;-0.4667;-0.1369;0.5766;0.764
112.5842555;0.2872;-0.0591;1.4841;1.52
112.5944402;0.4454;-0.247;1.835;1.911
112.6045147;0.195;-0.4525;0.6105;0.789
112.6268254;0.1963;0.1808;0.8656;0.913
112.6287138;0.165;-0.28;1.581;1.621
112.6358399;0.4934;-0.0696;1.2703;1.37
112.6443552;0.3363;-0.3597;0.6219;0.797
112.6545952;0.0964;-0.1496;0.9348;0.959
112.664385;0.1967;0.0093;1.3578;1.379
112.6743942;0.519;-0.2452;0.9676;1.129
112.6844627;0.4503;-0.2711;0.7096;0.886
112.69466;-0.0293;-0.364;1.1482;1.212
112.705646;0.1571;0.0097;1.1705;1.188
112.7257516;0.3051;-0.2342;1.0294;1.105
112.7273369;0.2812;-0.3904;0.8654;0.995
112.7365306;0.157;-0.1175;1.0474;1.073
112.7457277;0.195;-0.052;0.9085;0.937
112.754338;0.3718;-0.2422;0.8699;0.981
112.7645629;0.2918;-0.428;1.0397;1.167
112.7746452;0.1738;0.0027;1.0191;1.041
112.7844737;0.2251;-0.3025;0.8969;0.979
112.7948623;0.2702;-0.2692;0.9828;1.06
112.805979;0.2052;-0.1471;0.8742;0.916
112.8333214;0.2562;-0.1283;1.0151;1.061
112.8349399;0.3622;-0.3618;0.8499;0.997
112.8360251;0.2145;-0.0978;0.9632;0.998
112.8445143;0.295;-0.2408;0.8429;0.93
112.8544243;0.3051;-0.1972;1.1363;1.199
112.8642342;0.1506;-0.3558;1.0203;1.097
112.8744402;0.1704;-0.0897;1.0735;1.098
112.8844007;0.2503;-0.4365;0.9918;1.118
112.8944605;0.2522;-0.0402;1.0881;1.124
112.905886;0.166;-0.3357;0.8544;0.939
112.9149324;0.3126;-0.1426;1.088;1.147
112.9341853;0.294;-0.1032;0.8711;0.931
112.9359428;0.3207;-0.2548;0.9293;1.021
112.9443367;0.3097;-0.1407;1.0239;1.085
112.9548122;0.3897;-0.1082;0.9089;1.0
112.9662333;0.3384;-0.1266;0.9676;1.038
112.974391;0.1234;-0.0856;0.959;0.978
112.984684;0.208;-0.1336;0.8416;0.883
112.9959009;0.192;-0.1606;1.0524;1.089
113.0068038;-0.0931;-0.0255;1.0109;1.024
113.0211594;0.0901;-0.2103;0.8709;0.907
113.0393837;0.0636;-0.1303;1.2046;1.221
113.0412074;0.1079;-0.1394;0.9498;0.973
113.053196;0.22;-0.2007;1.0889;1.135
113.0550748;0.3378;0.016;1.1209;1.177
113.0653636;0.3255;-0.0556;0.9342;0.997
113.0743009;0.3999;-0.203;0.764;0.89
113.0843729;0.3586;-0.0314;0.9871;1.056
113.1032762;0.328;0.0518;0.9503;1.013
113.1053346;0.3213;-0.1132;0.862;0.932
113.1244765;0.3299;-0.3324;0.7403;0.88
113.1261351;0.2505;0.1408;1.0901;1.134
113.1362416;0.301;-0.1008;0.8543;0.917
113.1483601;0.2414;-0.2075;0.8786;0.94
113.1543984;0.1153;-0.101;1.0726;1.091
113.1643337;0.1936;0.136;1.0643;1.097
113.1743373;0.2124;-0.2234;0.9466;1.002
113.186181;0.2629;-0.1491;0.9531;1.006
113.2068408;0.25;0.1;1.022;1.064
113.2089704;0.2262;0.0144;0.7901;0.828
113.2299587;0.3545;-0.2994;0.8318;0.957
113.2336838;0.3033;0.0679;1.0415;1.093
113.2353597;0.0853;-0.0215;1.0165;1.028
113.2464605;0.1926;-0.1208;1.0699;1.101
113.2544189;0.2416;-0.0784;1.1013;1.137
113.2644158;0.2129;0.1099;1.0586;1.092
113.2744011;0.3733;-0.0986;1.1336;1.203
113.2842961;0.3459;-0.2117;0.9841;1.07
113.3044968;0.1518;0.173;0.9797;1.014
113.3059845;0.4187;-0.2014;0.7289;0.868
113.3244203;0.4181;-0.0276;1.0176;1.106
113.326382;0.1544;-0.0898;0.8756;0.901
113.3346564;0.3871;-0.0733;0.833;0.926
113.3457335;0.1652;-0.0533;0.9912;1.013
113.3541145;0.0472;-0.0774;1.1346;1.146
113.3643066;0.2696;-0.1244;1.0925;1.138
113.3745195;0.1317;-0.0015;0.947;0.963
113.3840736;0.2285;0.011;0.8865;0.922
113.4041701;0.3396;-0.1735;1.1322;1.201
113.4059405;0.262;-0.0151;0.9362;0.979
113.4241926;0.3657;-0.107;0.8033;0.894
113.4265181;0.3842;0.0022;1.1389;1.208
113.434599;0.27;-0.0837;0.7938;0.848
113.4477403;0.3492;-0.0827;1.0436;1.109
113.4543395;0.2201;-0.0767;0.8598;0.897
113.4643438;0.2127;-0.1094;0.8275;0.868
113.4745841;0.1468;0.0078;0.8989;0.918
113.4845628;0.0599;-0.0858;0.8322;0.846
113.5039451;0.3657;-0.1382;1.0469;1.123
113.5055349;0.1504;-0.0513;1.0336;1.053
113.5284733;-0.0221;-0.0822;0.8581;0.871
113.5303089;0.1363;-0.1913;1.0012;1.035
113.5346708;0.065;-0.0663;1.0672;1.079
113.5457229;0.1929;-0.1684;0.8895;0.932
113.5549076;0.1643;-0.0748;1.0473;1.07
113.5644528;0.0084;-0.0495;1.1244;1.134
113.5747571;0.1621;-0.1693;1.2453;1.274
113.584548;0.0851;-0.1207;1.1318;1.149
113.6048432;0.0442;0.0398;0.9829;0.993
113.6063262;0.1984;-0.1606;1.0376;1.075
113.6264018;0.1849;-0.0871;1.0454;1.072
113.6279913;0.278;-0.0066;0.8601;0.91
113.6344914;0.3524;0.026;0.9112;0.983
113.6458813;0.2585;-0.2629;0.9311;1.007
113.6545082;0.2029;0.0588;0.9774;1.007
113.6652565;0.2389;-0.2414;0.9636;1.028
113.6749465;0.1462;-0.0329;1.1633;1.18
113.6847093;0.0887;-0.0959;0.8656;0.883
113.7051092;0.161;-0.1364;1.084;1.111
113.7066819;0.1672;-0.2055;1.0898;1.128
113.7288907;0.0695;-0.0268;0.8847;0.896
113.7304669;0.1125;-0.2049;0.7828;0.824
113.7343893;0.1101;-0.0923;1.1201;1.137
113.7456116;0.1917;-0.1412;1.0182;1.052
113.754836;0.1433;-0.0371;1.0861;1.104
113.7644858;0.1096;-0.1683;0.9388;0.967
113.7747007;0.3215;-0.1105;1.1737;1.228
113.7843786;0.2709;-0.1145;1.1393;1.183
113.8044604;0.1306;-0.0523;0.9829;1.0
113.8060855;0.1983;-0.1978;1.1318;1.173
113.8287845;0.1545;-0.0462;1.1053;1.124
113.8303823;0.2828;-0.118;1.0724;1.122
113.8344979;0.2454;-0.0156;0.9891;1.026
113.8453049;0.2128;-0.2094;0.6201;0.693
113.8547394;0.2051;0.0446;1.0657;1.093
113.8647607;0.0832;-0.152;1.1029;1.124
113.8749487;-0.1;-0.1664;0.9179;0.947
113.8845658;-0.0402;-0.1711;1.2147;1.236
113.907612;0.0998;-0.129;1.2952;1.313
113.9093774;0.0171;-0.2245;1.1252;1.155
113.9348233;0.1047;-0.0351;0.9558;0.97
113.9361785;0.1623;-0.0258;1.0244;1.045
113.9450154;0.2347;-0.0158;0.8147;0.854
113.9546731;0.2019;-0.2279;0.8583;0.917
113.9644545;-0.018;-0.0705;1.1331;1.144
113.9746268;0.0314;-0.0507;1.1598;1.169
113.9847081;0.0061;-0.2761;0.9974;1.042
114.0021826;-0.0291;-0.1241;1.2643;1.279
114.0044951;0.1075;-0.0854;1.1375;1.153
114.0263242;0.0695;-0.2665;1.0513;1.094
114.0278434;0.1941;-0.1936;1.0236;1.066
114.0343598;0.0783;-0.1452;1.0969;1.117
114.0460125;0.0578;-0.2519;1.2525;1.286
114.0553318;0.1258;-0.1295;1.0597;1.082
114.0641971;0.0932;-0.2872;1.1579;1.204
114.074361;0.0781;-0.2494;1.0838;1.122
114.0843225;-0.0257;-0.1404;1.0912;1.109
114.102624;0.0718;-0.3864;1.2276;1.296
114.1049452;-0.0249;-0.1311;1.5288;1.543
114.1244891;0.057;-0.3871;1.2365;1.304
114.1262176;-0.015;-0.1653;0.99;1.012
114.1344603;-0.0423;-0.0733;1.2717;1.283
114.1467703;0.2983;-0.2582;1.1303;1.203
114.1546949;0.1551;-0.1283;0.8645;0.894
114.16426;0.0952;-0.1837;1.2157;1.241
114.1746778;0.0603;-0.116;0.9712;0.988
114.184478;0.057;-0.2446;1.0418;1.079
114.202986;0.0254;-0.154;1.4019;1.418
114.2053079;-0.1461;-0.2338;0.9685;1.015
114.2272495;-0.0145;-0.3473;1.3524;1.404
114.228871;-0.0048;-0.3336;1.5632;1.606
114.2343685;-0.1366;-0.247;1.3193;1.358
114.2464732;-0.0193;-0.4225;1.1741;1.255
114.254617;0.0288;-0.312;1.5606;1.599
114.2647641;0.1029;-0.206;1.297;1.325
114.2746711;0.277;-0.2025;0.9481;1.014
114.2843415;0.245;-0.1893;1.0915;1.141
114.3022212;0.3727;-0.1992;0.98;1.072
114.3043591;0.4319;-0.1053;0.9673;1.069
114.3205074;0.2498;-0.1041;0.8787;0.926
114.3244085;0.3093;-0.3429;0.9463;1.058
114.3344319;0.2525;-0.2836;1.2116;1.276
114.345249;0.0186;-0.155;1.0873;1.106
114.3542566;0.08;-0.4376;0.8868;0.998
114.3644774;0.0263;-0.1631;1.2841;1.303
114.3745778;0.166;-0.2823;0.9721;1.032
114.3842116;0.1123;-0.1667;1.0126;1.04
114.4005527;0.2299;-0.1735;1.0889;1.133
114.4045366;0.2213;-0.2359;0.9124;0.974
114.4216399;0.2586;-0.1264;0.984;1.031
114.4243247;0.2761;-0.2516;1.123;1.19
114.4343366;-0.1314;-0.1688;1.1407;1.169
114.4445678;-0.0872;-0.2223;1.0752;1.11
114.4544872;0.15;-0.2287;1.1467;1.186
114.4642651;-0.0944;-0.2816;1.064;1.113
114.4745479;0.0614;-0.1958;0.9792;1.008
114.4842241;0.3243;-0.2742;0.864;0.968
114.5018017;0.0171;-0.2632;0.8091;0.858
114.5043413;0.3365;-0.1904;0.8302;0.921
114.5207398;0.2376;-0.2752;1.2795;1.337
114.5244335;0.1802;-0.2851;1.2483;1.3
114.5342394;0.3098;-0.1864;0.9679;1.039
114.5449695;0.027;-0.192;0.9873;1.014
114.5554469;0.3958;-0.2867;1.0581;1.171
114.5652384;0.3958;-0.2867;1.0581;1.171
114.574218;0.0177;-0.2147;1.0666;1.096
114.5842664;0.0899;-0.2205;1.2134;1.244
114.5941994;0.0114;-0.3684;1.2034;1.266
114.6040886;-0.0404;-0.2493;1.0894;1.126
114.6160561;-0.014;0.1075;1.283;1.296
114.6346755;0.2196;-0.2296;1.0351;1.089
114.6361086;0.2177;-0.1717;1.3347;1.37
114.6442965;0.2488;-0.3193;1.4515;1.514
114.6542455;0.4317;-0.368;1.3872;1.504
114.6643236;0.4423;-0.3429;1.0396;1.185
114.6744681;0.5045;-0.2373;1.1575;1.29
114.6843523;0.8356;-0.3032;0.9759;1.322
114.6947274;0.5483;-0.1726;0.4245;0.715
114.7043406;0.0822;-0.3974;0.8557;0.953
114.7168875;0.3695;-0.0722;1.1191;1.187
114.7364135;0.1223;-0.2814;0.9375;0.993
114.7378551;-0.1093;-0.458;1.0881;1.193
114.7461591;-0.1053;-0.0828;1.277;1.293
114.7545694;-0.2337;-0.4489;0.6875;0.861
114.7649391;0.1096;-0.3042;1.3689;1.414
114.7746264;0.3335;-0.2448;1.5818;1.642
114.7874927;0.1838;-0.3329;0.5824;0.7
114.8029449;0.2904;-0.1672;0.8319;0.902
114.805144;0.6055;-0.2712;1.2651;1.433
114.8222689;0.387;-0.2083;1.0398;1.134
114.8245278;0.1697;-0.2527;0.8895;0.946
114.8343995;0.2724;-0.0981;0.9045;0.956
114.8443572;0.0432;-0.4409;0.8208;0.939
114.8544682;0.3892;-0.0903;1.1215;1.196
114.8643167;0.2763;-0.2813;0.9193;1.006
114.87441;-0.2563;-0.3326;0.9861;1.08
114.8845413;0.1375;-0.2923;1.014;1.071
114.8971883;0.3546;-0.2222;1.0038;1.093
114.9084987;0.2707;-0.3657;0.8252;0.947
114.9243225;0.5564;-0.3316;0.7523;0.995
114.9345465;0.2047;-0.3136;0.8969;0.978
114.9456615;0.5272;-0.2483;1.093;1.243
114.9544671;0.2378;-0.3231;0.7859;0.888
114.964712;0.3185;-0.2185;0.696;0.8
114.9746753;0.3519;-0.0147;0.9839;1.051
114.9843698;0.2497;-0.3512;0.7329;0.855
114.9942315;0.4382;-0.0547;1.0486;1.143
115.0042789;0.3709;-0.2108;0.6786;0.805
115.017055;0.6591;-0.3357;0.5308;0.91
115.0245215;0.7626;-0.0139;0.5721;0.954
115.0379419;0.4902;-0.4139;0.3313;0.721
115.0465873;0.4299;-0.1791;0.75;0.887
115.054767;0.1446;-0.1498;0.9772;1.006
115.0644231;0.1907;-0.2035;0.7813;0.836
115.0762044;-0.0147;-0.1929;1.176;1.2
115.0842901;-0.1158;-0.0713;0.9398;0.958
115.0942908;0.2703;-0.2273;0.742;0.827
115.104278;0.1026;-0.1658;1.1962;1.219
115.1183322;0.4053;-0.1052;0.781;0.891
115.1401468;0.2733;-0.2069;0.7933;0.87
115.1441584;0.1926;-0.3406;1.1422;1.214
115.1452471;0.5635;-0.1296;1.1575;1.298
115.154256;0.1705;-0.3363;0.9654;1.043
115.1642568;-0.0569;-0.16;1.1959;1.216
115.1757626;-0.0795;-0.3082;1.0699;1.124
115.1845341;-0.014;-0.1317;1.2667;1.282
115.1942035;0.0039;-0.3342;1.2977;1.348
115.2044078;-0.1025;-0.1604;1.2112;1.235
115.2145403;-0.0978;-0.3859;1.0183;1.101
115.230876;0.1641;-0.1029;1.1765;1.2
115.2345066;0.2456;-0.2019;1.041;1.095
115.2442971;0.3567;-0.2681;0.9654;1.069
115.2543177;0.366;-0.2377;0.9588;1.059
115.2641448;0.1489;-0.0313;0.9436;0.963
115.2750079;0.3049;-0.3335;0.9516;1.059
115.2841158;0.1202;-0.0989;1.1076;1.126
115.2941505;-0.0139;-0.1553;1.0122;1.032
115.3042121;0.1025;-0.2467;1.0544;1.095
115.317302;0.0017;-0.3481;1.0572;1.12
115.3428412;0.1494;0.0322;1.2046;1.222
115.3448;0.2134;-0.5514;0.792;0.993
115.3458365;0.3768;-0.25;1.1616;1.252
115.354515;0.3849;-0.1193;1.1003;1.177
115.3642057;0.3045;-0.182;0.6734;0.766
115.376008;0.6033;-0.3654;0.6346;0.95
115.3842595;0.5066;-0.1542;0.7802;0.946
115.3944595;0.4405;-0.0478;0.91;1.017
115.4043128;0.4553;-0.5005;0.7661;1.025
115.4162598;0.252;-0.506;1.2384;1.367
115.435229;0.1727;-0.1062;1.1925;1.217
115.4365212;0.1903;-0.6362;0.7564;1.011
115.4442681;0.2444;-0.3491;1.3308;1.404
115.4541743;0.2199;-0.0654;1.3128;1.34
115.4641778;0.1233;-0.5063;0.7434;0.913
115.4742871;0.4301;-0.2979;1.5817;1.672
115.4843048;-0.1858;-0.3607;1.4565;1.52
115.4944479;0.2056;-0.1134;1.5207;1.546
115.5045299;0.4446;-0.4798;1.7552;1.879
115.5146196;-0.0558;-0.3077;0.9968;1.052
115.5348544;0.082;-0.1428;1.104;1.124
115.5362063;0.5803;-0.1917;1.9138;2.015
115.5448513;0.457;-0.4718;1.2092;1.381
115.5543865;0.3246;-0.3348;0.8115;0.941
115.5643062;0.4125;-0.2046;1.6488;1.718
115.5760232;0.4401;-0.2497;1.4065;1.501
115.5843541;0.6224;-0.3883;0.8865;1.153
115.5944228;0.5353;-0.5298;1.1015;1.338
115.6043713;0.1634;-0.1273;1.5617;1.583
115.6201951;0.0738;-0.1468;1.0429;1.063
115.6433266;0.2058;-0.209;0.9259;0.978
115.6455643;0.1942;-0.4308;1.0829;1.188
115.6464262;0.2509;0.1488;0.8808;0.934
115.6547683;0.3238;0.1363;0.6494;0.743
115.6647572;0.6016;-0.4509;0.8535;1.14
115.6765103;0.5736;-0.3535;1.2274;1.405
115.6852567;0.5844;-0.5298;1.3307;1.551
115.6946491;0.467;-0.1142;1.3456;1.435
115.7043603;0.0197;-0.2327;1.0139;1.048
115.7203032;0.6198;-0.3856;0.4743;0.87
115.746423;0.8525;-0.2257;0.9591;1.305
115.747899;0.5083;-0.3082;1.3553;1.485
115.7489148;0.1826;-0.0881;0.9393;0.968
115.7543321;0.0497;-0.2882;0.9869;1.037
115.7643156;0.4346;-0.4771;1.1279;1.304
115.7763117;0.4145;-0.3851;1.3038;1.427
115.784495;0.0255;-0.1728;1.2518;1.272
115.7955909;0.1011;-0.0364;1.1471;1.16
115.8047347;0.3183;-0.4253;1.0144;1.15
115.8152532;0.4529;-0.3296;1.0856;1.226
115.8369985;0.289;-0.0189;1.2597;1.299
115.8387203;0.2283;-0.0294;1.0253;1.058
115.8661603;0.3991;0.0142;1.0677;1.146
115.8675998;0.4135;-0.5141;0.8946;1.115
115.8684921;0.5895;-0.2013;0.7752;0.997
115.8765143;0.258;0.0268;1.1198;1.156
115.8844586;0.2435;-0.2105;1.0605;1.115
115.8947291;0.3136;-0.1511;1.1076;1.167
115.9043175;0.2265;-0.5183;0.7712;0.961
115.9162553;0.4753;-0.2296;0.5854;0.79
115.9404972;0.6891;0.0708;1.0079;1.227
115.9421471;0.6491;-0.1327;0.8307;1.065
115.9449028;0.4373;-0.1664;0.9254;1.042
115.9544155;0.4587;-0.5082;0.7162;0.993
115.9645511;0.5311;-0.0847;0.7542;0.93
115.9756121;0.1041;-0.1831;1.1357;1.162
115.984805;0.293;-0.0893;1.1275;1.175
115.9947393;0.3539;-0.0233;1.0901;1.152
116.0045235;0.4631;-0.4462;0.871;1.086
116.0160555;0.8784;-0.1584;0.6054;1.078
116.0399316;0.4796;-0.0781;0.8414;0.976
116.0414763;0.4051;-0.1864;0.8799;0.991
116.0457651;0.7301;-0.0408;1.0971;1.322
116.0546384;0.3832;-0.4043;1.0993;1.237
116.0648722;0.2623;-0.4075;0.8203;0.958
116.0775775;0.2816;-0.2316;1.2944;1.351
116.0843615;0.2772;-0.0056;1.2657;1.302
116.094542;0.0685;-0.054;1.1114;1.123
116.1043678;0.2635;-0.1829;1.1763;1.226
116.1189128;0.4194;-0.4297;0.4681;0.762
116.1400849;0.3012;-0.0336;1.0988;1.146
116.1425136;0.4813;-0.2096;1.3005;1.408
116.1443013;0.4042;0.0381;1.0296;1.112
116.1543872;0.2684;-0.1103;1.1958;1.237
116.1643058;0.4645;-0.4347;1.042;1.225
116.1752144;0.2668;-0.3099;1.0237;1.108
116.1842225;0.2668;-0.3099;1.0237;1.108
116.194542;0.3821;0.0327;0.8763;0.962
116.2043441;0.2562;-0.0007;1.0687;1.106
116.2145;0.4621;-0.1504;0.7259;0.877
116.23325;0.5547;-0.3613;1.1341;1.317
116.2348384;0.5538;-0.2678;0.5838;0.849
116.2445452;0.0873;0.0898;0.6958;0.715
116.2546381;0.2928;-0.3039;0.9609;1.055
116.2642987;0.5576;-0.183;1.2309;1.368
116.2749745;0.1915;-0.2748;1.0647;1.123
116.284494;0.3357;-0.3302;0.7077;0.854
116.2944618;0.2586;-0.2665;0.9621;1.037
116.3044834;0.2921;-0.2003;1.0546;1.118
116.3155625;0.5676;-0.1774;1.1466;1.296
116.3357249;0.3163;-0.069;1.0988;1.152
116.3373466;0.2719;-0.1524;1.0803;1.131
116.3457593;0.4314;-0.3012;1.0855;1.211
116.3548085;0.3656;-0.3156;0.9637;1.083
116.3648738;0.2381;-0.2521;1.0633;1.125
116.3745844;0.3116;-0.3486;0.7897;0.922
116.3845048;0.2775;0.0274;1.1041;1.145
116.3947193;0.3126;-0.2748;1.305;1.376
116.404523;0.3838;-0.1914;1.2285;1.307
116.415083;0.0862;-0.0465;1.0502;1.062
116.4355708;0.1471;-0.221;1.1066;1.145
116.4376601;0.4405;-0.3977;0.8838;1.068
116.4453851;0.5011;-0.1031;1.1544;1.268
116.4545035;0.5011;-0.3191;0.6699;0.898
116.4648325;0.3871;-0.2863;0.6925;0.847
116.4745223;0.3933;-0.1391;1.3382;1.408
116.4842198;0.5272;-0.1847;1.1219;1.258
116.4964079;0.3404;-0.2084;1.0193;1.1
116.5045449;0.2701;-0.0716;1.2722;1.309
116.5198586;0.4466;-0.2455;1.1157;1.232
116.5242698;0.3073;-0.3283;0.7892;0.913
116.5352807;0.278;-0.2244;1.1159;1.178
116.5458951;0.3667;-0.3148;0.9281;1.051
116.5570885;0.2973;-0.4231;0.5734;0.775
116.5647358;0.3472;-0.1015;1.0332;1.1
116.5749294;0.5799;-0.2311;1.0445;1.221
116.5843884;0.4324;-0.4183;1.0789;1.24
116.594529;0.3379;-0.1395;1.1716;1.233
116.6045233;0.4449;-0.1903;1.1932;1.293
116.6154894;0.2894;-0.2951;1.2639;1.336
116.6390355;0.2509;-0.3025;1.0783;1.154
116.6405391;0.4299;-0.1154;1.2097;1.295
116.6443709;0.34;-0.375;1.1426;1.255
116.6568239;0.3834;-0.377;0.9936;1.135
116.6644582;0.2631;-0.1708;1.0821;1.133
116.6743752;0.2955;-0.4407;1.0189;1.154
116.6844074;0.4008;-0.2981;1.1156;1.227
116.6945186;0.2934;-0.1272;1.1454;1.195
116.7146423;0.2309;-0.2687;0.9142;0.986
116.7161248;0.482;-0.2511;1.1071;1.238
116.7364441;0.4432;-0.0288;1.2051;1.29
116.7393193;0.3214;-0.1885;1.1517;1.217
116.7444514;0.5013;-0.2662;0.9428;1.104
116.7545599;0.3564;-0.1888;1.0495;1.13
116.7645111;0.3126;-0.1695;1.1564;1.216
116.7756477;0.4793;-0.2606;0.9222;1.076
116.7850019;0.4581;-0.3097;0.9448;1.099
116.7946169;0.3131;-0.2356;1.1749;1.245
116.818625;0.4212;-0.2246;1.0439;1.153
116.8203132;0.5319;-0.4318;0.7415;1.012
116.8457142;0.4129;-0.2188;0.9118;1.029
116.8474297;0.3621;-0.2052;0.8967;0.994
116.8485417;0.5281;-0.3186;0.7914;1.006
116.8590711;0.3505;-0.3673;0.982;1.11
116.8646968;0.3064;-0.1499;1.0366;1.097
116.8745733;0.3891;-0.1843;0.9277;1.028
116.8860259;0.3468;-0.4055;0.9576;1.101
116.8946227;0.5056;-0.1917;0.8749;1.032
116.9120539;0.3649;-0.0886;1.0534;1.124
116.914526;0.2939;-0.3924;0.9228;1.05
116.9347343;0.5687;-0.2632;1.038;1.216
116.9362701;0.2951;-0.1272;1.1493;1.2
116.9450772;0.2114;-0.171;1.2535;1.29
116.9589303;0.4418;-0.2025;1.0665;1.177
116.9648026;0.4627;-0.2448;0.9922;1.126
116.9748425;0.359;-0.0566;1.1296;1.193
116.9844916;0.4223;-0.1825;1.053;1.154
116.9945078;0.5579;-0.28;0.899;1.098
117.0156659;0.4189;-0.1197;0.9769;1.075
117.0174951;0.3905;-0.2185;1.0175;1.117
117.0456335;0.4262;-0.3288;1.0365;1.173
117.047012;0.5013;-0.1212;0.9776;1.11
117.0478256;0.3464;-0.156;0.926;1.006
117.0564974;0.4119;-0.2298;0.918;1.037
117.0654709;0.4388;-0.2157;0.9665;1.088
117.0744881;0.3238;-0.1904;1.0781;1.147
117.0844312;0.2835;-0.1791;1.0838;1.141
117.0949379;0.6434;-0.2353;1.0261;1.237
117.1156583;0.5552;-0.1638;0.9213;1.092
117.1173882;0.3952;-0.3166;0.9147;1.05
117.1394203;0.7136;-0.1543;0.9226;1.179
117.1411664;0.4358;-0.3646;0.931;1.095
117.1444783;0.2376;-0.2316;1.0492;1.107
117.1560758;0.4385;-0.1961;1.0191;1.131
117.1642761;0.3414;-0.1673;1.007;1.082
117.1746798;0.4255;-0.2422;1.0081;1.126
117.1843173;0.4747;-0.1259;1.0397;1.155
117.1944858;0.3083;-0.1742;0.9116;0.983
117.2146232;0.4047;-0.0765;0.9796;1.068
117.2161419;0.4788;-0.2521;0.9246;1.075
117.2389788;0.4196;-0.1546;0.942;1.048
117.2405466;0.3633;-0.1382;0.8814;0.968
117.2444772;0.5405;-0.1094;0.9685;1.119
117.2558195;0.4785;-0.3534;0.8396;1.032
117.2643792;0.5206;-0.1129;0.8622;1.017
117.2744893;0.43;-0.1438;0.8605;0.977
117.2842431;0.4097;-0.1259;0.8087;0.92
117.2945192;0.4388;-0.2755;0.8689;1.016
117.3149266;0.4773;-0.1286;0.8649;1.0
117.3164621;0.5016;-0.084;0.9013;1.039
117.3374736;0.4053;-0.0066;0.7813;0.885
117.3389928;0.3373;-0.329;0.825;0.955
117.3442691;0.6612;-0.1838;0.9377;1.165
117.3552619;0.4669;-0.1334;0.8113;0.949
117.3644127;0.2753;-0.1297;0.582;0.661
117.3743334;0.4373;-0.2092;0.8919;1.02
117.3844935;0.5007;-0.3031;0.9204;1.095
117.3944075;0.4112;-0.2343;0.9852;1.098
117.4175052;0.3276;-0.1599;0.8969;0.974
117.4192523;0.3965;-0.1102;0.7374;0.849
117.4456183;0.5789;-0.2243;0.829;1.039
117.4472579;0.5388;-0.1077;0.7358;0.921
117.4561513;0.3192;-0.1215;0.9252;0.992
117.4643774;0.381;-0.2486;1.1379;1.231
117.4744643;0.6251;-0.147;1.1689;1.338
117.4851569;0.3836;-0.1116;0.7855;0.886
117.4944128;0.2099;0.0271;0.9368;0.967
117.5117377;0.5701;-0.1033;1.2343;1.368
117.5143088;0.6345;-0.0045;1.1603;1.327
117.529148;0.2574;-0.1312;0.8507;0.904
117.5347106;0.2717;0.0493;0.8875;0.936
117.5443045;0.3739;-0.1455;1.0105;1.093
117.5558932;0.5813;-0.0512;0.9163;1.09
117.5642417;0.5144;-0.2145;0.9183;1.078
117.5757341;0.4066;-0.2384;0.8499;0.976
117.5844673;0.4588;-0.1675;0.6878;0.847
117.5941622;0.47;-0.1033;0.5991;0.771
117.6110353;0.4537;-0.1625;0.8213;0.956
117.6146703;0.4237;-0.2156;0.7679;0.907
117.6288456;0.3505;-0.0708;0.703;0.793
117.6345268;0.6049;-0.0616;0.9273;1.112
117.6441163;0.5854;-0.0211;1.1182;1.267
117.6546856;0.3472;-0.037;0.9905;1.056
117.6644313;0.4373;0.0086;1.1462;1.232
117.674247;0.4666;-0.1224;1.2671;1.361
117.6841438;0.3781;-0.0397;0.9772;1.054
117.6943744;0.2031;-0.1252;0.7394;0.783
117.7108862;0.3943;-0.1747;0.8884;0.992
117.7146581;0.5052;-0.2063;1.0404;1.179
117.729776;0.3745;-0.2033;0.5775;0.721
117.7347004;0.5343;-0.1487;0.5319;0.77
117.7445167;0.5766;-0.1802;0.8913;1.08
117.7546311;0.4489;-0.1022;1.1151;1.212
117.7641482;0.3486;-0.0195;0.9365;1.005
117.7741043;0.4719;0.0009;1.2795;1.369
117.7860387;0.4066;-0.084;1.1739;1.251
117.7943563;0.392;0.0075;1.0216;1.1
117.8042756;0.3722;-0.1073;0.7861;0.881
117.8145765;0.4167;-0.1445;0.6804;0.814
117.8268084;0.5685;-0.1498;0.5515;0.807
117.848876;0.3595;-0.2184;0.9945;1.085
117.8515368;0.3071;-0.1759;1.1385;1.198
117.8595614;0.5856;0.0882;1.2725;1.409
117.8648348;0.412;0.0015;1.2629;1.334
117.8745183;0.3524;-0.0679;1.1522;1.213
117.8844304;0.5477;-0.0563;0.9053;1.064
117.8943118;0.5058;-0.1601;0.4872;0.721
117.9108323;0.4269;-0.3044;0.6218;0.816
117.9289482;0.5773;-0.022;0.8438;1.026
117.9343169;0.2878;0.0478;0.8886;0.941
117.9444345;0.4294;0.0746;1.3015;1.379
117.9554146;0.5003;0.0137;1.1349;1.246
117.9642558;0.3773;-0.1709;0.6312;0.759
117.9742065;0.4858;-0.2332;0.6003;0.809
117.9844836;0.4376;-0.3384;0.7565;0.941
117.9944906;0.3353;-0.0628;1.1121;1.169
118.0132344;0.7141;0.0669;1.2851;1.476
118.0147524;0.4922;0.0729;1.0283;1.147
118.0323321;0.1504;0.0095;0.9447;0.964
118.034592;0.6861;-0.1794;0.612;0.938
118.0448425;0.663;-0.1997;0.6921;0.981
118.055588;0.3404;-0.2813;0.5164;0.682
118.0643002;0.6095;0.0716;0.8835;1.079
118.0742112;0.3161;0.1422;1.1758;1.232
118.0843262;-0.0522;-0.123;1.3248;1.34
118.0943275;0.5957;-0.2158;1.2957;1.447
118.1117696;0.654;-0.1964;0.8695;1.108
118.1147271;-0.1568;-0.2079;0.5064;0.578
118.13162;0.2246;-0.0707;1.1821;1.212
118.1346263;0.935;0.1483;1.7112;1.96
118.1445393;0.7832;0.0487;0.7223;1.068
118.1549895;0.2601;-0.1777;0.1117;0.332
118.16454;0.4451;-0.207;0.7823;0.927
118.1742651;0.5297;-0.1919;1.4148;1.528
118.1844132;0.1603;0.1253;1.749;1.769
118.1942943;0.3585;-0.0909;1.3141;1.371
118.2144689;0.2907;-0.0883;0.7684;0.832
118.2160215;0.0061;-0.2939;0.4281;0.525
118.2365438;0.6352;-0.1714;0.7372;0.99
118.2380093;1.0206;0.2449;1.1776;1.58
118.244453;0.8784;0.1565;0.785;1.19
118.254443;0.6387;-0.2267;0.7054;0.98
118.2643573;0.8118;-0.2801;0.7618;1.149
118.2743848;0.6303;0.0953;0.9194;1.122
118.28492;0.2245;-0.0413;1.3033;1.33
118.294852;0.2832;0.0531;1.4327;1.468
118.3125076;0.2928;-0.1366;0.3988;0.516
118.3147952;0.209;-0.1693;0.4767;0.552
118.3360116;0.5326;-0.1948;1.2038;1.336
118.3376122;0.9589;0.3244;1.348;1.689
118.3446701;0.6514;-0.0137;0.6304;0.908
118.3545869;0.3586;-0.3667;0.5384;0.746
118.3648831;0.5924;-0.0581;1.1105;1.264
118.3749949;0.5409;0.1807;1.2033;1.337
118.3843229;0.2392;0.0574;1.0858;1.12
118.3949624;0.3116;-0.166;0.8369;0.914
118.4116603;0.4628;-0.1704;0.6504;0.819
118.4143519;0.2526;-0.0034;1.2212;1.254
118.4304918;0.4205;0.1224;1.4727;1.543
118.4412021;0.4903;-0.1451;0.5461;0.75
118.4447463;0.4523;-0.154;0.35;0.592
118.4544067;0.6148;-0.0876;0.991;1.173
118.4642551;0.6908;0.2789;1.025;1.271
118.4744995;0.5648;-0.0823;0.3675;0.678
118.4869576;0.429;-0.2514;0.4424;0.667
118.4946021;0.3789;0.0348;1.4334;1.49
118.5060239;0.3887;0.1473;1.0716;1.155
118.5144868;0.262;-0.1544;0.5482;0.631
118.525488;0.4912;-0.2194;0.9195;1.069
118.5480033;0.5095;0.0264;1.205;1.314
118.5496459;0.3887;0.1296;0.9124;1.006
118.5722958;0.5906;-0.1415;0.4894;0.78
118.574059;0.5592;-0.147;0.8358;1.02
118.5752773;0.2913;0.0933;1.0288;1.08
118.5889006;0.3222;0.069;1.0288;1.087
118.5947381;0.253;-0.0076;1.0848;1.121
118.6049582;0.3806;0.1041;1.1917;1.261
118.6146042;0.5965;-0.0956;0.3032;0.674
118.6283188;0.5639;-0.1958;0.6765;0.904
118.6498326;0.5266;0.1347;1.4179;1.524
118.6513328;0.4681;-0.0661;0.6522;0.809
118.6545738;0.7377;-0.1419;0.6977;1.026
118.6645202;0.6419;-0.0293;1.3216;1.474
118.6743987;0.2755;0.2233;0.4978;0.616
118.6844082;0.6044;-0.1021;0.0748;0.612
118.6947146;0.6091;-0.1965;1.0629;1.245
118.7125508;0.2389;0.1656;1.3525;1.391
118.7145381;0.3524;-0.1192;0.275;0.463
118.7345123;0.3607;-0.136;1.0508;1.125
118.7361867;0.2799;0.0319;1.6788;1.709
118.7443435;0.4798;0.0118;0.6756;0.832
118.7555639;0.36;-0.2055;0.6076;0.739
118.7642472;0.3711;0.1121;1.3358;1.397
118.7746414;0.8206;-0.0524;0.5412;0.984
118.7885015;0.8251;0.032;0.5435;0.988
118.7945963;0.3279;-0.0292;1.4208;1.465
118.8059804;0.2812;-0.1009;0.7639;0.826
118.8146283;0.207;-0.1074;0.487;0.545
118.8243449;0.0704;0.1298;1.6659;1.68
118.8460166;0.2921;-0.2278;0.9273;1.004
118.8475322;0.6308;-0.0552;0.4383;0.77
118.8681683;0.4389;0.1815;1.0432;1.152
118.8696901;0.6122;-0.1829;0.7623;0.997
118.8745661;0.8899;-0.0655;0.8175;1.211
118.8863649;0.4631;0.2781;1.1108;1.241
118.8944507;0.3229;-0.2888;0.5373;0.693
118.9052939;0.3961;-0.0406;1.2653;1.333
118.9145888;0.2373;0.1069;1.3534;1.385
118.9244552;0.3413;-0.1936;0.5102;0.647
118.9475547;0.1874;-0.075;1.331;1.354
118.9493586;0.2595;0.0233;0.8895;0.933
118.9723199;0.64;-0.1264;0.5572;0.859
118.9746481;0.6342;0.0594;1.4383;1.578
118.9757022;0.552;-0.0716;0.6109;0.829
118.9860565;0.361;-0.098;0.9475;1.024
118.9949303;0.4678;0.0942;1.2049;1.302
119.0045702;0.6122;-0.1873;0.5497;0.845
119.0145332;0.4678;0.0708;1.1303;1.231
119.030029;0.5612;-0.0843;0.8092;0.992
119.0551088;0.4583;-0.1169;0.6025;0.769
119.0568261;0.4968;0.0933;1.2806;1.382
119.0578578;0.6404;-0.22;0.758;1.019
119.0644862;0.3346;0.0624;1.0557;1.115
119.0745639;0.365;-0.0693;0.9315;1.008
119.0857867;0.4472;-0.0994;0.9463;1.056
119.0945283;0.4361;0.0225;1.1059;1.195
119.104284;0.5976;-0.085;0.7696;0.981
119.1150178;0.3574;-0.0049;1.3922;1.444
119.1285641;0.4178;-0.0362;0.6804;0.803
119.1539652;0.4472;-0.1251;0.8901;1.008
119.1556633;0.3738;0.0514;1.4492;1.504
119.1568861;0.4202;-0.0981;0.6289;0.766
119.164457;0.3481;-0.0116;0.894;0.965
119.1744345;0.5844;-0.0176;0.7988;0.993
119.1857302;0.4826;-0.1774;1.123;1.24
119.1945702;0.3578;0.102;0.7515;0.844
119.2052458;0.5455;-0.2156;0.6312;0.864
119.2143326;0.5404;0.163;1.2099;1.34
119.2245663;0.5295;-0.1939;0.6403;0.855
119.2485662;0.4644;0.0391;0.9376;1.052
119.2505407;0.4341;-0.007;0.6993;0.827
119.2544754;0.4097;-0.05;1.202;1.277
119.2647615;0.5124;-0.0627;0.8777;1.022
119.2747694;0.4255;-0.1118;1.1163;1.205
119.2859852;0.3511;0.0181;0.929;0.999
119.2948837;0.4428;-0.0934;0.6969;0.835
119.3048523;0.3762;-0.0386;0.9713;1.048
119.3146278;0.4159;-0.1047;0.5623;0.71
119.3243374;0.4768;0.0486;1.1518;1.253
119.3478893;0.4972;-0.0865;0.7364;0.896
119.3511147;0.3004;-0.0343;0.6219;0.696
119.3549106;0.4929;-0.0899;0.6219;0.801
119.3650827;0.6073;0.0975;1.1676;1.324
119.3778613;0.4472;-0.1807;0.5836;0.76
119.3888695;0.4429;0.0847;1.0023;1.104
119.3947507;0.5212;-0.0107;0.972;1.107
119.4048096;0.3481;-0.2345;1.0288;1.117
119.4145252;0.278;0.0188;0.9969;1.042
119.4280394;0.2822;-0.0783;0.934;0.985
119.4505778;0.4881;-0.0745;1.1402;1.248
119.4519583;0.4576;-0.0623;1.1233;1.22
119.4550028;0.4413;-0.0404;0.7248;0.853
119.465015;0.1545;0.1107;0.8092;0.838
119.4748667;0.3834;-0.176;0.7445;0.86
119.4844645;0.4131;-0.0396;1.0768;1.16
119.4943379;0.1062;-0.0567;0.9657;0.981
119.5048142;0.06;-0.1295;0.7548;0.776
119.5148971;0.129;0.06;1.5201;1.535
119.5245178;0.3042;-0.2061;0.7694;0.858
119.5419728;0.2409;0.1386;1.1272;1.168
119.5444781;0.309;-0.1167;0.6747;0.756
119.5546564;0.4015;-0.0528;0.8992;0.991
119.5643886;0.415;-0.002;0.7997;0.906
119.5742368;0.1826;-0.0183;1.1361;1.158
119.5848914;0.1423;-0.0934;1.1158;1.136
119.5945144;0.4369;-0.0326;1.3351;1.411
119.6048856;0.1626;-0.1113;1.182;1.206
119.6144375;0.5463;-0.2066;0.918;1.092
119.6282701;0.4044;0.1135;1.187;1.265
119.6504593;0.0708;0.0178;0.597;0.609
119.6521198;0.4338;-0.2976;0.6892;0.87
119.6545336;0.5403;0.0421;1.9346;2.015
119.6645534;0.0291;-0.0282;1.2431;1.252
119.6746215;-0.2503;-0.3578;0.6108;0.759
119.6849484;-0.0788;-0.2047;1.4886;1.513
119.6949748;0.3864;0.1583;1.7384;1.795
119.7047442;0.3687;-0.0646;0.652;0.756
119.7146169;0.2753;-0.2239;0.1174;0.371
119.7279074;0.8259;-0.0224;1.1018;1.38
119.7514429;0.6941;0.0897;1.5479;1.704
119.7532408;-0.1352;-0.0061;1.0882;1.106
119.7550143;-0.0452;-0.2018;0.8756;0.908
119.764487;0.333;-0.317;0.9444;1.055
119.7748708;0.0667;-0.1059;0.8499;0.867
119.7867567;0.0021;-0.021;0.9654;0.974
119.7945337;0.3733;0.1118;1.309;1.372
119.8048047;0.3834;0.0906;1.4302;1.49
119.8146793;0.2535;-0.0589;0.7147;0.766
119.8304806;0.2151;-0.0011;0.4691;0.521
119.8570632;0.1241;-0.193;0.672;0.716
119.8586563;0.1;-0.2179;0.8577;0.897
119.8595064;-0.1211;-0.1277;1.0281;1.052
119.8647358;0.0083;0.0484;1.1959;1.205
119.874674;0.2701;0.0899;1.515;1.549
119.8864903;0.2679;-0.0387;1.0215;1.063
119.8944838;0.2824;-0.1871;0.3804;0.512
119.9044851;0.3134;0.0079;0.7024;0.774
119.914674;0.2527;-0.0612;1.245;1.279
119.9294309;0.2886;0.1835;1.3695;1.419
119.9532815;0.2047;-0.0395;0.8471;0.879
119.9553049;0.0977;-0.2536;0.5915;0.657
119.9561889;0.2758;-0.1158;0.7962;0.856
119.9648716;0.3726;-0.1093;0.7789;0.875
119.9746471;0.0811;0.1419;1.2734;1.292
119.9843785;0.039;0.0773;1.5325;1.543
119.9945127;0.371;-0.0897;1.0456;1.119
120.0049663;0.0189;-0.1846;0.5841;0.62
120.0150136;0.0308;-0.2127;0.5726;0.619
120.0285112;0.3555;-0.1174;1.279;1.339
120.0568191;0.3023;0.1639;1.5972;1.641
120.058441;-0.0166;-0.0037;0.9262;0.935
120.0593361;0.0739;-0.0886;0.73;0.746
120.0648087;0.418;-0.2489;0.693;0.85
120.0746715;0.2569;-0.1306;0.9102;0.961
120.0866195;0.3231;0.0561;1.1032;1.157
120.0944709;0.5631;0.1489;0.9569;1.125
120.1046543;0.3301;0.0803;0.8973;0.965
120.1153834;0.1737;-0.2424;0.5748;0.653
120.1293905;0.208;-0.23;0.7148;0.785
120.1509808;0.2068;0.0134;1.2908;1.315
120.1524183;0.1594;0.1244;1.6866;1.706
120.1544608;-0.0276;-0.13;1.235;1.25
120.1644128;0.1636;-0.0778;0.8584;0.884
120.1744591;0.3065;-0.251;0.5833;0.709
120.184487;0.3577;-0.1956;1.3679;1.434
120.1944892;0.3283;0.1064;1.4305;1.478
120.2048381;-0.1986;-0.2239;1.0269;1.078
120.2247597;0.0292;-0.1776;0.6859;0.717
120.2263091;0.503;-0.1198;0.6387;0.824
120.2501193;0.1626;0.0948;1.4536;1.473
120.2515471;0.3668;-0.033;1.3722;1.427
120.2544823;0.8123;-0.0205;0.5839;1.001
120.2644376;0.3905;-0.202;0.2678;0.514
120.2743841;0.189;-0.1049;0.9819;1.012
120.2856019;0.3955;0.274;1.7842;1.855
120.2945065;0.4791;-0.2342;0.9807;1.121
120.3045161;0.3794;-0.2487;0.7396;0.872
120.3258695;0.256;0.021;0.8151;0.861
120.3273188;0.4303;0.0989;1.2515;1.333
120.350243;0.5709;0.0153;1.3458;1.467
120.3517498;0.4184;0.025;0.8796;0.979
120.3553166;0.0988;-0.2116;0.336;0.414
120.3696323;0.2608;-0.1902;0.6357;0.718
120.3745547;0.3202;-0.2248;1.252;1.318
120.3848801;0.0039;0.0925;1.4871;1.498
120.3946102;-0.0188;0.0006;1.0232;1.032
120.4047943;0.1997;-0.025;0.6657;0.702
120.4248283;0.4274;-0.2367;0.6221;0.794
120.4262308;0.557;-0.092;0.9408;1.101
120.4478914;0.0502;0.1421;1.4208;1.437
120.4494981;0.2425;0.0029;1.3538;1.382
120.4546654;0.5796;-0.16;0.79;0.996
120.4664997;0.4139;-0.2406;0.7106;0.86
120.4744791;0.4576;-0.1152;0.887;1.009
120.4844588;0.5926;0.1831;1.2183;1.372
120.4945052;0.3495;0.1222;0.9113;0.989
120.5046538;0.267;-0.1257;0.7688;0.829
120.5241647;0.2714;-0.2057;0.6043;0.698
120.5257098;0.0439;-0.0458;0.7107;0.721
120.5449476;0.0831;-0.0001;1.5034;1.514
120.5463595;0.4455;0.0481;1.4865;1.559
120.5544703;0.3358;-0.0149;0.3974;0.523
120.5662796;0.5057;-0.152;0.2273;0.573
120.5759478;0.692;-0.1728;0.9612;1.2
120.5847608;0.402;0.1375;1.1036;1.188
120.5943261;0.388;0.1698;0.9849;1.078
120.6042812;0.3987;-0.0785;0.8511;0.948
120.6234705;0.2229;-0.291;0.7274;0.82
120.6253475;0.2073;-0.1382;0.9768;1.015
120.6432441;0.2916;0.0909;1.3294;1.371
120.6453005;0.3222;0.0567;1.0575;1.113
120.6544795;0.1953;-0.1036;0.6009;0.646
120.6665538;0.2908;-0.1934;0.6058;0.704
120.6745174;0.3166;-0.2521;1.1771;1.251
120.6846909;0.1892;0.0611;1.4505;1.472
120.6944713;0.1463;0.1062;1.0506;1.074
120.7045308;0.2604;-0.2083;0.7568;0.832
120.7222402;0.5297;-0.2246;0.8791;1.054
120.7243794;0.4131;-0.0744;0.8308;0.935
120.742809;0.2844;0.2465;1.0641;1.135
120.7444056;0.4181;-0.0261;1.1245;1.206
120.7548518;0.4363;-0.242;0.6037;0.786
120.7661108;0.206;-0.2102;0.5704;0.647
120.7743164;0.2472;0.0539;1.113;1.148
120.7848962;0.3297;0.049;1.1689;1.222
120.7945333;0.504;-0.0057;0.7447;0.903
120.8046619;0.4069;-0.3468;0.5385;0.761
120.8232958;0.2653;-0.0954;1.1738;1.214
120.8253973;0.3558;0.1218;1.2961;1.356
120.8434298;0.455;0.0926;1.0441;1.148
120.8458615;0.3428;-0.311;0.7712;0.904
120.8555121;0.5342;-0.2527;0.9458;1.119
120.865956;0.2419;0.1527;1.2177;1.258
120.8744361;-0.0738;0.0944;1.1936;1.208
120.8848627;0.329;-0.2139;1.0018;1.082
120.894734;0.6231;-0.2584;0.8803;1.112
120.9047166;0.197;0.0315;0.7675;0.8
120.9269094;-0.0001;0.0925;1.368;1.38
120.9284025;0.594;-0.1118;1.236;1.381
120.9544954;0.8228;-0.2003;0.7259;1.116
120.9559976;0.3117;-0.0658;0.7122;0.785
120.9571509;0.1939;0.0552;0.989;1.016
120.9666329;0.525;0.1182;1.3071;1.419
120.9747941;0.2193;-0.3629;0.637;0.77
120.9854373;0.4726;0.1518;1.4865;1.573
120.9945647;0.2952;-0.0158;1.386;1.424
121.004461;0.2;-0.1885;0.8231;0.874
121.024329;0.5203;-0.1902;0.6043;0.822
121.0261317;0.4702;-0.0054;0.8274;0.956
121.0466709;0.1768;0.2111;1.2769;1.314
121.0482256;0.5392;-0.242;1.1738;1.319
121.0544016;0.3744;-0.2562;0.7286;0.862
121.0661539;-0.1827;0.0346;0.8446;0.874
121.074642;0.3189;0.0165;1.5365;1.576
121.0849338;0.6707;-0.0963;1.2548;1.43
121.0946198;0.3773;-0.1614;0.416;0.586
121.1050097;0.397;-0.1465;0.5749;0.717
121.1281026;0.5156;0.2348;1.4664;1.578
121.1300073;0.3611;-0.1379;1.1164;1.187
121.1350307;0.2832;-0.345;0.4837;0.661
121.1448216;0.2913;0.0878;1.0986;1.147
121.1569042;0.2814;-0.0478;1.4476;1.482
121.1697758;0.4741;-0.0366;0.7558;0.897
121.1749426;0.5276;-0.1526;0.3371;0.644
121.1849366;0.3782;-0.1101;0.9101;0.997
121.1946759;0.2796;0.0906;1.324;1.363
121.2049007;0.5752;-0.0717;0.7421;0.944
121.2253076;0.3498;-0.2808;0.6263;0.774
121.2269541;0.0542;-0.0815;1.1457;1.158
121.2513684;0.3828;0.192;1.3163;1.391
121.2532224;0.343;-0.1947;0.613;0.733
121.2552722;0.4099;-0.2265;0.6471;0.802
121.2661925;0.5901;0.0628;1.5325;1.649
121.2765566;0.1841;0.0676;1.1307;1.155
121.294407;0.4208;-0.2493;0.8009;0.942
121.304412;0.5602;0.2409;1.5204;1.644
121.3232335;0.2013;-0.0159;0.8661;0.896
121.3254566;0.3676;-0.195;0.3832;0.567
121.3475218;0.5757;-0.1616;0.8109;1.011
121.3491681;0.3569;0.1397;1.1375;1.207
121.3543524;0.4068;-0.0061;0.7859;0.89
121.36471;0.557;-0.2327;0.3737;0.709
121.3744636;0.2586;-0.09;0.9877;1.031
121.3844832;0.1796;0.1732;1.3864;1.416
121.3946165;0.4724;-0.1956;0.6829;0.856
121.4042445;0.4317;-0.2731;0.8363;0.984
121.4225137;0.0735;0.0964;1.439;1.452
121.4248693;0.4008;-0.0352;1.1476;1.222
121.4423602;0.5229;-0.1992;0.5721;0.802
121.4453907;0.1273;-0.0104;0.6604;0.68
121.4546777;0.1342;-0.0302;1.2003;1.216
121.464415;0.5146;-0.0498;1.2049;1.316
121.4744524;0.2872;-0.1921;0.5414;0.646
121.484507;-0.0101;-0.1601;0.95;0.971
121.4946406;0.2118;0.0661;1.8043;1.825
121.5048393;0.7125;-0.2405;0.7646;1.074
121.5305702;0.6597;-0.1438;0.4096;0.789
121.5324587;0.2028;0.3246;0.8477;0.937
121.5347172;0.6251;-0.1202;0.8261;1.046
121.5448473;0.8311;-0.3909;0.999;1.359
121.554851;-0.0285;0.1532;1.2074;1.226
121.5645323;-0.1025;0.0021;0.7311;0.747
121.5745588;0.4159;-0.324;0.8616;1.014
121.5844068;0.3693;-0.1333;1.5424;1.598
121.5944749;0.2216;0.0871;0.9256;0.963
121.6051223;0.4848;0.0676;0.3231;0.586
121.6231538;0.3629;-0.3305;1.2238;1.324
121.6254095;0.2971;-0.0977;1.8562;1.889
121.6467224;0.3065;0.1437;0.8603;0.93
121.6482643;0.192;-0.1604;0.1921;0.316
121.6543521;0.1761;-0.2156;1.3765;1.411
121.6645716;0.5702;0.0755;1.5339;1.644
121.6745259;0.6839;0.0906;0.1686;0.707
121.6845642;0.2168;-0.3;0.1308;0.391
121.6983036;0.3287;0.084;1.6262;1.668
121.7050208;0.7848;-0.0575;1.1731;1.416
121.7143592;0.3387;-0.2005;0.3361;0.519
121.7246772;0.1189;0.0523;1.1786;1.193
121.7345068;0.3988;-0.0402;1.2057;1.277
121.7442061;0.4586;-0.1912;0.6255;0.801
121.7583653;0.3773;-0.0807;1.3715;1.431
121.7822676;0.1459;-0.2063;0.7631;0.81
121.7838246;0.1132;-0.1637;0.8324;0.863
121.7850743;0.2235;0.0351;1.3105;1.337
121.7946924;0.4604;-0.0167;0.9179;1.032
121.8048654;0.3723;-0.2267;0.475;0.647
121.8223877;0.2981;0.1009;1.0474;1.1
121.8248645;0.5002;0.0042;0.9627;1.09
121.8512153;0.46;-0.2045;0.577;0.768
121.8528668;0.2994;-0.0324;1.2571;1.299
121.8548778;0.2531;0.1065;1.111;1.151
121.8644388;0.1885;-0.2454;0.4768;0.573
121.8748191;0.418;-0.0512;1.2503;1.325
121.8849026;0.4947;0.054;1.2435;1.345
121.8946796;0.2294;-0.1542;0.3355;0.437
121.9047406;0.3216;-0.0812;0.8049;0.876
121.9298015;0.3117;0.075;1.4185;1.461
121.931463;0.254;-0.1739;0.5395;0.625
121.9345029;0.456;-0.1461;0.698;0.85
121.9445485;0.3616;0.1782;1.4021;1.466
121.9586402;0.3871;-0.2293;0.5227;0.692
121.9692726;0.4926;-0.0936;0.6753;0.844
121.9745873;0.336;0.0833;1.3161;1.368
121.9849108;0.2989;-0.0916;0.7833;0.849
121.9946209;0.1857;-0.2303;0.639;0.71
122.0043358;0.2718;0.1612;1.4722;1.513
122.0211516;0.2779;-0.1661;0.8622;0.927
122.0243418;0.3717;-0.2365;0.6563;0.794
122.0416105;0.457;0.1809;1.328;1.422
122.0444919;0.3133;-0.1019;0.6035;0.692
122.0544279;0.4371;-0.2041;0.567;0.747
122.0643386;0.2948;0.1374;1.4468;1.49
122.0745706;0.1068;-0.1483;0.8019;0.829
122.0844775;0.4616;-0.1985;0.5737;0.765
122.0970844;0.3296;0.1163;1.494;1.541
122.1046794;0.1096;-0.1308;0.9383;0.961
122.1168887;0.3771;-0.1792;0.6222;0.753
122.1248567;0.2968;0.117;1.4995;1.54
122.1347761;0.2277;-0.1367;0.9099;0.954
122.1622878;0.4168;-0.1893;0.601;0.758
122.1640019;0.2943;0.1041;1.4394;1.48
122.1666408;0.2601;-0.1009;0.6543;0.717
122.1745503;0.492;-0.1782;0.6804;0.861
122.1857067;0.4683;0.1367;1.7089;1.784
122.1974363;0.2152;-0.2079;0.7424;0.806
122.2048591;0.3257;-0.1291;0.6831;0.772
122.2164403;0.5404;0.1292;1.5243;1.628
122.224484;0.3836;-0.1947;0.7427;0.862
122.234851;0.2937;-0.1956;0.7887;0.869
122.2578872;0.5035;0.1419;1.4055;1.506
122.259349;0.1727;-0.1241;0.5439;0.59
122.281646;0.1134;-0.1245;0.964;0.986
122.2833029;0.5431;-0.0099;1.6637;1.756
122.2853326;0.3855;-0.2044;0.641;0.779
122.2960924;0.3261;0.0457;1.0926;1.147
122.3043268;0.3965;-0.0744;1.1692;1.243
122.3144352;0.4455;-0.2835;0.7216;0.897
122.3254163;0.4908;0.1868;1.2829;1.392
122.3351631;0.2604;-0.0585;0.7104;0.764
122.3534718;0.3484;-0.2372;0.4917;0.65
122.3554149;0.3794;0.1076;1.5023;1.56
122.376986;0.209;-0.145;0.7557;0.803
122.3786274;0.3641;-0.206;0.7132;0.831
122.3847469;0.3462;0.1224;1.5829;1.632
122.39531;0.1273;-0.1522;0.6365;0.673
122.4044724;0.3288;-0.1661;1.0783;1.145
122.4143358;0.5144;0.1268;1.4477;1.547
122.424471;0.35;-0.1029;0.4256;0.563
122.4345988;0.182;-0.0704;0.9509;0.978
122.4518446;0.2136;0.0079;1.3425;1.367
122.4545835;0.1741;-0.2549;0.7437;0.811
122.4645333;0.171;0.1579;1.2657;1.294
122.4745959;0.4142;-0.1019;0.6659;0.794
122.4847205;0.4391;-0.1449;0.6272;0.782
122.4946896;0.2466;0.2069;1.3624;1.407
122.5055697;0.6361;-0.2535;0.8899;1.126
122.5259782;0.3621;0.0413;0.8899;0.967
122.5276654;0.4918;-0.1935;0.6707;0.857
122.5348542;0.2818;-0.0853;0.9183;0.97
122.5532015;0.2861;0.1533;0.8979;0.961
122.555279;0.4448;-0.1382;0.743;0.881
122.5670145;0.1601;-0.0388;1.583;1.599
122.5754707;0.0778;-0.1147;0.8066;0.826
122.5847859;0.1373;-0.0622;1.1222;1.14
122.5963606;0.3308;0.0892;1.6588;1.701
122.6045329;0.4398;-0.3654;0.3786;0.686
122.6143125;0.4434;0.3089;0.9947;1.137
122.6243376;0.4163;-0.0632;0.8698;0.971
122.6366571;0.445;-0.2845;0.5298;0.75
122.6592606;0.2639;0.2444;1.4726;1.523
122.661538;0.1428;-0.0705;0.7209;0.745
122.6647247;0.3352;-0.23;0.7851;0.889
122.6745342;0.6235;0.2001;1.3783;1.531
122.6845594;0.3596;-0.1213;0.3886;0.545
122.6962968;0.3044;-0.0439;1.2063;1.251
122.7044473;0.4487;0.0513;1.3726;1.451
122.7146756;0.1102;-0.2435;0.5986;0.662
122.7244719;0.0899;0.1939;1.3134;1.339
122.7372435;0.3318;-0.1471;0.7391;0.828
122.7596109;0.211;-0.188;0.6447;0.709
122.7643523;0.1251;0.226;1.3771;1.409
122.765528;0.3401;-0.253;0.8804;0.982
122.774411;0.123;-0.028;1.3772;1.391
122.7844856;0.0114;-0.0092;0.8874;0.896
122.7981095;0.4914;-0.0616;0.9211;1.05
122.8044411;0.3095;0.1459;1.5999;1.643
122.8145258;0.3147;-0.2568;0.7129;0.825
122.8248982;0.3561;0.104;1.3242;1.382
122.8362963;-0.0246;0.0308;1.0451;1.054
122.8629545;0.265;-0.2145;0.7128;0.795
122.8659213;0.3792;0.1195;1.2879;1.354
122.8668253;0.5447;-0.0354;0.7061;0.895
122.8744673;0.5421;0.0456;1.1217;1.252
122.8850306;0.1239;-0.0679;0.7651;0.785
122.8963762;0.388;-0.0419;0.8384;0.93
122.9044114;0.5266;0.2145;1.5553;1.662
122.9144459;0.3334;-0.1192;0.7057;0.794
122.924389;0.3547;-0.1182;1.0559;1.126
122.936283;0.4198;0.2085;1.3906;1.474
122.9588138;0.2311;-0.2227;0.7834;0.852
122.9603072;0.1641;0.1118;1.3509;1.373
122.9647145;0.2447;-0.1697;0.9616;1.013
122.9744861;0.1535;0.0192;1.7716;1.786
122.9845049;0.1654;-0.0735;1.415;1.434
122.9973032;0.4248;-0.0928;0.5344;0.692
123.0042369;0.1698;0.2138;1.2088;1.247
123.0147101;0.6629;-0.1455;1.0459;1.25
123.0243828;0.5661;-0.0209;1.3895;1.506
123.035311;-0.0021;0.1213;0.9288;0.945
123.0571639;0.4934;-0.1775;0.8555;1.007
123.0586678;0.5381;0.1871;1.1757;1.312
123.0694084;0.4288;-0.0004;-0.0762;0.428
123.0747889;0.5483;0.1109;1.1752;1.307
123.0844481;0.3805;-0.0585;1.6975;1.747
123.0951692;0.1158;-0.2106;0.8783;0.917
123.1047731;-0.1308;0.177;1.1462;1.176
123.114473;0.0956;-0.3005;0.83;0.894
123.124545;0.6334;0.0437;1.4438;1.582
123.1355597;0.5686;0.0919;0.3801;0.69
123.1586976;0.0676;0.0254;0.5282;0.541
123.1633062;-0.0607;-0.1642;1.4015;1.421
123.1645396;0.502;-0.0869;1.0001;1.127
123.1742668;0.2852;0.1671;0.7495;0.825
123.1848221;0.2235;0.0034;0.2694;0.353
123.196781;0.4242;0.0066;1.3426;1.414
123.2042933;0.3927;-0.0006;1.392;1.453
123.214704;0.7005;-0.1091;0.8127;1.081
123.2247341;0.0398;0.1342;0.803;0.823
123.2348584;-0.4418;-0.1046;-0.0315;0.46
123.2555143;0.6071;-0.0296;1.2323;1.379
123.2571093;0.7848;0.0513;1.1116;1.365
123.2669677;-0.2011;-0.1258;0.3249;0.411
123.2743575;-0.2476;0.1263;0.9947;1.042
123.2844471;0.2595;-0.2425;1.0572;1.121
123.2971353;0.4037;0.0379;1.2863;1.355
123.3045011;0.7184;0.1834;0.5379;0.917
123.3145453;0.5983;0.1033;1.1317;1.289
123.3243179;-0.1652;-0.1176;0.8562;0.889
123.3369892;0.0127;-0.1231;1.3837;1.397
123.360358;-0.0148;-0.3618;1.0205;1.09
123.3623633;-0.219;-0.0752;1.2836;1.313
123.364784;0.3546;0.1435;0.6921;0.796
123.374238;0.4481;-0.1535;0.92;1.039
123.384427;0.5551;0.0715;1.1892;1.319
123.3949084;0.816;0.0701;0.4324;0.925
123.4043853;0.2373;0.2564;1.0099;1.076
123.4144187;-0.177;-0.2565;1.0388;1.093
123.425229;0.2411;-0.0235;1.7851;1.809
123.435657;0.1926;0.0269;1.0901;1.115
123.4611821;0.1064;-0.0945;0.8565;0.875
123.462851;0.3626;0.0969;1.2739;1.334
123.4648107;0.4654;-0.1747;0.8257;0.968
123.4746495;0.455;0.1965;1.2827;1.381
123.4847519;0.4063;0.0128;0.7001;0.814
123.4968596;-0.029;0.0114;1.3387;1.347
123.5046698;0.3164;-0.0517;1.4073;1.45
123.5144598;0.4586;-0.0887;1.3627;1.446
123.5250702;0.2058;0.1546;0.9988;1.038
123.5354992;0.2488;-0.1529;0.576;0.651
123.5637094;0.595;0.139;1.2669;1.412
123.5659072;0.647;0.0068;0.5171;0.829
123.5668007;0.0866;0.0525;1.0172;1.03
123.5744743;0.1638;0.0264;1.4358;1.453
123.5847921;-0.0475;-0.2768;1.3728;1.409
123.5963081;0.0866;0.0912;1.2207;1.235
123.6050166;0.4042;-0.109;0.7004;0.82
123.6145686;0.3588;0.1748;1.0435;1.123
123.6249222;0.5466;-0.0309;0.6511;0.853
123.6393795;0.2756;-0.0104;1.2509;1.288
123.6663269;-0.0619;0.0597;1.1813;1.193
123.6680301;-0.0834;-0.1695;1.2428;1.265
123.6692471;0.2206;-0.0375;1.3412;1.367
123.6745561;0.545;-0.0789;0.8621;1.027
123.6848835;0.2932;0.1998;0.7469;0.833
123.694824;0.4752;0.0133;0.5908;0.761
123.7044184;0.4283;-0.0264;1.4787;1.546
123.714874;0.1714;-0.0803;0.8112;0.84
123.7245678;0.0966;0.1142;1.002;1.021
123.7393198;0.154;-0.0727;0.7253;0.752
123.7612218;0.3746;-0.1697;1.089;1.17
123.7642915;0.3544;-0.0193;0.41;0.545
123.7744929;-0.1791;-0.05;1.2519;1.275
123.7845053;0.3718;-0.145;0.9891;1.072
123.7944119;0.4344;0.0735;1.2763;1.356
123.8042896;0.1792;0.0198;0.9205;0.945
123.8145398;0.2935;-0.1446;1.2806;1.328
123.8356363;0.1125;0.0224;1.1675;1.181
123.8374677;0.1766;-0.0873;0.8714;0.9
123.8627373;0.4818;0.2185;1.5784;1.671
123.8644734;0.2163;-0.2496;0.5992;0.689
123.8655938;0.0252;0.0828;1.0502;1.062
123.8779503;0.6088;-0.0612;1.0526;1.222
123.8842911;0.4264;-0.0778;1.267;1.345
123.894972;0.1275;0.0476;0.9406;0.958
123.9045634;0.4667;-0.0663;0.6631;0.817
123.914854;0.2505;0.0114;1.4871;1.515
123.9379403;0.4493;-0.1323;0.8075;0.938
123.9395827;0.4499;0.1109;0.9406;1.054
123.9694576;-0.0652;-0.1528;0.6577;0.687
123.9709401;-0.0501;-0.1655;1.5044;1.523
123.9720928;0.4693;0.0502;1.5243;1.602
123.9746545;0.1312;-0.2221;0.714;0.766
123.9844958;-0.09;-0.0266;1.1168;1.129
123.9967018;0.6017;-0.1196;1.0649;1.233
124.0044651;0.4356;0.108;1.1426;1.233
124.014492;0.3375;-0.1002;0.5666;0.671
124.0250923;0.4481;-0.0048;1.085;1.179
124.0365636;-0.023;0.0121;0.923;0.932
124.0595015;0.2069;-0.1107;0.7458;0.788
124.0610708;0.4019;0.0767;1.2524;1.324
124.0644903;0.3276;-0.2756;0.8985;1.0
124.0745543;0.2647;0.0454;1.3657;1.399
124.0849147;0.3225;0.0011;0.3994;0.516
124.095927;0.1463;-0.0606;0.6149;0.641
124.1045161;0.2482;-0.004;1.0286;1.065
124.1144175;0.5404;-0.0735;1.2088;1.331
124.1245263;0.1076;-0.0128;0.5339;0.552
124.1364053;0.226;0.0176;1.3445;1.371
124.1617532;0.396;0.0448;1.0293;1.109
124.1704939;0.2062;-0.1355;0.912;0.951
124.1754517;0.0503;-0.1959;0.8373;0.869
124.1843991;-0.1838;0.1103;1.1673;1.196
124.1946994;0.2598;-0.241;0.6415;0.738
124.2044605;0.3558;0.018;1.4709;1.52
124.2142383;-0.1896;-0.0479;0.8324;0.864
124.232375;0.1266;-0.1914;0.8789;0.915
124.2344372;0.4175;0.1269;1.5;1.569
124.2501173;0.2802;-0.1748;0.4111;0.53
124.2546035;0.3356;0.0258;0.8737;0.942
124.2650122;0.3536;0.0887;0.9712;1.043
124.2759503;0.104;-0.273;1.018;1.066
124.2844721;0.2797;0.0202;1.0732;1.116
124.2944098;0.4781;0.0564;0.435;0.65
124.3044241;-0.1496;-0.0153;1.1836;1.202
124.3146337;0.2183;-0.1393;1.1478;1.183
124.3319721;0.8212;-0.1167;0.7424;1.114
124.3351517;-0.3192;0.1994;1.364;1.425
124.356888;-0.3886;-0.3729;0.7046;0.895
124.3616786;0.3299;-0.0219;1.6081;1.649
124.3644609;0.1048;-0.0031;1.0419;1.055
124.3783629;-0.1302;-0.1267;0.9378;0.964
124.3847425;0.1096;0.0253;1.6889;1.701
124.3958039;0.2966;-0.3174;1.2797;1.358
124.4042724;0.4437;0.1369;1.2746;1.363
124.4146809;0.3672;0.0999;0.4725;0.61
124.4323392;0.0937;-0.0514;1.2779;1.29
124.434479;0.6389;-0.0806;1.2668;1.426
124.4519507;0.5885;0.0291;1.0164;1.179
124.4548807;-0.4799;0.0265;1.3056;1.401
124.4647651;-0.111;-0.4041;0.9102;1.01
124.4780613;0.5518;0.1724;1.5205;1.633
124.4845526;0.5461;0.0092;0.401;0.678
124.4953518;0.231;0.0243;0.8381;0.876
124.5047952;0.0756;0.0602;1.5556;1.567
124.5154569;0.1465;-0.2606;0.8676;0.924
124.5350023;0.0425;0.0397;1.4042;1.414
124.5364716;0.1531;-0.0638;1.0415;1.062
124.5562879;-0.0599;-0.1195;1.0937;1.11
124.5609689;0.2296;-0.0529;0.6856;0.731
124.5644955;0.5536;-0.0432;0.9938;1.143
124.5763578;-0.1444;0.1152;1.6772;1.696
124.5845696;-0.1069;-0.3447;0.528;0.647
124.5950016;0.4044;0.1782;1.3193;1.398
124.604328;0.1154;-0.0622;0.9323;0.949
124.6146814;0.0283;-0.1;0.9224;0.936
124.6401119;0.4534;0.1141;1.386;1.469
124.6419563;0.1473;-0.2395;0.6588;0.722
124.6445632;-0.1079;0.1215;1.2001;1.22
124.6545486;0.4134;0.0192;0.7106;0.827
124.6647551;0.3689;-0.0956;1.0242;1.098
124.6777538;0.2939;0.0641;0.936;0.989
124.6844724;0.3883;0.0377;0.464;0.609
124.6944449;-0.057;0.1377;1.348;1.365
124.7044763;0.0993;-0.3172;0.9498;1.013
124.7146904;0.3368;-0.0073;1.3392;1.387
124.732407;-0.047;0.1382;0.9836;1.003
124.7348418;-0.1787;-0.3128;0.5394;0.656
124.7523497;0.3385;0.0669;1.7136;1.755
124.7544678;0.355;-0.0961;0.6582;0.758
124.7642488;-0.088;0.0172;0.778;0.792
124.774923;0.1748;0.063;1.1035;1.126
124.7844759;0.214;-0.3384;0.8571;0.952
124.7950242;0.0998;0.2173;1.6;1.626
124.8050118;0.4162;-0.1018;0.6935;0.819
124.8147069;0.1969;0.0068;1.0457;1.071
124.8335389;0.2299;0.0015;1.2981;1.325
124.8352642;0.2907;-0.1853;0.7289;0.811
124.858893;-0.1338;0.1598;1.3601;1.385
124.8602931;-0.0809;-0.318;1.023;1.082
124.8648418;0.2096;-0.1738;1.4165;1.45
124.8758825;-0.2513;0.1936;1.1523;1.205
124.8848585;-0.0886;-0.2734;0.4856;0.572
124.8952706;0.6672;0.0359;1.7202;1.851
124.9049675;0.1969;0.0762;0.6414;0.682
124.9148902;0.176;0.0621;1.1661;1.188
124.9361444;0.2145;-0.3616;0.7789;0.89
124.9380136;0.397;0.3356;1.765;1.847
124.9619851;0.3939;-0.1224;1.1406;1.219
124.9635123;-0.3282;-0.2662;1.0976;1.185
124.9652852;-0.2298;-0.015;1.4476;1.475
124.9759236;0.4597;-0.0991;0.7055;0.851
124.9854734;0.2671;-0.0002;1.3071;1.341
124.9945425;0.0342;-0.0888;0.8783;0.891
125.004567;0.1716;-0.0784;0.8329;0.861
125.0150041;0.2504;0.1441;1.6933;1.725
125.0353094;0.2452;-0.2422;0.6289;0.722
125.0372358;0.3218;0.0507;1.0805;1.135
125.0590031;0.2907;0.1871;1.2174;1.272
125.0604688;0.3305;-0.3595;0.8406;0.977
125.0648814;0.4291;0.2113;1.8477;1.915
125.0751889;0.1733;-0.0579;0.7431;0.772
125.0848301;-0.1957;-0.2139;0.9158;0.969
125.0946353;-0.1108;0.0732;1.8267;1.84
125.1049254;0.2216;-0.3196;0.8263;0.919
125.1146748;0.2386;0.0007;1.1423;1.174
125.1342584;-0.1478;0.1375;0.8763;0.908
125.1597352;0.637;0.1805;1.3831;1.539
125.1614385;0.3064;0.0737;0.9175;0.976
125.1648276;0.3468;-0.1184;0.6974;0.792
125.1777489;-0.0395;0.0366;1.3097;1.319
125.1848346;0.0388;-0.2067;0.9215;0.953
125.1947729;0.3348;-0.016;1.4632;1.508
125.2048729;0.2316;0.0899;1.1104;1.145
125.2146554;-0.0988;-0.2963;0.4857;0.585
125.2364483;-0.1483;0.0909;1.6789;1.697
125.2386719;0.2312;-0.1534;1.2801;1.317
125.2655753;0.1556;-0.1735;0.7245;0.767
125.2670526;-0.0401;0.1502;1.2797;1.298
125.2679449;0.4632;-0.1258;0.7743;0.915
125.2747386;0.5411;-0.1239;0.9684;1.12
125.2847829;0.2758;0.2158;0.9938;1.06
125.2946788;0.2421;-0.1152;0.4789;0.553
125.3044511;0.2127;0.0331;1.6224;1.644
125.3147065;0.3029;-0.1801;1.1755;1.233
125.3328149;0.2066;-0.1073;0.8009;0.84
125.3348595;0.1686;0.2231;1.403;1.438
125.3584444;0.3851;-0.3039;0.6177;0.792
125.3598563;0.3924;-0.0425;0.9637;1.047
125.3649746;0.1314;0.2409;1.2422;1.28
125.3745211;-0.0537;-0.2981;0.6315;0.708
125.3844067;0.1126;-0.116;1.6274;1.643
125.3942655;0.4192;0.1064;1.2442;1.323
125.4042583;0.0311;-0.1643;0.4603;0.497
125.4145828;0.2193;0.0237;1.3362;1.361
125.4325266;0.6907;-0.0118;0.8623;1.108
125.4343966;0.3316;-0.0798;0.7132;0.795
125.456372;0.0546;0.1511;1.3793;1.397
125.4581186;0.1893;-0.2818;0.7699;0.847
125.4642701;0.06;-0.0425;1.3324;1.342
125.4756244;-0.0305;0.0981;1.6977;1.709
125.484435;0.4163;-0.2722;0.775;0.925
125.4948394;0.2231;-0.06;1.184;1.213
125.5044969;-0.1088;0.2224;0.9343;0.976
125.5143821;0.6298;-0.2132;0.1837;0.686
125.5328076;0.6072;0.0671;1.2803;1.424
125.5348405;-0.0766;0.0809;1.052;1.067
125.5556761;0.2775;-0.1838;0.613;0.702
125.5574416;0.2507;0.0974;1.1895;1.226
125.5643913;0.0828;-0.1036;0.7519;0.771
125.5752995;0.6533;-0.042;0.8802;1.1
125.5843083;0.6779;0.1643;0.8455;1.099
125.5948731;0.2553;-0.075;0.1168;0.288
125.6093536;-0.002;0.0178;1.575;1.583
125.6145019;0.1935;-0.1246;1.3004;1.328
125.6248543;0.0963;-0.2271;0.3437;0.428
125.6346124;-0.1757;0.267;1.1798;1.232
125.6445666;0.2292;-0.1702;0.8737;0.925
125.6633611;0.4303;-0.2641;0.7914;0.943
125.6658607;0.1308;0.3126;1.0027;1.066
125.6863641;0.2533;-0.157;0.548;0.628
125.6894013;0.1941;-0.0803;1.0943;1.121
125.6946703;0.1444;0.061;0.9174;0.938
125.7090302;0.2785;0.0952;1.1593;1.203
125.7150418;0.2764;-0.2563;0.5722;0.689
125.7249345;0.2634;0.1673;1.5188;1.558
125.7349863;0.3916;-0.0288;0.8257;0.919
125.747718;0.1776;-0.1886;0.1821;0.317
125.7696287;0.2206;0.2263;1.1076;1.159
125.774947;0.2067;-0.2657;0.4928;0.601
125.7845548;-0.1399;0.0988;1.3111;1.331
125.7949236;0.1494;-0.1171;0.9963;1.021
125.8064029;0.1383;-0.1617;0.8421;0.875
125.8144471;0.1631;0.1158;1.4074;1.429
125.824739;0.384;-0.1146;0.6376;0.757
125.8344628;0.2265;-0.0522;0.733;0.775
125.8498479;0.1417;0.1628;1.1653;1.193
125.8712611;0.3266;-0.3362;0.834;0.961
125.8728686;0.1743;0.1016;1.6913;1.711
125.8744164;0.0017;0.0015;1.1003;1.109
125.8845419;0.2617;-0.3522;0.7686;0.89
125.8947502;0.4278;0.2309;1.6426;1.72
125.9059996;0.4977;-0.0784;0.7084;0.873
125.9143769;0.4766;-0.2154;0.8647;1.014
125.9244338;0.2493;0.122;1.409;1.443
125.9348019;0.1975;-0.1609;0.5854;0.644
125.9509282;0.2519;-0.0886;1.4082;1.44
125.9742994;0.3435;0.1081;1.4843;1.534
125.9759532;0.3413;-0.2117;0.2315;0.463
125.9770869;0.3;0.1168;1.3437;1.389
125.9848911;0.5593;-0.091;1.3876;1.504
125.9945749;0.4874;-0.2868;0.5962;0.824
126.0066559;0.0701;0.2878;1.6187;1.654
126.0142379;0.3163;-0.2825;0.9228;1.021
126.0254997;0.3878;-0.2094;0.9646;1.066
126.0350463;0.0249;0.3235;1.3231;1.371
126.0448059;0.3702;-0.2463;0.5049;0.675
126.0687265;0.2595;-0.208;0.9792;1.04
126.0707307;0.1099;0.2383;1.2761;1.311
126.0748158;0.3589;-0.3187;0.5457;0.729
126.0849058;0.3324;0.0182;1.3117;1.36
126.0945169;0.251;0.0321;0.9155;0.956
126.1063243;0.5464;-0.1077;0.383;0.676
126.1146662;0.3028;0.0258;1.145;1.191
126.1259674;0.0871;-0.0972;0.7826;0.801
126.1351346;0.2245;-0.1362;0.8722;0.917
126.1450615;0.134;0.141;1.4964;1.517
126.1689478;0.0285;-0.2406;0.5307;0.59
126.1709535;0.1804;-0.065;0.7855;0.815
126.1747726;0.5031;0.205;1.1665;1.292
126.1851311;0.3843;-0.2849;0.3238;0.578
126.1955052;0.3169;0.0711;1.0876;1.141
126.2087652;0.2221;0.0568;1.0209;1.053
126.2148479;0.0164;-0.2581;0.4419;0.518
126.2251489;0.0986;0.1086;1.3277;1.344
126.2347916;0.4396;-0.06;0.8522;0.965
126.2495315;0.3197;-0.2338;0.812;0.908
126.2710311;0.1267;0.2367;1.3536;1.388
126.2724726;0.2103;-0.2651;0.4171;0.54
126.2745348;0.235;-0.0743;1.2073;1.239
126.2847596;0.1252;0.1604;1.2132;1.238
126.2946041;0.3314;-0.302;0.4199;0.616
126.3081925;0.3507;0.1437;1.5139;1.567
126.3146548;0.1247;-0.1747;0.9255;0.957
126.3249114;0.4352;-0.2285;0.7971;0.94
126.334593;0.4551;0.242;1.2973;1.402
126.3448435;0.2802;-0.2025;0.4569;0.576
126.3652468;0.2582;-0.0778;1.1462;1.184
126.3667139;0.401;0.0767;1.5657;1.625
126.3900485;0.4438;-0.3538;0.6818;0.89
126.3914596;0.0423;0.0724;1.4383;1.449
126.3946048;0.176;-0.0699;0.9564;0.982
126.4055119;0.51;-0.3848;0.8;1.027
126.4146918;0.2378;0.2337;1.7065;1.746
126.4243363;0.2955;-0.2237;0.5668;0.681
126.4345706;0.3685;-0.1195;0.9885;1.067
126.4501562;0.0026;0.0514;1.6896;1.699
126.4705369;0.4405;-0.3463;0.7239;0.919
126.472047;0.4732;0.0715;1.2237;1.32
126.4745324;0.0985;0.0133;1.2409;1.253
126.4844769;0.4727;-0.3761;1.4978;1.621
126.4944623;0.2464;-0.1775;0.5987;0.676
126.5058318;0.1715;-0.0702;1.0778;1.101
126.5143748;0.4084;0.043;1.4084;1.473
126.5249274;0.2409;-0.3015;0.6096;0.726
126.5347074;-0.1435;0.0629;1.3511;1.369
126.5481458;0.3439;-0.0081;1.0111;1.074
126.5716559;0.4969;-0.3301;0.62;0.862
126.5733746;0.2851;0.1705;1.4528;1.497
126.5752208;0.4321;-0.0754;0.5951;0.742
126.5849687;0.2791;-0.226;0.7523;0.839
126.5945368;0.2366;0.1879;1.4671;1.505
126.6065661;0.3776;-0.211;0.5772;0.724
126.6143664;0.1714;-0.0658;1.0235;1.047
126.6250292;0.1655;0.0291;0.9537;0.976
126.6347527;0.4027;-0.2408;0.8421;0.968
126.6448876;0.3661;0.1119;1.3518;1.411
126.6691941;0.2356;-0.1951;0.4272;0.529
126.671281;0.167;-0.0166;0.9701;0.992
126.674435;0.2916;0.0403;1.0722;1.118
126.6844934;0.3687;-0.2614;0.4862;0.666
126.69448;0.3425;-0.0155;1.44;1.487
126.7052173;0.202;0.0236;0.8483;0.879
126.7149773;0.0619;-0.2791;0.2894;0.411
126.7248948;0.2557;0.1494;1.3797;1.418
126.7346293;0.3457;-0.1704;0.781;0.876
126.7477711;0.3147;-0.1312;0.7973;0.872
126.7664269;0.171;0.0893;1.1055;1.13
126.7678052;0.1239;-0.304;0.6428;0.728
126.7746687;0.3505;-0.005;1.2641;1.318
126.7843385;0.4088;0.0559;0.8228;0.925
126.7944693;0.2008;-0.2189;0.4923;0.579
126.8044782;0.147;0.0221;1.3634;1.379
126.8146877;0.3571;-0.1621;0.861;0.951
126.8243712;0.2587;-0.1182;1.0064;1.052
126.8347081;0.1029;0.0292;1.0327;1.046
126.8480138;0.3099;-0.2112;0.6504;0.755
126.8712938;0.2799;0.0428;1.5516;1.584
126.8729038;0.3104;-0.1171;0.8493;0.917
126.8745832;0.3462;-0.1926;0.6461;0.762
126.8849766;0.0178;0.1726;1.3875;1.407
126.8948807;0.3352;-0.3307;0.6272;0.788
126.9047736;0.4048;-0.06;1.263;1.334
126.9145948;0.1726;0.1586;1.2433;1.273
126.9244992;0.1459;-0.3308;0.559;0.671
126.9344524;0.1876;0.0346;1.5106;1.53
126.9457928;0.7073;-0.088;0.8612;1.12
126.9703079;0.4158;-0.1082;0.857;0.963
126.9717513;-0.0117;0.0062;1.0016;1.01
126.9743766;0.5323;-0.3073;0.6581;0.903
126.984964;0.3458;0.1021;1.7058;1.75
126.994537;0.0075;-0.1057;0.9605;0.974
127.0045005;0.3753;-0.3032;0.5638;0.745
127.0146263;0.1856;0.1741;1.7185;1.745
127.0247018;0.2845;-0.294;0.9229;1.015
127.0363629;0.3827;-0.146;0.973;1.061
127.0495744;0.1592;0.1623;1.3125;1.34
127.0743879;0.0906;-0.4068;0.6478;0.776
127.0761814;0.3215;0.089;1.4086;1.454
127.0774493;0.4697;0.032;0.9642;1.078
127.0850806;0.1851;-0.3205;0.6798;0.779
127.0949294;0.215;0.1152;1.4136;1.442
127.1044287;0.5614;-0.0871;0.657;0.871
127.1147806;0.3215;-0.1217;0.9366;1.003
127.1244907;0.2852;0.1248;1.213;1.259
127.1351259;0.5332;-0.2463;0.5918;0.835
127.1459304;0.3331;0.0649;1.4595;1.505
127.1642919;0.2849;-0.1716;0.8659;0.933
127.1657029;0.1522;-0.148;0.8267;0.86
127.1746576;0.0567;0.2201;1.2403;1.269
127.1845377;0.2267;-0.4044;0.6775;0.825
127.1942848;0.2971;0.0215;1.5209;1.557
127.2046804;0.1489;0.0759;1.0583;1.079
127.2144291;0.0276;-0.3826;0.6309;0.744
127.2243019;0.1836;0.0061;1.6899;1.707
127.2358073;0.5138;-0.0171;0.7747;0.933
127.2479245;0.2576;-0.1278;0.7831;0.84
127.2690661;0.4223;-0.1834;0.4959;0.679
127.2705693;0.3467;0.1466;1.2283;1.291
127.2748236;0.358;-0.1498;0.7989;0.893
127.2857602;0.3677;-0.2229;0.8997;1.002
127.2949137;0.1675;0.1407;1.4055;1.43
127.3043418;0.3269;-0.2044;0.7082;0.811
127.3146605;0.4139;-0.0428;1.2691;1.342
127.3247756;0.3365;0.0032;0.7454;0.823
127.3345607;0.2507;-0.1432;0.63;0.698
127.3457394;0.277;0.0228;1.478;1.511
127.368763;0.251;-0.2039;0.7264;0.8
127.3702316;0.0011;-0.0761;0.8859;0.897
127.3747557;0.1338;0.0766;1.2272;1.245
127.3850754;0.4567;-0.285;0.549;0.771
127.3946417;0.3491;0.0415;1.231;1.287
127.4045198;0.2814;-0.0136;0.8072;0.861
127.4148738;0.211;-0.2422;0.8501;0.915
127.4250561;0.129;0.0898;1.6797;1.695
127.4469576;0.2568;-0.2338;0.7871;0.866
127.4485306;0.2443;-0.0529;1.3568;1.387
127.4703825;0.1824;0.0056;1.0722;1.095
127.4718289;0.4683;-0.3191;0.6442;0.86
127.4743938;0.4292;0.2116;1.4439;1.528
127.4848679;0.0985;-0.1597;0.4199;0.466
127.494414;0.2664;-0.1996;0.9106;0.975
127.5046747;0.3645;0.1554;1.3917;1.454
127.5146658;0.2294;-0.278;0.617;0.719
127.5244301;0.1725;0.0231;1.4595;1.477
127.5472666;0.4157;-0.1287;0.9482;1.048
127.5488896;0.5385;-0.2761;0.905;1.092
127.5681379;0.241;0.2158;1.2592;1.307
127.5724889;0.1775;-0.2419;0.4102;0.512
127.5744173;0.3025;-0.0933;1.2897;1.335
127.5882898;0.2839;0.0718;1.2233;1.265
127.5948754;0.2774;-0.2618;0.6195;0.732
127.6056016;0.1364;0.0291;1.1941;1.21
127.6147282;0.2692;-0.1314;0.7824;0.843
127.6248684;0.4876;-0.045;0.9792;1.1
127.6488894;0.4958;0.0645;0.958;1.085
127.6513352;0.4216;-0.2717;0.6276;0.806
127.674955;0.0872;0.0987;1.3533;1.368
127.6764878;0.1836;-0.0654;0.5667;0.605
127.6784507;0.3264;-0.2978;0.9072;1.014
127.6867951;0.1263;0.181;1.6095;1.633
127.6947239;0.167;-0.2522;0.5107;0.598
127.7065306;0.2245;-0.047;0.8782;0.914
127.7144858;0.1505;0.0898;1.0817;1.103
127.7246786;0.4945;-0.311;0.6748;0.895
127.7428663;0.2963;0.12;1.2562;1.303
127.7450088;0.088;-0.1206;0.5483;0.575
127.7653409;0.1611;-0.1539;0.9472;0.98
127.7673005;0.2533;0.1375;1.3464;1.384
127.7744426;0.39;-0.241;0.3797;0.596
127.7862273;0.0184;0.0176;1.1251;1.134
127.7943471;0.4065;-0.1149;1.0936;1.178
127.8048214;0.5972;-0.1342;0.6864;0.922
127.8144126;-0.0154;0.1113;0.9162;0.932
127.824739;0.2491;-0.1535;0.4619;0.551
127.8425493;0.2983;-0.0511;1.1553;1.201
127.8444881;0.3281;-0.016;1.2031;1.254
127.8615394;0.2801;-0.2609;0.5998;0.716
127.8642959;0.0118;0.0826;1.28;1.291
127.8747028;0.2213;-0.0947;0.789;0.831
127.8856955;0.2586;-0.2447;0.9714;1.041
127.8944375;0.4945;0.1786;1.3412;1.446
127.9048789;0.2311;-0.2513;0.7452;0.825
127.9145268;-0.2149;0.0098;1.3384;1.365
127.9243606;0.3563;-0.1748;0.8903;0.98
127.9448815;0.5017;-0.2028;1.1457;1.272
127.9463804;0.1951;0.2189;1.4626;1.499
127.9695672;0.4404;-0.2745;0.2716;0.584
127.9710832;0.2685;0.0432;0.8406;0.89
127.974543;0.4139;0.0881;0.8186;0.926
127.9866531;0.6203;-0.284;0.6723;0.959
127.9947077;0.2858;0.0533;1.3321;1.37
128.0045511;0.048;-0.1743;0.5395;0.576
128.0145275;0.2083;-0.1527;1.2715;1.304
128.0250109;0.537;0.1094;1.4529;1.559
128.043328;0.0894;0.0579;1.0781;1.091
128.0450484;0.2343;-0.1571;1.3199;1.357
128.0654499;0.0676;-0.1571;1.1077;1.128
128.0671077;-0.1204;0.1759;1.4456;1.47
128.076552;-0.0619;-0.2394;0.7965;0.842
128.0865568;0.3007;-0.2268;1.3112;1.371
128.0944122;0.667;0.1738;0.9598;1.185
128.1045442;0.3396;-0.1319;0.1623;0.397
128.1147986;0.2917;0.064;1.0096;1.059
128.1245221;0.5041;-0.2306;0.8444;1.014
128.1441103;0.2049;-0.0059;1.107;1.133
128.1456925;0.0347;0.0283;0.9969;1.006
128.1653118;0.3726;-0.2667;0.9069;1.021
128.1668837;0.2899;0.0774;1.6655;1.699
128.1745606;0.6122;-0.1371;0.5428;0.83
128.1861336;0.4124;0.0129;0.7302;0.843
128.1945651;-0.2714;-0.036;1.0022;1.048
128.2049087;0.2813;-0.327;0.8843;0.989
128.2147704;0.5827;0.1444;1.7894;1.893
128.2247853;-0.1582;-0.177;0.5654;0.622
128.2454644;-0.1098;-0.2844;0.765;0.831
128.2469581;0.685;0.1363;1.6569;1.804
128.2715375;0.7862;-0.165;0.448;0.918
128.2736514;0.1813;0.0508;0.9277;0.954
128.275209;0.1692;-0.1399;1.0117;1.042
128.2862582;0.2597;-0.3237;1.0723;1.156
128.294877;0.1845;0.2009;1.5277;1.559
128.3054339;0.4387;-0.2536;0.6659;0.84
128.3155511;0.1504;-0.1129;1.1423;1.165
128.3253011;-0.0192;-0.0329;0.9629;0.972
128.350767;0.6797;-0.1208;0.7591;1.028
128.3527651;0.4862;0.0745;1.4675;1.554
128.3546619;-0.0297;-0.213;0.543;0.592
128.364526;0.2719;-0.0094;1.1796;1.217
128.3743866;0.5315;0.0268;1.232;1.347
128.3881039;0.3227;-0.2897;0.4862;0.654
128.3946639;0.2551;0.1964;1.2612;1.309
128.4051066;0.3216;-0.1191;0.5951;0.691
128.4149803;0.2878;-0.2022;0.8369;0.913
128.4260233;0.3003;0.1675;1.254;1.307
128.4458408;0.2447;-0.227;0.7253;0.804
128.447386;-0.0379;-0.1263;1.4465;1.461
128.468681;0.2529;-0.0597;1.0564;1.094
128.4702563;0.4813;-0.2077;1.0992;1.223
128.4747693;0.1732;0.0441;1.1953;1.216
128.4855541;0.3356;-0.165;-0.0514;0.37
128.4946588;0.4314;0.1054;0.7474;0.874
128.5045578;0.2342;0.0332;0.8188;0.859
128.5144886;0.2424;-0.3032;0.7106;0.815
128.5243011;0.1148;0.2051;1.2759;1.305
128.5444786;-0.0072;-0.3323;0.6558;0.742
128.5461172;0.4175;0.0013;1.6124;1.672
128.5655834;0.728;-0.0264;1.1176;1.338
128.5670604;0.4363;-0.2447;0.7711;0.923
128.5746204;-0.0728;0.064;1.3108;1.323
128.5850673;0.1066;-0.27;0.7556;0.816
128.5944364;0.1352;-0.0013;0.9998;1.016
128.6048621;-0.0814;0.0845;0.6593;0.679
128.6146968;0.1706;-0.1945;0.5204;0.586
128.6251076;0.2092;0.0232;1.7536;1.774
128.6433436;0.4523;-0.218;0.8428;0.985
128.6453956;0.5966;-0.0904;0.8738;1.065
128.6624915;0.3937;0.2441;0.9519;1.064
128.6654518;0.7037;-0.3805;0.7669;1.11
128.6758034;0.6132;0.0677;1.4594;1.59
128.685303;0.1222;-0.0694;0.6443;0.666
128.6944758;-0.2077;-0.1777;1.2399;1.279
128.7044079;-0.2367;-0.1388;1.4257;1.461
128.7146513;0.1992;-0.2086;0.624;0.693
128.7242771;0.1881;0.1531;1.2582;1.289
128.7421276;0.3406;-0.1505;0.6709;0.772
128.7442928;0.8237;-0.2409;0.6179;1.057
128.7609838;0.5223;0.2923;1.1898;1.337
128.7647171;0.337;-0.3309;0.4437;0.65
128.7743343;0.4495;0.0198;1.1667;1.256
128.7845673;0.2041;-0.0227;0.9503;0.979
128.7943368;-0.0239;-0.2806;1.1509;1.193
128.8045083;-0.0252;0.1047;1.5747;1.587
128.8142321;0.2006;-0.3315;0.8092;0.903
128.8247876;-0.0261;0.0354;1.3705;1.38
128.8418632;0.2645;-0.0859;1.0392;1.082
128.8445666;-0.018;0.1136;0.9083;0.924
128.8592388;0.3304;-0.2184;0.4563;0.607
128.8647524;0.6993;0.0294;1.5778;1.731
128.8746926;0.2316;-0.0936;0.6566;0.708
128.8845163;0.3186;-0.1493;0.3018;0.464
128.8945369;0.4345;0.2634;0.9674;1.098
128.9049485;0.3839;-0.382;0.5684;0.787
128.9157823;0.4762;0.0724;1.3757;1.464
128.9248718;0.2856;-0.015;0.6398;0.706
128.9425378;-0.0061;-0.285;0.8719;0.925
128.9450215;0.0355;0.0247;1.8556;1.864
128.9713032;0.4694;-0.312;0.7319;0.927
128.9730029;0.049;0.0343;1.128;1.138
128.9747337;-0.2542;-0.0514;1.0387;1.08
128.9866709;0.3248;-0.3176;0.8341;0.955
128.9947311;0.4117;0.1413;1.2354;1.316
129.0048973;0.2706;-0.109;0.2861;0.41
129.0145491;0.1991;0.0511;0.844;0.875
129.0244527;0.455;-0.123;0.9934;1.104
129.0422597;0.5771;-0.2279;1.0484;1.222
129.0450812;0.3099;0.1779;1.3193;1.374
129.0650181;0.4443;-0.3009;0.5485;0.769
129.0664127;0.2047;-0.0822;1.5992;1.622
129.0744345;0.4467;-0.0952;1.1371;1.231
129.0843057;0.2386;-0.1364;0.764;0.818
129.0945603;-0.4798;-0.0068;1.145;1.251
129.1051311;0.0123;-0.333;0.7997;0.873
129.1149877;0.3742;0.0426;1.5902;1.641
129.124333;0.1523;0.0092;0.8976;0.918
129.1415544;0.2543;-0.3061;0.336;0.522
129.1450016;0.5111;0.156;1.2279;1.345
129.1624826;1.0018;-0.1215;0.6708;1.211
129.1656245;0.5479;-0.0316;0.9394;1.092
129.1750958;0.2338;-0.0022;0.7139;0.757
129.1842619;0.3087;-0.2306;1.1676;1.236
129.1944838;0.2325;0.0975;1.6253;1.652
129.2047389;0.1342;-0.3568;0.6511;0.76
129.214531;0.0134;0.1307;1.2652;1.28
129.2244103;-0.0198;-0.1327;0.7882;0.808
129.2412929;0.2332;-0.2169;1.0428;1.097
129.2452575;0.368;0.1605;1.2818;1.35
129.262479;0.3087;-0.3065;0.4404;0.621
129.2750329;0.1407;0.0186;1.1334;1.15
129.2764429;0.5244;0.0526;0.7368;0.909
129.2847119;0.5366;-0.27;0.5458;0.813
129.2945041;0.0452;0.1308;1.3208;1.336
129.3051458;0.2397;-0.2384;0.7148;0.796
129.3164296;0.171;-0.0056;1.4388;1.456
129.3243077;0.0533;-0.1661;1.045;1.067
129.3352941;0.3502;-0.1461;0.9028;0.985
129.344465;0.2843;0.1553;1.106;1.159
129.3578743;0.2726;-0.284;0.4681;0.615
129.3645082;0.3025;0.001;1.2566;1.299
129.3851516;0.4064;0.0194;0.7834;0.887
129.3865393;0.0816;-0.0865;0.5967;0.615
129.3945784;0.1102;-0.0915;1.0066;1.024
129.4049937;0.7086;-0.2651;0.9967;1.254
129.4146507;0.2813;0.1386;1.5152;1.555
129.4247573;0.1193;-0.1765;0.3762;0.437
129.4418793;0.3723;-0.1245;1.0011;1.081
129.4447424;0.3199;0.0559;1.4484;1.491
129.4652847;0.3844;-0.2756;0.6368;0.797
129.4668017;0.2494;0.1066;1.0209;1.063
129.4743846;0.0825;-0.2529;0.7354;0.789
129.4851137;0.0978;-0.0506;1.3531;1.365
129.4946385;0.3615;-0.0061;0.8675;0.945
129.5044761;0.5052;-0.225;0.6442;0.851
129.5204733;0.0574;0.0293;1.6524;1.662
129.5250993;0.5372;-0.2832;0.9116;1.099
129.5344147;0.4275;0.0137;1.3055;1.38
129.5448064;-0.0548;-0.0459;0.8877;0.899
129.5614659;0.3368;-0.1925;0.7458;0.845
129.5895336;0.353;0.1093;1.5022;1.554
129.5910029;0.2613;-0.2963;0.6024;0.725
129.5918701;-0.0448;0.0583;1.1043;1.115
129.5947727;0.0899;-0.118;1.2061;1.223
129.6049108;0.6141;-0.2188;1.0239;1.218
129.6171509;0.3928;0.1937;1.0239;1.119
129.6248838;0.4411;-0.053;1.5426;1.612
129.6345413;0.4674;-0.0364;0.9234;1.04
129.6445652;0.2478;-0.149;0.8785;0.931
129.6603684;-0.1761;-0.0105;1.2028;1.225
129.6840659;0.0793;-0.3142;0.9421;1.003
129.6865446;0.4368;0.0762;1.4515;1.524
129.6874558;0.3667;-0.0771;0.4636;0.599
129.694313;0.0932;-0.149;0.8705;0.895
129.7043997;0.3255;0.0441;1.2894;1.337
129.7184251;0.7528;-0.2222;0.6565;1.024
129.7242339;0.2301;0.1201;0.9939;1.034
129.7346922;-0.0589;-0.1724;0.6608;0.694
129.7444742;0.3081;-0.0054;1.4876;1.526
129.7575049;0.4471;-0.1582;0.9581;1.074
129.7801262;0.3257;-0.2068;1.0818;1.154
129.7818158;0.1655;0.1641;1.2602;1.289
129.7848426;0.0726;-0.2877;0.5501;0.631
129.7948923;0.3732;-0.0271;1.5271;1.579
129.8048661;0.6943;-0.0511;0.7357;1.015
129.8190133;0.1437;-0.0502;0.8179;0.839
129.8243373;-0.0531;-0.0944;0.7798;0.796
129.8348187;0.5036;-0.2149;0.6974;0.889
129.8443661;0.2951;0.1388;1.3606;1.406
129.8560098;0.194;-0.1807;0.6773;0.733
129.8780578;0.3429;-0.0515;1.1142;1.173
129.8797334;0.1306;-0.1245;1.0464;1.069
129.8856456;0.4653;-0.2117;1.0636;1.185
129.8945483;0.7005;0.1191;1.2715;1.461
129.9047931;0.1687;-0.1748;0.2423;0.345
129.9184844;-0.004;0.0162;1.0657;1.074
129.9244597;0.4319;-0.0506;1.0573;1.149
129.9353725;0.1434;-0.234;1.0903;1.131
129.9448753;0.0986;0.0298;1.354;1.366
129.9615356;0.3211;-0.2114;0.6982;0.801
129.9646954;0.1319;-0.0038;1.4808;1.494
129.9745903;0.442;-0.1407;0.8305;0.955
129.9847863;0.5044;-0.0633;0.8984;1.036
129.9945858;0.065;-0.0073;0.9824;0.992
130.0050733;0.3143;-0.2511;0.7887;0.89
130.0171283;0.2778;0.0551;1.4003;1.436
130.0244008;0.0044;-0.1902;0.521;0.562
130.0348335;0.4532;-0.0369;1.0855;1.182
130.0447334;0.5714;0.086;1.0318;1.187
130.0545411;0.2174;-0.2695;0.6616;0.752
130.0753418;0.4064;0.1042;1.2929;1.365
130.0770708;0.2934;-0.2656;0.8114;0.908
130.098192;0.2146;0.0241;1.5383;1.561
130.0996478;0.4762;-0.189;0.9427;1.077
130.104467;-0.0067;-0.1149;1.1631;1.177
130.1184756;0.0247;-0.0068;0.9549;0.963
130.1248534;0.5709;-0.1096;0.8164;1.005
130.1350256;0.3826;0.0551;1.242;1.307
130.1447882;0.0426;-0.2311;0.4337;0.499
130.1567766;0.3123;0.0164;1.2066;1.253
130.1779431;0.4836;-0.036;1.0453;1.157
130.1811033;0.2008;-0.2609;0.7057;0.784
130.1844923;0.3713;0.149;1.2491;1.318
130.1943948;0.4594;-0.1917;0.581;0.767
130.2044771;0.2001;-0.0148;1.183;1.207
130.2150662;0.3827;-0.1272;0.9582;1.045
130.2243852;0.1215;-0.0432;1.1042;1.119
130.2347581;-0.0785;-0.0387;1.0263;1.039
130.2445325;0.2805;-0.2323;0.9466;1.02
130.2565139;0.4846;0.1266;1.3314;1.428
130.2788139;0.3594;-0.1338;0.4413;0.587
130.2802933;0.2089;-0.1355;0.8974;0.938
130.2845443;0.3816;0.0004;0.9851;1.062
130.2947751;0.2311;-0.1637;0.9149;0.964
130.3048786;0.1551;0.0314;1.5203;1.536
130.3152329;0.3915;-0.225;0.6147;0.766
130.3242019;0.119;0.0316;1.0912;1.106
130.3343359;0.2902;-0.1931;0.9211;0.991
130.3445548;0.5292;-0.0969;1.1515;1.276
130.3549786;0.2292;0.1644;0.8504;0.903
130.3772338;-0.0391;-0.2526;0.6776;0.732
130.3791242;0.2577;-0.0257;1.5534;1.582
130.3848546;0.4931;-0.1141;0.6532;0.829
130.3947681;0.1303;-0.004;1.0662;1.082
130.4047651;0.4042;-0.0434;1.1627;1.238
130.417389;-0.0231;0.0365;0.9257;0.935
130.4243293;0.456;-0.2846;0.7359;0.915
130.4349336;0.3249;0.1214;1.4885;1.535
130.4443504;0.2102;-0.2496;0.569;0.661
130.4588974;0.3302;0.0398;1.1726;1.225
130.4784133;0.1996;-0.113;0.9305;0.965
130.4799432;0.3314;-0.2089;0.6599;0.772
130.4846491;0.4263;0.1753;1.3358;1.419
130.494746;0.4512;-0.182;0.5732;0.754
130.5043538;0.1465;-0.1209;0.8667;0.894
130.5168901;0.2469;0.0048;0.859;0.9
130.5245147;0.5173;-0.0741;1.1677;1.284
130.5350892;0.1649;-0.0104;1.1077;1.127
130.5447831;0.0336;-0.2663;0.6918;0.749
130.5600968;0.2277;0.1292;1.5382;1.568
130.5863372;0.4041;-0.1929;0.9025;1.012
130.5878381;0.1735;-0.058;1.163;1.184
130.5889735;0.3092;-0.0235;0.771;0.836
130.5945013;0.2654;-0.2068;0.9339;0.999
130.6044318;0.1213;0.1;1.1886;1.207
130.6143731;0.4052;-0.1992;0.526;0.696
130.6243875;0.1013;0.0242;1.2475;1.26
130.63493;0.1306;-0.2259;0.9993;1.04
130.6444543;0.683;-0.0746;1.3519;1.521
130.6598246;0.4175;0.0531;0.7646;0.877
130.6650802;0.0236;-0.1571;0.3875;0.426
130.6744049;0.5116;0.0257;1.155;1.269
130.6849588;0.6536;-0.0487;0.742;0.992
130.6942974;-0.0414;-0.0976;0.9364;0.951
130.7046681;0.1766;-0.1076;0.6758;0.713
130.7143058;0.3221;-0.125;1.3567;1.406
130.7243428;0.1656;0.0396;1.0909;1.111
130.7345636;0.5608;-0.2624;0.5284;0.815
130.7448622;0.3457;0.1148;1.3393;1.395
130.7581423;0.025;-0.302;0.5232;0.611
130.787548;0.4532;0.0403;1.2204;1.308
130.7894333;0.2635;-0.1081;0.7675;0.824
130.7905131;-0.0287;-0.1948;0.7835;0.816
130.7949083;0.2331;0.1567;1.0333;1.078
130.8047552;0.4631;-0.2547;0.5951;0.798
130.8163311;0.2171;-0.0437;1.295;1.321
130.824342;0.2739;-0.0566;0.5941;0.662
130.8345051;0.3772;0.0122;0.8665;0.95
130.8444786;0.2201;-0.0683;0.9243;0.959
130.8565074;0.2073;-0.2321;0.7248;0.794
130.8792129;0.1465;0.1788;1.291;1.319
130.8804433;0.2268;-0.1896;0.5243;0.606
130.8847226;0.2874;-0.1051;1.088;1.136
130.894493;0.2116;-0.06;0.6605;0.702
130.9046901;0.256;-0.0401;0.8886;0.932
130.9146607;0.377;-0.0425;0.9431;1.022
130.9242625;0.2739;-0.1673;0.5844;0.671
130.9343055;0.1576;0.0469;1.2863;1.304
130.9592304;0.2471;-0.147;0.5638;0.638
130.9614055;0.2271;-0.0268;0.8306;0.868
130.9649406;0.2685;-0.0465;1.0586;1.1
130.9746814;0.0467;-0.2564;1.1605;1.197
130.9883552;0.1444;0.0763;1.3229;1.341
130.9970389;0.3652;-0.1048;0.7741;0.867
131.0042747;0.0327;-0.0254;0.9493;0.958
131.0146399;0.4875;-0.2052;0.6554;0.845
131.024242;0.612;0.0773;1.4336;1.566
131.0343523;0.3101;-0.1356;0.512;0.617
131.0444886;0.1033;-0.0844;0.6202;0.641
131.055164;0.1998;-0.0026;1.1477;1.172
131.0820821;0.4587;-0.2039;0.6626;0.834
131.0835512;0.4369;0.107;1.1562;1.246
131.0847762;0.3665;-0.2017;0.6804;0.803
131.0993076;0.0311;-0.098;1.2303;1.243
131.1049434;0.193;-0.0148;0.9914;1.017
131.1148549;0.4032;-0.0877;0.7774;0.885
131.1244308;0.1269;-0.0241;1.3131;1.327
131.1347546;0.1936;-0.3016;0.9339;1.006
131.1592399;0.0694;0.1386;1.4338;1.45
131.1614367;0.245;-0.2233;0.656;0.74
131.1648604;0.2394;-0.0721;1.1595;1.193
131.1748747;0.1987;0.0635;0.9496;0.979
131.1874765;0.4241;-0.1373;0.8833;0.994
131.1988626;0.2027;-0.0224;1.146;1.171
131.2044053;0.3531;0.1228;1.2406;1.302
131.2147063;0.363;-0.1428;0.5291;0.66
131.2249129;0.4321;-0.0387;1.0279;1.121
131.2343486;0.2849;-0.0243;0.884;0.935
131.2561542;0.2584;-0.1419;1.2373;1.279
131.2580533;0.257;-0.0436;1.3028;1.336
131.2873098;0.2635;-0.2587;0.7531;0.844
131.2889619;0.0325;0.0801;1.2979;1.309
131.2899282;0.2897;-0.2166;0.8424;0.922
131.2990806;0.2171;-0.0528;1.4058;1.431
131.304479;-0.0077;-0.1145;0.7826;0.799
131.3146376;0.3556;-0.179;1.3639;1.427
131.3244978;0.3086;-0.0348;1.3636;1.405
131.3346576;0.3066;-0.1934;0.6516;0.75
131.3572886;0.6187;0.07;1.0911;1.261
131.359118;0.4515;-0.2002;0.9353;1.062
131.3820355;0.3255;0.0708;1.3009;1.349
131.3833959;0.5376;-0.1382;0.508;0.753
131.3843576;0.1018;-0.0272;1.2989;1.311
131.3961028;0.135;-0.1854;1.0904;1.121
131.4044178;0.5353;-0.1204;1.0795;1.216
131.4146471;0.2191;0.0832;1.2366;1.266
131.4246672;0.1615;-0.3025;0.6685;0.757
131.4346093;0.3621;0.0487;1.1565;1.219
131.4569968;0.4619;-0.1173;0.6521;0.811
131.4589543;0.2642;-0.1305;1.2488;1.29
131.4853051;0.1601;-0.1275;0.8567;0.888
131.4866431;0.2158;-0.0542;1.0329;1.063
131.4875404;0.386;0.0326;1.1499;1.219
131.4955429;0.3036;-0.1915;0.6301;0.729
131.5045013;0.3961;0.0092;0.9549;1.039
131.5145734;0.5033;-0.1683;0.9106;1.058
131.5244643;0.0876;-0.0299;1.4661;1.477
131.5346171;0.1654;-0.1195;0.689;0.725
131.5550321;0.1219;-0.0309;1.0785;1.093
131.5563786;0.2948;-0.1198;1.0104;1.065
131.5787292;0.4827;-0.1093;0.9787;1.101
131.5801991;0.2223;0.041;0.893;0.928
131.5844875;0.0033;-0.2587;0.549;0.614
131.5963038;0.1644;0.0374;1.3177;1.336
131.604273;0.5353;-0.0407;0.8584;1.016
131.6141855;0.2145;-0.0715;0.8772;0.912
131.6242566;0.3593;-0.1013;0.5654;0.681
131.6342673;0.4957;0.047;1.1676;1.275
131.6523088;0.2478;-0.1615;0.9309;0.983
131.654896;0.3635;-0.1581;1.1964;1.266
131.6699192;0.1656;0.1162;1.0585;1.085
131.6743724;0.0942;-0.2669;0.3928;0.489
131.6843281;0.4119;0.0793;1.4236;1.49
131.695702;0.5006;-0.1875;0.5964;0.803
131.7042267;0.2202;-0.0526;0.8301;0.867
131.7143059;-0.0101;-0.0203;0.752;0.761
131.7246988;0.2326;-0.1535;1.2206;1.259
131.7342055;0.2689;-0.0617;1.1136;1.154
131.7577588;0.2893;-0.1173;0.7933;0.858
131.7596529;0.4584;0.0454;1.2321;1.321
131.7648558;0.2897;-0.1963;0.857;0.931
131.7744999;0.0803;0.016;1.2085;1.219
131.7887116;0.3081;-0.1637;0.7044;0.791
131.7981607;0.0877;-0.1025;1.3711;1.385
131.8047119;0.2852;-0.0072;1.1538;1.195
131.8146656;0.3022;-0.1605;0.8662;0.937
131.8245429;0.2024;-0.0178;0.6888;0.724
131.8349558;0.4777;-0.1471;0.7809;0.931
131.8543483;0.6237;0.1509;1.4239;1.567
131.8562075;0.173;-0.2235;0.6417;0.707
131.8949808;-0.0632;0.0028;1.1116;1.122
131.8964165;0.4903;-0.1496;0.8485;0.995
131.8984079;0.4737;-0.0209;1.2574;1.349
131.8991948;0.2919;-0.0749;0.789;0.85
131.9043374;0.1909;-0.1185;1.0498;1.08
131.9149314;0.014;0.0131;1.0763;1.085
131.9244131;0.3757;-0.2134;1.0226;1.115
131.934549;0.4871;0.0055;1.1206;1.227
131.953322;0.2078;-0.1388;0.3814;0.46
131.9549661;0.2516;0.0639;1.043;1.082
131.9768168;0.5607;-0.1156;0.9083;1.077
131.9782439;0.0288;-0.061;0.6844;0.696
131.9852779;0.0288;-0.061;1.307;1.317
131.9953461;0.443;-0.1256;1.0115;1.116
132.0044746;0.3254;-0.0711;0.8616;0.929
132.0144548;0.2253;0.0694;1.009;1.043
132.0244133;0.3114;-0.2304;0.6432;0.755
132.0342271;0.1145;0.016;1.2659;1.279
132.0525438;0.1838;-0.0843;0.5452;0.587
132.0546842;0.3396;-0.0292;0.969;1.033
132.0753933;0.1967;-0.0853;0.8918;0.924
132.0773471;0.3334;-0.1175;1.0676;1.13
132.0843909;0.3029;0.0331;1.0673;1.116
132.0944356;0.0294;-0.1686;0.7767;0.803
132.1043994;0.2562;0.0148;1.2977;1.33
132.1143766;0.5287;-0.1566;0.8603;1.025
132.1245593;0.1121;0.0755;1.0225;1.039
132.1345198;0.2607;-0.2212;0.5041;0.613
132.150782;0.2524;0.0083;1.2169;1.25
132.1546711;0.193;-0.0947;0.7136;0.751
132.1685328;0.3621;-0.0415;1.079;1.145
132.1747022;0.2992;-0.0607;0.8766;0.934
132.1844145;0.167;-0.1818;0.776;0.821
132.1944057;0.3599;0.07;1.2932;1.351
132.2047934;0.4741;-0.183;0.9059;1.043
132.2145122;-0.0067;0.0408;1.0792;1.088
132.2248664;0.1526;-0.1759;0.7509;0.793
132.2346344;0.4052;0.0509;1.3729;1.439
132.2511441;0.2816;-0.2003;0.7035;0.789
132.2546317;0.2972;0.0473;1.0743;1.122
132.2703064;0.291;-0.0759;0.7469;0.811
132.2745411;0.1895;-0.1502;1.1165;1.149
132.284689;0.4002;-0.0351;0.9531;1.04
132.294425;0.3327;-0.0958;0.8287;0.903
132.3043863;0.0619;-0.0227;1.2623;1.272
132.3145108;0.3733;-0.1459;0.9058;0.996
132.3245147;0.3255;-0.0285;1.2467;1.295
132.3344617;0.1285;-0.1305;0.723;0.753
132.3550006;0.2766;0.0321;1.2025;1.241
132.3570451;0.2822;-0.0939;0.6434;0.714
132.3790652;0.2634;-0.1539;1.042;1.092
132.3804871;0.4416;0.0475;1.0242;1.122
132.3848376;0.2047;-0.1768;0.7171;0.772
132.394686;0.2237;-0.0092;1.1907;1.219
132.4048029;0.3886;-0.1572;0.8011;0.909
132.4145191;0.1713;0.0545;1.0926;1.115
132.4249105;0.2932;-0.2013;0.7501;0.835
132.4343572;0.3831;-0.0107;1.3881;1.446
132.4523017;0.1673;-0.1429;0.8153;0.851
132.4547631;0.0839;-0.0116;1.1162;1.127
132.4763773;0.4228;-0.0773;0.9645;1.061
132.478104;0.1915;-0.1184;1.231;1.258
132.4850073;0.2422;-0.0452;0.8038;0.847
132.4947797;0.5289;-0.0468;0.8469;1.003
132.5055261;0.1088;-0.096;0.9878;1.006
132.5146751;0.3145;-0.1967;0.8862;0.966
132.5249409;0.3384;0.1212;1.1582;1.219
132.5348852;0.2025;-0.1484;0.7539;0.801
132.5596319;0.2251;-0.0458;1.3159;1.343
132.5616398;0.3991;-0.0606;0.8261;0.924
132.5650766;0.2586;-0.0194;1.2477;1.281
132.5751513;0.2411;-0.1617;0.8037;0.86
132.5958613;0.3704;0.018;1.1309;1.196
132.5974854;0.2141;-0.0673;0.7622;0.801
132.6044052;0.3254;-0.15;0.7125;0.802
132.6144351;0.435;0.1109;1.1129;1.206
132.6243539;0.2024;-0.2174;0.4808;0.57
132.6342901;0.2458;0.0625;1.4195;1.449
132.6557361;0.2796;-0.2056;0.881;0.953
132.6575674;-0.0143;-0.0079;1.1556;1.164
132.6771541;0.3196;-0.0844;1.0232;1.081
132.6792034;0.4064;-0.071;1.4216;1.486
132.6848162;0.1677;-0.0663;0.9227;0.947
132.6959697;0.1924;-0.0853;0.787;0.821
132.7048738;0.2068;0.0685;1.0009;1.031
132.7142821;0.1902;-0.1787;0.9703;1.011
132.7258207;0.3418;-0.0581;1.0652;1.126
132.7342686;0.3186;-0.0066;0.6911;0.766
132.7510622;0.0314;-0.0403;1.2704;1.28
132.7547761;0.5876;-0.173;1.1207;1.281
132.7770129;0.6243;0.0491;1.1207;1.288
132.7784464;0.1393;-0.0376;1.283;1.299
132.7845497;0.4902;-0.0643;0.934;1.061
132.7962517;0.1404;-0.0237;1.0156;1.033
132.8051486;0.0901;-0.1055;0.9025;0.921
132.8148439;0.2897;-0.093;1.2949;1.337
132.8294431;-0.0293;-0.0575;1.0706;1.081
132.8346898;0.381;-0.1494;0.8184;0.92
132.8442255;0.4933;0.074;1.2619;1.363
132.8544134;0.1466;-0.1858;0.9267;0.963
132.8680244;0.3993;0.0172;1.1836;1.255
132.8921197;0.2659;-0.0644;0.8076;0.859
132.8942218;0.0729;-0.05;1.1942;1.205
132.8951872;0.5461;-0.0402;0.7303;0.916
132.9044697;0.4334;-0.0515;1.0044;1.1
132.9144403;0.1357;0.0296;0.6312;0.653
132.9270235;0.2995;-0.202;0.8392;0.919
132.9347812;0.457;0.0773;1.1699;1.264
132.9445435;0.058;-0.1537;0.968;0.989
132.9549074;0.0064;-0.0132;1.1287;1.137
132.9738722;0.2737;-0.1719;0.8688;0.933
132.9763967;0.3202;0.0248;1.3904;1.434
132.9855844;0.4912;-0.1005;0.8974;1.032
133.0060607;0.1791;0.0555;0.9979;1.023
133.0093333;0.1454;-0.1726;0.5622;0.612
133.0189142;0.3451;0.0134;1.3612;1.411
133.0300918;0.3685;-0.0754;0.7209;0.818
133.0347894;0.2817;-0.0123;0.9256;0.974
133.0451566;0.1838;-0.1066;0.8871;0.919
133.0544742;0.3099;-0.1277;0.9944;1.055
133.0694598;0.1963;0.0699;1.2399;1.265
133.0956901;0.191;-0.1126;1.0078;1.039
133.0974219;0.2307;-0.0373;1.0509;1.083
133.0982836;0.1946;-0.1094;0.9796;1.011
133.1044879;0.3287;0.0235;1.1964;1.247
133.1152895;0.4343;-0.058;0.6702;0.804
133.1274754;0.2453;-0.0116;1.0892;1.123
133.1344338;0.4435;-0.203;0.6107;0.784
133.144407;0.3309;0.0932;1.1815;1.237
133.1542504;0.1835;-0.0513;0.5649;0.602
133.1679401;0.3545;-0.1252;1.1341;1.201
133.1887378;0.4854;-0.0109;1.0414;1.154
133.1902401;-0.1278;-0.0634;0.9947;1.014
133.1947555;0.0316;0.0139;1.1787;1.187
133.2042924;0.3097;-0.2294;1.1432;1.212
133.2148543;0.2714;0.0343;1.2764;1.312
133.2263068;0.397;-0.0927;0.6113;0.738
133.2343249;0.1637;0.0426;1.0655;1.086
133.2444304;0.2731;-0.2212;0.7107;0.798
133.2546626;0.4169;0.0595;1.3713;1.441
133.2668148;0.2755;-0.1048;0.7636;0.824
133.2869177;0.0346;-0.0191;1.1724;1.181
133.2883336;0.31;-0.055;0.8633;0.925
133.2981453;0.5485;-0.0132;1.2554;1.375
133.3045225;0.3137;-0.0789;0.8667;0.931
133.3149503;0.1093;0.0004;1.1203;1.133
133.3255778;0.0634;-0.0836;1.0116;1.025
133.3346598;0.3038;-0.1471;0.937;1.002
133.3448713;0.4129;-0.0419;1.2296;1.304
133.3545667;0.2808;-0.0255;0.7274;0.786
133.3687321;0.2695;-0.0079;1.1494;1.187
133.3923821;0.3308;-0.1267;0.8355;0.913
133.3942074;0.2224;-0.0618;1.2007;1.23
133.3951761;0.4754;0.0094;0.7236;0.87
133.4043839;0.2299;0.0966;1.0103;1.047
133.4145453;0.1209;-0.1974;0.9164;0.952
133.4267283;0.3009;-0.0702;1.3709;1.412
133.4348043;0.179;0.0106;0.8616;0.887
133.4450703;0.1262;-0.1071;1.2094;1.228
133.4548652;0.301;-0.0914;1.1899;1.237
133.4645183;0.4499;-0.0827;0.9634;1.071
133.4836975;0.285;0.0492;0.741;0.801
133.4853864;0.5176;-0.1081;0.8664;1.019
133.5078505;0.4874;0.0899;1.037;1.154
133.5094246;-0.0884;-0.0704;0.2549;0.288
133.5143858;0.0426;-0.0344;1.336;1.345
133.5262844;0.7389;-0.106;1.4746;1.657
133.5352348;0.1438;-0.1633;1.2474;1.273
133.5446836;0.1713;0.0336;0.2591;0.316
133.5547096;0.1163;0.0009;1.3647;1.377
133.5684729;0.4824;-0.1474;1.5724;1.657
133.5946784;0.0465;0.0537;1.2916;1.302
133.5961752;-0.3542;-0.2774;1.0297;1.133
133.5973203;0.5165;-0.0478;1.2945;1.4
133.6048126;1.0343;0.1731;0.3372;1.099
133.6147275;0.5604;0.1174;0.1486;0.588
133.6249309;0.4245;-0.0638;0.4496;0.623
133.6347898;0.0563;-0.118;1.6418;1.655
133.6445059;0.0398;-0.1262;0.7916;0.81
133.6545954;0.4724;0.0765;1.082;1.188
133.6699663;0.4671;-0.1952;1.0767;1.195
133.6746415;0.4316;-0.0677;1.2188;1.3
133.692858;0.2735;0.1322;0.8149;0.876
133.6946407;-0.1347;-0.1408;1.1769;1.202
133.70432;-0.1703;-0.2715;1.3849;1.43
133.7144934;0.2693;-0.0621;1.0828;1.124
133.7274578;0.0561;0.0655;0.8825;0.895
133.7341572;0.2348;-0.1648;0.6417;0.708
133.7450937;0.5113;0.0263;0.871;1.015
133.7543708;0.4314;-0.0428;0.6858;0.815
133.7649837;0.3753;-0.0884;1.5938;1.646
133.7838545;0.4851;-0.1076;1.0898;1.203
133.785923;0.2345;0.0015;0.898;0.935
133.7944915;0.1902;-0.0315;0.7591;0.79
133.8047379;0.404;-0.0143;1.3192;1.386
133.8145128;0.2178;-0.0257;0.7353;0.774
133.8256949;-0.1699;-0.178;0.8176;0.863
133.8347473;0.1691;-0.0327;1.2577;1.277
133.8442679;0.2745;-0.118;0.8311;0.889
133.8545657;0.3224;0.0831;0.7321;0.81
133.8678429;0.7776;-0.1125;0.4994;0.93
133.8901082;0.5632;0.0545;1.0202;1.171
133.8916369;0.1219;-0.0844;0.6295;0.653
133.8945676;0.1891;0.041;1.1129;1.137
133.9043581;0.3555;-0.1741;0.9544;1.039
133.9151515;-0.085;-0.0382;1.3804;1.392
133.9247276;0.0904;-0.0807;0.8411;0.857
133.9346154;0.2675;0.0259;1.0953;1.134
133.9443814;0.1391;-0.0983;0.9583;0.981
133.9546479;0.4344;-0.1208;0.9463;1.053
133.9677964;0.181;0.0517;1.0296;1.054
133.9900853;0.2049;-0.2069;0.7002;0.764
133.9915701;0.3334;0.1115;1.1025;1.163
133.9945122;0.1465;-0.1369;0.7127;0.747
134.0042192;0.1313;-0.037;1.2226;1.238
134.0149711;0.2811;0.0022;1.0788;1.121
134.0244073;0.1928;-0.0321;1.1852;1.208
134.0345464;0.2271;-0.1577;0.9339;0.98
134.0447615;0.3524;-0.0266;1.4409;1.49
134.054616;0.2478;0.0059;0.523;0.584
134.0678331;0.3547;-0.0665;1.1279;1.19
134.090025;0.6059;-0.1019;1.0259;1.2
134.0915409;0.1526;-0.1355;0.7903;0.823
134.0946394;0.2552;0.1134;0.8582;0.909
134.1042467;0.3589;-0.0737;1.1805;1.242
134.1151544;0.3015;-0.122;1.4542;1.497
134.1242556;0.5624;-0.1244;0.7252;0.929
134.134351;0.0795;0.2177;0.9191;0.956
134.1446623;0.2283;-0.3309;0.7587;0.864
134.1550454;0.5232;-0.0804;1.7746;1.858
134.1669534;0.3072;-0.0037;0.7584;0.824
134.1934802;-0.2108;-0.0908;0.9855;1.021
134.1953308;0.042;-0.1962;1.1568;1.182
134.1964525;0.6395;-0.058;1.3441;1.494
134.205132;0.4702;0.0337;0.7157;0.861
134.2146106;0.1614;-0.1213;1.0362;1.063
134.227361;0.1228;-0.1239;1.2421;1.262
134.2347109;0.3733;-0.0191;1.1441;1.21
134.2450647;0.3547;-0.0032;0.9627;1.032
134.2568041;0.2226;-0.13;0.7453;0.795
134.2723394;0.3261;-0.0322;1.2974;1.345
134.2751206;0.36;-0.1158;0.619;0.729
134.2849709;0.1775;0.0001;1.1835;1.204
134.3019712;0.2267;-0.1395;0.899;0.944
134.3062441;0.3048;-0.0061;1.1752;1.221
134.3151515;0.4341;-0.1334;0.809;0.932
134.3290446;0.1908;0.029;1.3033;1.325
134.3347351;0.3335;-0.0557;1.2619;1.313
134.3448228;0.0176;0.0037;1.1502;1.159
134.3563303;0.2063;-0.2237;1.015;1.066
134.3715327;0.3737;0.027;1.1976;1.261
134.3745105;0.2276;-0.1787;0.7881;0.845
134.38477;0.4013;0.0821;0.9652;1.054
134.3977076;0.4919;-0.0903;0.8436;0.985
134.4160037;0.2723;-0.0705;0.8269;0.879
134.4265043;0.4055;0.0355;1.4211;1.485
134.4342917;0.3998;-0.1287;0.9263;1.022
134.444525;0.3027;-0.12;1.1345;1.187
134.4546626;0.3373;0.0067;0.8792;0.947
134.46543;0.1934;-0.1572;1.104;1.139
134.484548;0.1622;-0.0377;1.1704;1.19
134.4859988;0.2693;-0.1424;0.9355;0.99
134.4943159;0.1846;0.0064;1.2715;1.292
134.5066701;0.3259;-0.1329;0.8946;0.967
134.5144168;0.4343;0.0358;1.1781;1.262
134.5253672;0.2703;-0.1561;0.9262;0.983
134.5344286;0.3518;0.0359;1.3211;1.374
134.544534;0.4432;-0.1083;0.612;0.766
134.5643296;0.2081;-0.0117;1.0691;1.096
134.5662482;0.3352;-0.1331;0.8378;0.917
134.5895577;0.2983;-0.0916;1.2073;1.253
134.591172;0.1764;-0.0794;0.9113;0.938
134.5943334;0.1782;-0.044;1.1656;1.187
134.6069126;0.1975;-0.0961;0.9789;1.01
134.6145456;0.4632;-0.0414;1.0342;1.139
134.6244776;0.4241;0.0139;0.9929;1.085
134.6347521;0.3362;-0.1174;0.8491;0.926
134.6445239;0.1125;0.0536;1.148;1.163
134.6702419;0.3542;-0.1772;0.7324;0.837
134.6718852;0.3424;0.0396;1.2083;1.263
134.6749557;0.3171;-0.0851;0.5606;0.654
134.6844491;0.3709;-0.0057;1.066;1.134
134.6978284;0.2408;-0.1329;0.9059;0.953
134.7107513;0.3354;-0.1214;1.0431;1.108
134.7144223;0.1841;0.1289;0.8794;0.915
134.7256127;0.0268;-0.226;0.6409;0.687
134.7342569;0.3325;0.0215;1.3324;1.38
134.744331;0.4257;-0.0643;0.8849;0.989
134.7546692;0.0417;0.0142;1.0354;1.044
134.7696601;0.1258;-0.258;0.7103;0.772
134.7748859;0.4656;0.0865;1.5014;1.581
134.7844516;0.2017;-0.1418;0.4903;0.554
134.7974716;0.1096;-0.0398;1.0796;1.093
134.8097534;0.5213;-0.1665;1.2449;1.365
134.8146077;0.3357;-0.0845;0.9281;0.996
134.8253687;0.12;0.0551;0.6978;0.717
134.8343599;0.1543;-0.0751;0.9483;0.971
134.8443041;0.3152;-0.0904;1.2386;1.288
134.8658553;0.5069;-0.0581;0.774;0.931
134.8673387;0.1399;0.0701;1.0086;1.028
134.8896264;0.0919;-0.2263;0.7205;0.767
134.891062;0.3065;-0.0814;1.2801;1.325
134.8945524;0.6837;0.0469;0.5755;0.896
134.9065182;0.2632;0.0118;1.042;1.081
134.9144832;-0.0992;-0.2851;0.9461;1.001
134.9245071;0.3971;-0.0612;1.1783;1.251
134.9362577;0.5126;0.0545;0.8389;0.989
134.9442389;0.2028;-0.1452;1.0439;1.08
134.9633866;0.0561;-0.0291;1.2238;1.233
134.9651372;0.2715;-0.1479;0.7997;0.863
134.9855883;0.3417;0.0465;1.4443;1.492
134.9871847;0.3238;-0.1539;0.7999;0.882
134.9947251;0.1369;-0.0082;1.0774;1.094
135.0049155;0.2679;-0.1411;0.6899;0.759
135.0143781;0.5354;-0.0296;1.186;1.307
135.0246632;0.3053;0.0054;0.7966;0.859
135.0344552;0.0327;-0.1973;0.6431;0.681
135.0443831;0.4382;0.1184;1.0641;1.162
135.0648412;0.4424;-0.1449;0.824;0.951
135.0665387;0.2011;-0.0071;1.111;1.136
135.0860487;0.3379;-0.1364;0.7624;0.85
135.0880374;0.0271;0.0498;1.3893;1.399
135.0944306;0.1978;-0.2027;0.7363;0.795
135.1074587;0.4055;-0.0252;1.3881;1.453
135.1152241;0.2025;-0.0943;0.9805;1.012
135.1246722;0.2025;-0.1185;1.0926;1.124
135.1350202;0.2447;-0.1367;0.864;0.914
135.1445015;0.1866;0.0564;0.9477;0.975
135.1550897;0.4962;-0.1115;0.6953;0.865
135.1666737;0.2127;-0.0384;1.216;1.242
135.1875795;0.2481;-0.2162;0.9482;1.01
135.1921134;0.333;0.103;1.3137;1.366
135.194808;0.2325;-0.1511;0.8019;0.854
135.2061924;0.2514;-0.1455;1.2487;1.289
135.2144505;0.4195;0.0998;1.0193;1.112
135.2244084;0.2221;-0.1934;0.7511;0.812
135.234925;0.2278;-0.0705;1.0169;1.051
135.2445588;0.5286;-0.1466;0.9008;1.059
135.2672821;0.1342;0.0972;1.0917;1.112
135.269001;0.2174;-0.1505;0.6194;0.679
135.2906008;0.5265;0.0577;1.2608;1.373
135.2920972;0.4015;-0.134;0.6624;0.79
135.294552;0.3261;-0.0062;1.3097;1.356
135.3050349;0.3244;-0.1164;0.7743;0.853
135.3149113;0.1123;-0.0781;1.1007;1.117
135.3245544;0.2764;-0.0056;1.0023;1.046
135.3350666;0.3314;-0.1708;0.8567;0.94
135.3445554;0.1016;-0.0291;1.301;1.313
135.3644778;0.2493;-0.1792;0.4894;0.582
135.3660473;0.3067;0.0581;1.0238;1.077
135.3919793;0.0754;-0.1022;0.679;0.698
135.3936586;0.1335;-0.0855;0.9594;0.98
135.394714;0.4704;0.0625;1.1796;1.277
135.4061586;0.1107;-0.1134;1.0326;1.052
135.4144926;0.0524;-0.0473;1.0836;1.094
135.4249944;0.4598;-0.1583;0.9426;1.065
135.4345932;0.2116;0.0539;1.3917;1.416
135.4443794;0.4024;-0.2321;0.5848;0.75
135.4655625;0.1684;0.1526;1.1666;1.196
135.4673223;0.0377;-0.2476;0.5996;0.657
135.490599;0.417;-0.0409;1.1097;1.192
135.4922983;0.5661;0.0794;0.6173;0.844
135.4947206;0.1711;-0.1186;0.5313;0.576
135.5060315;0.1223;-0.0191;1.069;1.084
135.5147481;0.7799;-0.0847;1.0131;1.284
135.5248407;0.1704;0.0963;1.0662;1.091
135.5345587;-0.0181;-0.3039;0.6116;0.69
135.5445442;0.4677;0.1258;1.509;1.591
135.5663533;0.2566;-0.144;0.7611;0.822
135.5682713;0.0958;-0.1342;1.0938;1.114
135.5926782;0.1826;0.032;1.0678;1.091
135.5942412;0.1302;-0.1781;1.014;1.045
135.5951686;0.2448;-0.0316;0.8098;0.853
135.6060802;0.527;-0.086;0.6707;0.86
135.6149836;0.1864;0.0354;1.3821;1.402
135.624946;0.2745;-0.2163;0.5593;0.664
135.6347244;0.3966;0.1154;1.3001;1.37
135.6450456;-0.0178;-0.1859;0.9303;0.957
135.6656619;0.1215;-0.166;1.0941;1.12
135.6676941;0.3935;0.1297;1.1485;1.227
135.6955021;0.2453;-0.2295;0.9;0.966
135.6979906;0.1087;-0.0062;1.4863;1.498
135.698953;0.2306;-0.1094;0.7672;0.814
135.706897;0.1628;-0.0573;1.1318;1.152
135.7145328;0.45;-0.1454;0.9125;1.032
135.7243151;0.5082;-0.006;1.2714;1.375
135.7345251;0.274;-0.1063;0.7743;0.834
135.7442763;0.1972;-0.1323;0.9408;0.977
135.7624628;0.4278;0.0601;1.403;1.474
135.7650684;0.3639;-0.1942;1.0373;1.122
135.7826956;0.1229;0.0033;1.0624;1.077
135.7862698;0.4151;-0.1043;0.6086;0.747
135.7943469;0.256;0.0221;1.3294;1.361
135.8065263;0.5248;-0.2139;0.9569;1.116
135.8143067;0.481;0.0302;1.3114;1.403
135.8247255;-0.0735;-0.0517;0.7341;0.748
135.8348958;0.1614;-0.2588;1.0851;1.134
135.8447964;0.5046;0.0484;1.4857;1.576
135.8621403;0.4958;-0.2234;0.7462;0.926
135.8643993;0.1158;0.0855;1.1345;1.151
135.8819827;0.13;-0.171;0.6212;0.664
135.8858124;0.3039;-0.032;1.3761;1.416
135.8943192;0.3036;-0.0103;0.9337;0.988
135.9041383;0.3166;-0.0586;1.0419;1.097
135.9146174;0.3391;-0.2747;1.1845;1.268
135.9247051;0.4704;0.1606;1.2596;1.36
135.934214;0.3395;-0.1339;0.2958;0.47
135.9444341;0.2558;-0.0202;1.3082;1.34
135.960827;0.4302;-0.1567;0.7658;0.896
135.9650119;0.3671;-0.0161;0.7975;0.883
135.9884554;-0.023;-0.0048;0.6704;0.679
135.9900133;0.2162;-0.2433;0.8631;0.928
135.9945153;0.2812;0.0766;1.503;1.538
136.0047508;0.0908;-0.1901;0.7699;0.805
136.0146236;0.2803;0.0484;1.1871;1.227
136.0247732;0.3651;-0.1168;0.6434;0.753
136.0346865;0.4509;-0.0138;1.0649;1.162
136.0451082;0.5341;0.0426;0.8109;0.976
136.0651122;0.1286;-0.1752;0.6982;0.738
136.0923481;0.4071;-0.2399;0.7652;0.903
136.0941395;0.3077;0.0513;1.261;1.306
136.0952955;0.0844;-0.2066;0.4069;0.47
136.1071057;0.4797;0.05;1.1286;1.233
136.1148723;0.3428;-0.0641;0.891;0.962
136.1247435;0.1043;-0.2226;0.7784;0.823
136.1350065;0.2375;0.1705;1.0923;1.138
136.1452028;0.1477;-0.199;0.6704;0.721
136.164853;0.3062;-0.0104;1.1914;1.237
136.1668217;0.5149;-0.0704;0.7756;0.937
136.1906697;0.0015;0.016;1.1728;1.181
136.1922477;0.2755;-0.1921;0.8408;0.911
136.1947865;0.4539;-0.0109;1.1695;1.26
136.2048615;0.1837;0.0286;0.9731;0.998
136.2148543;0.2328;-0.2316;0.7254;0.802
136.2244314;0.2147;0.074;1.4143;1.44
136.2348027;0.4077;-0.231;0.636;0.793
136.2450229;0.2288;0.0762;1.1526;1.185
136.2679141;0.2046;-0.0426;0.6188;0.659
136.2729326;0.2397;-0.1682;0.5502;0.628
136.2744375;0.4257;0.1736;1.1835;1.276
136.2921521;0.5237;-0.1578;0.7763;0.953
136.2947452;-0.0887;-0.0197;1.3346;1.346
136.3063817;0.0886;-0.1862;0.9823;1.011
136.31473;0.4352;-0.0105;1.6742;1.736
136.3248042;0.4694;-0.0365;0.8893;1.011
136.3373788;0.177;-0.0842;0.5439;0.584
136.3444727;0.081;0.1026;0.8055;0.824
136.3562615;0.4485;-0.2475;0.9552;1.088
136.3650155;0.152;0.0169;1.7543;1.769
136.3746637;0.0687;-0.176;0.9103;0.937
136.3972727;-0.0142;-0.0474;1.2281;1.237
136.3990136;0.4208;-0.0976;0.9795;1.076
136.4205595;1.0874;-0.1063;1.1113;1.56
136.4221251;0.3926;0.1179;0.8631;0.961
136.4248387;0.0128;-0.1799;0.5273;0.564
136.4358286;0.2832;-0.0136;1.6302;1.662
136.4443961;0.2099;-0.117;1.0325;1.067
136.4637542;-0.1575;-0.0088;1.0673;1.088
136.4667757;0.4264;-0.0765;0.8108;0.924
136.488807;0.6644;-0.2151;1.4788;1.64
136.4902659;0.3174;0.1094;1.0088;1.069
136.4946953;0.361;-0.1578;0.5942;0.717
136.5044247;0.2961;0.0128;1.6229;1.657
136.5145367;0.3189;-0.2736;0.8059;0.914
136.5250197;0.3957;0.0801;1.2873;1.355
136.5404149;0.1184;-0.1437;0.7829;0.812
136.5449874;-0.0632;-0.2516;1.1765;1.213
136.5568444;0.3888;0.0552;1.2508;1.317
136.5649738;0.6317;-0.1417;0.6202;0.898
136.5827967;0.1466;0.0536;1.133;1.151
136.5858471;0.1289;-0.1175;0.4962;0.532
136.5946313;0.5571;-0.0265;1.3257;1.444
136.6074166;0.5365;-0.0335;1.3214;1.432
136.6145832;0.0066;-0.2329;0.9011;0.938
136.624787;0.0261;0.1091;1.1846;1.198
136.6370754;0.356;-0.2588;0.948;1.05
136.6445545;0.3652;0.0259;1.3924;1.446
136.6547316;0.4137;-0.0424;0.4372;0.605
136.6645718;0.1401;-0.0581;1.0818;1.1
136.6793083;0.5083;-0.1888;0.8952;1.051
136.7058649;0.5083;-0.0906;0.8952;1.038
136.7084477;0.283;-0.2907;0.4587;0.615
136.7095439;0.4796;0.0238;1.2773;1.37
136.7147382;0.5206;-0.0346;0.7482;0.916
136.7245252;0.1222;-0.0645;1.0682;1.084
136.7393762;0.2047;-0.1073;1.0093;1.042
136.7444263;0.1229;-0.0812;1.0017;1.02
136.7547705;0.1331;0.0601;1.1546;1.171
136.7644596;0.6573;-0.156;0.6366;0.929
136.7791147;0.2193;0.0099;1.2063;1.233
136.803983;0.1215;-0.1506;0.539;0.579
136.8060486;0.4325;-0.0369;1.0883;1.177
136.8069054;0.3043;0.0343;1.1906;1.236
136.8145902;0.2042;-0.2339;0.4795;0.575
136.8248597;0.2024;0.1182;1.4088;1.436
136.8360306;0.3252;-0.1961;0.8101;0.9
136.8449965;0.1823;-0.0556;1.1791;1.202
136.8547042;0.2907;0.0097;0.9511;1.001
136.8644716;0.1277;-0.1858;1.0948;1.125
136.8852956;0.1189;0.0206;1.4409;1.454
136.8875815;0.4294;-0.1465;0.6001;0.755
136.8949212;0.1697;0.0893;1.063;1.088
136.9147581;0.4463;-0.1424;0.6819;0.831
136.9169274;0.5725;-0.0788;0.9899;1.15
136.9272123;0.2498;0.1429;0.9073;0.958
136.9387142;0.3346;-0.2312;0.5882;0.719
136.9442038;0.2421;0.1047;1.4702;1.501
136.9542551;0.4148;-0.2464;0.6813;0.838
136.9644532;0.388;0.1138;1.12;1.197
136.9770499;0.2184;-0.0871;0.8879;0.925
136.9971228;0.3169;-0.2795;1.0199;1.11
136.9986537;0.3556;0.1314;1.2901;1.351
137.0086353;0.4261;-0.1215;0.3972;0.596
137.0148996;0.0514;0.0023;0.9006;0.91
137.0247756;0.2496;-0.0579;0.7993;0.845
137.03564;0.3342;-0.0998;1.4281;1.477
137.0445467;-0.1517;-0.1186;1.5847;1.605
137.0549739;0.3108;-0.3358;1.4046;1.483
137.0643233;0.1419;0.1975;1.6218;1.648
137.0813401;0.0432;-0.2961;0.4601;0.554
137.1067265;0.5659;0.0188;1.3048;1.428
137.1082011;0.7983;0.0925;0.5653;0.983
137.1092721;0.2872;-0.127;0.3291;0.457
137.1147724;0.0927;0.0617;0.6676;0.684
137.1244846;0.4084;-0.1711;0.8665;0.978
137.1361961;0.2788;0.0324;1.4467;1.481
137.1447229;0.6351;-0.0906;0.6493;0.914
137.1549511;1.0181;-0.0247;1.1941;1.572
137.1646854;0.2875;0.0076;1.205;1.246
137.1775956;0.0953;-0.2849;0.7601;0.824
137.2032098;0.2511;0.1983;1.8229;1.858
137.2050476;-0.3476;-0.422;1.143;1.276
137.2061753;-0.549;-0.1318;1.6464;1.75
137.2143163;-0.1832;-0.0313;1.1764;1.2
137.224476;0.2322;-0.3175;0.9669;1.05
137.2383024;0.6028;0.1808;1.3348;1.481
137.2447112;0.8653;-0.0321;0.0085;0.86
137.2544092;0.7979;0.1319;0.5622;0.985
137.2643328;0.6776;-0.0071;0.5649;0.883
137.2757664;0.9407;-0.0252;0.7876;1.228
137.2979116;0.6022;0.1096;0.6095;0.866
137.299329;0.0506;-0.2588;0.7434;0.796
137.3042291;-0.0098;-0.0318;2.111;2.12
137.3144833;0.2013;-0.1539;0.958;0.997
137.3257453;0.1213;-0.1733;1.1246;1.152
137.3375541;-0.3279;-0.018;1.4087;1.456
137.3449835;-0.2304;-0.2377;0.4374;0.557
137.3544372;0.3689;0.1135;0.9597;1.04
137.3657086;0.3009;-0.0415;1.0257;1.076
137.3794574;-0.0103;-0.2702;1.0161;1.059
137.4052438;0.3546;0.1577;0.6754;0.784
137.4068249;0.5597;-0.0076;0.3242;0.646
137.4079786;0.7222;0.065;0.7425;1.04
137.4144667;1.1853;-0.0617;0.2274;1.204
137.4245477;0.6941;0.1224;1.1904;1.388
137.4350521;-0.0772;-0.1765;0.8501;0.88
137.4443806;0.112;-0.1713;1.0829;1.109
137.4546464;0.0184;0.114;1.4007;1.414
137.4647617;-0.2868;-0.2477;0.3621;0.532
137.4778443;0.1733;0.0263;0.9679;0.991
137.503579;-0.1335;-0.2761;0.4255;0.532
137.5053346;0.0687;0.1493;1.1886;1.208
137.506256;0.161;-0.1424;0.6969;0.736
137.5146396;0.3709;-0.0541;0.9827;1.057
137.5248417;0.7989;0.088;0.8535;1.174
137.5379606;0.4887;-0.0586;0.8037;0.946
137.5445677;0.1708;-0.0942;0.9955;1.021
137.5551989;0.7024;-0.1189;0.8274;1.094
137.5648628;0.3125;0.1827;1.2209;1.28
137.5748635;-0.0717;-0.2024;0.3683;0.434
137.5983416;0.1511;-0.1167;0.9405;0.967
137.6037722;0.3186;0.1406;1.4107;1.46
137.6058209;0.3497;-0.3354;0.5289;0.72
137.6146145;0.2965;0.0773;1.0856;1.135
137.6276009;0.1884;-0.1094;0.4469;0.502
137.6392282;0.4247;-0.0866;0.7733;0.891
137.6452345;0.5659;0.1313;1.0079;1.168
137.6549058;0.2812;-0.187;0.4916;0.6
137.6654341;0.0683;0.0013;1.4539;1.464
137.6804845;0.224;-0.1393;0.909;0.953
137.6848585;0.2927;-0.0842;1.1049;1.152
137.694511;0.274;0.0335;1.2544;1.291
137.706826;0.1666;-0.2166;0.7307;0.786
137.714718;0.1888;0.1318;1.3257;1.353
137.7244949;0.284;-0.2077;0.7364;0.821
137.735074;0.1228;-0.0693;1.3199;1.335
137.7447974;0.2165;0.0145;1.0832;1.112
137.7552291;0.2499;-0.2287;0.7045;0.787
137.7648513;0.2349;0.1625;1.6517;1.684
137.7745361;0.4973;-0.2375;0.5622;0.789
137.7934304;0.5736;0.0812;1.0242;1.181
137.7951107;0.3851;0.0018;0.7179;0.819
137.8176318;0.5756;-0.1963;0.6644;0.903
137.8191791;0.505;0.1449;1.1298;1.251
137.8251871;0.2031;-0.081;0.1494;0.265
137.8346984;0.0479;-0.0479;1.0277;1.038
137.8445309;0.0992;-0.0669;1.3516;1.365
137.8545173;0.2326;-0.3229;1.1301;1.204
137.8661437;0.2018;0.1605;1.6554;1.683
137.8805547;-0.0006;-0.2713;0.6845;0.743
137.8847566;0.3062;-0.0741;1.5221;1.561
137.894611;0.5696;-0.0257;0.9976;1.153
137.9083879;0.3412;-0.0261;0.2304;0.412
137.9146125;0.2234;0.1622;0.486;0.564
137.9244649;0.0219;-0.3039;0.9899;1.043
137.9364106;0.2443;-0.0829;2.2372;2.259
137.9443664;0.4615;-0.0821;0.6039;0.767
137.954387;0.2808;-0.0288;0.4945;0.574
137.964275;0.5538;0.0735;1.4639;1.573
137.9786036;1.0492;-0.2414;0.583;1.223
138.001008;0.5022;0.1915;0.9053;1.057
138.0023276;-0.1648;-0.1823;0.7204;0.77
138.0043952;-0.2312;-0.2609;1.7443;1.787
138.0146017;0.0308;-0.0142;1.4077;1.416
138.0249357;0.0143;-0.1319;0.4344;0.462
138.0355986;0.2116;0.0204;1.1797;1.206
138.0444597;0.6872;-0.2238;0.9256;1.177
138.0546501;0.588;-0.0424;1.0336;1.194
138.0643893;0.3005;0.0507;0.8808;0.938
138.0812207;0.1388;-0.2425;0.8022;0.856
138.0863965;0.326;0.073;1.5003;1.544
138.0946161;0.6672;-0.1934;0.8152;1.073
138.1090809;0.2249;0.0772;1.1025;1.135
138.1149279;0.0396;-0.1507;0.7415;0.765
138.1246729;0.3966;-0.1394;0.9426;1.037
138.1342719;0.5072;0.1402;1.3943;1.496
138.14447;0.4571;-0.2358;0.46;0.691
138.1543169;0.1549;0.0434;1.0435;1.063
138.1752389;0.3214;-0.1052;0.8661;0.935
138.1770077;0.5971;-0.1477;1.044;1.216
138.2020979;0.2475;0.1081;1.2075;1.244
138.2037423;0.034;-0.2263;0.314;0.394
138.2050234;0.2326;0.0038;1.5018;1.527
138.2164346;0.385;-0.1087;1.0572;1.136
138.2251571;0.1776;-0.135;1.2331;1.26
138.2346975;0.3171;0.0894;1.2331;1.283
138.2447008;0.2518;-0.2415;0.7971;0.876
138.2546009;0.5986;-0.0614;0.6112;0.859
138.2749886;0.1252;-0.0784;0.952;0.971
138.2764627;0.1211;-0.029;0.9111;0.927
138.2986764;0.4959;-0.1452;0.784;0.943
138.3002005;0.2041;0.1029;1.561;1.585
138.304507;0.2215;-0.2234;0.6024;0.684
138.3192892;0.3695;0.0622;1.017;1.09
138.3249731;0.3591;-0.0221;0.909;0.983
138.3360205;0.3856;-0.2322;0.9025;1.013
138.3444498;0.4991;0.135;1.181;1.295
138.3545711;0.3761;-0.1891;0.1966;0.463
138.3749294;0.1713;0.0288;0.8976;0.921
138.376385;0.3194;-0.0214;0.7217;0.795
138.3987424;0.215;-0.1575;0.7768;0.827
138.4001817;0.1747;-0.0002;1.5193;1.537
138.405405;0.4515;-0.1964;1.0028;1.122
138.4169124;0.0009;0.0165;1.0639;1.072
138.4252942;0.3335;-0.0945;0.9228;0.991
138.4359972;0.5887;-0.076;0.7423;0.953
138.4443429;0.3417;0.176;0.911;0.995
138.4548461;0.0491;-0.3054;0.7291;0.799
138.4771079;-0.0237;0.0191;1.6811;1.69
138.4787188;0.0435;-0.1118;0.8783;0.894
138.5102146;0.1567;-0.1454;0.9105;0.942
138.5118859;0.696;0.0982;1.5927;1.746
138.5135866;0.6953;-0.1902;0.4717;0.861
138.5151953;0.3127;0.0624;0.8749;0.937
138.524458;0.4806;-0.0687;0.68;0.839
138.5352167;0.3858;-0.0522;1.3081;1.371
138.5444507;0.2133;-0.0798;1.0606;1.092
138.5544239;0.1405;-0.0943;0.6169;0.646
138.5742171;0.0431;-0.0242;1.4294;1.438
138.5756189;0.5228;-0.203;0.921;1.082
138.5962986;0.501;0.0198;1.1215;1.234
138.5978594;0.2596;0.0316;0.8447;0.891
138.604197;0.2814;-0.2013;0.7674;0.847
138.6154181;0.6066;0.1146;1.4762;1.606
138.6242427;0.465;-0.2179;0.6114;0.801
138.634449;0.1013;0.0782;1.1204;1.136
138.6442919;0.344;-0.1554;0.8076;0.896
138.6542316;0.2863;-0.0773;1.1455;1.19
138.6713778;0.2596;0.0258;1.1724;1.208
138.6746934;0.5573;-0.2176;0.685;0.912
138.6890294;0.1986;0.0711;1.2552;1.28
138.6941954;0.3794;-0.1831;0.5876;0.726
138.7043524;0.4275;0.032;1.4316;1.501
138.7148855;0.144;-0.1174;1.0636;1.087
138.7242423;0.1735;-0.1352;0.7056;0.745
138.734578;0.3037;0.0054;1.4418;1.48
138.7442974;0.5493;-0.175;0.6715;0.887
138.754354;0.2436;0.0098;0.8513;0.892
138.7719242;0.4725;0.0148;0.7121;0.858
138.7743337;0.4599;-0.1189;0.8726;0.998
138.7913938;0.2795;0.0478;1.017;1.062
138.7945777;0.513;-0.1504;0.4973;0.731
138.8047578;0.225;0.1007;1.3081;1.338
138.8183731;0.352;-0.227;0.8656;0.967
138.824564;0.4859;-0.0419;1.1989;1.3
138.8345175;0.1441;0.0993;0.9536;0.977
138.8442981;0.1951;-0.2772;0.7349;0.815
138.8544741;0.3729;0.032;1.5326;1.584
138.8756894;0.4135;-0.1538;0.614;0.759
138.877341;0.106;0.02;1.0497;1.063
138.8986283;0.1984;-0.0977;0.8002;0.837
138.8999969;0.5121;-0.1653;0.9524;1.098
138.9044342;0.2868;0.1002;1.0537;1.103
138.9159301;0.4354;-0.1289;0.5003;0.678
138.9247757;0.5705;0.0682;1.1565;1.296
138.9347049;0.4159;-0.1779;0.6287;0.778
138.9445131;0.6093;0.0778;1.1829;1.338
138.9549428;0.4294;-0.0748;0.8182;0.931
138.9740901;0.0485;-0.2041;1.0531;1.081
138.9759366;0.2416;0.1259;1.4002;1.434
138.9970672;0.5156;-0.2329;0.7959;0.98
138.9987008;0.0678;-0.0344;1.3023;1.312
139.0049225;0.1335;-0.0519;0.3883;0.42
139.0189235;0.2102;-0.1389;1.1895;1.223
139.0253921;0.2102;-0.1389;1.1895;1.223
139.0346143;0.2693;-0.1496;1.097;1.146
139.0443019;0.3695;-0.3213;0.8017;0.944
139.0544109;0.6869;-0.021;1.4852;1.641
139.0713939;0.6279;0.0792;0.6339;0.898
139.0749589;0.1766;-0.1025;0.8027;0.835
139.0903913;0.2266;-0.0851;1.3155;1.345
139.0942797;0.5111;-0.106;0.9108;1.054
139.104275;0.2038;0.1019;1.0815;1.112
139.1171429;0.0738;-0.2349;0.6873;0.737
139.1345314;0.5049;-0.0053;0.6561;0.831
139.1449467;0.2637;-0.0834;0.7418;0.797
139.1550233;0.3974;-0.0006;1.093;1.169
139.1743746;0.5665;-0.1297;0.4454;0.732
139.1758864;0.3768;0.0988;1.1401;1.211
139.2063392;0.3613;-0.1302;0.7005;0.803
139.2079746;0.16;-0.05;1.1055;1.125
139.2090354;0.1571;-0.0848;1.0975;1.119
139.2178156;0.3635;-0.0991;1.1443;1.211
139.2251085;0.3776;0.0249;1.1827;1.248
139.2350178;0.0724;-0.1841;0.7057;0.74
139.2451397;0.3492;0.0562;1.4281;1.478
139.2549667;0.6761;-0.182;0.6786;0.976
139.2739171;0.0184;0.0057;1.1449;1.153
139.2753265;0.1388;-0.0418;0.571;0.596
139.2990277;0.4692;-0.1;0.8728;1.0
139.3004327;0.5278;0.0106;1.2088;1.324
139.3044977;0.5253;-0.1487;0.4741;0.724
139.3154682;0.3049;0.0977;1.0773;1.13
139.3250906;0.2929;-0.2563;0.7672;0.865
139.3346511;0.411;0.039;1.3005;1.371
139.3448839;0.4289;0.0029;0.8726;0.977
139.3549567;0.1069;-0.0889;0.9792;0.996
139.3737297;0.2221;-0.0963;0.9936;1.029
139.375525;0.4592;-0.1154;0.7099;0.857
139.4012345;0.1936;0.1124;1.2784;1.305
139.4027464;0.3947;-0.2003;0.5473;0.707
139.4048545;0.2348;0.0271;0.8331;0.872
139.4152417;0.3375;-0.0431;0.7436;0.823
139.4249687;0.6999;-0.1527;1.093;1.31
139.4347851;0.2938;0.0467;1.0013;1.051
139.4444773;0.1639;-0.199;0.4745;0.545
139.4543907;0.2425;0.1086;1.5099;1.54
139.4787154;0.3668;-0.2843;0.9346;1.048
139.4809821;0.2266;0.1064;1.2911;1.322
139.4850509;0.2007;-0.1342;0.5645;0.619
139.4945824;0.2443;-0.0558;1.0893;1.124
139.5045357;0.2276;-0.0252;1.1118;1.142
139.5148717;0.4762;-0.1477;0.7199;0.879
139.5245099;0.1788;0.1902;0.9812;1.023
139.5344122;0.2959;-0.2217;0.4733;0.604
139.5443191;0.7117;0.087;1.1918;1.395
139.5548616;0.4052;-0.047;0.4848;0.636
139.5746252;0.339;-0.0248;0.9742;1.038
139.5763502;0.317;-0.0886;1.1025;1.157
139.6031988;0.2074;-0.1223;0.9933;1.029
139.6056073;0.2801;0.0842;1.1483;1.192
139.6065718;0.2522;-0.1692;0.7123;0.78
139.6147306;0.2812;0.0073;1.2283;1.267
139.625226;0.3808;-0.1125;0.6641;0.778
139.6347674;0.2693;0.0211;0.9401;0.985
139.6444178;0.2165;-0.0439;0.7564;0.794
139.6548646;0.1805;-0.0833;0.8683;0.898
139.674507;0.5718;0.047;1.1214;1.264
139.6761245;0.3745;-0.133;0.6714;0.784
139.6995593;0.1697;-0.0268;1.1793;1.199
139.7011677;0.6142;-0.1502;0.6739;0.926
139.7043429;0.2365;0.0578;1.2781;1.308
139.7167287;0.1493;-0.1632;0.7109;0.751
139.7243615;0.2883;-0.031;1.0684;1.113
139.7343364;0.2244;0.0225;0.9917;1.024
139.745022;0.2347;-0.1498;0.7415;0.798
139.754267;0.3336;0.0406;1.1091;1.165
139.7713861;0.1873;-0.1066;0.6839;0.723
139.7751982;0.2185;-0.0125;1.2946;1.32
139.7956846;0.6468;-0.0652;0.8224;1.051
139.7971366;0.3068;-0.0022;0.8728;0.931
139.8048488;0.2871;-0.0668;0.7111;0.775
139.8145084;0.5405;-0.0898;0.8493;1.014
139.8247385;0.1842;-0.1026;0.5385;0.584
139.8344309;0.2128;0.012;1.2706;1.296
139.8468951;0.3779;-0.1488;0.6502;0.77
139.8542272;0.2476;0.0225;1.2945;1.325
139.8643049;0.458;-0.104;0.8774;1.0
139.874294;0.2196;-0.0434;1.1112;1.14
139.8874094;0.0777;-0.0469;0.9897;1.002
139.9085262;0.3735;-0.1306;0.9879;1.07
139.9101361;0.1634;0.096;1.154;1.177
139.9177845;0.2371;-0.2255;0.5787;0.669
139.9244576;0.3117;0.032;1.5144;1.553
139.9345441;0.2813;-0.1997;0.6715;0.76
139.9481538;0.2619;0.0434;1.1568;1.194
139.9548879;0.2697;-0.1272;0.9077;0.961
139.9671234;0.5278;-0.1103;1.1407;1.267
139.9748276;0.3144;0.0243;1.1239;1.174
139.9903434;0.1599;-0.1573;0.7895;0.827
140.0235815;0.3859;0.0032;1.237;1.302
140.0257464;0.2221;-0.1849;0.8937;0.945
140.0270235;0.2708;0.047;1.5687;1.6
140.0283624;0.5266;-0.1649;0.8721;1.036
140.0388861;0.4021;-0.0529;1.0876;1.166
140.0517204;0.5024;-0.027;0.6223;0.803
140.0547918;0.4341;-0.0634;0.9515;1.053
140.0644444;0.5339;-0.0539;1.1884;1.309
140.0748276;0.4212;-0.2237;0.9199;1.041
140.0885148;0.064;0.1738;1.2784;1.3
140.1153867;0.1478;-0.3443;0.8399;0.926
140.1174304;0.5215;0.085;1.6304;1.72
140.1183629;0.5874;-0.1038;0.7336;0.948
140.1243804;0.0912;-0.0351;1.0599;1.072
140.1344426;0.2709;-0.1797;1.1235;1.176
140.1467535;0.3367;-0.0333;1.3801;1.428
140.1544106;0.2706;0.0013;0.6697;0.728
140.1644536;0.4802;-0.1404;0.9963;1.12
140.1745798;0.2733;-0.0768;1.2511;1.29
140.1877333;0.4462;-0.1639;0.6535;0.811
140.1944049;0.4427;0.1936;1.0224;1.136
140.207844;0.2547;-0.2238;0.5199;0.625
140.2186184;0.2584;0.0371;1.3055;1.338
140.2244212;0.4286;-0.0848;0.8516;0.962
140.2348253;0.1509;-0.0219;1.3368;1.353
140.2460665;0.1104;-0.2038;1.1907;1.22
140.2545622;0.3888;-0.0531;1.1162;1.189
140.2652729;0.1079;0.0647;0.8927;0.909
140.2743626;0.4547;-0.1943;0.4116;0.644
140.2882701;0.4997;0.0705;1.1459;1.257
140.3067267;0.1664;-0.152;0.451;0.509
140.3080563;0.4399;0.0514;1.0834;1.176
140.3167736;0.3207;-0.0864;0.6543;0.738
140.3263986;0.2416;-0.0772;0.8491;0.892
140.3342741;0.833;0.0125;0.9546;1.269
140.3453835;0.3979;0.0015;0.7366;0.842
140.3544899;0.1719;-0.0522;0.8633;0.889
140.3643901;0.4137;-0.1504;0.9689;1.069
140.3868264;0.0093;0.0806;1.3775;1.388
140.3885043;0.0082;-0.2544;0.6013;0.66
140.4130845;0.1997;0.0501;1.2053;1.23
140.4148831;0.2711;-0.1272;0.7837;0.844
140.4158662;0.1764;-0.053;0.9907;1.015
140.424403;0.1619;-0.0831;0.9623;0.986
140.4346654;0.4053;-0.2025;1.2073;1.295
140.4444604;0.4549;0.0344;1.3253;1.408
140.4547117;0.3483;-0.0519;0.5838;0.686
140.4729047;0.613;-0.1869;1.018;1.207
140.5016281;0.5984;0.0805;1.3966;1.527
140.5034912;0.2657;-0.1477;0.3876;0.496
140.5045748;0.0778;-0.0053;1.0388;1.05
140.5144728;0.2878;-0.1257;0.7244;0.795
140.5262648;0.6146;0.0934;0.7327;0.964
140.5344307;0.6146;0.0934;0.7327;0.964
140.5493518;-0.0222;-0.2657;0.8585;0.907
140.5546546;0.0225;-0.0657;1.456;1.466
140.5651058;0.4076;-0.1088;0.83;0.936
140.5758822;0.1831;-0.2074;0.7983;0.851
140.5845183;0.1831;-0.2074;1.0873;1.129
140.6041704;0.2832;-0.0837;0.6486;0.718
140.6056497;0.295;-0.2162;1.1853;1.247
140.6243323;0.2167;0.1191;1.1899;1.223
140.6258829;0.0147;-0.2134;0.647;0.689
140.6342995;0.3127;-0.0702;1.402;1.445
140.6458968;0.688;-0.152;0.9237;1.165
140.6541959;0.3476;0.0866;0.9552;1.026
140.6644396;0.2329;-0.1859;0.4341;0.53
140.6740835;0.5744;0.0171;1.311;1.437
140.6845508;0.4217;-0.0531;0.9469;1.043
140.7053781;-0.0503;-0.0465;0.9072;0.918
140.7066551;0.2794;-0.0581;0.9401;0.989
140.7143877;0.3578;-0.1645;1.0818;1.157
140.7241747;0.4244;0.0293;1.127;1.21
140.7343652;0.5007;-0.0845;0.7143;0.88
140.7460214;0.0392;-0.0981;1.132;1.145
140.7541794;0.3299;-0.1843;0.8688;0.953
140.7641438;0.4731;0.1016;1.315;1.407
140.7742586;0.4357;-0.204;0.7034;0.856
140.7840876;0.2448;-0.0716;1.2349;1.268
140.8026496;0.4424;-0.0192;0.8653;0.977
140.8044747;0.3397;-0.0079;1.1035;1.161
140.8144329;0.1622;-0.1134;1.1338;1.158
140.8242097;0.3348;-0.1328;1.0982;1.162
140.8342314;0.1721;0.0689;1.1104;1.133
140.8459277;0.4255;-0.2425;0.8061;0.947
140.8543328;0.6251;0.0677;1.4873;1.62
140.86436;0.1907;-0.1432;0.1502;0.282
140.8864992;0.2874;0.133;0.8813;0.943
140.9080348;0.3931;-0.0644;1.2045;1.275
140.9118226;0.3694;0.0247;0.5984;0.708
140.9143144;0.2586;-0.0121;0.7999;0.847
140.9245619;0.3275;-0.1223;1.1709;1.228
140.9343716;0.556;-0.0677;0.8058;0.985
140.945566;0.2221;0.1792;0.9696;1.018
140.9544127;-0.1003;-0.3203;0.8284;0.902
140.9642451;0.1695;-0.0222;1.7018;1.718
140.9843941;0.4065;-0.0655;0.5864;0.72
140.9862227;0.1107;-0.0716;0.8957;0.913
141.0049131;0.2923;-0.1163;1.0331;1.086
141.0064967;0.3037;-0.1035;0.9294;0.989
141.0154806;0.2904;0.0831;0.7231;0.789
141.0244321;0.4129;-0.1694;0.896;1.006
141.0343312;0.3054;0.0261;0.9669;1.02
141.0453853;0.3913;-0.0684;0.6326;0.751
141.0547286;0.3375;0.0727;1.2679;1.321
141.0647397;0.3573;-0.2386;0.7917;0.905
141.074989;0.3119;0.0655;1.3638;1.407
141.0848724;0.3666;-0.1217;0.4595;0.603
141.1042581;0.3425;-0.0048;0.9974;1.061
141.1152915;0.3797;-0.0875;1.0363;1.113
141.1244862;0.2284;0.0701;0.9785;1.014
141.1344224;0.0472;-0.1235;0.7415;0.761
141.147046;0.2551;0.0173;1.215;1.248
141.1641631;0.6115;0.1498;1.1219;1.291
141.1743186;0.2981;-0.1935;0.3054;0.47
141.1853554;0.1884;0.0423;1.0707;1.095
141.2081137;0.318;-0.1037;0.7134;0.793
141.2127761;0.3553;0.0109;1.1115;1.173
141.2143572;0.2483;-0.1483;0.941;0.991
141.224718;0.0395;-0.1482;1.0084;1.028
141.234454;0.2116;0.0603;1.2256;1.252
141.2477904;0.3382;-0.145;1.0384;1.107
141.2545509;0.2839;0.0589;1.3988;1.436
141.2647858;0.3883;-0.1694;0.6178;0.753
141.2744246;0.1886;0.0944;0.8822;0.914
141.2889566;0.6878;-0.0607;0.2888;0.746
141.3148074;0.2684;0.0941;0.6493;0.714
141.316401;-0.2541;-0.075;0.7812;0.834
141.3176514;0.6109;-0.1841;2.0674;2.17
141.3247829;0.4473;-0.0244;1.2976;1.379
141.3346796;0.2397;-0.1485;0.2821;0.401
141.3469659;0.8028;0.3337;0.3802;0.948
141.3545283;-0.0551;-0.1341;0.4012;0.435
141.3649847;0.9533;-0.197;2.4353;2.628
141.3749114;-0.6246;0.1153;0.9023;1.114
141.3890396;-0.8503;-0.4209;-0.425;1.041
141.4190371;1.1041;0.2425;1.7517;2.089
141.4212021;1.771;-0.0547;0.9142;1.992
141.4223221;0.3292;0.0834;0.4091;0.535
141.4243905;-0.4401;0.0468;0.5444;0.712
141.4349494;-0.197;-0.4912;2.1028;2.177
141.4461702;0.9521;-0.0182;1.0959;1.454
141.4546811;1.0458;0.4054;0.2837;1.154
141.4651506;-0.0087;-0.2496;0.865;0.908
141.4749527;0.2702;-0.3739;1.5868;1.659
141.4880386;0.3754;0.2722;1.3145;1.4
141.5158709;-0.0057;-0.1566;0.1924;0.254
141.5174949;0.0178;-0.277;1.7963;1.826
141.5187157;0.4586;0.0109;1.1296;1.225
141.5244703;0.2257;0.0225;0.6222;0.668
141.5345436;0.2311;-0.1814;1.0908;1.136
141.546895;0.3673;-0.0849;1.5727;1.624
141.5544494;0.4049;-0.0849;0.602;0.734
141.5644975;0.5472;0.1098;0.7448;0.934
141.5749644;0.3297;-0.1136;1.2358;1.29
141.5882011;0.5505;-0.1654;0.9248;1.093
141.6177314;0.3872;0.2125;1.0057;1.104
141.6192913;0.1251;-0.0838;1.3296;1.346
141.6251075;0.504;-0.1965;0.8826;1.039
141.6347824;0.3971;0.1573;1.2233;1.302
141.6457389;0.0572;-0.1225;0.5229;0.547
141.6544764;0.352;-0.0894;1.1527;1.215
141.6642838;0.32;-0.0142;0.9099;0.97
141.6746972;0.4365;0.0092;1.0552;1.147
141.6906784;0.549;0.0011;0.7843;0.961
141.6946168;-0.0509;-0.1102;1.0184;1.034
141.7045147;0.3975;-0.0059;1.0155;1.096
141.7169378;0.7762;-0.0541;0.7377;1.074
141.7247826;0.1533;0.0545;0.9519;0.973
141.7344052;0.156;-0.199;0.5099;0.574
141.7445149;0.4131;0.0436;1.3386;1.408
141.7549352;0.338;-0.1504;0.748;0.839
141.7651176;0.0812;0.0855;0.9856;1.0
141.7745654;0.2795;-0.1328;0.6824;0.754
141.7876609;0.2766;-0.011;1.286;1.322
141.8189133;0.3065;-0.0875;0.9509;1.009
141.820437;0.3842;-0.006;1.0051;1.082
141.8214849;0.0503;-0.0293;1.0355;1.045
141.8288782;0.4328;-0.1364;0.8276;0.948
141.8347469;0.4087;0.0674;0.9263;1.02
141.8445494;0.1521;-0.2177;0.8058;0.855
141.8544508;0.3099;-0.005;1.428;1.468
141.8644769;0.3003;-0.1535;0.6147;0.706
141.8864537;0.1634;0.0822;1.1081;1.131
141.8880752;0.3786;-0.1235;0.9212;1.009
141.9157061;0.5145;-0.0349;1.2565;1.364
141.9174007;0.3861;0.0016;0.6723;0.779
141.9184699;0.231;-0.0755;0.953;0.99
141.9264779;0.2266;-0.0978;1.1845;1.217
141.9346448;0.4167;-0.0685;0.9585;1.052
141.9445598;0.5736;0.0723;0.8827;1.059
141.9550951;0.1437;-0.2322;0.943;0.988
141.964679;0.2023;-0.0325;1.4774;1.499
141.9752229;0.6643;-0.0548;0.8312;1.068
141.9876859;0.4721;0.0869;0.8738;1.002
142.020555;0.0875;-0.2231;0.5571;0.613
142.0221032;0.3009;0.1404;1.3643;1.411
142.023051;0.5585;-0.1879;0.8809;1.063
142.0250708;0.1274;-0.028;1.451;1.465
142.0345799;0.2229;-0.0668;0.8545;0.892
142.0448343;0.2271;-0.1103;1.0384;1.075
142.0545649;0.5733;-0.0789;0.7919;0.984
142.0647992;0.9903;0.012;0.999;1.408
142.0830284;0.111;0.0855;0.6041;0.627
142.0852027;-0.1808;-0.1961;0.507;0.582
142.1089348;0.419;0.0107;1.4843;1.549
142.1103527;0.4928;-0.0737;1.0671;1.183
142.1145507;-0.0127;0.0022;0.9886;0.997
142.1267511;0.1245;-0.1298;0.6127;0.645
142.1346369;0.5567;-0.175;0.9583;1.126
142.1445074;0.3163;0.0611;1.0618;1.116
142.1545803;-0.1968;-0.1444;0.6257;0.681
142.1644295;0.0746;-0.1645;1.2436;1.264
142.1841506;0.7468;0.0738;1.0872;1.325
142.1864514;0.4649;-0.0456;0.7072;0.851
142.2112519;0.1073;-0.0149;0.5497;0.567
142.2129934;0.2912;-0.031;0.7767;0.836
142.2145056;0.7051;0.0439;1.2864;1.472
142.226429;0.6433;-0.1946;0.7497;1.009
142.2349399;0.1661;0.0942;0.8545;0.883
142.2449354;0.2433;-0.2202;0.5282;0.626
142.2545042;0.526;-0.2202;1.5553;1.662
142.2647502;0.427;-0.1272;0.7746;0.898
142.2891044;0.0093;0.014;1.0319;1.04
142.2909322;-0.0311;-0.2031;1.1586;1.185
142.2946717;0.2143;-0.043;1.4569;1.48
142.3046754;0.2794;0.0024;0.8327;0.884
142.3153662;0.3729;-0.188;1.0993;1.182
142.328069;0.3149;-0.036;1.1266;1.177
142.3347809;0.5535;-0.0816;0.7543;0.942
142.3448574;0.3904;0.1307;0.743;0.854
142.3544917;0.2906;-0.2612;0.5611;0.687
142.3643234;0.4663;0.1306;1.3431;1.434
142.3823905;0.5639;-0.1812;0.623;0.861
142.3846715;0.3575;0.0834;0.9868;1.059
142.4104839;-0.0989;-0.1047;0.6826;0.706
142.411999;0.3711;-0.0607;1.4038;1.46
142.4146528;0.8387;-0.0412;0.9841;1.296
142.4261188;0.0761;-0.0166;1.0503;1.061
142.4345486;-0.0722;-0.113;0.6294;0.652
142.4444557;0.3152;-0.1325;0.9004;0.969
142.4546622;0.4457;0.0022;1.1649;1.253
142.4649809;0.2422;-0.1413;0.6718;0.733
142.4854563;0.0887;0.0713;0.9541;0.969
142.4870983;0.2917;-0.178;0.7379;0.818
142.5121207;0.392;-0.0078;1.2249;1.292
142.5138816;0.6126;-0.0669;0.7049;0.939
142.5150262;0.1482;0.0216;1.1082;1.126
142.5263037;0.2573;-0.1693;0.6687;0.741
142.5351722;0.3352;0.0145;1.2471;1.298
142.5449259;0.0789;-0.0669;0.6723;0.688
142.5550008;0.4165;-0.0934;1.0056;1.098
142.564952;0.2671;-0.0248;0.9183;0.963
142.5894849;0.0255;-0.1771;0.9527;0.977
142.594822;0.3983;0.058;1.0762;1.155
142.5958627;0.3843;-0.1116;0.8451;0.94
142.6054153;0.3742;0.0247;1.0156;1.088
142.6195829;0.5068;-0.0949;0.7574;0.92
142.6305936;0.2272;0.0822;1.0572;1.091
142.6346777;0.2;-0.2521;0.6519;0.732
142.6453125;0.4031;0.1384;1.5055;1.571
142.6547399;0.3299;-0.2259;0.5153;0.655
142.6648756;0.2847;0.0566;1.0105;1.058
142.6854886;0.4217;-0.1186;0.689;0.82
142.6869803;0.3083;-0.086;1.0476;1.102
142.711135;0.3839;-0.0679;0.9924;1.072
142.7124771;0.1673;-0.0269;0.9427;0.965
142.7146465;-0.077;-0.1154;1.0364;1.054
142.7251461;0.4587;-0.135;1.2246;1.32
142.7345561;0.3939;0.0599;1.2756;1.343
142.7448533;0.2862;-0.2143;0.6067;0.708
142.7547621;0.2974;0.0198;1.1391;1.184
142.7648767;0.4161;-0.1378;0.6343;0.774
142.7867625;0.3189;0.0228;1.1241;1.175
142.7883522;0.4674;-0.1136;0.6759;0.833
142.8112496;0.2152;-0.0216;1.1957;1.222
142.8131394;0.1269;-0.1677;0.8232;0.857
142.8147665;0.6315;0.05;1.1622;1.328
142.8252729;0.246;-0.0456;0.868;0.91
142.8347444;0.0033;-0.2246;1.052;1.084
142.8449434;0.5396;0.0873;1.1113;1.243
142.8570637;0.3479;-0.1555;0.9329;1.013
142.8649125;0.0586;-0.1075;1.1055;1.12
142.890389;0.3334;-0.1593;0.6886;0.786
142.8919776;0.4642;0.0867;1.1682;1.266
142.8953152;0.3976;-0.2005;0.9338;1.039
142.9046586;0.3021;-0.0766;0.4629;0.561
142.9155242;0.1821;0.0077;1.3859;1.405
142.9265428;0.4914;-0.2316;1.0439;1.181
142.9345851;0.3144;-0.0137;1.3164;1.36
142.9444295;0.0221;-0.0279;0.7176;0.726
142.9542148;0.3016;-0.1932;0.9309;1.003
142.964331;0.5794;0.0545;0.9524;1.12
142.98379;0.399;-0.2255;0.703;0.843
142.9854161;0.1038;-0.0121;1.1024;1.115
143.0077063;0.1338;-0.15;1.0183;1.045
143.0093913;0.1303;-0.0123;1.1292;1.144
143.0144328;0.427;-0.1191;0.7945;0.914
143.0268887;0.6259;0.0534;1.2851;1.435
143.0346055;0.2519;-0.1709;0.7098;0.778
143.044905;0.1175;-0.1129;1.2472;1.265
143.0545757;0.4986;-0.055;0.6961;0.861
143.0645494;0.21;-0.0138;1.1064;1.133
143.0840913;0.2274;-0.2116;0.8165;0.879
143.0856104;0.6852;-0.0056;0.9667;1.188
143.107328;0.3672;0.0131;0.7942;0.88
143.1087947;0.0843;-0.1681;0.7706;0.8
143.1144449;0.5315;-0.0655;1.1645;1.287
143.1264079;0.3658;-0.053;0.882;0.962
143.1346229;0.0873;0.0237;0.9735;0.985
143.1448874;0.4037;-0.1686;0.776;0.895
143.1546481;0.2496;-0.0315;1.337;1.367
143.1647731;0.323;-0.1383;0.4755;0.594
143.1822551;0.3;0.093;0.9965;1.051
143.1848308;0.2278;-0.1973;0.8824;0.938
143.2088953;0.2713;-0.1032;1.2239;1.264
143.2103512;0.5047;0.0759;0.5946;0.786
143.2146893;0.2511;-0.0475;0.733;0.782
143.2248645;0.053;-0.135;0.8533;0.873
143.2344851;0.5287;-0.1;1.1776;1.3
143.2444787;0.2524;0.144;1.2513;1.292
143.2548342;-0.0566;-0.3453;0.6831;0.775
143.2651663;0.1494;0.0129;1.3534;1.369
143.2831131;0.3214;-0.1572;0.6899;0.782
143.2854424;0.5457;0.0829;1.0981;1.234
143.309684;0.2293;-0.1521;0.4466;0.529
143.3111803;0.0853;-0.0059;0.9531;0.965
143.3143956;0.3789;-0.0534;0.7653;0.86
143.3263062;0.4142;-0.0073;0.9955;1.084
143.3350481;0.4587;-0.0412;0.6922;0.835
143.3445169;0.5113;-0.0456;0.8805;1.023
143.3546531;0.5244;0.0158;0.7887;0.951
143.3646958;0.3656;-0.0622;0.5042;0.629
143.3820511;0.2064;0.055;0.9328;0.964
143.3843187;0.3082;-0.2463;0.5646;0.692
143.4026868;0.1105;0.1151;1.2205;1.239
143.4046681;0.0116;-0.2222;0.69;0.732
143.4145706;0.0222;-0.0969;1.3926;1.404
143.4241872;0.4125;-0.0953;0.9917;1.083
143.4344642;0.3227;0.1018;0.8327;0.905
143.4445669;0.0454;-0.0903;0.3495;0.371
143.4548031;0.293;-0.1233;1.257;1.303
143.4645249;0.4208;-0.0224;1.2992;1.372
143.4805195;0.1136;-0.1829;0.8488;0.883
143.4844368;0.0139;-0.0401;1.0106;1.02
143.5023916;0.3584;-0.1865;0.9925;1.077
143.5118175;0.5409;0.1546;0.8273;1.004
143.5145157;0.4027;-0.1052;0.3852;0.568
143.526436;0.3274;0.0453;1.2187;1.269
143.5346289;0.0557;-0.1981;0.9183;0.948
143.5449622;0.0882;-0.0235;1.3873;1.398
143.5604283;0.5926;-0.053;0.8052;1.004
143.5650844;0.3533;-0.0578;1.042;1.108
143.5757159;0.1823;-0.0341;0.4046;0.45
143.5848237;0.3406;-0.0719;1.3046;1.357
143.6000557;0.4303;-0.245;1.8581;1.929
143.6311338;0.286;-0.2188;1.1992;1.258
143.6327325;0.0172;0.2261;0.6853;0.73
143.6339754;-0.1455;-0.2513;0.4194;0.518
143.6350992;0.6331;-0.0697;1.7563;1.874
143.6445093;1.2535;0.0397;1.0225;1.619
143.6594027;-0.2314;0.033;0.7677;0.812
143.6648204;-0.424;-0.4445;1.0016;1.184
143.6747627;0.7005;0.0249;1.9977;2.123
143.6844166;0.5348;-0.0293;0.8537;1.012
143.6972881;0.3299;-0.1399;1.0754;1.139
143.7229578;0.2858;-0.1554;1.0629;1.118
143.7247327;0.0728;0.0076;1.0899;1.1
143.7259155;0.1945;-0.1639;1.4879;1.517
143.734658;-0.0089;-0.0247;1.2267;1.235
143.7445355;-0.0645;-0.1625;0.8914;0.917
143.7562906;0.5365;0.0539;1.4383;1.542
143.7646562;0.5636;-0.1246;0.784;0.977
143.7744568;0.3258;-0.0206;0.8522;0.918
143.7849426;0.5049;-0.123;0.8028;0.96
143.7981331;0.4521;0.0022;1.3952;1.473
143.805398;0.3338;-0.1404;0.4226;0.559
143.8232089;0.4504;0.0497;0.924;1.034
143.8249662;0.3286;-0.0608;0.8248;0.895
143.8344673;0.1972;-0.1222;0.8934;0.93
143.8445192;0.4575;0.0931;0.8429;0.968
143.8560417;0.1636;-0.1512;0.9235;0.957
143.8644216;-0.0194;-0.0456;1.0357;1.045
143.8744184;0.4821;-0.1374;0.8301;0.974
143.8845711;0.3343;0.038;1.311;1.36
143.8975702;0.1792;-0.2792;0.6278;0.715
143.9257217;0.2063;0.0624;1.0188;1.048
143.9273516;0.2215;-0.1237;0.6021;0.659
143.9285229;0.2487;-0.0774;1.1623;1.198
143.9345745;0.4031;0.0225;0.6967;0.809
143.9448021;0.2187;-0.0704;0.9232;0.958
143.9557789;0.1796;-0.0955;0.818;0.849
143.9643169;0.5581;-0.0638;1.0836;1.225
143.9743192;0.2488;0.1043;0.8719;0.919
143.9843943;0.1777;-0.2863;0.6476;0.735
143.9970016;0.4202;0.0776;1.2483;1.325
144.0189725;0.1978;-0.1579;0.6449;0.698
144.0241513;0.197;-0.0497;1.2557;1.279
144.0255026;0.3186;-0.0551;0.9053;0.967
144.034597;0.0266;-0.0544;0.9652;0.975
144.0447841;0.2134;-0.0238;0.7358;0.773
144.0560353;0.5408;-0.0677;1.3928;1.501
144.064395;0.4484;-0.03;0.8466;0.963
144.075398;0.1069;-0.122;0.6305;0.658
144.084717;0.5934;0.0161;1.0647;1.223
144.0985596;0.5079;-0.0904;1.076;1.198
144.1200594;0.2763;-0.1382;0.8649;0.924
144.1247289;0.4043;0.0059;2.0648;2.111
144.1346691;0.2668;-0.2549;0.8098;0.895
144.1444619;0.2922;0.1313;0.813;0.88
144.1564026;0.352;-0.1256;0.6918;0.791
144.1645057;0.2555;-0.0131;1.2121;1.246
144.1746196;0.5393;-0.0573;0.6001;0.811
144.184452;0.4816;0.0303;1.2921;1.385
144.1952926;-0.384;-0.1703;0.9835;1.079
144.2155091;0.2955;-0.2437;0.6929;0.796
144.2169511;1.0621;0.2889;1.0679;1.536
144.2253312;0.1335;-0.2526;0.601;0.671
144.2344066;0.2404;-0.0138;1.0594;1.093
144.2442515;0.6456;0.0257;0.6979;0.953
144.2553758;0.0459;-0.0552;0.9102;0.921
144.2651349;-0.0104;-0.0661;0.5576;0.57
144.2746772;0.2957;0.0823;1.4393;1.479
144.2849529;0.0905;-0.2199;1.2114;1.242
144.3018913;0.1058;-0.2334;1.2538;1.287
144.3050439;0.2575;0.2176;1.1515;1.207
144.3147095;0.004;-0.285;0.3929;0.491
144.3329296;0.4267;0.0491;1.1698;1.252
144.3349498;0.6514;-0.0845;0.7539;1.002
144.3453372;-0.0188;0.0905;0.8131;0.827
144.3555919;-0.1395;-0.1925;0.5654;0.622
144.3644888;0.2416;0.0189;1.5653;1.591
144.3745971;0.5852;-0.1538;0.9855;1.16
144.3845518;0.6997;0.1204;0.9649;1.201
144.4014631;0.554;-0.0358;0.4972;0.746
144.4050134;0.1099;-0.0696;1.0897;1.105
144.414686;0.3877;-0.0721;0.9217;1.008
144.4308457;0.5768;-0.0555;1.1538;1.296
144.4346212;-0.1231;-0.0779;0.958;0.978
144.4443972;-0.0805;-0.3352;0.6109;0.709
144.4555247;0.5193;-0.2343;0.765;0.957
144.4643639;0.3925;0.0578;0.9618;1.046
144.4743806;0.1261;-0.0927;0.6632;0.688
144.4845251;0.3509;-0.0955;1.3243;1.38
144.499152;0.5083;-0.0347;0.7706;0.927
144.5257881;0.167;-0.0632;1.1652;1.186
144.5276674;0.167;-0.0632;1.1652;1.186
144.5289355;0.1204;-0.2674;1.0766;1.123
144.5342576;0.2663;0.0656;1.1291;1.169
144.544545;0.4774;-0.1466;0.787;0.936
144.5581879;0.3128;-0.0299;1.3843;1.426
144.5647928;0.2245;-0.1821;0.4793;0.564
144.5749956;0.3883;0.1418;1.0972;1.178
144.5844463;0.3539;-0.1891;0.7624;0.866
144.5997634;0.0963;-0.0696;1.1399;1.154
144.6281572;0.3275;0.0114;0.7129;0.79
144.6296755;0.2405;-0.1307;0.9886;1.032
144.6305659;0.1358;-0.041;1.3363;1.351
144.6345698;0.5012;-0.1185;0.8592;1.006
144.6447275;0.2285;0.0237;0.8698;0.906
144.6576828;0.0202;-0.2838;0.6712;0.736
144.6653255;0.3009;0.1092;1.4256;1.468
144.6746278;0.5034;-0.1951;0.731;0.912
144.6843151;0.2262;-0.006;1.1342;1.164
144.6992784;0.1891;-0.0608;0.7085;0.742
144.7146321;0.3826;-0.0547;0.9919;1.07
144.7337679;0.5575;-0.1024;1.2064;1.338
144.7368973;0.1358;0.0175;0.8006;0.819
144.7443242;0.2436;-0.1598;0.5463;0.624
144.7545724;0.4603;0.0561;1.2681;1.356
144.7642555;0.4755;-0.1956;0.5866;0.782
144.7745641;0.1809;0.0812;0.975;1.002
144.7843526;0.0842;-0.2007;0.8246;0.86
144.7950987;0.3688;-0.1098;1.4867;1.542
144.8200218;0.2711;-0.0142;0.7165;0.772
144.8215434;0.2553;-0.0796;0.6831;0.739
144.8247522;0.398;-0.0436;1.1758;1.248
144.8344406;0.2543;-0.156;0.9113;0.965
144.8448306;0.1029;0.1087;1.0456;1.064
144.856936;0.2152;-0.1924;0.6202;0.689
144.864437;0.2361;-0.0606;1.2373;1.268
144.8749464;0.4416;-0.1169;0.5634;0.728
144.8845428;0.3459;0.0581;1.1964;1.253
144.8979102;0.3307;-0.2487;0.6923;0.811
144.9220153;0.2234;-0.0208;0.8258;0.862
144.9240604;0.2825;0.0643;0.9077;0.959
144.9253892;0.3283;-0.1708;0.763;0.853
144.9345046;0.1815;-0.0395;1.0209;1.045
144.9445627;0.2933;-0.1335;0.7947;0.863
144.9554566;-0.0757;0.0763;1.4143;1.427
144.9644786;0.2963;-0.2926;0.9081;1.004
144.9746879;0.4202;0.0337;1.2879;1.361
144.9848219;0.1851;-0.1037;0.4707;0.521
144.9995204;0.4683;0.0158;1.0761;1.179
145.0209526;0.4086;-0.0774;0.7653;0.875
145.0223594;0.1691;-0.1964;0.5806;0.641
145.0249961;0.1335;0.0651;1.058;1.076
145.0347241;0.5116;-0.0972;0.757;0.922
145.0448803;0.4627;0.1157;0.575;0.75
145.0546592;-0.0989;-0.1185;0.2996;0.346
145.0648129;0.3701;-0.1483;1.9416;1.989
145.0749031;0.9717;-0.1215;1.3261;1.652
145.0862456;-0.049;0.0558;0.6108;0.624
145.0995058;-0.6299;-0.1617;0.2502;0.705
145.1235926;0.0457;-0.4336;1.98;2.035
145.1255718;1.3058;0.0721;2.4111;2.747
145.1263943;0.2471;0.0067;0.0528;0.249
145.1348701;-1.2367;-0.1501;-0.0257;1.252
145.1449495;-0.1344;-0.3359;1.1694;1.232
145.1547159;1.785;0.0426;2.0732;2.739
145.1649007;0.8669;0.1019;0.3108;0.924
145.1744571;-0.5872;-0.0622;0.3487;0.695
145.1946359;-0.1;-0.5034;1.5746;1.664
145.1962565;1.3817;0.0271;1.5399;2.071
145.2181956;1.2153;0.3765;0.1706;1.28
145.219476;-0.018;-0.3401;-0.0554;0.343
145.2244883;-0.1753;-0.1426;1.1024;1.134
145.2345807;0.0793;0.0072;1.0971;1.108
145.244507;-0.0519;-0.2233;0.8923;0.929
145.2551043;-0.0776;-0.1556;1.3755;1.395
145.2648304;0.3186;0.0548;0.8345;0.901
145.2748929;0.5112;-0.1093;1.1592;1.277
145.2847415;0.4152;-0.0028;0.926;1.02
145.2985877;0.1261;-0.2819;0.7446;0.812
145.3309009;0.2703;0.0958;1.2332;1.273
145.3325435;0.4992;-0.1936;0.916;1.065
145.3354805;0.1295;-0.0614;0.9332;0.951
145.3367262;0.1918;-0.0872;0.4575;0.509
145.3444778;0.529;-0.0061;1.3437;1.45
145.3544577;0.427;-0.0552;0.7463;0.866
145.3644604;0.1461;-0.1537;0.6498;0.69
145.3746613;0.2144;0.0523;0.8758;0.91
145.3844559;0.3734;-0.203;1.2888;1.363
145.398607;0.3161;0.0186;1.0462;1.099
145.425829;0.044;-0.1444;0.4022;0.436
145.4272773;0.0175;0.009;1.502;1.51
145.4281364;0.4831;-0.2351;0.9167;1.067
145.4369429;0.4826;0.1058;1.0833;1.196
145.4445437;0.0544;-0.0605;0.2364;0.256
145.4544449;0.1504;-0.2049;0.9834;1.023
145.4645085;0.7324;-0.0193;1.0169;1.257
145.4743954;0.4997;-0.0829;0.5794;0.772
145.4851702;0.1306;0.0535;0.9179;0.936
145.4964014;0.1443;-0.2579;0.8829;0.937
145.5201547;0.2755;0.0496;1.3946;1.429
145.5215982;0.353;-0.1939;0.705;0.816
145.5244217;0.2477;0.0834;1.4179;1.449
145.5371112;0.1896;-0.2912;0.7652;0.846
145.5445529;0.0305;-0.0759;1.1065;1.118
145.5562401;0.3196;0.0677;0.8973;0.961
145.5645312;0.3514;-0.2063;0.9538;1.043
145.5747824;0.0895;0.0057;0.8369;0.849
145.5935588;0.3428;-0.1358;0.4556;0.589
145.5951916;0.3764;0.0888;1.2102;1.277
145.6164589;0.5073;-0.2603;0.7722;0.963
145.6208729;0.4284;0.0706;1.0621;1.153
145.6244814;0.1904;-0.1446;0.752;0.795
145.6361212;0.0832;-0.0514;1.6117;1.623
145.6448603;0.4146;-0.0702;0.7372;0.853
145.6554033;0.3668;-0.1193;0.888;0.973
145.6645229;-0.037;-0.0166;1.065;1.074
145.6746795;0.3183;-0.183;0.8038;0.889
145.6958496;0.2234;0.0104;1.011;1.042
145.6974616;0.1113;-0.2257;0.5921;0.649
145.7187274;0.45;0.0266;1.4388;1.514
145.7203848;0.2896;-0.0829;0.5289;0.613
145.7247705;0.2306;-0.0562;0.8407;0.88
145.7356899;0.5933;-0.0614;1.2416;1.382
145.7443782;0.3276;-0.1797;1.3935;1.449
145.7544639;0.1614;-0.012;1.1126;1.132
145.764741;0.0613;-0.1132;0.7506;0.769
145.7748592;0.0404;0.0231;1.4517;1.461
145.7936311;0.6635;-0.3305;0.9546;1.211
145.7956467;0.4054;0.2237;1.0397;1.144
145.8208466;-0.0635;-0.1912;-0.0635;0.209
145.8223887;0.3779;-0.0176;0.9921;1.067
145.8249364;0.9651;0.006;0.7915;1.249
145.8367089;0.4718;0.029;0.4146;0.63
145.844907;-0.0597;0.0349;0.6473;0.66
145.8551145;0.278;-0.3654;1.772;1.837
145.8646629;0.6038;-0.0232;1.8453;1.948
145.8747767;0.231;-0.0884;0.7299;0.777
145.8943605;-0.4131;0.0556;1.1295;1.214
145.8959377;0.07;-0.392;1.0287;1.11
145.9226662;0.1823;0.1248;1.5761;1.599
145.9247384;-0.7818;-0.3481;1.3242;1.586
145.9260357;0.2017;-0.5019;2.9965;3.052
145.9361539;0.6174;0.1683;1.4678;1.607
145.944721;-0.6618;-0.2049;-0.6824;0.97
145.9546309;0.4333;0.2697;0.4848;0.707
145.9644656;2.5917;-0.2083;2.1344;3.365
145.9747792;0.945;0.0861;0.9339;1.333
145.9954967;-0.5596;-0.0495;1.4485;1.563
145.9973149;-0.2448;0.1137;2.1489;2.175
146.0194522;1.2264;0.5282;0.8625;1.59
146.0212085;0.6249;-0.1405;-0.6615;0.911
146.0248274;-0.0078;-0.082;1.3768;1.387
146.0352915;0.0072;-0.376;1.8387;1.885
146.0445033;0.4131;-0.0177;0.5179;0.665
146.0545333;0.1518;0.2042;0.8521;0.897
146.0644695;-0.1809;-0.4494;1.4897;1.575
146.0746757;0.149;-0.1593;1.5889;1.611
146.0941662;0.3252;0.1896;0.1045;0.389
146.0958364;0.0388;-0.0203;0.671;0.68
146.119265;0.5607;-0.2913;1.3888;1.531
146.120774;0.7339;-0.0242;1.2779;1.478
146.1245051;0.0663;0.118;0.3366;0.37
146.1356656;0.0002;-0.2139;0.8077;0.843
146.1445384;0.4784;-0.0355;1.3259;1.416
146.1546167;0.4273;-0.1054;0.4328;0.619
146.1645474;0.0998;0.1248;0.8797;0.902
146.1749085;0.3176;-0.1831;0.7811;0.868
146.1992556;-0.0013;-0.0632;1.0828;1.093
146.2018275;0.041;0.0643;0.6169;0.63
146.2045578;0.4095;-0.0044;1.0227;1.107
146.2148406;0.1866;-0.0597;1.0327;1.058
146.2266438;0.1322;-0.088;0.8855;0.907
146.2386038;0.2612;0.1149;0.6729;0.737
146.2448807;0.1879;-0.1448;0.5861;0.638
146.2546374;0.2274;-0.0381;1.1654;1.195
146.2648747;0.6363;-0.0785;0.5063;0.817
146.2747103;0.3551;0.0756;0.9516;1.024
146.2922607;-0.0217;-0.1295;0.4686;0.495
146.2949896;0.3403;-0.0478;0.9365;1.003
146.3178649;0.5215;0.1032;0.9879;1.127
146.3192812;0.2926;-0.2564;0.8782;0.966
146.3248133;0.3473;0.0834;1.0617;1.126
146.3377919;0.1809;-0.1501;0.6872;0.732
146.3554137;0.5203;-0.1196;0.6878;0.873
146.364852;0.2962;0.1051;1.4184;1.46
146.3750478;-0.1654;-0.2303;0.7038;0.767
146.4004392;0.1848;-0.0939;1.1688;1.194
146.4026569;0.6392;0.0192;1.0106;1.2
146.4051936;0.2309;-0.2293;0.808;0.877
146.4147715;0.2189;0.0076;1.3775;1.402
146.44124;0.3786;-0.1407;1.0388;1.12
146.442869;0.2117;-0.0221;1.235;1.26
146.4449456;0.2784;-0.1438;0.8927;0.952
146.4548139;0.1577;-0.0183;1.1479;1.166
146.4645503;0.4807;-0.1595;0.5974;0.786
146.4743781;0.3254;0.0153;1.2581;1.306
146.4967964;0.0976;-0.0755;0.9717;0.987
146.4990455;0.2279;-0.1501;1.1222;1.162
146.5245224;0.2839;0.0067;1.1198;1.162
146.52619;0.4845;-0.1566;0.5868;0.779
146.527288;0.5545;0.1119;1.0942;1.237
146.5356174;0.4467;-0.215;0.764;0.914
146.5445286;0.2171;0.0533;1.2151;1.243
146.5547595;0.2491;-0.0785;0.6283;0.686
146.5644114;0.0652;0.0486;1.2891;1.3
146.5746239;0.0055;-0.1664;1.0553;1.076
146.5945974;0.4896;-0.1004;1.0883;1.203
146.5963633;0.1384;0.1307;0.7592;0.79
146.6238013;0.1416;-0.2216;0.7421;0.794
146.6256838;0.4462;-0.0209;1.4834;1.555
146.626976;0.2575;-0.0699;0.592;0.654
146.6356355;0.2646;0.0129;1.05;1.089
146.6451428;0.3889;-0.1562;0.9014;0.999
146.6548163;0.3143;-0.0293;1.2234;1.27
146.6644455;0.2485;-0.0082;0.703;0.752
146.6742426;0.3324;-0.0297;0.9706;1.032
146.6929914;0.3188;-0.0033;1.0739;1.126
146.6947936;0.1908;-0.1479;0.8063;0.848
146.7179966;0.2797;0.1013;1.0676;1.115
146.7197885;0.4687;-0.2094;0.6597;0.839
146.724343;0.3142;0.1157;1.4234;1.469
146.7344862;0.2206;-0.1783;0.6306;0.697
146.7481469;0.1714;-0.0421;0.8898;0.914
146.7642379;0.471;0.0009;0.8422;0.969
146.7744143;0.1303;-0.1754;0.9554;0.987
146.784672;0.3815;0.0585;1.2183;1.284
146.7944375;0.3332;-0.1621;0.8537;0.936
146.8049241;0.177;0.0988;1.2575;1.281
146.8142076;0.3944;-0.2747;0.6425;0.806
146.8259143;0.3203;0.1375;1.1069;1.167
146.8569016;0.4473;-0.1307;0.6742;0.823
146.8586425;0.3243;-0.0354;1.2279;1.277
146.8598276;-0.0015;-0.0462;0.779;0.789
146.8674523;0.2283;-0.1615;0.9107;0.959
146.8747409;0.3604;0.0831;1.3491;1.405
146.8843039;0.3265;-0.1928;0.8612;0.946
146.895936;0.2229;0.0553;1.0369;1.069
146.9098872;0.4203;-0.1339;0.6377;0.779
146.9146012;0.2812;0.0926;1.2234;1.266
146.9309824;0.0594;-0.1279;0.7835;0.804
146.9358113;0.3141;-0.0784;1.2957;1.342
146.9446654;0.2118;0.0004;0.9647;0.994
146.9544695;0.3018;-0.1595;0.9794;1.043
146.9648678;0.4439;0.032;1.1976;1.283
146.9740968;0.1998;-0.1335;0.6477;0.697
146.9841547;0.2576;0.0795;1.1037;1.143
146.9942494;0.4472;-0.1461;0.8353;0.963
147.0056292;0.2266;0.0137;1.2382;1.266
147.0258238;0.2119;-0.0834;0.6934;0.736
147.027047;0.3045;0.0395;1.2444;1.288
147.035223;0.5784;-0.1302;0.7331;0.945
147.0440791;0.4104;0.0406;1.05;1.134
147.0542907;0.1671;-0.03;0.8903;0.913
147.0658974;0.2273;-0.165;0.8688;0.919
147.0742296;0.2916;0.0539;1.3265;1.366
147.0844126;0.4228;-0.2318;0.8881;1.015
147.0941428;0.0541;0.0782;1.0905;1.103
147.1074369;0.1724;-0.1474;0.6284;0.674
147.1142767;0.4168;-0.0037;1.3882;1.456
147.1333189;0.4485;-0.0781;0.8054;0.929
147.1352164;0.2505;0.0432;0.9785;1.018
147.1443709;0.1055;-0.0939;0.7052;0.726
147.1543413;0.3574;-0.1502;1.0919;1.164
147.1649412;0.3468;0.1769;1.2829;1.347
147.1748794;0.2708;-0.1925;0.5792;0.672
147.1913957;0.1138;-0.01;1.2411;1.254
147.1942594;0.295;-0.191;0.8917;0.964
147.2134222;0.4016;0.085;1.1972;1.272
147.215208;0.3832;-0.048;0.6158;0.731
147.2259708;0.1714;-0.1517;0.9476;0.982
147.234607;0.2144;0.0614;1.0567;1.087
147.244263;0.3997;-0.1316;0.8119;0.919
147.2542914;0.3134;0.104;1.1669;1.219
147.2644345;0.1626;-0.2514;0.6793;0.748
147.2744488;0.3081;0.0887;1.2152;1.263
147.2905665;0.3193;-0.0564;0.7051;0.781
147.2945541;0.219;-0.0075;1.2496;1.276
147.3115755;0.3084;-0.1581;0.7199;0.804
147.3209859;0.2209;0.0151;1.15;1.178
147.3243436;0.3716;-0.0818;0.9797;1.057
147.3343469;0.2533;-0.1542;0.8443;0.901
147.3443484;0.1793;0.0493;1.2216;1.243
147.354311;0.372;-0.154;0.8351;0.932
147.3667163;0.2278;0.0586;1.145;1.176
147.3743275;0.2889;-0.086;0.6114;0.686
147.3842528;0.2587;-0.0322;1.0473;1.086
147.3951669;0.4435;-0.1263;0.8721;0.991
147.4097817;0.2173;-0.0178;1.2157;1.242
147.4344164;0.179;0.0004;0.8521;0.878
147.4357956;0.27;-0.2017;1.0153;1.076
147.4368189;0.2619;0.0363;1.25;1.285
147.444266;0.4515;-0.1714;0.8096;0.947
147.4542714;0.1969;0.0851;1.2355;1.261
147.4673529;0.127;-0.2232;0.9211;0.963
147.4745167;0.3357;-0.022;1.3854;1.432
147.4906912;0.4683;0.0507;0.76;0.898
147.4943588;0.1063;-0.0384;0.8661;0.881
147.5163529;0.4156;-0.0883;0.8361;0.942
147.5180314;0.6836;-0.143;1.1779;1.373
147.5241868;0.1123;0.1531;1.0476;1.072
147.534355;0.1864;-0.2499;1.1743;1.222
147.5444077;0.4121;-0.1355;0.8126;0.926
147.5544052;0.481;0.0272;1.1341;1.238
147.5660845;0.29;-0.0079;0.5331;0.611
147.5748298;-0.0362;-0.1766;1.2073;1.229
147.5845722;0.5044;-0.0671;1.0982;1.215
147.594534;0.5102;0.0994;0.8637;1.012
147.6121034;-0.077;-0.0299;0.9535;0.966
147.6145522;0.2391;-0.2408;0.9144;0.981
147.6244314;0.3463;0.1587;1.502;1.556
147.634521;0.0353;-0.2416;0.6157;0.669
147.6442715;0.1814;-0.0254;1.1948;1.216
147.654226;0.1093;-0.1158;0.773;0.796
147.6672683;0.1076;-0.0849;1.1066;1.123
147.6774883;0.4577;-0.038;1.0724;1.172
147.6871701;0.2595;-0.0751;0.8967;0.943
147.6949625;0.0985;-0.0403;1.112;1.125
147.7043659;0.4642;-0.088;1.0496;1.156
147.7229091;0.4521;0.0688;1.1644;1.257
147.7248359;0.4394;-0.1068;0.5863;0.743
147.7428649;0.3809;0.0839;0.8896;0.977
147.7448176;0.4047;-0.1153;0.4085;0.588
147.7544447;0.3248;0.0368;1.1371;1.189
147.7651253;0.399;-0.0352;0.7843;0.885
147.7742366;0.2861;-0.1719;0.9367;1.0
147.7851877;0.0566;0.0649;1.262;1.273
147.7945187;0.4776;-0.2463;0.8472;1.007
147.8064329;0.3303;0.1164;1.1721;1.23
147.8301226;0.2509;-0.1472;0.6731;0.739
147.8318387;0.1647;-0.0148;1.3495;1.367
147.8344599;0.0495;-0.205;0.9349;0.966
147.8465981;0.2938;0.0785;1.4172;1.456
147.8544547;0.1726;-0.0766;0.738;0.768
147.8650327;0.296;-0.1799;0.7166;0.801
147.8743155;0.3854;0.1456;1.218;1.292
147.8842294;0.4788;-0.1809;0.6208;0.807
147.8946229;0.3542;0.0651;1.3429;1.397
147.906036;0.1044;-0.2158;0.769;0.812
147.9268155;0.1702;-0.0009;1.3473;1.365
147.9283548;0.342;-0.1079;0.7512;0.837
147.9359268;0.4628;-0.0564;1.2211;1.313
147.9454333;0.2853;-0.0288;0.9891;1.036
147.9543711;0.0875;-0.1068;0.8025;0.822
147.9643697;0.2507;0.0638;1.1125;1.149
147.9745732;0.3871;-0.1733;0.7523;0.868
147.984366;0.3155;0.1043;1.0515;1.109
147.9945011;0.3955;-0.1787;0.5186;0.679
148.006674;0.2768;0.0136;1.2894;1.326
148.0291686;0.396;-0.182;0.7947;0.911
148.030934;0.3733;0.0767;1.0719;1.144
148.0344792;0.0632;-0.107;0.8064;0.823
148.0442624;0.2799;-0.1248;0.9971;1.049
148.0544304;0.3319;0.0;1.3831;1.429
148.0642942;0.4186;-0.1333;0.8048;0.921
148.0743675;0.2179;0.0767;1.0388;1.071
148.0844914;0.181;-0.171;0.58;0.637
148.0947282;0.2886;0.0536;1.0889;1.134
148.1069018;0.4322;-0.0546;0.7263;0.851
148.1349301;0.3182;-0.0357;0.9535;1.012
148.13654;0.0588;-0.0241;0.9561;0.966
148.1379257;0.2555;-0.2571;0.667;0.764
148.144883;0.3414;0.15;1.4581;1.512
148.1547184;0.4428;-0.1681;0.5471;0.726
148.1661024;0.0934;0.0442;1.08;1.093
148.1746947;0.0613;-0.1814;0.8141;0.844
148.1854032;0.4413;-0.0649;1.3452;1.423
148.19462;0.3076;-0.0034;0.8414;0.902
148.2045451;-0.0032;-0.0955;0.9685;0.981
148.2245459;0.1452;-0.055;1.2441;1.261
148.2261978;0.441;-0.146;1.1114;1.21
148.2457002;0.2465;-0.145;0.286;0.406
148.2472522;0.2465;-0.145;0.286;0.406
148.2542231;0.0909;-0.0419;1.3661;1.378
148.2681071;0.6251;-0.1448;1.0916;1.27
148.274726;0.5085;-0.0117;1.0658;1.186
148.2843572;-0.0624;0.0136;0.5964;0.609
148.3062272;-0.0031;-0.248;0.9988;1.037
148.3315882;0.1123;-0.0144;0.5877;0.606
148.3334634;0.2121;-0.1246;0.7465;0.792
148.3345694;0.4095;0.0496;1.2505;1.323
148.3444037;0.5911;-0.0097;0.5584;0.815
148.3559983;0.301;-0.0579;1.033;1.084
148.3643559;0.0555;-0.0938;0.8563;0.871
148.377097;0.31;-0.1063;0.8187;0.887
148.4093088;0.2526;-0.2812;0.4188;0.567
148.4109636;0.0094;0.0887;1.2641;1.276
148.4465083;0.1136;-0.1837;0.7282;0.766
148.4480517;0.0881;-0.1494;1.1925;1.213
148.4494834;0.087;-0.0711;1.0701;1.084
148.4543901;0.0539;-0.0033;1.033;1.042
148.4649293;0.2218;-0.1825;0.9557;1.004
148.4744365;0.2792;0.093;1.279;1.319
148.4843365;0.3584;-0.1964;0.6316;0.756
148.5027981;0.0618;0.0222;1.327;1.337
148.5053531;0.2803;-0.1212;0.9085;0.964
148.524565;0.4548;-0.0491;1.082;1.18
148.5262891;0.3027;-0.0222;0.5921;0.67
148.5364786;0.5559;-0.0592;0.7923;0.973
148.5440928;0.6541;0.1092;0.8473;1.079
148.554389;0.3932;-0.1145;0.7491;0.858
148.5658831;0.3209;0.0175;0.941;1.0
148.57406;0.4108;-0.1318;0.8237;0.934
148.5841754;0.1606;0.0398;1.4764;1.493
148.5944432;0.3468;-0.1825;0.6114;0.73
148.605322;0.5062;0.0294;1.317;1.417
148.628109;0.0491;-0.1272;0.8899;0.908
148.6295039;0.0876;-0.2435;1.0584;1.097
148.6341658;0.3821;0.0886;1.3294;1.392
148.6441885;0.0053;-0.2366;0.9298;0.967
148.6541264;0.0651;-0.0672;1.4021;1.413
148.6641717;0.4956;-0.1287;0.851;0.997
148.6744214;0.2885;-0.0093;1.2641;1.303
148.6841098;0.4693;-0.0839;0.8114;0.945
148.6944611;0.3564;-0.0243;1.238;1.295
148.7070559;0.1963;-0.1428;0.9163;0.954
148.7308587;0.2377;-0.0926;0.9838;1.023
148.7325088;0.4014;0.1082;1.1709;1.249
148.7382152;0.361;-0.211;0.6659;0.79
148.7542304;0.3993;-0.0948;0.6944;0.811
148.7642407;0.1073;0.0371;1.264;1.277
148.7744769;0.3249;-0.2195;0.8741;0.963
148.7843254;0.4097;-0.0076;1.011;1.096
148.794418;0.2343;0.1005;0.703;0.754
148.8049626;0.4164;-0.1937;0.7743;0.904
148.8255911;0.5118;0.0654;1.2531;1.361
148.8267764;0.1416;-0.1727;0.7937;0.831
148.8378242;-0.0804;0.0417;1.2818;1.294
148.844314;0.2988;-0.2733;0.877;0.971
148.8541843;0.3198;-0.027;1.4071;1.45
148.8642064;0.2934;-0.0702;0.7922;0.853
148.8741077;0.4026;-0.1136;1.0754;1.159
148.884224;0.1785;-0.052;0.952;0.977
148.8945234;0.3992;-0.1725;0.6453;0.782
148.9052035;0.2926;0.1344;1.1352;1.187
148.9270495;0.1979;-0.2022;0.8405;0.893
148.9295095;0.3022;-0.0257;1.2841;1.326
148.934416;0.307;-0.144;0.8913;0.959
148.9463356;0.2174;0.0423;1.4567;1.481
148.9542508;0.2832;-0.1485;0.7796;0.848
148.964337;0.3136;-0.0704;0.9351;0.995
148.9743589;0.4843;0.0877;0.9416;1.067
148.9841304;0.4377;-0.1631;0.648;0.802
149.0024574;0.097;-0.0226;1.0649;1.077
149.0043629;0.326;-0.1692;0.7221;0.815
149.0253815;0.4975;0.0845;1.3833;1.478
149.0275365;0.1627;-0.128;0.6189;0.659
149.0357131;0.1424;-0.0833;0.9357;0.957
149.0461233;0.5112;0.0259;1.27;1.375
149.0543467;0.3232;-0.1787;1.0171;1.088
149.0645722;-0.0018;0.0953;1.0184;1.031
149.0744032;-0.0423;-0.2696;1.7018;1.732
149.0844347;0.4962;-0.1728;0.7904;0.953
149.1039635;0.5242;0.0701;0.9866;1.124
149.1056263;0.1391;-0.0469;0.6511;0.674
149.1306349;0.3965;-0.154;0.9128;1.012
149.1321277;0.8641;0.1248;0.8874;1.247
149.134516;0.4807;-0.03;0.2814;0.557
149.1463696;-0.1601;0.0713;0.8408;0.868
149.1545594;0.2734;-0.2242;0.6975;0.787
149.1643074;0.4544;-0.001;1.6378;1.706
149.174514;0.0722;-0.0798;1.088;1.101
149.1844311;0.0089;-0.1228;0.9513;0.967
149.2026739;0.1037;0.0304;1.0833;1.096
149.2044827;0.375;-0.1902;0.9724;1.065
149.2229605;0.3979;0.2132;0.8432;0.962
149.2251524;0.2066;-0.1678;0.5584;0.624
149.2356713;-0.0546;-0.0803;1.4179;1.43
149.2462771;0.2807;-0.1429;0.7727;0.84
149.2544882;0.3904;0.0418;1.2657;1.331
149.2649199;0.2671;-0.0837;0.6686;0.73
149.2744563;0.5664;-0.0921;0.6844;0.896
149.2850541;0.604;0.1709;0.8829;1.087
149.3020511;0.2658;-0.2447;0.8428;0.922
149.3273855;0.129;-0.1974;0.6378;0.686
149.3291955;0.0785;0.0525;1.5333;1.544
149.3344933;0.25;-0.1792;0.8661;0.925
149.3456831;0.4429;-0.0097;0.8185;0.935
149.3543785;0.213;0.0013;0.8997;0.931
149.3652276;0.3646;-0.2218;0.6243;0.76
149.3744067;0.3247;0.0866;1.2492;1.3
149.3844736;0.1699;-0.1692;0.6868;0.734
149.4046992;0.3136;0.0213;1.1785;1.226
149.4062626;0.4055;-0.0462;0.5755;0.709
149.427217;0.2673;-0.1054;0.9626;1.011
149.4288983;0.2585;-0.0347;1.2397;1.274
149.4345397;0.2347;-0.1422;0.8461;0.896
149.4452754;0.2138;0.1408;1.3076;1.34
149.4544715;0.0772;-0.2869;0.7846;0.846
149.4644112;0.1209;0.0993;1.3304;1.347
149.4743475;0.4879;-0.1836;0.6344;0.824
149.4844169;0.3892;-0.0083;1.0828;1.156
149.5033243;0.1753;-0.0377;0.8649;0.89
149.5054065;0.1032;-0.1553;1.0127;1.037
149.5245676;0.1542;-0.0268;1.1669;1.185
149.5263278;0.5629;-0.1521;0.7749;0.973
149.5342878;0.2853;0.0338;1.1306;1.173
149.5462862;0.1954;-0.2019;0.7093;0.769
149.5542029;0.34;-0.0078;1.2329;1.285
149.5642776;0.4233;-0.1038;0.8826;0.989
149.574358;0.1749;-0.0932;1.2664;1.289
149.584449;0.1962;-0.0171;0.941;0.968
149.6034622;0.3773;-0.1308;0.6162;0.738
149.6053114;0.3645;0.0503;1.1515;1.215
149.6231463;0.5338;-0.1837;0.6949;0.898
149.6250894;0.1896;0.0222;1.3011;1.322
149.6344107;0.0478;-0.1485;0.5683;0.596
149.6447731;0.2575;-0.176;1.1765;1.224
149.6542573;0.3027;0.0486;1.3544;1.395
149.6642359;0.3287;-0.2654;0.7085;0.829
149.6744527;0.1317;0.0721;1.2094;1.226
149.6844422;0.1118;-0.2794;0.7413;0.806
149.70326;0.2289;0.0064;1.5816;1.605
149.7055373;0.3031;-0.0314;1.0446;1.094
149.7259955;0.2255;-0.1467;0.9537;0.997
149.7292094;0.1834;-0.034;0.8225;0.85
149.7343524;0.599;-0.1731;1.0281;1.206
149.7457715;0.4864;0.089;1.2723;1.371
149.7543309;0.2867;-0.2135;0.4342;0.565
149.7643833;0.1842;0.0713;1.3084;1.331
149.7743719;0.2249;-0.2402;0.8085;0.879
149.784328;0.4525;0.0215;1.15;1.242
149.8025441;0.4509;0.0027;0.731;0.863
149.8044415;0.1852;-0.2588;0.8285;0.894
149.8254731;0.2027;0.0291;1.3495;1.372
149.8269112;0.388;-0.1247;0.7822;0.886
149.8343888;0.1931;0.0559;1.2111;1.235
149.8448495;0.1404;-0.2767;1.4578;1.498
149.8542732;0.4545;0.0574;0.7068;0.846
149.8643185;0.0817;-0.1393;1.0136;1.034
149.8743381;0.3942;0.0506;1.1671;1.239
149.8843805;0.2908;-0.2187;0.75;0.839
149.9032502;0.127;0.0225;1.1583;1.173
149.9049513;0.4363;-0.1869;0.6227;0.786
149.9289887;0.1969;0.0065;1.3553;1.377
149.9308793;0.2248;-0.2014;0.8458;0.904
149.9355321;0.4186;-0.0034;0.9731;1.065
149.9445129;0.2248;0.0279;0.9934;1.026
149.954611;0.2387;-0.1808;0.7023;0.769
149.9648407;0.4837;0.08;1.2845;1.381
149.9746968;0.4542;-0.1782;0.6913;0.849
149.9842542;0.005;-0.0153;1.1841;1.192
150.001321;0.4405;-0.1228;0.782;0.91
150.004554;0.2612;-0.031;1.1549;1.191
150.0234662;0.0418;-0.0298;1.1367;1.146
150.0258019;0.4527;-0.2781;0.8632;1.018
150.0346385;0.2155;0.0407;1.3646;1.389
150.0442783;0.1783;-0.2409;0.6491;0.72
150.0544774;0.3481;0.0503;1.1749;1.233
150.064919;0.3873;-0.1201;0.7484;0.856
150.0743529;0.2394;-0.1135;0.8447;0.891
150.0872885;0.3698;0.0906;0.9335;1.014
150.1044239;0.1627;0.0175;1.2833;1.301
150.1243979;0.4102;-0.1366;0.6712;0.802
150.1265283;0.2253;0.0971;1.2378;1.269
150.1383657;0.1895;-0.2146;0.8705;0.923
150.1476441;0.4185;-0.0173;1.231;1.306
150.1544422;0.1996;0.0067;0.778;0.81
150.1641959;0.1743;-0.241;1.0093;1.059
150.1742001;0.3292;-0.0215;1.2563;1.305
150.1843085;0.4174;-0.128;0.4552;0.632
150.2033936;0.225;0.058;1.157;1.187
150.2056693;0.2007;-0.1131;0.6837;0.727
150.229241;0.3442;-0.1234;1.1286;1.192
150.230653;0.3445;-0.0032;1.213;1.267
150.2353909;0.4157;-0.1506;0.8253;0.941
150.2443915;0.1242;0.1208;0.8314;0.857
150.254421;0.017;-0.2861;0.7492;0.809
150.2643976;0.6446;0.1026;1.6103;1.743
150.2744946;0.3955;-0.0745;0.5181;0.659
150.2841959;-0.1823;-0.1523;0.9634;1.001
150.3025039;0.1964;-0.0616;1.3761;1.399
150.3042219;0.4444;-0.1779;0.9208;1.042
150.322628;0.3806;0.0504;0.8996;0.983
150.3255581;0.4157;-0.1619;0.5218;0.689
150.3341998;0.2063;0.0197;1.342;1.365
150.3461696;0.3255;-0.1178;0.5715;0.672
150.3543767;0.3821;-0.0917;0.8389;0.931
150.364244;0.2216;0.0632;1.1345;1.165
150.3742873;0.1653;-0.2389;1.0305;1.077
150.3849615;0.342;0.0526;1.1281;1.186
150.4045165;0.3319;-0.1294;0.4117;0.547
150.4061529;0.1352;0.0486;1.4057;1.421
150.4275827;0.4554;-0.1969;0.9215;1.051
150.4293489;0.2598;-0.0062;0.9278;0.97
150.434749;-0.0029;-0.0446;0.8625;0.872
150.4444173;0.2645;-0.1683;1.0547;1.107
150.4542865;0.2303;0.0197;1.1681;1.198
150.4644498;0.4762;-0.1289;0.4245;0.652
150.4754293;0.4547;0.0286;1.1962;1.286
150.4843317;0.2293;-0.1004;0.7288;0.776
150.4945983;0.1703;-0.065;0.9015;0.927
150.5043177;0.3765;0.0099;1.0522;1.123
150.5157575;0.1383;-0.1554;0.8847;0.916
150.5364947;0.0986;0.0445;1.2884;1.301
150.5380668;0.4202;-0.1868;0.8075;0.933
150.5488289;0.1024;-0.0002;1.4015;1.413
150.5544084;0.3026;-0.1047;0.8392;0.904
150.5645309;0.3307;-0.1036;1.1222;1.181
150.5743817;0.0905;0.0508;1.1384;1.151
150.5844642;0.4444;-0.2477;0.5308;0.737
150.6010887;0.3827;0.1449;1.0872;1.168
150.6044595;0.2173;-0.1786;0.5848;0.654
150.6236676;0.3147;-0.0238;1.2714;1.317
150.6255684;0.4462;-0.0687;0.739;0.87
150.6344798;0.162;0.0633;1.21;1.23
150.6459993;0.6216;-0.189;0.9936;1.191
150.6545629;0.3136;0.0431;1.202;1.25
150.6644333;0.1732;-0.0807;0.6768;0.71
150.6747651;0.2322;0.0022;1.3865;1.413
150.6843492;0.2459;-0.1037;0.9536;0.997
150.7015125;0.2875;-0.1759;0.6982;0.78
150.7050829;0.307;0.2156;1.0801;1.15
150.731331;0.3534;-0.2391;0.5513;0.7
150.7329903;0.0867;-0.0976;1.1632;1.178
150.7343539;0.2636;-0.0402;0.7114;0.765
150.7444145;0.3953;0.0392;1.2651;1.332
150.75447;0.1051;-0.1026;0.7518;0.773
150.7644372;0.1586;-0.1479;0.8193;0.854
150.7746877;0.4926;0.0672;1.2664;1.366
150.7843415;0.307;-0.1253;0.83;0.899
150.8023154;0.2005;0.0276;1.2359;1.26
150.8044539;0.2843;-0.1451;0.7727;0.841
150.8235777;0.0445;-0.0092;1.315;1.324
150.8255675;0.2036;-0.0536;0.8871;0.918
150.834365;0.5007;-0.0904;0.8914;1.031
150.8442915;0.3439;0.0277;1.0901;1.15
150.8603395;0.1419;-0.1845;0.4106;0.477
150.8758468;0.4571;-0.0748;0.5318;0.707
150.8844023;0.1573;-0.1512;1.058;1.087
150.8942926;0.2924;0.0079;1.2839;1.324
150.904387;0.3446;-0.1815;0.9118;0.997
150.9218771;0.5008;-0.2715;0.6505;0.867
150.9345558;0.2851;0.1191;1.2221;1.267
150.9453073;0.0838;-0.0368;0.615;0.629
150.9570745;0.3187;-0.0909;1.1152;1.17
150.9657789;0.3486;-0.0555;1.1328;1.193
150.9755856;-0.1589;-0.0915;0.8761;0.904
150.9842813;0.1972;0.0629;1.4143;1.437
150.9945839;0.6676;-0.1934;0.689;0.98
151.0048189;0.2701;0.0129;1.2546;1.29
151.0143717;0.4234;-0.0035;1.061;1.148
151.0377337;0.2763;-0.1344;1.1262;1.174
151.0395662;0.1371;-0.0095;0.8593;0.877
151.0655681;0.3737;-0.1407;0.8391;0.934
151.0674048;0.1871;0.0914;1.7428;1.763
151.0688582;0.0401;-0.1783;0.8048;0.833
151.0803903;0.1973;0.0142;1.088;1.113
151.0960549;0.2941;-0.0147;1.1794;1.222
151.1042714;0.6541;0.0992;0.6443;0.925
151.1143884;0.6485;-0.1386;0.6572;0.935
151.135206;0.0007;0.1875;1.3677;1.389
151.1369526;0.4445;-0.1995;0.7206;0.873
151.1595116;0.3942;0.1604;1.3358;1.408
151.1613786;0.028;-0.2647;0.4692;0.546
151.1645304;0.4023;0.0779;1.1429;1.22
151.1780418;0.3391;0.0729;1.0849;1.145
151.1843631;0.1062;-0.2822;0.6745;0.745
151.1952238;0.0266;0.0115;1.2536;1.262
151.2043259;0.2775;-0.0415;0.8155;0.868
151.2146161;0.1924;-0.0379;1.2629;1.285
151.2331885;0.315;-0.0943;0.8176;0.887
151.2359077;0.3031;-0.0723;0.9869;1.041
151.2559549;0.1633;0.0325;1.1132;1.133
151.2578532;0.4421;-0.1644;0.8917;1.013
151.2644156;0.2309;0.1327;1.2277;1.263
151.2753048;0.28;-0.2433;0.3639;0.522
151.2843733;0.3426;0.1037;1.27;1.326
151.2944907;0.3887;-0.0269;0.7371;0.838
151.3044088;0.2574;-0.1384;0.8704;0.924
151.3160712;0.09;-0.0105;1.014;1.026
151.3411275;0.2851;-0.0579;0.7391;0.8
151.3426788;0.2427;0.0705;1.2249;1.258
151.344443;0.2954;-0.2276;0.6933;0.792
151.3545366;0.2242;0.0578;1.3505;1.377
151.3644061;0.336;-0.0495;0.9791;1.042
151.3748893;0.4024;0.009;1.0275;1.109
151.384354;0.0208;-0.0522;0.7989;0.809
151.3943124;0.2483;-0.1521;0.7503;0.81
151.4045503;0.4614;0.1826;0.6127;0.792
151.4172805;0.1003;0.0087;1.1524;1.165
151.4388472;0.2542;-0.0931;0.7702;0.822
151.4403196;0.4698;0.0634;0.871;0.996
151.4445668;0.4755;0.0558;0.9061;1.029
151.454491;0.3889;-0.2092;0.4458;0.629
151.464394;0.0801;0.2075;1.3166;1.343
151.4746164;0.1213;-0.1353;0.6202;0.653
151.4843016;0.4339;-0.0632;1.3357;1.412
151.494328;0.3393;-0.0167;0.9452;1.01
151.5044368;0.0325;-0.0067;0.6599;0.669
151.517094;0.3544;0.0859;1.0281;1.097
151.543541;0.4231;-0.1498;0.8006;0.922
151.5454305;-0.1498;0.0343;1.4178;1.435
151.5462919;0.0551;-0.2348;0.9582;0.995
151.5542962;0.3683;-0.0195;1.6361;1.684
151.5643059;0.2492;0.0164;0.8377;0.88
151.5745395;0.0822;-0.1352;0.056;0.167
151.5848432;0.3748;0.3114;1.0187;1.135
151.5969825;0.6993;-0.3224;0.9356;1.214
151.6043849;0.1906;0.0257;1.4746;1.495
151.6204213;-0.0384;-0.0679;0.5821;0.596
151.6247312;-0.0126;-0.0634;0.9625;0.973
151.6343142;0.3733;0.0285;1.2812;1.341
151.6443247;1.0897;-0.1356;0.9346;1.443
151.6565463;0.4352;0.1835;1.0062;1.117
151.6647571;-0.3154;-0.1885;0.6118;0.723
151.6742562;0.0413;0.0975;1.3927;1.405
151.6842484;0.6462;-0.2424;0.7524;1.023
151.694483;0.2739;0.0399;1.1287;1.169
151.704523;0.0765;0.1003;0.725;0.744
151.7159481;0.529;-0.251;0.5473;0.803
151.7386928;0.3926;0.1099;1.4242;1.488
151.740424;0.3685;-0.1935;0.7414;0.855
151.7442534;0.3319;0.1772;1.2746;1.336
151.7542643;0.0643;-0.1772;1.0645;1.089
151.7643569;0.2766;-0.2394;1.3738;1.428
151.7741987;0.2378;0.2056;1.154;1.203
151.7842165;0.0266;-0.1566;0.5115;0.543
151.7943981;0.1052;-0.0701;1.465;1.478
151.8156068;0.5918;-0.2081;1.0186;1.2
151.8174756;0.0638;0.1242;1.1804;1.197
151.8390947;0.0286;-0.0297;0.3944;0.404
151.8409007;0.6032;-0.1367;0.7316;0.96
151.8444745;0.7405;0.2274;1.2488;1.474
151.8564764;0.6207;-0.0597;0.6782;0.923
151.8643814;0.1145;0.0805;0.9916;1.009
151.8744722;-0.0118;-0.179;0.5996;0.633
151.8845393;0.4797;0.0524;1.4489;1.533
151.8943797;0.4448;0.0268;0.878;0.989
151.9045641;0.1546;-0.0999;0.7129;0.743
151.9171647;0.0947;0.0354;1.2281;1.24
151.941882;0.1868;-0.2266;0.6313;0.702
151.943853;0.1864;0.1015;1.3497;1.374
151.9452033;0.2272;-0.0787;0.6692;0.717
151.9560072;0.1399;-0.0977;0.9379;0.96
151.9642595;0.23;-0.0551;1.0898;1.122
151.9743304;0.5558;-0.0804;1.0248;1.173
151.9843846;0.3092;0.1399;0.9714;1.035
151.9942242;0.0815;-0.2447;0.3446;0.435
152.0144977;0.4867;0.0787;1.4231;1.512
152.0160047;0.6049;-0.0881;0.7085;0.938
152.0386755;-0.001;0.0161;0.951;0.959
152.0402376;0.0668;-0.1551;0.8383;0.862
152.0443736;0.4892;-0.2009;1.1091;1.234
152.058207;0.4198;0.2728;1.2444;1.347
152.0645187;0.1196;-0.3059;0.1045;0.344
152.0745534;-0.0202;0.1008;1.0761;1.089
152.0844389;0.4119;-0.1571;1.1449;1.232
152.0945553;0.4829;-0.0211;0.9905;1.107
152.1049182;0.1871;-0.0242;0.6594;0.692
152.1169688;0.0939;-0.2067;0.8384;0.876
152.1451866;0.3343;0.0952;1.4159;1.465
152.1468802;0.7348;-0.0559;0.5769;0.936
152.1477732;0.2708;0.0279;1.1722;1.21
152.1588939;0.0224;-0.2573;0.712;0.764
152.1643615;0.333;0.07;0.8805;0.95
152.1758597;0.1386;-0.3577;0.4984;0.633
152.1844457;0.0589;0.139;1.5442;1.56
152.1945604;0.172;-0.1516;0.8305;0.868
152.2049297;0.1733;-0.0671;1.0614;1.085
152.2150311;0.2939;-0.0028;1.305;1.344
152.2310017;0.111;-0.221;1.0187;1.055
152.2344568;0.3568;0.0635;1.188;1.248
152.2536526;0.7093;-0.0184;0.7839;1.059
152.2550872;-0.2435;-0.0204;0.7749;0.822
152.2672445;0.1229;-0.1786;0.5312;0.58
152.2802836;0.8828;0.1268;1.5446;1.788
152.2844421;0.4129;-0.0701;0.8072;0.914
152.2942219;-0.0473;-0.1184;0.5871;0.609
152.3048698;0.1487;0.0871;1.2392;1.259
152.3187815;0.6055;-0.3305;1.0197;1.235
152.3544648;0.584;0.2105;1.3237;1.467
152.3560623;0.3563;-0.1075;0.5758;0.689
152.3574017;-0.2919;-0.1287;1.2636;1.312
152.36141;0.1835;-0.0831;1.0578;1.084
152.3742759;0.0078;-0.0694;1.1576;1.168
152.384436;0.0578;-0.3875;0.9597;1.043
152.3946808;0.5751;0.2706;1.2756;1.43
152.4156222;0.6174;-0.2041;0.1894;0.674
152.4173484;0.2455;-0.016;1.097;1.131
152.4380975;0.3283;-0.0018;1.0641;1.12
152.4397594;0.2979;-0.1367;1.065;1.12
152.4443613;0.0828;-0.0221;1.1223;1.133
152.4553493;0.439;-0.2257;0.8278;0.968
152.4643945;0.4573;0.188;0.9443;1.071
152.4742209;0.3357;-0.1577;0.3007;0.478
152.4841533;0.6693;0.0154;1.5024;1.65
152.4959312;0.1693;-0.0897;0.9569;0.983
152.5097277;-0.3084;-0.1383;0.9309;1.0
152.5162505;0.2586;0.0335;1.1202;1.157
152.5379096;0.3965;-0.2729;1.0013;1.116
152.5449572;0.3054;-0.1643;0.6797;0.768
152.5644244;0.2375;-0.0303;1.3765;1.404
152.5662454;0.0616;-0.1278;0.6405;0.663
152.5800707;0.4275;-0.0318;0.7502;0.868
152.5847676;0.5585;0.0509;0.7526;0.942
152.5961503;0.3199;-0.1706;0.6688;0.765
152.6063672;0.3883;0.0994;1.2592;1.328
152.6157053;0.2579;-0.1862;0.8585;0.921
152.632343;0.1338;-0.0395;1.3928;1.407
152.6343932;0.4344;-0.0346;0.7194;0.845
152.6601654;0.2731;-0.0308;0.9094;0.956
152.6614866;0.3068;-0.0481;0.9528;1.008
152.6659269;0.2897;-0.1196;0.7919;0.857
152.675976;0.1255;0.1388;0.9917;1.017
152.6861025;0.1727;-0.2081;0.6161;0.678
152.6951557;0.1344;-0.0756;1.4181;1.434
152.7043662;0.5847;-0.0281;0.6514;0.878
152.7177464;0.4234;-0.0079;0.8702;0.973
152.7245631;0.4137;-0.0436;0.8455;0.947
152.750743;0.3585;-0.1835;0.8836;0.976
152.7531339;0.2277;0.1342;1.1328;1.17
152.7555648;0.2617;-0.1826;0.6258;0.707
152.7644806;0.092;-0.0272;1.3864;1.398
152.7743488;0.1051;-0.179;0.9734;1.002
152.7845285;0.0931;0.0475;1.1075;1.12
152.7943551;0.3634;-0.0696;0.8809;0.961
152.8178732;0.3745;-0.219;1.1192;1.206
152.8194944;0.0296;0.0669;1.2088;1.219
152.82804;0.2929;-0.0467;1.2977;1.338
152.8449857;0.4588;-0.1909;0.8184;0.961
152.8593294;0.4368;0.0563;1.0259;1.122
152.8659575;0.1943;-0.0622;0.528;0.572
152.8744556;0.2923;-0.1669;0.9482;1.012
152.8844271;0.4922;0.1638;1.0297;1.158
152.894761;0.395;-0.0966;0.5535;0.69
152.905754;0.1465;-0.0086;1.1843;1.201
152.9190509;0.199;-0.2311;0.7691;0.833
152.9290603;0.1935;0.0952;1.4532;1.477
152.9489157;0.3045;-0.1328;0.9952;1.055
152.9503755;0.1169;-0.1344;1.1285;1.15
152.9639477;0.0338;0.0018;0.8698;0.878
152.9655705;0.4275;0.077;1.2658;1.344
152.9758336;0.1149;-0.2209;0.5131;0.576
152.9842785;0.2673;0.113;1.3704;1.408
152.9949365;0.3435;-0.3015;0.8881;1.004
153.0144739;0.286;0.0153;1.21;1.25
153.0504762;0.3342;-0.21;0.7673;0.868
153.0518575;0.4233;0.1055;1.2392;1.32
153.0533305;0.3055;-0.0969;0.4644;0.568
153.0570692;-0.0079;0.0333;1.2074;1.216
153.0644266;0.2364;-0.2962;1.1026;1.172
153.0757612;0.4161;-0.0072;1.4109;1.477
153.0842609;0.3578;-0.0376;0.7826;0.866
153.0942685;0.3348;-0.1124;1.0636;1.127
153.1152103;0.4294;-0.0246;1.0042;1.098
153.1169578;0.4462;-0.0856;0.4531;0.643
153.1395643;0.1428;0.1438;1.4099;1.432
153.141434;0.0379;-0.4008;0.9999;1.085
153.144459;0.0691;0.0173;1.173;1.183
153.155718;0.4788;-0.0056;0.7326;0.879
153.164329;0.3382;-0.0404;1.1974;1.251
153.1744833;0.3261;-0.0573;1.0219;1.08
153.1842052;0.4492;-0.0815;0.946;1.055
153.1942171;0.237;0.0574;1.1936;1.225
153.2139257;0.4983;-0.186;0.7943;0.959
153.2154933;0.2353;0.1284;0.979;1.022
153.2387105;0.3023;-0.1996;0.3993;0.541
153.2401809;0.5323;0.0905;1.3429;1.453
153.244735;0.1264;-0.0694;0.9658;0.984
153.2564955;0.043;-0.1793;0.9671;0.992
153.2648564;0.1107;0.038;1.0981;1.112
153.2750317;0.3268;-0.1703;1.0721;1.139
153.285408;0.4835;-0.0043;1.4109;1.497
153.2944435;0.4329;-0.0608;0.7953;0.912
153.3162055;0.0117;-0.0307;0.9924;1.001
153.3178527;0.202;-0.1191;0.5881;0.639
153.3424115;0.6191;-0.0724;1.1974;1.354
153.3445098;0.4108;0.0931;0.7697;0.882
153.3461869;0.1245;-0.2296;0.4276;0.506
153.3598266;0.3266;0.0589;1.154;1.207
153.3646621;0.4129;-0.1807;0.7868;0.911
153.3745507;0.3337;0.0236;1.2196;1.271
153.3847405;0.3861;-0.0683;0.4578;0.605
153.3944824;0.1377;-0.0045;1.1797;1.195
153.4062297;0.278;-0.1081;0.9444;0.996
153.4144;0.2757;-0.0206;1.0446;1.087
153.4313447;0.032;-0.0414;1.0906;1.1
153.4344555;0.018;-0.2042;0.8585;0.89
153.4564693;0.3561;0.136;1.3389;1.399
153.4578548;0.4639;-0.1826;0.3582;0.614
153.4646912;0.1928;-0.016;0.9439;0.97
153.4745331;0.2647;0.0164;0.7833;0.833
153.4842392;0.2636;-0.1239;1.2433;1.284
153.4983789;0.1013;-0.0702;0.711;0.729
153.5130503;0.1013;-0.0702;0.711;0.729
153.5342797;0.5334;-0.2755;1.2196;1.364
153.5355904;0.5232;0.0333;1.3452;1.449
153.5441784;0.2414;-0.0597;0.3329;0.419
153.5541107;-0.0982;0.0666;0.8809;0.898
153.5642104;0.5137;-0.1239;0.7;0.88
153.5741246;0.8105;0.0123;0.9327;1.238
153.5847944;0.184;0.0869;0.7569;0.791
153.5941602;0.0556;-0.2421;0.8705;0.912
153.6042354;0.3193;0.01;1.5029;1.543
153.6141399;0.6435;-0.225;0.5107;0.852
153.6268055;0.4185;0.1923;1.0536;1.156
153.6342277;0.2676;-0.159;0.7244;0.794
153.6468849;0.204;-0.0794;1.0261;1.056
153.6601457;0.0265;0.0173;1.0055;1.014
153.6645623;-0.0205;-0.17;1.238;1.258
153.6744266;0.0579;-0.0497;1.2624;1.273
153.6843163;0.2653;-0.1101;0.6635;0.728
153.6945969;0.2893;0.073;1.0458;1.094
153.7043348;0.5217;-0.1502;0.5684;0.788
153.7142789;0.4581;0.1153;1.2139;1.308
153.7339038;0.1827;-0.176;1.2008;1.234
153.7355701;0.1826;0.0503;0.8472;0.875
153.744815;0.2171;-0.1295;0.57;0.629
153.8109509;0.3806;0.0406;1.3777;1.436
153.8125199;0.3766;-0.1717;0.8054;0.91
153.813828;0.1314;0.0129;1.0066;1.023
153.8150017;0.1728;-0.0467;0.6662;0.696
153.8160892;0.2211;0.009;1.1772;1.205
153.8185149;0.4237;-0.1247;0.6097;0.756
153.8194903;0.45;0.0255;0.9618;1.067
153.8241498;0.2965;0.0612;0.9736;1.026
153.8341193;0.1849;-0.1885;0.763;0.814
153.8445122;0.1908;-0.0082;1.1772;1.2
153.8660929;0.2259;-0.1312;0.6136;0.672
153.8669549;0.1918;0.0773;1.4452;1.467
153.8770658;0.4035;-0.1904;1.082;1.176
153.8849482;0.1115;-0.0307;1.0012;1.015
153.8944751;0.1491;-0.0073;0.8469;0.867
153.9042894;0.5144;-0.0597;1.1705;1.285
153.9144815;0.4459;0.018;1.0054;1.105
153.9282935;0.124;-0.1595;0.4939;0.539
153.9410114;0.1603;0.0905;1.2384;1.26
153.9533192;0.6149;-0.1704;0.8473;1.064
153.9551049;0.2365;-0.0127;1.2811;1.31
153.9641479;0.3067;-0.1046;0.471;0.575
153.9744094;0.3103;0.0056;1.0793;1.129
153.9842392;0.2069;-0.0595;1.0239;1.053
153.9941916;0.4995;-0.113;0.9295;1.066
154.005342;0.1573;0.084;1.0905;1.112
154.014284;-0.0812;-0.2448;0.7908;0.84
154.024327;0.3172;0.0268;1.3435;1.387
154.034296;0.4892;-0.0231;0.86;0.994
154.0459306;0.1673;-0.0154;1.1611;1.181
154.0670543;0.1908;-0.0806;0.5806;0.622
154.0692605;0.4674;0.0257;1.1429;1.24
154.0763215;0.3266;-0.0897;0.8688;0.938
154.0847866;0.1539;-0.177;0.9113;0.948
154.0942884;0.17;0.0035;1.2022;1.221
154.104452;0.1577;-0.2296;0.8019;0.855
154.1143757;0.3156;0.0353;1.3724;1.415
154.126737;0.5101;-0.0441;0.5398;0.746
154.1507682;0.0774;-0.0545;0.8039;0.817
154.1523797;0.4418;-0.0253;0.8783;0.988
154.164336;0.4496;-0.0109;1.2882;1.37
154.1656132;0.1279;-0.1093;0.5423;0.574
154.174485;0.1427;-0.0227;0.9224;0.941
154.1858949;0.524;0.0622;1.1946;1.311
154.1943316;0.5003;-0.107;0.8309;0.98
154.2043066;0.1601;0.0213;1.1523;1.171
154.2163003;0.1638;-0.3039;0.6708;0.76
154.2243036;0.0768;0.1473;1.5993;1.616
154.2343427;0.2849;-0.1906;0.9486;1.014
154.2501446;0.2843;-0.0497;1.0837;1.128
154.2709911;0.387;0.0286;1.0034;1.081
154.2744309;0.5425;0.0297;1.0624;1.198
154.2841746;0.1904;-0.1708;0.7385;0.788
154.2943436;-0.0451;0.0573;1.12;1.131
154.3043867;0.5507;-0.1421;0.9616;1.121
154.3141551;0.6761;0.097;1.202;1.387
154.3297501;0.3486;-0.1225;0.2612;0.452
154.3341209;0.2019;0.041;1.0992;1.125
154.357161;0.2724;-0.0774;1.0049;1.05
154.3584297;0.334;-0.1187;1.2162;1.273
154.3643018;0.0425;0.0809;1.1643;1.176
154.3743641;-0.02;-0.2821;0.8924;0.944
154.3850779;0.3931;0.0766;1.2923;1.359
154.3944414;0.5393;-0.0726;0.7639;0.941
154.404339;0.1035;0.0583;1.1854;1.199
154.4142351;-0.0529;-0.2742;0.9077;0.957
154.4274084;0.2494;-0.011;1.6089;1.635
154.4399578;0.3674;-0.0414;0.8447;0.927
154.4493249;0.1444;-0.0691;1.0959;1.115
154.4605689;0.4214;-0.1218;1.0375;1.132
154.4643533;0.6591;-0.0989;1.2735;1.442
154.474537;0.5479;0.2003;0.7525;0.956
154.4847484;0.0139;-0.1036;0.2944;0.32
154.4943977;0.2008;0.0206;0.8956;0.925
154.5058925;0.3347;0.1821;1.2312;1.295
154.5142446;0.0992;-0.2647;0.238;0.372
154.5292669;0.0712;0.0443;1.4178;1.428
154.5520929;0.2637;-0.1123;1.0776;1.121
154.5538389;0.6816;-0.01;1.3742;1.539
154.5549035;0.3462;-0.0302;1.268;1.321
154.5642487;-0.3783;-0.3325;0.6791;0.854
154.5742437;-0.1471;0.1268;1.0716;1.098
154.5856394;0.7144;-0.1356;1.1976;1.405
154.5942519;0.2932;-0.0198;1.3065;1.346
154.604782;-0.129;-0.1443;0.4865;0.532
154.6143193;0.2565;0.1037;1.2322;1.27
154.6243566;0.6915;-0.1963;0.9657;1.207
154.6428265;0.6087;0.0716;1.1728;1.328
154.6456432;0.5829;0.0915;0.3567;0.689
154.6636428;0.2731;-0.0807;1.0242;1.069
154.665553;0.0894;-0.0781;1.1016;1.116
154.6743668;0.4049;-0.0746;0.7114;0.826
154.6860567;0.1973;0.0911;1.2003;1.227
154.6945487;-0.1941;-0.3463;1.0524;1.133
154.7042639;0.2929;0.0415;1.3501;1.389
154.7142236;0.3629;0.0351;0.6732;0.77
154.727852;0.023;-0.1004;1.3669;1.379
154.7501823;0.5266;-0.1697;0.932;1.088
154.7517172;0.4768;0.1237;1.1655;1.271
154.7543651;0.3208;-0.1344;0.6067;0.703
154.7642653;0.3353;-0.1124;1.0722;1.135
154.7743945;0.4126;0.0385;0.846;0.947
154.7859516;0.2163;-0.0674;0.7719;0.811
154.7941851;0.1956;0.0467;1.1593;1.184
154.804382;0.3916;-0.2514;0.9659;1.077
154.8143306;0.0958;0.0762;1.4168;1.43
154.8243968;0.3869;-0.1771;0.8082;0.918
154.8424417;0.2588;0.0485;1.2061;1.241
154.8445544;0.2435;-0.1638;0.6149;0.686
154.8660818;0.5374;0.0043;1.2107;1.33
154.8675626;0.2615;0.0525;0.7276;0.781
154.8743459;0.1898;-0.1296;0.7364;0.778
154.8855444;0.3066;0.0249;0.8917;0.949
154.8948333;0.3391;-0.1586;0.9485;1.025
154.9050578;0.2525;0.0268;1.3569;1.388
154.914431;0.3071;-0.0493;0.6793;0.752
154.9313642;0.273;0.0287;1.1173;1.157
154.9544577;0.2218;-0.2271;0.983;1.039
154.9578992;0.3005;0.0578;1.545;1.582
154.960064;0.2354;-0.0833;0.7068;0.755
154.9642933;-0.0977;-0.0941;1.1709;1.187
154.974273;0.2108;-0.1197;1.1015;1.135
154.9856373;0.6117;-0.0402;0.9585;1.141
154.9942445;0.349;0.0226;0.7475;0.83
155.0047112;0.2358;-0.1424;0.6754;0.735
155.0144437;0.4208;0.0237;1.1115;1.194
155.0242262;0.391;-0.0812;0.8738;0.966
155.0453219;0.1837;0.0329;0.9845;1.009
155.0468745;0.4037;-0.1554;0.6442;0.779
155.0672735;0.4416;0.057;1.5271;1.597
155.0688994;0.37;-0.2;0.6343;0.765
155.0743875;0.139;0.0886;1.0536;1.074
155.0851467;0.1245;-0.0915;1.0309;1.05
155.0945002;0.3261;-0.2024;1.2259;1.291
155.1043112;0.2783;0.0127;0.887;0.936
155.1144096;0.2593;-0.1048;0.6818;0.742
155.1277864;0.2723;0.0138;1.1991;1.236
155.1479187;0.4214;-0.1457;0.6879;0.823
155.1499524;0.2085;0.0597;0.9524;0.984
155.1543587;0.104;-0.1077;0.8703;0.89
155.1642487;0.1048;-0.1369;1.663;1.68
155.1744817;0.4468;-0.0691;0.9077;1.019
155.1868155;0.4897;-0.0198;0.9537;1.077
155.1941929;0.1316;-0.0453;0.5026;0.528
155.2043485;0.3263;-0.1005;0.8368;0.909
155.2143519;0.6025;0.0682;1.0507;1.217
155.2264404;0.097;-0.1943;0.613;0.657
155.2453604;-0.0733;0.0647;1.1732;1.186
155.2469304;0.4715;-0.1305;0.9152;1.042
155.2549062;0.4824;-0.0106;1.1074;1.213
155.2642967;0.3313;-0.0613;0.4613;0.574
155.2742414;0.205;0.1185;1.1461;1.178
155.287115;0.1097;-0.0644;1.1937;1.208
155.2942924;0.1769;-0.0034;0.9581;0.981
155.3048277;0.1631;-0.1716;0.942;0.978
155.3143599;0.1575;-0.0497;1.2559;1.274
155.3266546;0.5538;-0.1083;0.8291;1.006
155.3490079;0.1715;0.0522;0.8936;0.918
155.3507685;0.1735;-0.1975;0.5727;0.636
155.3543395;0.4841;0.0694;1.2682;1.365
155.3643827;0.4608;-0.1038;0.7087;0.855
155.3742765;0.1328;0.0622;0.9106;0.93
155.3849192;0.1239;-0.1051;0.5631;0.592
155.3944158;0.3417;-0.0759;1.1609;1.219
155.4043674;0.467;-0.0204;1.127;1.225
155.4142613;0.3861;-0.0531;0.7914;0.887
155.4277182;-0.0026;-0.026;0.8119;0.821
155.4488289;0.5476;0.0989;1.35;1.466
155.4505929;0.5476;0.0989;1.35;1.466
155.4545556;0.1934;-0.12;0.6294;0.675
155.4646908;-0.0721;-0.045;1.2006;1.212
155.4747705;0.2012;-0.1049;0.9353;0.969
155.4872386;0.2944;-0.0109;1.1565;1.2
155.4944653;0.3754;-0.0672;0.6878;0.791
155.5052598;0.2266;-0.0175;0.9476;0.981
155.515754;0.1201;0.0304;0.9028;0.919
155.5280545;0.3077;-0.1344;0.7482;0.825
155.5529831;0.4617;0.0371;1.0491;1.152
155.5561229;0.2408;-0.1324;0.6532;0.714
155.5582502;0.2365;0.0176;1.1069;1.139
155.5645069;0.5017;-0.0512;0.7746;0.928
155.5770374;0.0612;-0.0297;1.1913;1.201
155.5867498;0.2315;-0.1116;0.9217;0.963
155.5942675;0.2846;0.0379;1.3942;1.43
155.6057995;0.1404;-0.1074;0.9014;0.926
155.6252665;0.1146;-0.1836;1.0507;1.08
155.627067;0.184;0.0362;1.1297;1.152
155.6488722;0.3902;-0.1642;0.9984;1.09
155.6508076;0.205;-0.0067;0.8583;0.889
155.6542942;0.4365;-0.109;0.6269;0.775
155.6643094;0.3463;0.0462;1.1818;1.239
155.6743403;0.483;-0.1441;0.7132;0.877
155.6856484;0.5045;0.0842;1.1655;1.278
155.694302;0.0225;-0.1424;0.7641;0.785
155.7041947;0.275;-0.0977;1.3895;1.427
155.7142735;0.6634;0.0302;1.0009;1.205
155.7253924;0.1687;-0.1544;0.941;0.975
155.7515339;-0.0265;-0.0502;1.0016;1.012
155.7538492;0.2238;-0.1931;1.0945;1.14
155.7551238;0.3542;0.0706;1.359;1.413
155.7643607;0.1408;-0.2066;0.5677;0.626
155.7746025;0.0674;0.1024;1.0806;1.096
155.7842939;0.2955;-0.2695;0.991;1.074
155.7943161;0.5876;0.0118;1.4637;1.583
155.8042081;0.5894;-0.0519;0.688;0.91
155.8232755;-0.1907;0.0075;1.2144;1.238
155.824816;0.1385;-0.2162;0.8764;0.92
155.845275;0.8239;0.0211;1.3248;1.564
155.8471165;0.2938;0.0536;0.7889;0.849
155.8543584;-0.2922;-0.231;0.8196;0.909
155.8653611;0.119;-0.0424;1.3578;1.371
155.8742566;0.6563;-0.2284;1.3077;1.485
155.8844964;0.3032;0.0726;1.1622;1.21
155.8943229;0.1901;-0.0679;0.3699;0.426
155.9042412;0.382;0.0313;0.9988;1.075
155.9149855;0.8198;-0.1489;1.0534;1.346
155.9252669;0.4641;0.1465;1.0685;1.179
155.9463645;-0.0314;-0.0989;0.5141;0.533
155.9482688;0.0282;-0.1754;1.393;1.412
155.9557476;0.686;0.0011;0.9059;1.139
155.9642082;0.782;0.075;0.7629;1.097
155.9747144;0.0075;-0.0656;0.5441;0.556
155.984127;-0.149;-0.2503;1.3078;1.348
155.9944899;0.4102;0.0443;1.6875;1.744
156.004227;0.0553;-0.1647;1.0204;1.043
156.0232707;-0.0989;-0.0379;1.2663;1.279
156.025178;0.2873;-0.1146;0.8722;0.931
156.0444475;0.423;0.0612;0.4298;0.608
156.0460895;0.6393;-0.08;0.4298;0.774
156.0557102;-0.1054;-0.198;0.8384;0.876
156.0647495;0.3549;-0.0809;1.4055;1.458
156.0744949;0.6001;0.0274;1.0578;1.221
156.0862983;0.419;-0.0861;0.4611;0.631
156.09443;0.4162;0.1346;0.6576;0.794
156.1049125;0.47;-0.2161;1.1151;1.234
156.1146545;0.2439;-0.0495;1.1643;1.197
156.126658;0.026;-0.011;0.6619;0.67
156.1524132;-0.1556;-0.0474;1.1074;1.128
156.1542502;0.5088;-0.1992;1.0415;1.181
156.1552347;0.6291;0.0691;1.0632;1.241
156.1676899;0.3689;-0.0125;0.318;0.488
156.1745587;0.2608;-0.1167;1.1223;1.165
156.1863211;0.1641;-0.0834;0.7729;0.801
156.1947234;0.2136;-0.0575;0.8907;0.924
156.2052197;0.2535;-0.0555;1.1526;1.188
156.2283354;0.0336;-0.2003;1.3065;1.33
156.2302623;0.2461;-0.0836;1.104;1.141
156.2582534;0.4494;0.0104;0.7782;0.903
156.2598178;0.1543;-0.0472;0.6537;0.68
156.2608178;0.5261;-0.0504;0.3162;0.615
156.2694716;0.3553;0.0867;1.0042;1.075
156.2747897;0.023;-0.3073;0.9399;0.996
156.2870077;0.3276;-0.0888;1.6905;1.731
156.2947452;0.3717;-0.0327;0.6739;0.775
156.30428;-0.0277;-0.0579;0.6586;0.67
156.3259662;0.5119;-0.059;1.0782;1.2
156.3275025;0.66;-0.0801;1.15;1.332
156.3524377;-0.0816;-0.015;0.705;0.719
156.3542023;-0.253;-0.1443;0.8662;0.923
156.3553493;0.0307;-0.0324;1.4599;1.469
156.3690678;0.4252;-0.2227;0.8578;0.987
156.3744292;0.4401;0.1097;0.9397;1.049
156.3843547;0.4893;-0.1566;0.5087;0.725
156.394252;0.3247;-0.0259;1.2806;1.328
156.4051247;0.474;-0.1212;0.7531;0.902
156.4221748;0.5086;0.0818;1.0398;1.165
156.4242611;0.2332;-0.0848;0.642;0.694
156.442056;0.1322;-0.0504;1.149;1.165
156.4444334;0.2329;-0.0763;0.7948;0.838
156.4543306;0.2409;-0.163;1.0478;1.094
156.4659577;0.2668;0.0082;1.5458;1.576
156.4745847;0.1432;-0.2217;0.8941;0.939
156.4849314;0.0248;-0.0048;0.9991;1.008
156.4945821;0.3413;-0.236;1.1281;1.208
156.5048711;0.4986;0.0083;1.4165;1.508
156.5264483;0.2916;-0.0927;0.287;0.421
156.5283521;-0.1021;-0.0078;0.731;0.747
156.5502537;0.3767;-0.138;1.2584;1.327
156.5517513;0.501;-0.0592;1.3014;1.401
156.5544357;0.29;-0.0595;0.4932;0.579
156.5657288;0.2497;-0.0274;1.3463;1.377
156.5747877;0.3639;-0.1737;0.9686;1.055
156.5844171;0.7378;-0.0307;0.9007;1.167
156.5945848;0.6259;0.0303;0.7352;0.969
156.6048756;-0.1286;-0.219;0.6637;0.719
156.6160884;-0.1159;-0.0011;1.0037;1.019
156.6245202;0.504;-0.1009;0.9356;1.072
156.642471;0.0483;-0.0836;1.3877;1.399
156.6452772;-0.0316;-0.1728;0.7281;0.757
156.6649428;0.4183;-0.018;1.1769;1.255
156.6666345;0.4468;-0.097;0.69;0.831
156.6746487;0.2671;-0.0595;1.0199;1.062
156.6848225;0.3386;0.0188;0.7259;0.806
156.6944903;0.1165;-0.128;1.2135;1.233
156.7047989;0.2249;-0.1906;0.984;1.034
156.7185171;0.3682;-0.0094;0.9129;0.99
156.724317;0.0999;-0.087;0.9041;0.921
156.7433554;0.4118;-0.104;0.8559;0.96
156.7452798;0.5398;0.0724;1.0056;1.148
156.7710107;0.0745;-0.0959;0.7085;0.726
156.7728807;0.2956;0.0013;1.2439;1.285
156.7746412;0.5601;-0.1353;0.6502;0.871
156.7849213;0.0452;-0.011;0.9623;0.971
156.7949901;0.2839;-0.1794;0.7634;0.839
156.8048015;0.265;-0.0142;0.9235;0.967
156.8143306;0.1715;-0.1284;1.0702;1.098
156.8242186;0.2027;-0.018;0.8858;0.916
156.8378755;0.0991;-0.0999;1.0625;1.079
156.8448979;0.517;-0.0749;0.9276;1.069
156.8594306;0.5487;-0.0147;1.1152;1.248
156.8690568;-0.0508;-0.016;0.9565;0.967
156.8745794;0.2764;-0.1417;0.6769;0.75
156.8842328;0.6122;-0.0009;1.2209;1.37
156.8941774;0.427;-0.1504;0.7149;0.85
156.90419;0.2436;0.1393;1.0128;1.058
156.9164754;-0.0183;-0.1665;0.7318;0.759
156.924225;0.1667;-0.1571;1.5799;1.604
156.9343796;0.5254;0.0186;1.0873;1.213
156.9443978;0.2595;0.0177;1.0368;1.075
156.9558785;-0.0555;-0.2006;0.6885;0.727
156.9745395;0.1776;-0.061;1.2696;1.291
156.9757348;0.5883;0.0484;1.084;1.239
156.9847153;0.2799;-0.1256;0.9064;0.963
156.9942289;0.1561;-0.0695;0.8804;0.904
157.0042643;0.4156;-0.1344;0.6757;0.808
157.0153435;0.3909;0.0991;0.9715;1.057
157.0241142;0.5827;-0.0636;0.8143;1.007
157.0343756;0.0784;-0.0145;1.1974;1.208
157.0447638;-0.0658;-0.2476;1.168;1.204
157.0557729;0.4689;0.0428;1.5691;1.644
157.0770968;0.4558;-0.0616;0.6564;0.805
157.0783588;0.0072;-0.0663;0.7872;0.798
157.0862888;0.435;-0.0381;0.7592;0.88
157.0942959;0.5426;-0.1156;1.2102;1.336
157.1045111;-0.0435;0.0092;0.6955;0.706
157.1150905;0.1521;-0.0525;0.7933;0.816
157.1244513;0.3236;-0.1005;1.0861;1.144
157.1342616;0.371;-0.0953;1.2419;1.306
157.1448312;0.6154;0.0993;1.038;1.215
157.1585799;0.1943;-0.1774;0.9689;1.01
157.1838778;0.0296;-0.0572;1.4119;1.421
157.1855962;0.4131;0.0117;0.7387;0.851
157.1865582;-0.0126;-0.0254;1.0601;1.069
157.1944578;0.0247;-0.3509;1.4168;1.467
157.2049733;0.3851;-0.0029;1.8205;1.868
157.2146255;0.1809;-0.0865;0.6629;0.699
157.2247948;-0.0407;-0.0558;0.6261;0.638
157.2410628;0.4512;0.0546;0.7412;0.874
157.2454248;0.8972;-0.0346;1.5954;1.835
157.2659021;0.6222;-0.1421;1.0088;1.197
157.2673084;0.2095;0.0496;0.5108;0.56
157.2744097;0.1637;0.1335;-0.1438;0.248
157.2848601;0.7995;-0.0435;0.1712;0.815
157.2944489;0.9218;0.1164;1.1209;1.459
157.3047067;0.3612;-0.3202;1.7151;1.788
157.3173065;-0.0369;0.1285;1.2066;1.223
157.324289;-0.2836;-0.1169;0.3679;0.489
157.3345457;0.2899;-0.0059;1.5648;1.599
157.3445006;0.812;-0.1838;1.0215;1.32
157.3562443;0.0614;0.1675;0.913;0.938
157.3813386;-0.4613;-0.2393;0.4111;0.671
157.3827168;-0.3293;-0.1876;1.6409;1.693
157.3842679;0.0975;-0.1107;1.1433;1.16
157.3942725;0.4065;0.0297;0.9747;1.062
157.4044727;0.632;-0.0129;0.7165;0.958
157.4168522;0.2079;0.0169;0.8129;0.846
157.4246813;0.0939;-0.1573;1.0316;1.055
157.4346336;0.5811;0.0461;1.4781;1.594
157.4443497;0.2508;-0.0133;0.9081;0.949
157.4571257;-0.0777;-0.0982;1.0104;1.027
157.4818579;0.2031;-0.0865;1.205;1.232
157.483261;0.5287;-0.1229;0.6748;0.869
157.4844021;0.2354;0.1717;0.6868;0.752
157.4946788;0.4896;-0.1967;0.4772;0.712
157.5048762;0.4219;0.1176;1.2681;1.348
157.5146904;0.206;-0.1867;0.7184;0.776
157.524554;0.6026;0.0796;1.0734;1.238
157.5414738;0.4534;0.0228;0.8093;0.932
157.5459898;0.1581;-0.1258;1.1228;1.148
157.570532;0.5349;-0.0768;0.7234;0.906
157.5722166;0.2632;0.029;1.1511;1.188
157.5746744;-0.2156;-0.1521;0.9182;0.964
157.5844019;0.2795;-0.1138;0.9569;1.009
157.5945793;0.2127;-0.0387;0.6888;0.728
157.6043934;0.5714;0.1262;1.0836;1.236
157.6142897;0.3667;-0.1615;0.684;0.797
157.6243049;0.143;-0.0375;1.0694;1.087
157.6400595;0.4256;-0.0723;0.9734;1.07
157.6448353;-0.1127;0.0517;1.3247;1.339
157.6612223;0.0408;-0.2499;0.7123;0.763
157.6643718;0.4409;0.0448;1.445;1.518
157.6745335;0.3411;-0.1449;0.6313;0.736
157.6847231;0.1252;-0.0297;0.9982;1.014
157.6944552;0.2239;0.0054;0.7564;0.795
157.7044574;0.2138;-0.1096;1.0437;1.078
157.7143925;0.1885;-0.0048;0.7664;0.796
157.7245009;0.4156;0.0354;1.1258;1.206
157.7385913;0.1912;-0.0878;0.8478;0.88
157.7571029;0.2592;-0.0931;1.2487;1.285
157.7586523;0.5964;0.0719;0.8276;1.026
157.7689188;0.1759;-0.0434;0.7912;0.818
157.7742756;0.242;-0.1374;1.0915;1.133
157.7845553;0.5454;-0.087;0.7823;0.961
157.7973814;0.151;0.1573;1.0754;1.105
157.8044823;0.0967;-0.3143;0.6823;0.763
157.8146743;0.2932;0.1118;1.3806;1.423
157.824564;0.2381;-0.0959;0.8568;0.901
157.8408209;0.184;-0.0344;1.0329;1.057
157.8660332;0.3992;-0.1286;0.7901;0.899
157.8675246;0.2668;0.0109;1.2321;1.268
157.8683354;0.3529;-0.1217;0.6475;0.751
157.8742974;0.4803;0.0898;1.0838;1.194
157.8843647;0.1653;-0.1769;0.5806;0.635
157.896846;0.2922;-0.0513;1.0858;1.132
157.904773;0.4784;0.0232;0.9033;1.027
157.9162386;0.2376;-0.0272;1.0928;1.125
157.9248828;0.1158;-0.0906;1.0511;1.069
157.9348537;0.3496;-0.1468;0.971;1.048
157.9604781;0.0826;0.0836;1.2702;1.284
157.9625019;0.1714;-0.2458;0.7492;0.813
157.9650751;0.352;0.0518;1.3258;1.379
157.9748776;0.0486;-0.1854;0.8375;0.867
157.986545;0.2801;-0.0782;1.2251;1.266
157.9945497;0.3787;-0.0548;0.7416;0.839
158.0051764;0.1379;0.0288;1.0887;1.105
158.0157297;0.4446;-0.0668;0.714;0.848
158.0247855;0.4322;0.0774;1.1918;1.276
158.0380385;0.3407;-0.1451;0.7718;0.861
158.0630416;0.2355;-0.0181;1.2879;1.316
158.064801;0.4167;-0.1361;0.8444;0.956
158.0656613;0.2684;-0.0221;1.1577;1.195
158.0746743;0.2717;-0.0342;0.6626;0.722
158.0844165;0.4065;-0.0804;0.9124;1.007
158.0998798;0.2968;-0.0377;0.9968;1.047
158.1045185;0.2944;-0.1176;0.9528;1.01
158.1144116;0.2282;0.0599;0.9279;0.964
158.1242785;0.1474;-0.1313;0.9798;1.007
158.139822;0.3263;-0.0061;1.288;1.335
158.1629202;0.4737;-0.1553;0.7879;0.936
158.1650532;0.3644;0.0351;1.0912;1.157
158.1662324;0.2003;-0.1857;0.6317;0.694
158.174954;0.2614;0.0083;1.1501;1.186
158.1844223;0.2906;-0.1368;0.6891;0.765
158.1959781;0.0847;0.0343;1.1335;1.145
158.2044533;0.0987;-0.1812;0.9125;0.943
158.214519;0.3307;-0.0166;1.4895;1.533
158.2243501;0.4175;-0.1284;0.7605;0.881
158.2373488;0.1296;0.0535;1.0533;1.07
158.2616657;0.3753;-0.1495;0.8726;0.967
158.2631896;0.3983;-0.0319;1.1935;1.265
158.2653673;0.2218;-0.1086;0.7241;0.771
158.2745935;0.2833;-0.1075;0.8713;0.928
158.2848676;0.2112;0.004;0.9713;1.001
158.2983951;0.2354;-0.1339;1.0701;1.11
158.3042644;0.4185;0.0032;1.0172;1.105
158.3143901;0.1281;-0.0547;1.0349;1.052
158.3245355;0.0244;-0.0654;1.1087;1.119
158.3400082;0.4803;-0.1219;1.1952;1.299
158.3753176;0.3795;-0.0779;1.1952;1.262
158.3772053;0.3139;-0.2078;0.6514;0.757
158.3782782;0.3319;-0.1594;0.5622;0.676
158.3791208;0.4561;0.0348;1.173;1.265
158.3844967;0.5289;-0.0558;0.8402;0.998
158.3957723;0.1404;-0.0023;0.9845;1.002
158.4045083;0.2707;-0.1954;0.9052;0.971
158.4143884;0.3535;0.033;1.4053;1.456
158.4242909;0.2507;-0.1263;0.6773;0.738
158.437755;0.2147;-0.1191;1.0987;1.133
158.4595781;0.5435;-0.0184;0.9706;1.117
158.4613831;0.1799;-0.1385;0.7203;0.761
158.4648672;0.0097;0.0165;0.722;0.73
158.4744958;0.4219;-0.102;1.1052;1.193
158.4842884;0.1719;0.0024;0.9993;1.021
158.4949399;0.0216;-0.0915;0.7338;0.748
158.5042712;0.4153;0.045;1.1319;1.212
158.5143657;0.4031;-0.1737;0.8936;1.0
158.5243893;0.1985;-0.0023;0.9643;0.991
158.5391678;0.438;-0.0655;0.6517;0.791
158.5581025;0.0569;0.0294;1.2246;1.234
158.56022;0.0504;-0.2477;0.7475;0.796
158.5653124;0.4903;0.0859;1.0838;1.198
158.5747318;0.1885;-0.0695;0.7021;0.737
158.5844533;-0.0222;-0.0448;1.0678;1.077
158.5983636;0.548;-0.1515;0.7904;0.977
158.6042036;0.3095;0.0586;1.2885;1.333
158.6141673;0.0643;-0.2154;0.5755;0.624
158.6242772;0.359;0.075;1.2828;1.341
158.6372787;0.2166;-0.197;0.9219;0.974
158.6570185;0.2262;-0.1021;1.2861;1.317
158.6588194;0.3483;0.0151;0.9256;0.995
158.6683289;0.0064;-0.0302;1.134;1.143
158.6748581;0.1565;-0.1413;1.0414;1.07
158.6844112;0.7328;-0.0435;1.1692;1.384
158.6948499;0.4644;0.079;0.5916;0.759
158.7042824;0.1969;-0.1649;0.5246;0.589
158.7142112;0.5079;-0.0073;1.0663;1.186
158.7242192;0.515;-0.0908;0.8596;1.01
158.7366856;0.1979;0.0419;0.8501;0.881
158.7609393;0.1717;-0.0999;0.9945;1.021
158.7623672;0.3007;-0.0437;1.4052;1.444
158.7647131;0.4393;-0.1319;0.8104;0.935
158.7745575;0.3369;0.0561;1.2096;1.263
158.7852427;0.148;-0.1474;0.8528;0.885
158.7954663;-0.0032;-0.0798;1.1509;1.162
158.8042974;0.4379;-0.104;0.7293;0.861
158.8145084;0.2414;-0.0203;1.3381;1.367
158.8248394;0.1269;-0.1761;0.7403;0.778
158.8383922;0.2317;-0.0009;1.1535;1.184
158.8628645;0.3424;0.0182;0.7894;0.866
158.8648151;0.3784;-0.071;1.0563;1.13
158.8657452;0.2735;-0.0515;0.7682;0.823
158.8746142;0.1554;-0.0354;1.047;1.066
158.884839;0.2455;0.0155;0.8852;0.925
158.8945803;0.3351;-0.1581;0.8649;0.946
158.9047872;0.2144;-0.0425;0.7617;0.799
158.9147547;0.2639;-0.0033;0.9365;0.979
158.9250623;0.4439;0.0445;0.8831;0.994
158.9380413;0.1496;-0.08;0.832;0.856
158.9610939;0.2336;-0.064;1.4554;1.483
158.9624908;0.3391;-0.2079;1.2305;1.299
158.964367;0.0854;0.1577;1.1608;1.182
158.9744732;0.2551;-0.1758;0.7939;0.858
158.9848455;0.1947;-0.0613;1.2764;1.3
158.9952048;0.1887;-0.1568;0.6471;0.698
159.0045504;0.2818;0.1494;1.2017;1.25
159.0145113;0.2177;-0.291;1.0304;1.099
159.0246561;0.0897;-0.0591;1.4016;1.414
159.037029;0.4787;-0.0015;0.6189;0.785
159.0608545;0.6985;0.1649;0.9839;1.221
159.0625914;0.653;-0.2018;0.6316;0.932
159.064552;0.6069;0.065;1.1826;1.336
159.0745512;0.2861;-0.0606;0.3922;0.492
159.0854798;0.1291;-0.0402;1.0801;1.096
159.0948317;0.2935;-0.1506;1.0801;1.136
159.1045305;0.1908;-0.0258;1.3033;1.325
159.1147885;0.1637;-0.1075;0.8991;0.927
159.1245015;0.1518;-0.0757;1.3194;1.338
159.1367892;0.0884;-0.1947;1.0875;1.116
159.1643573;0.1109;0.036;1.2068;1.22
159.166216;0.1422;-0.1923;1.0205;1.055
159.1671344;0.356;-0.0607;1.066;1.131
159.1745941;0.5113;-0.0936;0.7889;0.948
159.1848316;0.2612;0.0127;0.8;0.848
159.1948913;0.5121;-0.0777;0.7565;0.92
159.2045427;0.5913;0.0967;0.721;0.94
159.2144253;0.43;0.0076;0.7261;0.848
159.2248587;0.4018;0.028;0.8454;0.941
159.2388123;0.5293;-0.1375;0.6272;0.834
159.2639875;0.3853;0.0414;1.0746;1.148
159.2657451;0.2614;-0.0992;0.6089;0.675
159.2666659;0.1302;0.063;1.0866;1.104
159.2743233;0.0259;-0.1648;0.4877;0.522
159.2846629;0.1258;0.0089;1.3142;1.328
159.2947946;0.1303;-0.1991;1.1572;1.189
159.3045057;-0.1036;-0.0534;1.3407;1.354
159.315173;0.1553;-0.0739;0.9184;0.941
159.3252358;0.1131;-0.1019;1.0985;1.116
159.340526;0.0533;-0.0403;0.8273;0.838
159.3448736;0.3787;-0.0332;0.9365;1.016
159.3552138;0.2117;-0.1257;0.9161;0.955
159.3704117;0.081;-0.0685;1.1857;1.198
159.3749418;0.2504;-0.006;0.9382;0.978
159.3849817;0.424;-0.0461;0.9629;1.058
159.3960043;0.5786;0.0307;0.7068;0.917
159.4049373;0.8322;0.0462;0.6511;1.058
159.4145271;0.4433;0.0337;0.6112;0.759
159.4255105;0.1859;-0.1633;0.5816;0.638
159.4409249;0.4499;0.0677;1.0351;1.136
159.4447501;0.2612;-0.1052;0.7851;0.84
159.4544493;-0.0324;-0.0636;1.2781;1.288
159.4738218;0.3169;-0.1118;0.6758;0.759
159.4774132;0.3093;0.0309;1.1554;1.203
159.4848518;0.1774;-0.1692;0.984;1.021
159.4964096;0.0679;-0.0308;1.2075;1.218
159.5046963;0.0496;-0.186;0.6873;0.721
159.5146486;0.0745;-0.0199;1.4595;1.47
159.5249298;0.3136;-0.1917;0.8112;0.896
159.5355649;0.2773;0.055;1.1725;1.213
159.5592211;0.3709;-0.1698;0.6563;0.777
159.5611282;0.3927;0.0495;1.1325;1.206
159.5649275;0.2223;-0.0217;0.6858;0.727
159.5746235;0.3159;-0.018;1.325;1.369
159.5849005;0.2916;-0.0759;1.0195;1.069
159.5946296;0.1813;-0.1472;1.0839;1.116
159.6045088;0.2797;0.042;1.0138;1.059
159.6147165;0.2929;-0.1579;1.1324;1.187
159.6368234;0.1291;-0.0616;0.865;0.884
159.6383735;0.2869;-0.0195;0.7452;0.804
159.6671192;0.3309;-0.0062;1.098;1.153
159.6690393;0.1824;-0.1258;0.9836;1.015
159.6700408;0.4222;0.0172;0.9442;1.04
159.681194;0.4609;-0.0632;0.7572;0.893
159.6850872;0.2365;0.0412;1.1418;1.174
159.69458;0.5697;-0.0713;0.6874;0.898
159.70456;0.3246;-0.0202;0.9559;1.016
159.7147227;0.2678;-0.2582;0.9262;1.004
159.7352836;0.3743;0.0983;1.2893;1.352
159.7369333;0.2099;-0.1246;0.5372;0.595
159.7659836;0.1706;-0.0396;1.1997;1.22
159.7676856;0.422;-0.0754;0.9279;1.027
159.7685714;0.1621;-0.0263;0.9526;0.974
159.7767983;0.1943;-0.0905;0.6532;0.693
159.78424;0.2737;-0.1046;1.3662;1.404
159.7945733;-0.009;-0.1443;0.7706;0.792
159.8044473;0.1035;-0.0524;1.2179;1.231
159.8145016;0.2788;-0.0927;0.9531;1.003
159.8378207;0.0386;-0.1041;1.1642;1.177
159.8393705;0.2999;-0.1292;0.9316;0.993
159.8604091;0.1688;-0.1559;0.6385;0.685
159.8643595;0.194;-0.0407;1.219;1.242
159.8760137;0.4841;-0.0836;1.029;1.145
159.8848263;0.4313;-0.0216;0.6905;0.818
159.8946368;0.3679;-0.0503;0.6056;0.714
159.9044478;0.5078;0.0325;1.1913;1.301
159.914869;0.3866;-0.1663;0.8637;0.966
159.9383836;0.007;0.0972;0.873;0.887
159.9408555;0.0423;-0.1976;0.8627;0.893
159.9785525;0.3876;0.0275;1.4996;1.556
159.980284;0.5857;-0.031;0.75;0.955
159.9814147;0.0624;-0.0569;1.0613;1.072
159.9822146;-0.3147;-0.2684;0.9112;1.01
159.9852563;0.2257;0.0195;1.5243;1.548
159.9946357;0.3963;-0.023;0.8114;0.908
160.0048525;0.0595;-0.1036;1.1958;1.21
160.0145387;0.3101;-0.2183;0.9496;1.028
160.0394725;0.3751;0.1258;1.3478;1.411
160.0452095;0.4787;-0.0942;0.7776;0.922
160.0463559;0.15;-0.1318;1.1898;1.214
160.0546467;0.2877;-0.0563;1.0203;1.068
160.0648632;0.5916;-0.0589;1.1782;1.324
160.0760438;0.3296;-0.0236;0.5842;0.675
160.084414;0.0975;-0.0468;0.7664;0.781
160.0951981;0.3865;-0.0558;0.8675;0.956
160.1050528;0.4895;-0.032;1.5424;1.625
160.1149105;0.0713;-0.0882;0.8934;0.908
160.1374377;0.1984;-0.0586;0.9796;1.008
160.1389565;0.4424;-0.1055;1.0406;1.141
160.1684059;0.4494;-0.0771;1.0001;1.104
160.1700667;0.3413;0.0198;0.867;0.938
160.1711648;0.029;-0.1721;0.9653;0.989
160.1790499;-0.0199;-0.1143;1.4445;1.457
160.1848521;0.24;-0.0316;0.9955;1.031
160.19563;0.1983;0.0183;1.012;1.038
160.2049065;0.2735;-0.2063;1.2929;1.344
160.2146609;0.4704;0.0493;1.2277;1.321
160.238743;0.3959;-0.1036;0.5196;0.664
160.2402208;0.0147;-0.0215;0.9868;0.995
160.2449115;0.3993;-0.1112;0.7722;0.881
160.2548607;0.4358;0.0826;1.1428;1.232
160.2648238;0.1874;-0.2228;0.9068;0.959
160.2751196;0.3308;0.0022;1.3797;1.425
160.2847459;0.1439;-0.0247;0.6194;0.643
160.2943678;0.2406;0.0518;1.0774;1.112
160.3050045;0.7278;-0.1214;0.9186;1.181
160.3146287;0.3848;-0.0881;1.0934;1.168
160.3264427;0.0806;-0.0362;0.3935;0.41
160.3348579;0.2411;-0.0222;0.8976;0.936
160.3546721;0.2763;-0.0897;0.841;0.896
160.3564247;0.4082;-0.0936;0.939;1.033
160.3651362;0.4446;0.0472;0.7522;0.879
160.3909872;0.0042;-0.0621;1.1939;1.204
160.3928298;0.0934;-0.1517;0.9323;0.956
160.3946084;0.4008;-0.0734;1.1134;1.191
160.4047202;0.1863;0.0815;1.5662;1.587
160.4145295;0.0413;-0.3621;1.273;1.331
160.4258354;-0.0643;-0.0191;0.8923;0.903
160.4346566;0.0755;-0.0948;0.6459;0.664
160.4512139;0.4113;0.0004;1.2701;1.341
160.4545765;0.5172;-0.16;1.0914;1.223
160.4771333;0.1711;0.0693;0.8802;0.906
160.4789507;0.1491;-0.0224;0.6399;0.664
160.4844366;0.5795;-0.0575;1.0089;1.169
160.4944746;0.9091;-0.0266;0.6021;1.09
160.5060084;0.6091;0.1661;0.8511;1.063
160.5142918;0.1357;-0.2211;0.4437;0.519
160.5261529;0.1658;0.0239;1.6106;1.627
160.5344473;0.3889;-0.1963;0.7799;0.898
160.5444468;0.0531;0.0588;0.8964;0.908
160.5544756;0.0707;-0.1457;0.7427;0.767
160.566815;0.384;0.0353;1.2946;1.357
160.5910035;0.1329;-0.1331;0.6989;0.73
160.5927416;-0.124;-0.0112;1.064;1.08
160.5947584;-0.0408;-0.0849;1.2128;1.225
160.604474;0.2073;-0.2283;1.524;1.562
160.6145057;0.4465;-0.0919;1.1031;1.199
160.6246638;0.3277;-0.0002;1.0309;1.088
160.6343744;0.0445;-0.0643;1.068;1.079
160.650632;0.4037;-0.1038;1.1983;1.274
160.6555273;0.2278;-0.1025;0.8526;0.895
160.6815047;0.2278;-0.1025;0.8287;0.872
160.6834041;0.5863;-0.0843;0.3614;0.693
160.6849566;0.7155;0.1491;0.6533;0.982
160.6945628;0.5722;-0.0911;0.7256;0.931
160.7048219;0.2838;-0.0111;1.1474;1.189
160.7145642;0.291;-0.0938;0.8835;0.941
160.7256293;0.1923;0.0035;1.2373;1.259
160.734718;0.183;-0.1923;0.8606;0.907
160.7444272;-0.0046;0.0221;1.4185;1.427
160.7547525;0.0596;-0.2432;1.012;1.05
160.7660423;-0.0774;-0.0307;1.3391;1.35
160.7929242;-0.016;-0.1667;0.8292;0.854
160.795401;0.2155;-0.0921;1.1388;1.17
160.7963493;0.4119;-0.0023;0.8059;0.91
160.8048987;0.4109;-0.064;1.1088;1.19
160.8149998;0.3636;-0.025;0.893;0.97
160.8247732;0.23;-0.0583;1.2415;1.271
160.8343797;0.1281;-0.0315;1.0699;1.085
160.8518202;0.413;-0.0621;1.1642;1.243
160.8548439;0.5297;-0.0768;0.99;1.13
160.8779779;0.4141;-0.2034;1.1929;1.285
160.8798212;0.3397;0.0362;0.73;0.811
160.8852923;0.0766;-0.0149;0.2398;0.258
160.8947536;0.398;0.1126;1.0446;1.129
160.9044828;0.6839;-0.2328;1.2265;1.427
160.9143634;0.0933;0.057;0.8285;0.843
160.926744;0.1204;-0.0623;0.5064;0.531
160.9348663;0.4422;0.0177;1.3391;1.416
160.9449095;0.5041;-0.2248;0.8618;1.027
160.9546838;0.1991;0.1169;1.0439;1.076
160.9662931;0.0627;-0.1728;0.7656;0.795
160.9943041;0.0082;-0.109;1.5343;1.546
160.9961097;0.1211;-0.088;0.977;0.996
160.9973755;0.2243;0.0238;1.2872;1.314
161.0043269;0.1026;-0.1466;0.7944;0.821
161.0147922;0.2886;0.0654;1.1914;1.234
161.0243241;0.5874;-0.0884;0.6219;0.862
161.0343685;0.2566;-0.0191;0.9339;0.975
161.0480227;0.2228;-0.1104;0.5344;0.594
161.0547232;0.6446;0.0489;1.1615;1.334
161.069995;0.3544;-0.0363;0.7054;0.795
161.0796693;-0.0601;-0.1566;0.6411;0.671
161.0846531;0.3674;0.0986;0.7908;0.883
161.0948615;0.4781;-0.0804;1.1967;1.297
161.1045071;0.1695;-0.0661;1.0426;1.065
161.114457;0.0993;-0.0684;0.7462;0.763
161.1243732;-0.0762;-0.0277;1.0772;1.089
161.134735;0.2576;-0.2209;1.0248;1.086
161.149664;0.4489;0.0558;1.3451;1.425
161.154683;0.075;-0.1237;0.5795;0.604
161.1783071;0.022;-0.0533;0.9288;0.939
161.1800491;0.5198;-0.0815;0.7484;0.918
161.1847958;0.356;0.1049;1.1832;1.246
161.1948817;0.16;-0.1208;0.8047;0.836
161.2049738;0.2453;0.0138;1.3274;1.357
161.2150824;0.4452;-0.1527;0.7984;0.931
161.2260242;0.5347;-0.071;1.2461;1.363
161.234789;0.3004;0.0038;0.5318;0.615
161.2445375;0.2723;-0.089;0.9662;1.014
161.254804;0.6839;-0.0864;0.7777;1.041
161.2697325;0.0741;-0.0227;0.9229;0.934
161.295529;-0.0618;-0.0315;0.5333;0.547
161.2974347;0.3817;-0.0491;1.1853;1.252
161.2983663;0.4726;-0.0738;1.1856;1.284
161.304266;0.036;-0.1351;0.8164;0.836
161.3144732;0.0398;0.1273;0.9616;0.979
161.324432;0.3507;-0.2836;0.9795;1.084
161.3346083;0.2686;0.0303;1.3094;1.344
161.3476465;0.3252;-0.1438;0.7788;0.861
161.3555756;-0.0491;-0.0241;1.0706;1.08
161.3724224;0.0584;-0.1705;0.8318;0.858
161.3745572;0.4845;0.0589;1.0845;1.194
161.3850044;0.2703;-0.0594;0.6891;0.748
161.3946677;0.1388;-0.0756;1.2138;1.231
161.4052274;0.355;0.0156;1.0105;1.077
161.4145483;0.355;0.0156;1.0105;1.077
161.4243453;0.0645;-0.1815;0.794;0.824
161.434603;0.2111;-0.0397;0.8421;0.876
161.4453451;0.1546;-0.161;1.0969;1.126
161.4667937;0.2298;-0.0353;0.8074;0.846
161.4681248;0.3095;-0.0125;0.7905;0.855
161.4752804;0.4627;-0.011;0.8788;0.998
161.4843513;0.3145;-0.1064;1.0619;1.119
161.49445;0.1626;-0.0167;0.8491;0.872
161.5043266;0.51;-0.1113;0.48;0.71
161.5143965;0.4411;0.0557;0.5119;0.681
161.5282557;0.6699;-0.0732;0.2558;0.718
161.5343924;0.626;0.1201;0.4221;0.765
161.5499642;0.0384;-0.0613;0.0501;0.09
161.572445;-0.2614;-0.0205;1.1324;1.172
161.5744182;-0.0603;-0.1382;1.8624;1.877
161.5841896;0.3401;-0.2448;1.2005;1.277
161.5950236;0.1235;-0.0118;1.3539;1.367
161.604839;-0.6032;-0.1169;0.5565;0.839
161.6142001;-0.0297;-0.2342;1.5298;1.556
161.62486;0.4321;-0.0164;1.2408;1.32
161.6346041;-0.5464;-0.0839;0.7062;0.907
161.6488255;-0.2424;-0.0677;0.9772;1.018
161.6696877;0.5868;-0.1219;1.6696;1.78
161.6713892;0.62;-0.0354;0.7959;1.012
161.6753716;0.8559;0.1274;0.9702;1.302
161.6844732;0.8563;-0.0439;0.8691;1.222
161.6944386;0.7703;-0.0147;0.4465;0.889
161.7044169;0.5981;0.0319;0.4901;0.775
161.7142004;0.4191;-0.215;1.3461;1.432
161.7241985;-0.1445;-0.1082;1.663;1.681
161.7343934;-0.1771;-0.0696;0.8114;0.843
161.7472377;0.2415;0.0472;1.1019;1.136
161.765168;0.3095;-0.2857;1.2706;1.345
161.766714;0.3185;-0.0187;1.4594;1.501
161.7747752;0.5674;0.0396;0.5401;0.786
161.7843988;0.0347;-0.136;1.5129;1.527
161.794119;-0.2001;-0.2259;1.4252;1.465
161.8054423;0.3871;-0.0794;1.5819;1.637
161.8141852;0.5942;0.0159;0.9592;1.132
161.8244459;0.005;-0.1408;1.3699;1.385
161.8345525;0.4421;-0.1595;1.2147;1.308
161.8462617;0.511;0.1176;1.2428;1.354
161.8782994;0.3583;-0.1808;0.4942;0.639
161.879926;0.6529;0.1388;1.2778;1.446
161.8812811;0.1649;-0.0861;0.85;0.877
161.8845417;0.1143;-0.2682;1.0998;1.145
161.8942903;0.6149;0.0586;1.0792;1.248
161.9078148;0.277;-0.0495;1.1812;1.221
161.9144719;-0.0546;-0.1406;0.7546;0.778
161.9243197;0.3313;0.0697;1.1631;1.218
161.9344428;0.5654;-0.0607;0.8855;1.056
161.946179;0.3768;-0.1339;1.0821;1.159
161.9679697;-0.0029;0.0258;0.8653;0.874
161.9712616;0.1013;-0.1136;0.636;0.661
161.9789592;0.4645;-0.0784;1.1206;1.221
161.9843253;0.5951;-0.0803;0.7007;0.925
161.9945558;0.2072;0.1115;0.6152;0.665
162.0053016;0.1797;-0.1521;0.5811;0.633
162.0141662;0.3431;-0.0526;1.3849;1.434
162.0242311;0.3794;-0.1606;0.9574;1.047
162.0341726;0.1079;0.0456;1.1659;1.179
162.0479282;0.1768;-0.1979;0.4309;0.51
162.0689805;0.2709;0.0895;0.8662;0.918
162.0705155;0.3319;-0.096;0.4828;0.597
162.0744342;0.1289;-0.1444;1.1218;1.146
162.0843667;0.132;-0.0056;0.9571;0.974
162.094468;0.1748;-0.0774;0.8027;0.832
162.1077281;-0.0533;-0.0574;0.6808;0.694
162.1142786;0.345;-0.0722;1.2144;1.271
162.1254033;0.6207;0.1432;1.1047;1.28
162.134438;0.2233;-0.1717;0.7625;0.819
162.1443536;-0.0679;-0.0326;1.0941;1.105
162.1610916;0.0393;-0.1;0.8645;0.879
162.1643566;0.2877;0.0043;0.7587;0.817
162.1796406;0.4567;0.0116;0.6644;0.81
162.1841142;0.2802;-0.0729;1.3116;1.35
162.194516;0.1874;-0.1996;0.8308;0.881
162.2050218;0.6193;0.0027;0.7533;0.978
162.2142146;0.1968;0.0001;1.2333;1.256
162.2240634;0.3271;-0.2566;0.7374;0.851
162.2342588;0.208;0.069;1.4053;1.43
162.2467178;0.0292;-0.1069;0.9324;0.947
162.2694928;-0.0094;-0.1485;1.102;1.12
162.2741867;0.0627;-0.0084;0.9535;0.963
162.284371;0.5416;0.0451;1.0557;1.192
162.2943363;0.4344;-0.0452;0.7951;0.912
162.3068099;0.2587;-0.0053;0.6213;0.678
162.3143183;0.6396;-0.1235;0.7653;1.007
162.324281;0.5752;0.2384;1.2051;1.362
162.3345988;0.0478;-0.2411;0.9427;0.982
162.3449205;-0.0354;-0.1286;1.4994;1.514
162.363785;0.2568;-0.1654;0.9282;0.983
162.3655365;0.2317;0.1112;1.186;1.221
162.3746994;0.1512;-0.1278;0.7964;0.827
162.3844622;0.0329;-0.089;1.3352;1.347
162.3943788;0.1231;-0.1308;0.9653;0.989
162.4048732;0.1105;0.0387;1.3607;1.374
162.4142565;0.2018;-0.1434;0.8429;0.885
162.4241777;0.3011;-0.0198;0.9974;1.048
162.4346736;0.8375;-0.0255;0.4521;0.951
162.4451633;0.6986;0.1345;0.6944;0.996
162.4657542;-0.0575;-0.0895;0.7529;0.769
162.4670572;0.3743;-0.1256;1.3585;1.421
162.475864;0.3991;0.0197;0.9662;1.051
162.4844329;-0.0087;-0.0632;1.0763;1.086
162.4942273;0.3207;-0.0914;1.1416;1.195
162.5043147;0.404;-0.0517;0.8858;0.98
162.5141013;0.0409;0.0591;0.4768;0.49
162.5242283;0.2173;-0.0734;0.4835;0.54
162.5346664;0.1599;-0.1063;1.6522;1.671
162.5447022;0.0237;-0.2012;0.9361;0.965
162.570994;0.3662;0.0965;1.0849;1.155
162.5723855;0.398;-0.1226;0.6996;0.818
162.5748674;0.28;-0.0309;0.9735;1.02
162.5845479;0.7462;0.109;0.0709;0.753
162.5942943;0.199;0.1263;0.4778;0.538
162.6043229;-0.3397;-0.3804;1.5135;1.606
162.6144084;0.3658;-0.1704;2.0407;2.087
162.6243153;0.2049;0.1823;0.5648;0.634
162.6344734;-0.1466;-0.1598;0.6024;0.649
162.6480027;0.3786;-0.1429;1.3586;1.424
162.6681363;0.9164;-0.1426;1.1495;1.48
162.6698357;0.2237;0.2679;0.8493;0.925
162.6744726;-0.4559;-0.2753;0.548;0.773
162.6843495;-0.1599;-0.1087;1.3253;1.348
162.694586;0.6214;-0.0855;1.31;1.457
162.7061845;0.5553;0.1353;1.1964;1.331
162.7143398;0.3092;-0.2073;0.6144;0.722
162.7241858;0.3404;-0.0376;1.2717;1.323
162.7344376;0.7639;-0.0297;0.5971;0.97
162.7456471;0.6304;0.0837;0.709;0.955
162.7628755;0.1174;-0.0525;0.5336;0.556
162.7644357;0.0211;-0.1364;1.5198;1.534
162.7744132;0.2173;-0.1105;1.1509;1.183
162.7843267;-0.0825;-0.1041;1.0038;1.021
162.7945505;0.1076;0.0006;1.2204;1.233
162.8042268;0.616;-0.2094;1.3075;1.465
162.8145511;0.519;0.0054;0.7509;0.916
162.8242574;0.0948;0.0805;0.293;0.325
162.8345272;-0.0034;-0.0732;0.9513;0.962
162.8463864;0.4766;-0.3089;1.3679;1.487
162.874997;0.3264;0.0981;1.291;1.342
162.8767847;0.1549;-0.1231;0.5179;0.56
162.8779577;0.0342;-0.0297;1.0732;1.082
162.8844631;0.5268;-0.2166;0.9939;1.15
162.8943802;0.5968;0.2874;1.1895;1.366
162.9058091;0.1116;-0.2091;0.7771;0.819
162.9141807;-0.5012;-0.3261;1.8215;1.926
162.9242364;0.1489;-0.1347;1.7409;1.76
162.9450753;1.0467;0.0415;0.9022;1.383
162.9465511;-0.2432;0.0911;-0.5532;0.606
162.9661191;-0.7499;-0.0379;0.1858;0.781
162.9697419;1.2185;-0.3503;2.6403;2.934
162.9743028;-0.6215;-0.0335;-0.5098;0.804
162.9860011;-0.3226;0.0923;-0.009;0.342
162.9946236;1.5435;-0.307;2.3883;2.864
163.0041552;1.771;0.1439;1.0627;2.07
163.0142076;0.3407;0.2133;-0.8521;0.933
163.0241273;-0.6226;0.1645;-0.5135;0.823
163.0341862;-0.4713;-0.6018;2.7492;2.862
163.0441258;0.7621;-0.2493;1.6817;1.868
163.0593052;0.3269;0.4323;0.2769;0.61
163.0641658;-0.4393;-0.1926;0.5489;0.738
163.0810904;0.3054;-0.5036;2.1883;2.273
163.0850048;0.5409;0.1826;0.5118;0.768
163.094357;0.0925;0.1892;-0.1354;0.245
163.104323;-0.574;-0.3309;1.9617;2.08
163.1147087;0.1841;-0.5771;2.567;2.645
163.1245485;-0.2174;0.2582;1.0319;1.095
163.1343482;-0.1362;-0.1899;0.3986;0.47
163.144814;0.7675;-0.2621;1.8436;2.019
163.1624356;1.0018;0.1405;0.4603;1.11
163.1642625;0.2525;0.2149;-0.5072;0.597
163.1816658;0.0627;0.0176;0.7897;0.8
163.1916657;0.356;-0.3778;2.6766;2.734
163.19451;0.2977;-0.0945;0.7046;0.776
163.2096601;0.617;0.2579;0.235;0.707
163.2242874;0.6246;-0.2403;1.4378;1.591
163.2346588;0.7291;0.1501;0.1315;0.752
163.2444487;-0.1652;0.0849;0.4664;0.512
163.2623557;-0.5529;-0.3266;1.5658;1.702
163.264257;0.3715;-0.216;1.2769;1.353
163.285573;0.3159;0.2985;0.6803;0.813
163.287015;-0.0619;-0.3933;0.9673;1.053
163.2942391;0.4483;-0.0871;1.9766;2.035
163.30501;0.7112;-0.0622;0.6368;0.958
163.3144806;0.2129;0.0943;0.7364;0.779
163.3247617;0.2513;-0.264;0.8557;0.936
163.3363215;0.349;0.0115;1.4374;1.486
163.3443964;0.112;-0.1678;0.9463;0.975
163.3596312;0.0199;-0.1119;1.4511;1.464
163.3643804;-0.0655;-0.0368;0.667;0.68
163.3781378;0.1647;-0.0662;0.8283;0.854
163.3887219;0.6369;-0.054;0.9528;1.151
163.3944454;0.5276;-0.1114;1.3794;1.487
163.4043098;0.3303;0.0112;0.8868;0.952
163.4140767;0.0304;-0.1284;0.9116;0.929
163.4241615;0.1478;-0.1027;0.9563;0.98
163.4356148;0.5446;-0.0362;0.8221;0.99
163.4443207;0.2904;0.0183;0.9528;1.002
163.4544283;0.0837;-0.1663;0.7578;0.787
163.464495;0.061;-0.0519;1.1804;1.191
163.4767767;0.2869;-0.1305;0.7388;0.809
163.4981107;0.4321;0.156;1.1367;1.232
163.4997586;0.6496;-0.1956;0.4623;0.821
163.508868;0.4346;0.0403;0.9743;1.073
163.5145425;0.1512;-0.1289;0.7164;0.75
163.5242811;0.2873;-0.1517;1.2761;1.323
163.5363623;0.2215;-0.0436;1.1079;1.137
163.5443558;0.0123;-0.1995;0.8854;0.915
163.5549057;0.02;0.0165;1.0831;1.092
163.5643857;0.3338;-0.1758;1.2138;1.277
163.575789;0.3591;0.0184;1.0883;1.152
163.5975238;0.2166;-0.1599;0.6554;0.714
163.5989693;0.2221;0.0608;1.2917;1.319
163.6081237;0.3707;-0.1654;0.7094;0.822
163.6146414;0.2833;0.0009;0.9735;1.02
163.6243396;0.3218;-0.1688;0.6857;0.781
163.6359285;0.46;-0.0382;1.3056;1.391
163.6447369;0.2439;-0.1217;0.5578;0.626
163.6554202;0.1956;-0.0056;0.9774;1.004
163.6643222;0.3875;-0.081;0.9322;1.018
163.6757841;0.1616;-0.0061;1.0551;1.075
163.6948408;0.2719;-0.0528;0.9337;0.98
163.6962072;0.3086;-0.1115;1.1125;1.166
163.7057052;0.3454;-0.0255;0.8396;0.914
163.7144977;0.5094;-0.0562;0.3693;0.632
163.7247678;0.1823;-0.3068;1.2744;1.33
163.7356091;0.2846;0.0231;1.9413;1.97
163.744335;0.02;-0.213;0.6354;0.678
163.7547957;0.1206;-0.0347;1.1686;1.183
163.764306;0.384;-0.1104;1.0837;1.161
163.7773179;0.3535;0.0151;0.8108;0.89
163.7983169;0.141;-0.0083;0.4051;0.435
163.8001355;0.0208;-0.2044;1.7327;1.753
163.8043597;-0.0696;-0.1958;1.6922;1.713
163.8144521;0.3419;-0.0504;0.7142;0.798
163.8242252;0.4565;0.0765;0.7242;0.863
163.8369033;0.5246;-0.2707;1.1759;1.32
163.8444824;0.6892;-0.0032;1.3202;1.494
163.8556153;0.4002;-0.0413;0.775;0.878
163.8644317;0.1554;-0.0219;1.2033;1.221
163.8769748;0.009;-0.2599;0.7286;0.781
163.901045;0.4306;0.0319;1.2395;1.318
163.9024742;0.8452;0.0537;0.8087;1.172
163.9048986;-0.0382;-0.1981;0.8847;0.915
163.9143517;0.0285;-0.0359;0.7088;0.718
163.924656;0.7129;-0.0318;1.3391;1.522
163.9353916;0.4292;-0.1123;0.9387;1.043
163.9442954;0.3856;-0.1351;0.6578;0.778
163.9544384;0.4131;0.1182;1.0287;1.12
163.9650837;-0.0739;-0.315;1.0219;1.08
163.9798876;0.1102;0.0607;1.3209;1.335
164.0093513;0.3993;-0.1143;0.6605;0.784
164.0112047;-0.135;-0.014;1.1665;1.183
164.0121487;0.1858;-0.2503;0.9283;0.986
164.0148372;0.4218;0.134;1.231;1.314
164.0244512;0.2413;-0.1698;0.4116;0.51
164.0354785;0.4095;-0.0446;1.1281;1.207
164.0444987;0.301;0.0013;0.5517;0.633
164.0544877;0.168;-0.1261;0.7966;0.83
164.0648615;0.3665;0.0037;1.0191;1.089
164.0872618;0.1741;-0.1058;0.911;0.94
164.0893733;-0.1639;-0.0943;1.002;1.029
164.0945851;0.1357;-0.2262;1.1854;1.222
164.1083943;0.3483;0.1791;1.4753;1.533
164.1150333;0.2425;-0.2378;0.6152;0.707
164.1248565;0.1496;-0.0877;1.1054;1.126
164.1355477;0.2847;-0.1185;0.8407;0.901
164.1444365;0.1836;-0.0154;1.2496;1.27
164.1614658;0.288;-0.1643;0.8148;0.885
164.1648155;0.2176;-0.1688;1.2193;1.257
164.1831212;0.2871;0.0308;0.9517;1.001
164.1852615;0.511;-0.1472;1.0798;1.208
164.1944295;0.6255;0.0115;1.2055;1.363
164.2045061;0.6006;-0.2728;0.8451;1.075
164.2146085;0.3351;0.2177;0.5986;0.724
164.2243491;0.2494;-0.0956;0.3916;0.477
164.2345848;0.2979;-0.1871;1.4879;1.536
164.2442908;0.6087;-0.3514;1.4222;1.591
164.2542771;0.2206;0.0938;1.2089;1.24
164.264471;-0.0783;-0.087;0.3064;0.337
164.2770297;0.2714;-0.1459;1.1656;1.212
164.2968127;0.9183;-0.057;0.8876;1.28
164.2981248;0.4481;0.0939;0.9449;1.055
164.3088683;-0.1616;-0.0991;0.7506;0.783
164.3143276;-0.0621;-0.2392;1.2966;1.328
164.3250869;0.05;-0.0049;1.1404;1.149
164.3345449;0.1932;-0.136;0.9241;0.96
164.3442628;0.3997;0.0266;1.3948;1.458
164.3607155;0.1986;-0.1499;0.6449;0.697
164.3644871;0.0221;-0.011;0.9256;0.934
164.3837511;0.2752;-0.1405;0.9001;0.958
164.3854123;0.2092;0.0518;1.364;1.388
164.3944866;0.1306;-0.1482;0.7409;0.773
164.4049;0.2725;-0.0561;1.3127;1.349
164.4145735;0.2781;-0.076;0.6607;0.726
164.4249191;0.227;0.0065;0.5063;0.56
164.436069;0.4953;0.075;0.5732;0.764
164.4449465;0.3518;-0.2017;0.9944;1.079
164.454905;0.097;-0.0668;1.1456;1.159
164.4648317;0.3981;-0.0498;0.707;0.817
164.4850992;0.0507;0.1008;0.8995;0.915
164.4872796;0.5206;-0.3255;0.5687;0.838
164.49493;0.0327;-0.1333;0.5502;0.574
164.5093818;0.0327;-0.1333;1.5757;1.59
164.5146789;0.191;-0.232;1.0343;1.084
164.5250141;0.1562;-0.0674;1.0596;1.08
164.5372445;0.1857;0.0098;0.9404;0.966
164.5625999;0.241;-0.1009;0.7849;0.833
164.5643368;0.0445;-0.1439;0.7008;0.724
164.5868814;0.3315;-0.0304;1.4903;1.534
164.5883252;0.503;-0.1659;1.1871;1.305
164.5944972;0.5344;-0.0453;0.6811;0.87
164.6044485;0.6276;0.0434;0.0716;0.628
164.6150832;0.2531;0.0859;0.8148;0.864
164.6244024;0.4692;-0.344;1.3075;1.436
164.6343809;0.3087;-0.0938;1.8651;1.9
164.6442896;-0.0399;-0.0676;0.9515;0.963
164.6542573;-0.3446;-0.3115;1.3494;1.436
164.6642092;0.1049;-0.1352;1.4428;1.461
164.6778311;0.5371;-0.1015;1.0772;1.213
164.7017491;-0.1368;-0.006;0.9566;0.975
164.7034584;-0.2995;-0.3224;0.7219;0.854
164.7048624;0.0607;0.0788;1.4606;1.472
164.7147429;0.4026;-0.1956;1.2154;1.301
164.7250286;0.7218;-0.1145;1.082;1.309
164.736359;0.6973;-0.0558;0.4366;0.824
164.7445233;0.6429;-0.0656;1.1279;1.304
164.7547818;0.9633;-0.0651;0.741;1.217
164.7647916;0.4765;-0.0959;0.9638;1.084
164.7756374;-0.0398;-0.1206;0.9278;0.945
164.7999662;0.0341;-0.3009;1.6026;1.639
164.8014653;-0.2107;-0.0373;1.7691;1.791
164.8043313;0.069;-0.2465;0.9774;1.018
164.8148236;0.4157;0.1113;1.1936;1.275
164.8245665;-0.144;-0.1193;0.1354;0.239
164.8346225;0.2636;0.1026;0.8952;0.945
164.8446946;1.1736;-0.2134;1.3175;1.779
164.8602713;0.2103;-0.2047;1.4806;1.516
164.8839577;-0.0316;-0.0535;0.3139;0.328
164.8859326;0.473;-0.0161;1.053;1.16
164.8870571;0.6771;-0.2267;1.122;1.334
164.8944566;0.8537;-0.0133;0.9593;1.286
164.904831;0.386;0.0912;0.4038;0.568
164.9167885;-0.6345;-0.227;1.1797;1.368
164.9247992;0.1022;-0.154;1.4862;1.505
164.9354613;0.8364;-0.022;0.8765;1.214
164.9445673;-0.2381;0.1109;0.9028;0.95
164.9547509;-0.001;-0.2836;0.5028;0.584
164.9783758;0.6039;0.0612;1.3404;1.477
164.9799886;0.4532;-0.1818;0.5232;0.718
165.0049346;0.2256;-0.0311;0.9897;1.022
165.0071663;0.0355;0.031;0.6177;0.627
165.0079563;0.208;-0.2317;0.8644;0.925
165.0172477;0.5029;0.0503;0.973;1.101
165.025785;0.1351;-0.047;0.6875;0.709
165.0344102;-0.1297;-0.036;0.9924;1.01
165.0442069;0.3963;-0.1636;1.1301;1.214
165.0601273;0.2546;-0.0149;1.465;1.494
165.082278;0.2305;-0.1961;0.6335;0.707
165.0844926;0.391;0.1765;1.0078;1.101
165.0864064;0.0934;-0.2257;0.0875;0.259
165.0943534;0.3623;-0.0713;1.132;1.197
165.1045666;0.6384;-0.0768;1.1378;1.311
165.1160417;-0.2135;-0.0848;1.0076;1.043
165.1243029;-0.0059;0.0376;0.7394;0.749
165.1354333;0.6804;-0.1915;0.8131;1.08
165.1442004;0.5166;0.0685;1.114;1.235
165.1591851;0.406;-0.1709;0.6382;0.779
165.1812565;0.2805;0.1268;1.1402;1.188
165.1823999;-0.0049;-0.4815;0.97;1.09
165.1841317;0.1947;-0.0145;1.5706;1.59
165.194286;0.3115;-0.058;0.5309;0.622
165.204241;-0.0026;-0.0404;1.1794;1.188
165.2154994;0.6171;-0.3285;1.1052;1.312
165.2243442;0.654;0.025;1.1421;1.321
165.2365135;0.1794;-0.1594;1.2182;1.249
165.2566387;0.6076;-0.0796;1.5033;1.629
165.2767501;0.3882;-0.2107;0.9901;1.089
165.278316;0.243;-0.283;0.7689;0.86
165.2872395;0.3531;-0.0638;1.4356;1.486
165.2943698;0.5872;-0.1225;0.65;0.886
165.3041089;0.1412;-0.0479;1.3298;1.346
165.3183575;-0.2763;-0.2097;0.9972;1.065
165.3244287;0.3489;-0.1794;1.2307;1.298
165.3346178;0.5648;-0.0255;1.2249;1.354
165.3442921;0.1092;-0.1728;0.9965;1.024
165.3579667;0.3167;0.0338;0.8832;0.945
165.3791483;0.3318;-0.1722;1.0572;1.127
165.3811539;0.2514;-0.0613;1.5173;1.546
165.384756;0.5461;-0.1907;0.7478;0.948
165.3947113;0.1239;0.0379;1.1058;1.121
165.404384;0.2287;-0.3001;0.9039;0.985
165.4158597;0.5961;-0.0601;1.2382;1.38
165.424526;0.3933;-0.0316;0.5666;0.694
165.4346741;-0.0186;-0.1353;1.0232;1.04
165.444487;0.3431;-0.1433;1.2373;1.298
165.4579622;0.5237;-0.1579;1.3252;1.439
165.4824123;0.1684;-0.0399;0.8383;0.863
165.4840923;0.3798;-0.0862;0.8253;0.917
165.4855977;0.391;0.0434;1.023;1.102
165.4943053;0.419;-0.2464;0.582;0.761
165.5044733;0.3463;0.0525;0.9477;1.016
165.5171327;0.1623;-0.1881;0.7579;0.804
165.5243852;0.0971;-0.0104;1.5409;1.552
165.5346781;0.4659;-0.2591;0.7824;0.95
165.5468715;0.3833;0.0674;1.0217;1.099
165.5632004;0.0862;-0.0458;0.5372;0.553
165.5656393;0.3729;-0.0665;1.3809;1.438
165.5751838;0.4316;-0.1738;0.8816;1.001
165.5906257;-0.026;-0.1296;0.7807;0.8
165.594268;-0.0621;0.0663;1.132;1.144
165.604888;0.3257;-0.2084;0.9354;1.018
165.6148286;0.2913;-0.0053;1.0508;1.097
165.6244744;0.3343;-0.1406;0.4242;0.56
165.6347012;0.2952;0.0654;1.0862;1.134
165.6447688;0.2884;-0.1728;0.7529;0.83
165.6597435;0.3731;-0.1467;0.9758;1.06
165.6834749;0.3865;0.0925;0.5442;0.677
165.685649;0.0115;-0.1026;0.9301;0.944
165.6867683;0.2421;-0.1465;1.1449;1.186
165.6946251;0.5928;-0.1077;0.8995;1.086
165.7042403;0.1584;0.0828;0.6786;0.709
165.7153837;0.1277;-0.2817;0.4675;0.565
165.7244247;0.4792;0.1055;1.1306;1.238
165.7348276;0.2851;-0.2016;0.4645;0.584
165.7448705;-0.1595;-0.0849;1.3276;1.349
165.7593992;0.1725;-0.2372;1.1457;1.19
165.7849966;0.2373;-0.1292;1.3356;1.37
165.7867907;0.0377;-0.0015;0.8024;0.811
165.787688;0.309;-0.1489;0.7895;0.866
165.7945902;0.2091;-0.0401;1.0106;1.04
165.8046749;-0.0044;-0.2168;1.247;1.274
165.8162658;0.1805;-0.1274;1.7864;1.808
165.8244196;0.5001;-0.2878;1.2474;1.379
165.8350058;0.2078;0.06;0.8942;0.927
165.8449008;0.0187;-0.2756;0.0518;0.281
165.859851;0.9585;0.1837;1.7887;2.042
165.8899872;1.1115;-0.3025;0.9971;1.524
165.8916938;-0.2231;0.0325;0.6046;0.655
165.892821;-0.2298;-0.0752;0.5031;0.568
165.8943386;0.7005;-0.2508;1.9047;2.05
165.904856;0.7602;-0.1842;1.0843;1.34
165.9158088;0.3036;0.033;0.2794;0.415
165.9244966;0.068;0.0599;1.4013;1.412
165.9345282;0.0708;-0.5405;1.2976;1.414
165.9452105;0.6546;0.0061;1.1335;1.313
165.9551129;0.4977;0.0255;0.3947;0.636
165.9800039;-0.4539;-0.2846;1.391;1.5
165.9820803;0.5662;0.0939;0.9557;1.119
165.9950462;-0.0029;-0.1529;0.8698;0.891
166.0158148;0.4161;0.049;0.9486;1.042
166.0243777;0.4157;-0.1444;0.8377;0.951
166.0349359;0.2624;-0.0426;1.3451;1.378
166.0444382;0.4873;-0.1942;1.0043;1.138
166.0543663;0.1842;-0.2899;0.5719;0.672
166.0734646;0.3811;0.0624;1.3279;1.389
166.0750776;0.1865;-0.187;0.7093;0.763
166.1028287;0.3313;0.0296;0.9967;1.057
166.1044703;0.3928;-0.0788;0.6416;0.76
166.1058627;0.2734;-0.1661;0.872;0.935
166.1158342;0.4539;0.0171;1.0322;1.133
166.1248583;0.3993;-0.0947;0.9232;1.015
166.1343902;0.1879;-0.1275;0.9123;0.947
166.1455548;0.2342;-0.2106;0.9566;1.013
166.1544332;0.2753;0.0129;1.3619;1.396
166.1747444;0.2474;-0.1842;0.6594;0.733
166.1763983;0.2106;0.0075;0.9572;0.987
166.1961138;0.3968;-0.1932;0.8141;0.93
166.1979189;0.2081;-0.1138;1.2242;1.254
166.2066706;0.3315;-0.0311;0.9375;1.001
166.2173965;0.2091;-0.1677;0.8638;0.911
166.2243036;-0.0154;-0.0446;1.2448;1.254
166.2356487;0.4184;-0.3046;1.1358;1.253
166.2442328;0.3463;0.1815;1.3917;1.452
166.254466;0.1979;-0.3066;0.6067;0.713
166.2737995;0.2001;-0.0757;1.0974;1.125
166.2751975;0.3073;-0.1391;0.6356;0.724
166.2921904;0.3552;0.0566;1.3999;1.452
166.2945941;0.4973;-0.2271;0.7368;0.92
166.3042;0.3131;-0.0322;0.9433;1.0
166.3153483;0.079;-0.1165;0.7578;0.778
166.3241861;0.4955;-0.1608;1.3806;1.481
166.3348624;0.6017;0.039;1.3886;1.519
166.3443104;0.2356;-0.2521;0.6102;0.706
166.3541552;-0.0061;0.0374;1.1198;1.129
166.3724344;0.3155;-0.1438;0.861;0.934
166.3743521;0.2679;-0.037;1.2613;1.297
166.3916632;0.3647;-0.1869;0.5776;0.712
166.3946522;0.1437;-0.034;1.3167;1.333
166.4041616;-0.1827;-0.2039;1.0094;1.055
166.4141609;0.3448;-0.1076;1.302;1.357
166.4244659;0.9322;-0.0437;0.9877;1.361
166.4347466;0.3986;-0.0886;0.8636;0.96
166.4442268;0.1406;-0.0672;0.827;0.849
166.4543225;0.5033;-0.1058;0.7513;0.914
166.4693092;0.1782;0.0017;1.3381;1.357
166.4744372;0.132;-0.215;0.6294;0.684
166.4912427;0.208;0.064;1.3522;1.377
166.5024755;0.2038;-0.1217;0.6445;0.693
166.504208;0.3269;-0.1622;0.7304;0.821
166.5141487;0.6973;0.0938;0.7514;1.032
166.5241644;0.2193;-0.1908;0.8441;0.899
166.5341766;0.0831;0.0027;1.0704;1.081
166.544306;0.4395;-0.2088;0.8109;0.95
166.5693539;0.0811;0.0718;1.1845;1.197
166.5741702;0.3331;0.124;1.2239;1.281
166.5900788;0.279;-0.2596;0.5937;0.71
166.5944614;0.2558;-0.041;1.1169;1.153
166.6043748;0.1528;0.1164;0.7253;0.757
166.614294;0.2056;-0.177;0.6933;0.75
166.6243305;0.3771;-0.1443;1.0213;1.104
166.6343715;0.4121;-0.166;0.8614;0.974
166.6444916;0.0927;0.1356;1.1823;1.202
166.6541535;0.0782;-0.2548;0.7171;0.772
166.6708753;0.2604;-0.0744;1.2662;1.302
166.6801098;0.3335;-0.0171;0.6086;0.699
166.6948457;0.1743;-0.1526;0.8533;0.891
166.7041854;0.1043;-0.2261;1.0173;1.054
166.7142247;0.4534;0.1037;1.0375;1.142
166.7242439;0.1852;-0.1857;0.8239;0.871
166.734643;0.1708;-0.0564;1.0721;1.094
166.7442236;0.5912;-0.2827;0.8676;1.09
166.7542001;0.4452;0.0906;1.5126;1.586
166.7697782;0.2077;-0.1545;0.7369;0.787
166.7747033;0.0939;-0.0739;0.9107;0.926
166.7887731;0.2366;-0.1419;1.3468;1.382
166.794819;0.4333;-0.0734;1.3468;1.423
166.8043806;0.4644;0.0228;0.8191;0.946
166.8143187;0.1048;-0.0355;1.1879;1.201
166.8241872;0.785;-0.1851;0.7547;1.106
166.8344776;0.5222;0.1174;0.9641;1.107
166.8444175;0.2522;-0.2885;0.5798;0.699
166.8543509;0.3557;-0.0316;1.4846;1.534
166.8716707;0.2709;-0.1621;0.9003;0.96
166.8749198;0.1088;-0.0843;1.2574;1.272
166.8931526;0.1958;-0.0382;0.9954;1.022
166.8953978;0.1415;-0.2073;1.001;1.039
166.9044194;0.0908;0.0283;1.2187;1.23
166.9151616;0.4205;-0.2149;0.7313;0.874
166.924254;0.0457;0.1485;1.2558;1.274
166.9344497;-0.0556;-0.3914;0.5869;0.714
166.9465049;0.467;-0.0313;1.6015;1.675
166.9544481;0.3832;0.0023;0.9874;1.065
166.96435;0.0452;-0.1779;0.8798;0.906
166.9744588;0.3527;-0.1169;0.7977;0.885
166.9854715;0.4889;-0.1186;1.1623;1.272
167.0057973;0.347;0.0222;1.0001;1.065
167.0072065;0.3574;-0.1173;0.8364;0.922
167.0183881;0.315;-0.1054;1.0778;1.134
167.0249415;0.1831;-0.1616;0.8428;0.884
167.0346178;0.3904;0.2042;1.156;1.243
167.0463717;0.5805;-0.264;0.6892;0.941
167.0543795;0.1239;-0.1137;1.54;1.557
167.0645448;0.5356;-0.1479;0.7442;0.932
167.0746658;0.5531;0.132;0.7795;0.968
167.0885498;-0.1148;-0.101;0.243;0.296
167.1175103;0.1285;-0.2336;0.7514;0.804
167.1189334;0.6494;0.0349;1.9005;2.015
167.1198464;0.2226;-0.2182;1.1145;1.164
167.1244463;-0.2119;0.0483;0.8127;0.851
167.1347748;0.252;-0.257;0.6465;0.745
167.146968;0.7241;-0.0079;1.6521;1.809
167.1545439;0.769;0.0007;0.6255;0.992
167.1650251;0.0042;-0.0787;0.7028;0.715
167.1747011;-0.6147;-0.1929;1.2024;1.374
167.1900483;0.2135;-0.3788;1.5159;1.584
167.2253048;0.5523;0.2364;1.2722;1.412
167.226946;0.0583;-0.2395;0.5381;0.598
167.2279824;0.2198;-0.1184;1.2897;1.321
167.2328921;0.8133;-0.0632;0.8131;1.153
167.2393715;0.5012;0.1437;0.6203;0.813
167.2540415;0.1769;-0.0864;0.237;0.311
167.2561628;0.3487;-0.1415;1.4776;1.531
167.2721503;0.2852;-0.1647;1.2235;1.274
167.2746326;0.098;-0.1135;1.0195;1.038
167.2995346;0.162;0.1452;0.9991;1.03
167.3009981;0.4623;-0.3781;0.9455;1.122
167.3045731;0.6597;0.0546;1.1857;1.362
167.3155211;0.2298;0.0406;0.3129;0.394
167.3245311;-0.1484;-0.0362;1.1627;1.182
167.3344902;0.2483;-0.3297;1.1112;1.191
167.3468639;0.3305;0.0294;1.3546;1.401
167.3544332;0.2218;-0.0453;0.6846;0.727
167.3642861;0.2651;-0.0665;1.1233;1.163
167.37481;0.7097;-0.1357;0.9463;1.193
167.3909581;0.6626;-0.0755;0.6737;0.95
167.3947581;0.227;0.1537;0.9376;0.984
167.4048277;0.1659;-0.1923;0.4277;0.502
167.4193156;-0.0555;-0.0558;1.2003;1.211
167.4248081;0.4645;-0.213;1.0844;1.204
167.4346648;0.0912;-0.0138;1.4523;1.463
167.447107;-0.1798;-0.1498;0.6995;0.747
167.4546493;0.3935;-0.0977;1.0825;1.161
167.4645308;0.5957;0.0134;1.2356;1.377
167.4747603;0.3761;-0.1058;0.6692;0.779
167.4903821;0.1125;0.1131;0.7024;0.728
167.4951669;0.1785;-0.2551;0.9276;0.985
167.5130848;0.0878;-0.0617;1.6685;1.68
167.5150767;0.4274;-0.1307;0.7248;0.855
167.5249525;0.171;0.12;0.974;1.003
167.5346721;0.0652;-0.2386;0.6225;0.676
167.5485731;0.9433;-0.1143;1.1341;1.482
167.5542811;0.6671;0.1201;0.7219;0.992
167.5643055;-0.0955;-0.2119;0.6442;0.693
167.5746147;0.3131;-0.1307;0.9122;0.979
167.5882257;0.1429;0.0558;1.0834;1.102
167.6110436;0.4606;-0.1186;0.8285;0.959
167.6125375;0.1553;0.0275;1.2867;1.304
167.6148463;0.101;-0.2079;0.7265;0.769
167.6244985;0.5117;-0.0338;1.3291;1.43
167.6343338;0.396;0.023;0.7557;0.858
167.6463538;0.1037;-0.1027;0.7421;0.763
167.654439;0.493;-0.1747;0.9366;1.077
167.6661503;0.4445;-0.0809;0.7607;0.889
167.6747007;-0.0315;0.1051;1.1677;1.181
167.6885654;0.1761;-0.331;0.8468;0.932
167.713244;0.1693;-0.014;1.6552;1.672
167.7149262;0.2399;-0.1325;0.8594;0.908
167.7160666;0.34;-0.0028;1.0744;1.133
167.7249121;0.3931;-0.1208;0.7992;0.903
167.7344957;0.2866;-0.1351;0.7609;0.83
167.7457677;0.1989;0.0883;0.911;0.944
167.7545117;0.433;-0.1619;0.744;0.88
167.7644375;0.034;-0.0068;1.2606;1.269
167.7745857;0.203;-0.2861;0.6669;0.759
167.7861858;0.5885;0.098;1.2777;1.415
167.8082825;0.4146;-0.1625;0.7883;0.91
167.8098195;0.3696;-0.1448;1.1319;1.205
167.8146387;0.2242;-0.0472;0.9233;0.958
167.8243295;0.1152;-0.134;1.0976;1.119
167.834435;0.0978;0.0193;1.3368;1.348
167.8448233;0.0908;-0.2932;0.9224;0.979
167.8543097;0.1033;0.0392;1.486;1.498
167.8641805;0.29;-0.2981;0.8055;0.911
167.8745105;0.3012;0.1033;1.1544;1.204
167.8875507;0.2094;-0.1053;0.5413;0.595
167.9172315;0.5761;-0.143;1.2888;1.424
167.9188758;0.6651;-0.0969;0.816;1.06
167.9199127;0.3051;0.0382;0.8778;0.936
167.9254085;0.5516;-0.1051;0.8373;1.012
167.9347085;0.4296;-0.129;1.054;1.151
167.9472908;0.3392;0.1383;0.8443;0.926
167.9545875;0.412;-0.1484;0.7614;0.883
167.9650328;0.0535;-0.0055;1.6128;1.622
167.9746795;0.0562;-0.3246;0.7194;0.798
167.9869043;0.1136;0.0522;1.2963;1.31
168.0134039;0.0677;-0.1736;0.9847;1.01
168.0155274;0.0535;-0.1634;1.5642;1.581
168.0169355;0.3111;-0.0886;1.1694;1.22
168.0245573;0.3061;-0.0949;0.7386;0.81
168.0343447;0.0513;0.0189;0.9635;0.973
168.0444276;0.6469;-0.1472;0.771;1.019
168.0543469;0.7544;0.0475;0.8301;1.125
168.0647967;0.1726;-0.029;0.4143;0.455
168.0745675;0.0352;-0.0115;1.258;1.267
168.0867085;0.6492;-0.2656;1.1653;1.364
168.1099431;0.4962;0.0092;1.2092;1.313
168.1113431;0.0724;-0.0503;0.454;0.47
168.114392;0.3822;-0.1987;1.1141;1.2
168.1242309;0.2559;0.0249;1.6439;1.671
168.1345499;0.1683;-0.3652;0.6062;0.732
168.1466363;0.0217;0.1786;1.0178;1.042
168.1543461;-0.1307;-0.2144;0.828;0.874
168.1643473;0.0209;-0.2189;1.5498;1.573
168.1749524;0.4206;-0.1678;1.1895;1.278
168.18909;0.835;0.0541;1.6804;1.882
168.2150248;-0.0304;-0.087;0.3501;0.37
168.2167971;0.0428;-0.1865;0.3605;0.414
168.2177885;1.4205;0.1739;0.9533;1.719
168.2245311;0.8611;-0.0757;0.8756;1.232
168.2344387;-0.4498;-0.2002;0.7776;0.93
168.246324;0.1255;-0.2825;1.0335;1.086
168.2545588;0.7867;0.1273;1.918;2.082
168.264457;0.0793;-0.1154;-0.0313;0.137
168.2745606;0.0866;0.061;0.5925;0.609
168.2860345;0.4628;-0.4496;2.3269;2.421
168.3120673;0.7156;-0.2834;2.2157;2.351
168.3137813;0.3353;0.3571;-0.2535;0.545
168.3149918;-0.9896;0.0407;-1.4438;1.747
168.3243543;0.3249;-0.1962;0.889;0.972
168.3345788;2.6657;-0.0619;1.5213;3.069
168.3445169;-1.847;-0.4841;-1.2233;2.268
168.3544801;-0.1148;-0.301;3.0229;3.048
168.3706276;1.7916;-0.4043;2.9144;3.449
168.3746668;0.8592;0.328;-0.2256;0.94
168.3932858;-0.6253;0.3294;-0.6905;0.987
168.3948323;-1.0266;-0.8243;1.9516;2.363
168.4046492;0.5894;-0.2227;2.5452;2.629
168.4144493;-0.0463;0.2163;-0.0949;0.24
168.4244205;-1.0073;0.2547;0.736;1.283
168.434619;-0.3594;-0.9262;2.438;2.641
168.4444279;0.8038;0.0843;1.3174;1.55
168.4549228;0.8916;0.2923;-0.3274;0.986
168.4691896;0.7409;-0.2174;0.9273;1.209
168.4957361;0.7009;-0.2927;1.8509;2.006
168.4976402;0.8618;0.0116;0.2165;0.885
168.498965;0.1206;0.4434;0.0091;0.46
168.5044848;-0.4716;-0.5714;1.2943;1.5
168.5142995;0.9566;-0.1297;1.6992;1.958
168.5258747;0.7566;0.236;0.2962;0.844
168.5344233;-0.5312;-0.0931;0.9014;1.06
168.5454285;0.0511;-0.4021;1.2772;1.347
168.5544076;1.1137;0.0364;1.0343;1.522
168.5642494;0.6571;0.2722;0.4045;0.818
168.5744887;-0.1341;-0.3875;0.8208;0.925
168.5852509;-0.1378;-0.0853;1.9121;1.928
168.6099791;0.2739;-0.2169;1.0652;1.127
168.6114676;0.4604;-0.0149;1.1062;1.204
168.6145456;0.2356;-0.0694;0.8424;0.884
168.6248493;-0.0839;-0.2563;1.1716;1.21
168.6351385;0.7467;-0.0247;1.2304;1.443
168.6442484;0.6374;-0.1134;1.0325;1.222
168.6546333;-0.0128;0.0224;0.9641;0.973
168.667631;-0.0934;-0.3003;1.1141;1.166
168.6755206;0.3169;0.0625;1.8342;1.87
168.6899643;0.6137;-0.2629;0.7522;1.008
168.6954908;0.1609;0.1063;1.2504;1.273
168.7043655;0.0933;-0.2497;0.6199;0.681
168.7145703;0.5077;0.0204;1.0147;1.14
168.7248071;0.6821;-0.044;0.4364;0.81
168.7343759;0.4104;0.0276;0.7324;0.844
168.7442598;-0.0225;-0.0211;0.9563;0.965
168.767347;0.2823;-0.1373;0.943;1.0
168.7903578;0.5547;-0.1252;0.8263;1.006
168.792496;0.246;0.0308;0.9411;0.98
168.7945602;0.3221;-0.128;0.4027;0.534
168.8045178;0.2366;-0.0321;1.4534;1.48
168.8148742;-0.075;-0.1207;0.9452;0.964
168.8264914;0.0028;-0.1395;1.0864;1.103
168.8342962;0.0928;-0.0274;1.2199;1.231
168.8443687;0.1545;-0.3143;0.8557;0.931
168.8544051;0.3641;0.1533;0.9052;0.993
168.867983;0.3615;-0.116;0.6135;0.725
168.8881593;0.3462;-0.0169;1.2329;1.287
168.8902256;0.4106;-0.1229;0.4799;0.645
168.8977979;0.2416;0.0519;0.9563;0.994
168.9041986;0.2438;-0.1535;0.8347;0.889
168.9144183;0.4336;-0.1533;1.1728;1.265
168.9254248;0.3409;0.0771;0.9186;0.989
168.9343885;0.0693;-0.299;0.6686;0.742
168.9448152;0.1086;0.1003;1.3992;1.415
168.9543038;0.2617;-0.2356;0.7747;0.856
168.968145;0.3326;-0.0469;1.2867;1.336
168.9908258;0.2766;-0.1434;0.7666;0.833
168.9921622;0.0947;-0.0149;0.8028;0.816
168.99436;0.454;0.0075;0.7343;0.867
169.0043669;0.4051;-0.1686;1.0191;1.115
169.0143963;0.4876;-0.0002;1.0569;1.169
169.0257966;0.5327;-0.188;0.8877;1.056
169.0346079;0.086;0.1015;0.9403;0.957
169.0443643;0.5402;-0.2731;0.4231;0.738
169.05465;0.5342;0.1479;1.3597;1.474
169.0672885;0.132;-0.2257;0.657;0.713
169.0878148;0.1535;-0.0261;1.3177;1.334
169.0893746;0.095;-0.1554;0.9967;1.021
169.098585;-0.052;-0.1426;0.9354;0.956
169.1046683;0.5461;-0.1118;0.9061;1.068
169.1144423;0.1209;-0.0206;1.0559;1.071
169.1257267;0.133;-0.1609;0.6107;0.652
169.1348583;0.4119;0.1862;1.358;1.438
169.1456432;0.2636;-0.2834;0.7201;0.822
169.1542672;0.1699;0.0255;1.4311;1.449
169.1675489;0.2456;-0.0818;0.8474;0.892
169.1898132;0.1549;-0.1513;1.1632;1.19
169.1944959;0.289;-0.0103;1.2792;1.318
169.1956284;0.3538;-0.2147;0.7812;0.889
169.2045435;0.1384;0.0964;0.9546;0.977
169.2145136;0.2626;-0.1571;0.7815;0.845
169.227349;0.564;0.0781;1.3505;1.471
169.2442808;0.0749;0.0774;0.9309;0.945
169.2563016;0.6458;-0.1036;0.7037;0.963
169.2670229;0.7692;-0.0718;1.3282;1.541
169.2855438;0.3847;-0.0322;0.7074;0.81
169.2871329;0.3274;-0.0428;0.5628;0.657
169.2950939;0.1134;0.0064;1.0996;1.113
169.3042696;0.4242;-0.2818;0.9602;1.091
169.3147452;0.2659;0.1197;1.3109;1.35
169.3253535;-0.1766;-0.2288;0.5543;0.634
169.3343788;-0.1681;-0.0906;1.4354;1.457
169.3446636;0.565;-0.1136;1.2866;1.415
169.3544219;0.3983;0.0206;0.9651;1.05
169.3644801;-0.1807;-0.082;0.4883;0.537
169.3859692;0.4333;-0.1891;1.1024;1.205
169.3874964;0.5924;0.0655;1.4765;1.598
169.3958161;0.3224;-0.208;0.5245;0.653
169.4042333;-0.057;0.104;0.9271;0.943
169.4145259;0.0882;-0.3092;0.8263;0.893
169.425007;0.6317;0.0772;1.5601;1.69
169.4344313;0.5182;-0.0823;0.521;0.741
169.4443931;-0.0155;0.0064;0.6995;0.708
169.4547479;-0.0049;-0.1945;1.1184;1.143
169.4660868;0.5678;-0.0269;1.5911;1.695
169.4931566;0.5416;-0.0087;0.9362;1.086
169.4954283;-0.1015;-0.1535;0.715;0.747
169.4963618;-0.0762;-0.0139;1.1518;1.163
169.5042893;0.6877;-0.2042;0.9491;1.193
169.5147625;0.8245;0.0848;1.2658;1.517
169.5270519;0.0949;-0.107;0.0167;0.14
169.5344889;-0.1505;-0.0189;0.4981;0.53
169.5443418;0.6765;0.0033;0.9164;1.142
169.5546337;0.7396;-0.2132;1.243;1.466
169.5673383;0.2447;0.0997;0.7972;0.846
169.5918285;0.0844;-0.1083;0.6967;0.717
169.5939767;0.3049;-0.0553;1.4798;1.519
169.595695;0.7709;-0.1979;0.7414;1.089
169.6045428;0.2753;0.2215;0.9142;0.987
169.6147229;-0.2819;-0.2805;0.4133;0.582
169.6268093;-0.0462;-0.0603;1.6084;1.619
169.63436;0.2729;-0.2038;1.222;1.275
169.6444387;-0.102;-0.1033;1.226;1.243
169.654726;-0.0198;-0.1057;0.8764;0.891
169.6689849;0.5469;-0.0927;0.9106;1.07
169.6931841;0.4114;0.0529;0.9303;1.024
169.6949413;0.4666;-0.1303;0.4606;0.67
169.6957743;0.0921;0.0544;1.1904;1.203
169.704262;-0.0155;-0.3;1.3528;1.394
169.7146902;0.2709;-0.0501;1.8273;1.855
169.7243766;0.5621;-0.0843;0.7975;0.983
169.7343651;0.2042;-0.0462;0.6109;0.652
169.7445061;0.2251;0.0393;0.0635;0.234
169.7544896;0.8732;-0.1206;1.3669;1.63
169.7684101;0.4292;-0.1397;1.54;1.611
169.7943603;-0.305;-0.291;0.7183;0.842
169.7957258;0.0104;0.1667;1.1951;1.215
169.7965569;0.604;-0.3594;1.1029;1.312
169.8042526;0.7135;0.0588;1.2868;1.477
169.8148755;0.5129;-0.0435;0.2929;0.591
169.8258482;0.1698;0.0814;1.3919;1.412
169.8344485;0.0441;-0.4361;1.1694;1.256
169.84452;0.2725;-0.0487;1.3915;1.426
169.8543566;0.5662;0.0535;0.8316;1.011
169.8674863;0.195;-0.2022;0.991;1.037
169.8906755;0.9438;-0.0807;0.5887;1.114
169.8921856;0.2261;0.0939;0.8345;0.876
169.8944606;0.089;-0.2248;0.7192;0.765
169.9041705;0.4294;0.0203;1.4306;1.5
169.9146569;0.2294;-0.2223;0.9355;0.995
169.9262446;0.0713;-0.0193;1.327;1.337
169.9343465;0.3578;-0.0144;0.7448;0.831
169.9446711;0.0303;-0.1237;0.8794;0.896
169.9544276;-0.1675;-0.1281;1.1063;1.135
169.9648707;0.4675;-0.1704;1.4999;1.586
169.9869262;0.0436;0.0319;1.242;1.251
169.9888548;-0.258;-0.2741;0.5813;0.701
169.9944756;0.4021;0.0357;1.106;1.183
170.0040412;0.679;-0.1126;0.6739;0.965
170.0145563;0.3867;0.0001;0.8803;0.967
170.0242569;0.2962;0.0128;0.7876;0.847
170.0345579;0.1257;-0.0836;1.1807;1.198
170.0443259;0.4099;-0.1769;0.667;0.806
170.0545571;0.7108;0.0526;1.0665;1.286
170.0646798;0.5095;-0.0192;0.4642;0.691
170.0898088;0.2281;-0.2508;0.8176;0.891
170.0915043;0.3531;-0.0603;1.2349;1.292
170.0945671;0.1301;-0.1516;1.0111;1.038
170.1045024;-0.0632;0.0314;1.2891;1.3
170.1249145;0.2984;-0.2944;0.6896;0.811
170.1267664;0.3042;0.0518;1.2102;1.256
170.1345862;0.3225;-0.1821;0.6351;0.739
170.1448976;0.2623;0.0423;1.3727;1.405
170.154748;0.3011;-0.1946;0.7314;0.819
170.1648187;0.2852;-0.0374;0.9836;1.031
170.1839183;0.4417;-0.0082;0.6873;0.821
170.1856394;0.6048;-0.106;0.8559;1.056
170.2109051;0.3368;-0.1295;0.6824;0.776
170.2128708;0.4827;-0.1914;0.7849;0.945
170.214731;0.0756;0.045;1.3473;1.358
170.2244858;-0.0508;-0.2935;0.9169;0.972
170.2345572;0.2485;0.0465;1.5206;1.549
170.2446789;0.302;-0.2735;0.8948;0.988
170.2545749;0.1049;-0.1002;1.2951;1.311
170.2642925;0.0537;0.0751;0.6141;0.629
170.2823557;0.0733;-0.188;0.7463;0.78
170.284873;0.3046;-0.0044;0.9976;1.049
170.3108409;0.3982;-0.1319;1.0293;1.117
170.3127356;0.1037;0.0016;0.814;0.828
170.3147727;0.1812;-0.2358;0.7138;0.779
170.3250383;0.8105;0.0138;1.1115;1.379
170.334941;0.5927;-0.0547;0.7625;0.97
170.3448466;0.2072;-0.0154;1.0313;1.059
170.3576903;0.3888;-0.1867;0.8253;0.936
170.3647753;0.1572;-0.0062;1.3044;1.321
170.382834;0.2233;-0.1834;0.709;0.771
170.3849487;0.0606;0.0093;1.1186;1.128
170.4094974;-0.0271;-0.07;0.6653;0.678
170.4112241;0.2493;-0.1584;1.0007;1.05
170.4145698;0.4212;-0.0426;1.1413;1.223
170.4262581;0.13;-0.1802;0.9039;0.938
170.43457;0.1462;0.0338;0.9853;1.004
170.4450443;0.798;-0.2679;1.0127;1.319
170.4570337;0.3853;0.0275;1.4523;1.509
170.4652132;0.048;-0.2381;0.6822;0.731
170.482119;0.1713;0.1059;1.2253;1.249
170.484837;0.3669;-0.3169;0.9125;1.038
170.5077328;0.2706;-0.1495;1.4683;1.507
170.5093888;0.205;0.0035;0.731;0.766
170.5144829;0.3227;-0.1385;1.0882;1.149
170.5248781;0.4336;-0.1456;0.7551;0.887
170.534605;0.6483;-0.1136;0.9935;1.195
170.5449384;0.4345;0.0807;0.8239;0.94
170.556454;0.0595;-0.1882;0.9778;1.005
170.5649276;0.5491;-0.1141;1.5074;1.614
170.5756813;0.392;-0.2415;1.0744;1.174
170.5848402;-0.0304;0.0453;1.1879;1.198
170.6007942;0.2046;-0.1523;0.5352;0.598
170.6284951;0.1699;-0.0622;1.0193;1.042
170.6301302;0.3434;-0.2693;1.0193;1.114
170.6309291;0.0887;-0.0749;1.3649;1.378
170.6344027;0.0983;-0.16;1.2086;1.231
170.6448302;0.7576;-0.0369;1.0294;1.282
170.6594202;0.467;-0.0539;0.975;1.087
170.6647103;0.1388;-0.1057;0.8284;0.853
170.6754315;0.5872;-0.1419;1.4459;1.572
170.6844873;0.3573;-0.029;0.9987;1.067
170.6999405;0.1333;-0.1664;0.4767;0.528
170.7057483;0.2442;-0.0007;1.2134;1.245
170.7220788;0.5618;-0.2532;1.0233;1.198
170.7243651;0.3963;0.0062;1.1925;1.263
170.7344204;0.1352;-0.1614;0.39;0.448
170.744901;0.2932;-0.0453;1.274;1.315
170.7561467;0.5348;-0.0826;0.8545;1.015
170.7645609;0.4933;-0.0581;0.675;0.841
170.7746761;-0.0563;-0.0393;0.6855;0.698
170.7845644;-0.0717;-0.2927;1.6754;1.71
170.7989863;0.5938;-0.0308;1.5105;1.629
170.8234702;0.3865;-0.1041;0.4927;0.637
170.825595;-0.1504;-0.093;0.6243;0.658
170.826556;0.4669;-0.2305;1.0022;1.134
170.834343;0.7313;0.0702;1.4429;1.624
170.8444956;0.277;-0.207;0.4286;0.554
170.8554235;-0.3948;-0.076;1.0832;1.165
170.8642497;0.0656;-0.2384;1.3484;1.378
170.8753384;0.7379;0.0414;1.4258;1.611
170.8849178;0.4003;-0.1402;0.524;0.677
170.8962744;-0.2139;-0.2973;1.2311;1.293
170.9201532;0.3751;-0.0248;1.5705;1.621
170.9248944;0.6001;-0.1711;1.1364;1.301
170.9258663;-0.0483;-0.044;0.4848;0.498
170.9347184;0.0842;-0.1284;0.6417;0.667
170.9447096;0.4124;-0.0404;1.3597;1.428
170.956016;0.6677;-0.1748;1.2595;1.44
170.9645018;0.4765;0.0676;0.696;0.85
170.9748802;0.2744;-0.127;0.1294;0.327
170.9851476;0.6406;0.0468;0.8166;1.042
170.9997018;1.0283;-0.0577;0.4117;1.107
171.0243701;0.4208;-0.0065;1.2023;1.28
171.02638;-0.015;-0.2041;0.6412;0.681
171.0272953;-0.0822;-0.0898;1.2204;1.235
171.0345986;0.0026;-0.14;0.9565;0.975
171.0449117;0.2773;-0.2042;1.2961;1.348
171.0581183;0.1984;0.0931;1.2349;1.262
171.0649108;-0.2176;-0.2629;0.5554;0.66
171.0747457;-0.086;0.059;1.27;1.283
171.0848585;0.2111;-0.1219;1.281;1.311
171.1020013;0.0999;-0.1358;1.2513;1.27
171.1074556;0.2834;-0.2288;0.7471;0.836
171.1148033;0.2691;0.0143;1.4257;1.458
171.1278027;0.462;-0.1324;0.6144;0.783
171.1348541;0.4163;-0.14;0.8312;0.945
171.1447478;0.5193;-0.0186;0.6423;0.829
171.1580023;0.4206;-0.0602;1.0171;1.108
171.1799038;0.3029;-0.0859;0.9614;1.018
171.1851566;0.2136;-0.0782;1.0302;1.062
171.2040807;0.3706;-0.2671;1.1076;1.204
171.205934;0.5356;0.1274;1.2422;1.364
171.2145868;0.3335;-0.188;0.3064;0.491
171.2249634;0.1226;-0.1101;0.9933;1.014
171.2345247;0.2711;-0.1824;0.8908;0.955
171.2447846;0.224;0.014;1.6169;1.64
171.2555933;0.2364;-0.2533;0.9046;0.975
171.2645269;0.0638;-0.1228;1.2049;1.221
171.2750353;0.2618;-0.1577;1.0046;1.056
171.2851956;0.6682;-0.0627;1.4126;1.569
171.2986904;0.6853;-0.0127;0.8264;1.076
171.3272148;-0.0923;-0.2978;0.7978;0.864
171.3289356;0.227;-0.0445;1.5646;1.589
171.3298109;0.4688;-0.1699;1.081;1.195
171.3344623;-0.1947;-0.027;0.9654;0.994
171.3444215;0.3914;-0.3968;1.0489;1.193
171.3549942;0.6447;0.0881;1.7355;1.859
171.3645436;0.1654;-0.0768;0.2714;0.331
171.3829739;0.1666;0.0856;0.5216;0.561
171.3848812;0.3847;-0.1242;1.5431;1.602
171.4149913;0.2398;-0.0904;0.4414;0.515
171.4167886;0.285;0.0723;1.0548;1.102
171.4177187;-0.0258;-0.313;1.0801;1.132
171.4252623;0.6458;-0.1156;0.9698;1.174
171.4346922;0.5172;0.2265;0.7122;0.912
171.4453006;-0.2074;-0.3197;0.63;0.744
171.4552888;0.2555;-0.1373;1.4522;1.488
171.4644548;0.5304;-0.0083;0.7482;0.921
171.474474;0.0453;0.0406;0.617;0.628
171.4847696;0.0998;-0.0982;0.6228;0.645
171.4992937;0.3823;-0.1383;1.267;1.337
171.5254126;0.4577;-0.0143;0.6398;0.79
171.5270543;0.0869;-0.0826;0.8573;0.873
171.5281322;0.2712;-0.006;0.6633;0.722
171.5345153;0.3436;-0.1446;0.8452;0.929
171.54487;0.3536;-0.178;1.0172;1.097
171.554899;0.1699;-0.1085;1.1463;1.171
171.5644458;-0.0384;-0.0341;1.0502;1.06
171.5744416;0.1534;-0.1504;0.8884;0.921
171.5843132;0.1361;-0.0705;1.1253;1.143
171.5980246;0.3087;-0.1226;0.5858;0.678
171.6237868;0.2028;0.08;1.1349;1.163
171.6256696;0.3169;-0.2062;0.6536;0.759
171.6267147;0.1331;-0.1677;1.0785;1.107
171.634583;0.1476;-0.0796;0.7038;0.73
171.6450171;0.6233;-0.0897;1.1126;1.283
171.655069;0.5637;-0.0671;0.8704;1.043
171.6644126;0.3695;-0.2342;0.7673;0.888
171.6745245;0.17;0.0175;0.9736;0.996
171.6846876;0.2823;-0.1705;0.9732;1.034
171.6995728;0.454;0.0062;1.2767;1.361
171.7266072;0.0663;-0.3654;0.8599;0.943
171.7281294;-0.1153;-0.0035;1.6804;1.693
171.729285;0.4174;-0.2085;1.0062;1.114
171.7345996;0.2885;-0.0161;1.2369;1.277
171.744458;0.007;-0.1851;0.5657;0.603
171.7573429;0.3994;-0.0945;1.1857;1.261
171.7812102;0.188;-0.2902;1.4402;1.488
171.7845017;0.4917;-0.0884;1.2559;1.357
171.8074302;0.1527;-0.1483;1.0252;1.054
171.8095156;0.3254;-0.0442;1.0741;1.129
171.8152118;0.803;-0.1114;1.13;1.394
171.8245496;0.2927;-0.0513;1.3939;1.432
171.8348078;0.0972;-0.339;0.6021;0.703
171.8444558;0.0037;0.073;1.4708;1.481
171.8557385;0.3861;-0.3197;1.0922;1.207
171.8643909;0.3878;0.0309;1.235;1.301
171.8749089;0.3539;-0.1385;0.4964;0.628
171.8976012;0.3726;-0.1153;1.3297;1.392
171.8991805;0.5127;-0.0619;1.1678;1.282
171.9240843;0.5828;-0.0525;0.9057;1.082
171.9259268;0.2211;-0.1314;0.5896;0.648
171.9268294;0.1137;-0.1962;1.3363;1.363
171.9345128;0.5159;0.0601;1.4145;1.513
171.9443148;0.3098;-0.2585;0.7318;0.84
171.9544081;0.0446;-0.0373;1.1016;1.111
171.9642483;0.2212;-0.1888;0.5913;0.664
171.9784135;0.4241;0.1639;1.0261;1.128
171.984523;0.1909;-0.2074;0.6291;0.695
172.0008528;0.2113;-0.0861;1.3169;1.344
172.0046791;0.363;-0.1834;1.0084;1.093
172.0145949;0.0358;-0.0103;1.1589;1.168
172.0243384;0.3577;-0.1186;0.8659;0.949
172.0347483;0.4432;-0.1268;1.0645;1.165
172.0452259;0.2486;-0.0617;0.9409;0.981
172.0548384;0.4311;-0.0629;0.8756;0.983
172.0644581;0.1296;-0.0029;0.755;0.773
172.081693;0.1191;-0.3324;0.4408;0.569
172.0848151;0.4347;0.1251;1.2399;1.326
172.1138014;0.336;-0.2537;0.9299;1.026
172.1157909;0.0718;-0.0451;1.3745;1.385
172.1169858;0.3459;-0.1357;0.9152;0.993
172.1284795;0.3389;-0.0446;1.2002;1.254
172.1361229;0.417;-0.1079;0.5297;0.685
172.1450683;0.039;-0.2116;0.8461;0.88
172.1548874;0.1142;-0.256;1.5331;1.566
172.1645084;0.318;-0.0478;1.2563;1.303
172.174621;0.1957;-0.0711;0.5425;0.587
172.1848612;0.3467;-0.0883;0.8934;0.968
172.1992112;0.8099;-0.1941;0.8794;1.213
172.2328653;0.5939;0.0834;1.268;1.408
172.2349993;0.1744;-0.1096;0.458;0.507
172.2360563;-0.1798;-0.0443;1.1494;1.173
172.2369906;0.277;-0.3359;1.2111;1.293
172.2448696;0.7914;-0.0381;1.5944;1.785
172.2546271;0.4288;0.1109;0.4882;0.662
172.2644977;-0.3908;-0.193;0.6333;0.778
172.2803543;0.1529;-0.2334;1.401;1.436
172.3068756;0.9232;-0.0622;1.4209;1.699
172.3085481;0.1374;0.1919;0.8425;0.882
172.3097021;-0.0622;-0.2979;0.2887;0.425
172.3143912;0.2298;-0.0583;1.3092;1.337
172.3241475;0.5491;-0.0705;0.9097;1.069
172.3364472;0.2748;0.0397;1.2557;1.293
172.3448558;0.1074;-0.1341;0.9989;1.021
172.3546375;0.1004;-0.1689;1.2939;1.316
172.3645123;0.3426;0.076;0.5593;0.664
172.3827435;0.6059;-0.0283;0.7661;0.98
172.3887502;0.3734;-0.1115;1.095;1.168
172.3949926;0.2096;-0.2347;0.7812;0.848
172.4105592;0.0572;0.1223;1.0103;1.027
172.4146787;0.0693;-0.1636;0.8743;0.9
172.4243918;0.3804;-0.0114;1.3167;1.377
172.4370068;0.5284;-0.1816;0.4433;0.714
172.444353;0.2761;0.0272;1.356;1.391
172.4543384;0.3296;-0.2303;0.8607;0.955
172.4647954;0.2293;0.08;1.0519;1.086
172.4774152;0.071;-0.1397;0.5787;0.606
172.5019485;0.2817;-0.1699;1.2906;1.338
172.5037206;0.5084;-0.0384;1.1888;1.299
172.504936;0.1399;-0.1421;0.7777;0.81
172.5145194;0.0926;-0.0513;1.2201;1.232
172.5241802;0.467;-0.302;0.9623;1.116
172.5361783;0.4746;0.1606;1.3546;1.45
172.5445698;0.3475;-0.1846;0.4203;0.578
172.5548859;0.1678;-0.0645;1.0331;1.056
172.5644029;0.1695;-0.1747;1.0282;1.063
172.5782251;0.3221;-0.0673;1.2737;1.322
172.6019762;0.3495;0.0414;0.8245;0.902
172.6036847;0.1452;-0.2311;1.0109;1.054
172.604645;0.3626;-0.1148;1.1875;1.253
172.6150254;0.8475;-0.09;0.64;1.066
172.6249838;0.269;0.1369;0.9596;1.012
172.635667;0.2656;-0.3382;0.7795;0.895
172.6447281;0.3435;-0.0319;1.3237;1.374
172.6555095;0.0324;0.0264;0.7072;0.716
172.6647279;0.1176;-0.0492;1.3895;1.403
172.6748487;0.3882;-0.2284;0.9248;1.033
172.7021122;0.34;-0.1501;1.03;1.101
172.7041089;0.3579;0.1258;0.6657;0.771
172.7060661;0.3252;-0.1193;0.6277;0.721
172.715837;-0.079;-0.0711;1.171;1.184
172.7357695;0.4042;-0.222;1.0042;1.11
172.7374666;0.5133;0.1512;1.2609;1.375
172.7443281;-0.2046;-0.1862;0.5289;0.606
172.7554711;0.1689;-0.1491;1.2696;1.297
172.7643368;0.9458;-0.0665;0.8422;1.269
172.7743524;0.2802;0.0535;0.8066;0.862
172.7935429;0.0407;-0.0517;0.3521;0.365
172.7955405;0.3236;-0.1505;0.8959;0.97
172.8189155;0.275;-0.0189;1.0311;1.074
172.8204658;0.27;-0.1962;0.7468;0.823
172.8244498;0.2587;0.1107;1.2125;1.252
172.8373774;0.0865;-0.3261;0.739;0.819
172.845043;0.284;-0.0192;1.1877;1.228
172.8545148;0.5992;-0.0177;0.4741;0.765
172.8652691;-0.0079;0.0031;0.7998;0.808
172.8811914;0.0792;-0.1581;0.8146;0.841
172.8843114;0.4346;-0.0807;1.1655;1.252
172.8961226;-0.0425;0.0236;0.9371;0.947
172.9059941;0.0937;-0.2378;1.2168;1.251
172.9146308;0.4457;-0.2676;0.452;0.69
172.9242901;0.3698;0.0722;1.3594;1.417
172.9347399;0.3717;-0.2161;0.9538;1.051
172.944396;0.1939;-0.0012;1.2066;1.229
172.9545275;0.1417;-0.1628;0.3583;0.423
172.9642971;0.3039;0.0545;0.8383;0.899
172.9780638;0.4158;0.011;0.8664;0.966
173.0019106;0.524;-0.1327;0.8571;1.017
173.0035018;0.268;-0.0198;0.7387;0.792
173.0048628;-0.1559;-0.1634;0.8495;0.888
173.0145404;0.4223;0.0377;1.7159;1.774
173.024696;0.843;-0.1983;0.7722;1.161
173.0369811;-0.0144;-0.0188;1.0847;1.093
173.0447832;-0.0803;-0.2751;0.8042;0.862
173.0545303;0.3412;-0.0836;1.8854;1.925
173.0648451;0.0337;-0.0765;1.1677;1.179
173.0799113;-0.0526;-0.1586;0.6471;0.676
173.107344;0.1324;0.106;0.9877;1.01
173.1087525;-0.0408;-0.225;1.0408;1.074
173.1096519;0.7348;-0.0616;1.7218;1.878
173.1145789;0.9927;-0.136;1.3007;1.645
173.1242385;-0.2526;-0.0238;1.0254;1.066
173.1385814;0.4666;-0.1709;0.6436;0.816
173.1443031;0.7394;0.041;1.5829;1.753
173.1552238;0.2671;-0.2185;1.0877;1.147
173.164545;0.5956;-0.1896;1.0741;1.247
173.1749121;0.3483;0.3489;0.4237;0.653
173.1983511;-0.9923;-0.3511;0.1673;1.072
173.2017802;0.1364;-0.2371;2.2053;2.23
173.2053948;1.8438;-0.2027;2.5168;3.129
173.2146477;0.1073;0.1583;0.8934;0.921
173.2277359;-0.4933;-0.2785;-0.144;0.587
173.2391651;0.7525;-0.036;1.746;1.907
173.2444367;1.4498;-0.1152;1.045;1.791
173.2554191;0.2625;0.1349;0.6103;0.683
173.2644466;-0.6291;-0.1358;1.1757;1.35
173.2788495;-0.6814;-0.6556;2.55;2.729
173.3018733;0.4983;0.0022;1.1357;1.245
173.3051273;1.0084;0.089;0.0868;1.011
173.3062638;0.6803;0.043;0.8223;1.071
173.3143742;0.9522;-0.285;0.919;1.355
173.3243425;0.4713;0.0908;0.941;1.061
173.337958;-0.032;-0.0584;0.3322;0.347
173.3444089;-0.054;-0.0504;1.6808;1.691
173.3542088;0.4206;-0.2792;0.9519;1.082
173.364448;0.2894;0.066;0.8659;0.921
173.3751963;0.2183;0.0087;0.5759;0.622
173.4014612;0.2296;-0.0894;0.7762;0.82
173.4043421;0.2527;-0.0724;0.7498;0.8
173.4053411;0.4091;-0.0448;0.4872;0.64
173.4145494;0.1997;0.0297;1.2294;1.253
173.4244275;0.1444;-0.1799;0.706;0.749
173.4344216;0.1493;-0.0778;1.0071;1.028
173.4441874;0.3152;0.0029;0.898;0.958
173.4545743;0.0937;-0.0634;1.0186;1.032
173.4644748;0.2976;-0.0181;0.7779;0.839
173.4746051;0.3417;-0.1109;0.6368;0.735
173.4977231;0.0872;0.0865;0.706;0.724
173.4993589;0.3509;-0.149;0.5478;0.671
173.5046891;0.1834;0.0336;1.2232;1.245
173.5159959;0.0632;-0.2607;0.7699;0.822
173.5245176;0.2132;0.0308;1.1985;1.225
173.5348379;0.3727;-0.1248;0.6513;0.765
173.5443487;0.355;-0.0721;1.0105;1.079
173.5545563;0.42;-0.0442;0.5761;0.717
173.5647464;0.4154;-0.0388;0.7458;0.859
173.5744051;0.0432;-0.0665;0.8904;0.902
173.596293;0.0559;-0.1242;1.0291;1.046
173.5980493;0.2819;-0.0099;1.3474;1.383
173.6223471;0.4509;-0.2399;0.7784;0.935
173.6249083;0.3748;0.0;1.0772;1.146
173.6259378;0.3042;-0.0906;0.361;0.483
173.6353493;0.3792;-0.1314;1.1253;1.2
173.6447679;0.3534;-0.0895;1.0404;1.108
173.6546707;0.1209;-0.1963;0.9972;1.031
173.6647695;0.1935;0.0486;1.1285;1.153
173.674519;0.4462;0.0446;1.2069;1.293
173.6929332;0.4292;-0.0882;0.5905;0.738
173.6953638;0.2136;0.0435;1.3454;1.37
173.7202514;0.5264;-0.2946;0.7421;0.959
173.7218366;0.2783;-0.0034;1.2744;1.311
173.7250687;0.1472;-0.0468;0.868;0.889
173.7347491;0.2248;-0.1622;1.2476;1.285
173.744467;0.2196;-0.0839;1.0936;1.125
173.7546271;0.3505;-0.1649;0.8706;0.958
173.7645173;0.253;0.0572;1.3286;1.361
173.7744336;0.3071;-0.2092;0.8986;0.978
173.7980739;0.3495;0.0004;1.2063;1.262
173.8028324;0.3834;-0.1327;0.8345;0.933
173.8043891;0.0839;0.0254;1.1768;1.188
173.8145161;0.1876;-0.0678;0.9119;0.94
173.826173;0.3402;-0.1229;1.4569;1.508
173.8368013;0.109;-0.0269;0.9822;0.996
173.8444198;0.2772;-0.1433;0.8629;0.923
173.8546261;0.2944;0.0226;1.4256;1.463
173.864363;0.3982;-0.3188;0.9039;1.042
173.8748898;0.4235;0.1595;1.2571;1.342
173.892336;0.2456;-0.1242;0.4999;0.575
173.8943669;0.1807;-0.0434;1.0639;1.087
173.9192546;0.4722;-0.0646;0.8374;0.968
173.9205164;0.4461;-0.0478;1.3061;1.387
173.924431;0.2939;-0.0799;0.8937;0.95
173.935563;0.3898;-0.041;1.0219;1.1
173.9443334;0.3307;0.0154;0.8307;0.9
173.9545534;0.4411;-0.2299;0.9756;1.1
173.9643795;0.6776;-0.0216;1.7274;1.861
173.9744156;0.3661;-0.2353;0.8341;0.945
173.9935245;-0.2835;0.0669;1.0945;1.142
173.9951527;0.0209;-0.2853;0.6491;0.716
174.0171121;0.3501;-0.0239;1.4496;1.498
174.0191673;0.5553;0.0033;1.0862;1.225
174.0253051;0.2096;-0.1781;1.0224;1.065
174.0356736;-0.0022;-0.0893;0.7649;0.778
174.0444329;0.4319;-0.1617;0.975;1.083
174.0549082;0.9075;0.2161;1.1783;1.506
174.0665681;0.7775;-0.1854;0.4448;0.913
174.074199;-0.0429;-0.0759;0.9932;1.005
174.0842491;0.1002;-0.2299;0.8124;0.857
174.0942438;0.3538;0.0288;1.5095;1.557
174.108762;0.3365;-0.0853;0.8871;0.958
174.1147665;0.1329;-0.1641;0.558;0.603
174.1323889;-0.0021;0.0487;0.7565;0.766
174.1345895;0.4047;-0.0699;0.8984;0.993
174.1443471;0.5066;-0.0325;1.0996;1.216
174.1548143;0.2322;-0.1502;0.5434;0.614
174.1675186;-0.1013;0.0224;1.0679;1.082
174.1743891;0.5162;-0.147;0.9007;1.052
174.1842862;0.6083;0.0092;1.1179;1.277
174.1945728;0.0806;-0.0666;0.2314;0.259
174.2074231;0.2929;-0.0304;0.7905;0.849
174.2308783;0.2999;-0.0616;1.0845;1.133
174.2353031;0.1495;-0.207;0.6831;0.735
174.236231;0.1616;0.0937;1.0026;1.027
174.2443825;0.1617;-0.1856;0.6858;0.735
174.2545225;0.2086;-0.0154;1.1347;1.161
174.2665913;0.4296;-0.0512;0.537;0.692
174.2743682;0.3462;-0.0181;1.1415;1.199
174.2843493;0.0588;-0.2224;0.8725;0.91
174.294425;0.1876;0.0348;1.0964;1.12
174.306829;0.3826;-0.0371;0.8295;0.919
174.3282253;0.0556;-0.2095;0.7973;0.833
174.3298043;0.1823;-0.0432;1.1429;1.165
174.3381481;0.5949;-0.0346;0.5678;0.824
174.3446443;0.219;-0.016;1.0173;1.048
174.3544809;0.2299;-0.1614;0.4834;0.563
174.3663715;0.3108;-0.0472;0.8485;0.911
174.3743183;0.5523;0.0711;0.968;1.121
174.3850925;0.302;-0.1728;0.899;0.97
174.3944225;0.2433;-0.0005;0.8087;0.851
174.4076213;0.3756;-0.1924;1.4488;1.515
174.4328903;0.2822;0.1121;1.4488;1.487
174.435132;-0.0365;-0.2823;1.3021;1.341
174.4360402;-0.1491;-0.2691;1.0178;1.072
174.4445567;0.4404;-0.0751;1.5956;1.663
174.454397;0.2838;0.0254;0.9524;1.0
174.4675259;-0.1246;-0.2259;0.5717;0.635
174.4746715;0.1719;-0.0347;1.1138;1.135
174.4858089;0.7848;-0.0577;1.2774;1.504
174.4945161;0.2726;-0.045;1.2136;1.251
174.5099612;0.1179;-0.1576;0.6989;0.733
174.5383271;0.4655;0.0099;1.3369;1.422
174.5397511;0.6302;-0.082;0.7871;1.014
174.5406651;0.5648;-0.0945;1.1153;1.258
174.5447698;0.4468;-0.0072;0.7087;0.842
174.5543773;-0.042;-0.1597;0.9114;0.934
174.5659689;0.302;-0.009;1.225;1.268
174.5746168;0.4957;-0.214;0.7482;0.926
174.5844071;0.0051;0.1164;0.9944;1.01
174.5946358;0.187;-0.2788;0.657;0.743
174.6072826;0.5216;0.0754;1.6362;1.725
174.6354824;0.2586;-0.1005;0.7188;0.776
174.637264;-0.0274;-0.0718;0.9868;0.998
174.6381748;0.2813;-0.1504;1.1433;1.193
174.6447119;0.1752;-0.1974;1.6938;1.722
174.6544504;0.3987;-0.0699;1.7446;1.798
174.6658442;0.1583;-0.2814;0.932;0.993
174.6746589;-0.3746;0.0861;1.1428;1.216
174.6848271;0.289;-0.3739;0.9081;1.029
174.6946404;0.5796;0.1093;1.8159;1.915
174.7070911;0.3048;-0.2697;0.734;0.844
174.7352729;0.1672;-0.1099;1.0534;1.079
174.7369215;0.2993;-0.0231;1.2038;1.247
174.7379242;0.7556;-0.1013;1.1641;1.395
174.7442515;0.9733;-0.0148;0.6502;1.17
174.7546395;0.6412;-0.1511;1.0139;1.213
174.7657253;0.7141;0.0421;1.0059;1.238
174.7744793;0.762;-0.1612;0.54;0.947
174.7843392;0.1826;0.0172;0.8681;0.894
174.7945156;0.2216;-0.2438;0.5672;0.661
174.8093578;0.4411;0.0737;1.5181;1.589
174.835476;0.1694;-0.1924;0.7845;0.832
174.8373436;-0.1007;-0.162;0.9504;0.978
174.8382446;0.1277;0.0064;0.9277;0.944
174.8448602;0.4605;-0.1529;1.1687;1.271
174.854387;0.4049;-0.0089;1.3183;1.385
174.866164;0.0718;-0.1445;0.7366;0.761
174.8744668;0.0147;0.0071;1.1921;1.2
174.8843272;0.5431;-0.2233;0.9707;1.138
174.8946127;0.3746;0.0678;1.0352;1.109
174.9075916;0.1202;-0.186;0.0731;0.232
174.9324817;0.2584;-0.0194;1.1992;1.234
174.9342185;0.2907;-0.0608;1.0588;1.106
174.9352732;0.1583;-0.1831;0.6903;0.738
174.9442709;0.3122;0.1093;0.7837;0.856
174.9544417;0.1956;-0.2428;0.6535;0.729
174.9650741;0.2168;0.1202;1.1086;1.143
174.9743596;0.4886;-0.1459;0.7399;0.902
174.9843471;0.022;0.0224;1.1196;1.128
174.9944406;0.0959;-0.2156;0.451;0.515
175.0043174;0.4912;0.1334;0.9598;1.091
175.0265768;0.4059;-0.0691;0.3103;0.516
175.0281054;0.2408;-0.1339;0.5367;0.608
175.0358488;0.3922;0.0402;0.9792;1.061
175.04426;0.286;-0.1278;0.8745;0.935
175.0543329;-0.0346;-0.0298;0.9574;0.967
175.0644953;0.3205;-0.2028;0.544;0.667
175.0744697;0.3616;0.0533;1.1175;1.182
175.0844864;0.4687;-0.1565;0.7823;0.929
175.095004;0.2885;-0.0699;1.3292;1.369
175.1078182;-0.0801;-0.0861;0.749;0.767
175.1381001;-0.0388;-0.216;0.9954;1.027
175.139826;0.2801;0.0524;1.43;1.465
175.1412815;0.7035;-0.2742;1.2035;1.424
175.1448639;0.2946;0.0495;1.0077;1.057
175.1545088;0.0625;-0.1904;0.1657;0.263
175.1649115;0.4671;0.1524;1.1434;1.25
175.1743763;0.5498;-0.2206;1.5764;1.69
175.1843239;0.3054;-0.1156;0.8265;0.894
175.1946545;0.0912;0.0033;1.1378;1.149
175.2088928;0.5173;-0.1393;1.0612;1.193
175.238741;0.6368;-0.1758;0.9151;1.132
175.2409418;0.2588;0.1567;0.8504;0.909
175.2418736;0.1242;-0.2179;0.6651;0.717
175.2447122;-0.0136;-0.114;1.5392;1.552
175.2542873;0.0688;-0.293;0.943;0.997
175.264802;0.3302;0.0872;1.4295;1.477
175.2747105;0.4052;-0.1963;0.9914;1.094
175.2919739;0.0928;-0.1572;1.1992;1.221
175.2952496;0.5361;0.0672;1.0937;1.225
175.3177805;0.5709;-0.1809;0.6296;0.871
175.3191605;0.0579;0.1231;0.7916;0.811
175.324432;0.3843;-0.1653;0.8097;0.916
175.3343026;0.1167;-0.0414;1.7313;1.744
175.3443008;0.045;-0.3309;0.9537;1.018
175.354385;0.4128;0.1523;1.3352;1.412
175.3651257;0.4529;-0.1785;0.6977;0.854
175.3744891;0.4935;-0.1384;0.8474;0.994
175.3845436;0.8229;0.0365;0.502;0.964
175.4088952;0.7003;-0.0075;0.8789;1.127
175.440168;-0.1426;-0.1543;0.6074;0.651
175.4418661;0.386;0.0634;1.4812;1.539
175.4427718;0.4548;-0.2179;1.0298;1.151
175.4445571;0.4433;0.0825;0.8324;0.951
175.4543125;0.5361;-0.0771;0.0407;0.538
175.4646425;0.1917;-0.0458;1.0266;1.052
175.474462;0.5854;-0.1511;1.0164;1.187
175.4896694;0.4168;0.0491;1.0211;1.109
175.4944331;-0.3454;-0.1882;0.6881;0.802
175.5142566;-0.0326;-0.2105;1.2259;1.252
175.5157243;0.4911;0.0774;1.1587;1.266
175.524285;0.3319;-0.139;0.3234;0.485
175.5345697;0.2671;0.0497;0.9133;0.959
175.5443437;0.3156;-0.0893;0.5578;0.651
175.5551247;0.29;0.0439;0.8424;0.898
175.5659692;0.4423;-0.0432;0.3784;0.584
175.5743621;0.0673;-0.0309;0.8323;0.843
175.584408;0.2158;-0.0601;0.9465;0.979
175.5947016;0.5501;-0.1444;1.2035;1.336
175.6066442;0.0944;0.039;0.9467;0.96
175.6332469;-0.0169;-0.2507;0.5381;0.601
175.6350126;0.2511;0.1408;1.5742;1.608
175.6359638;0.2868;-0.2797;0.9569;1.043
175.6445359;0.0013;0.0407;1.0988;1.108
175.654709;-0.1633;-0.093;0.6767;0.711
175.6643597;-0.0809;-0.0715;1.2288;1.242
175.6742917;0.6016;-0.0785;1.1489;1.304
175.6844903;0.7396;0.0166;0.9217;1.185
175.6945188;0.1963;0.1275;0.4177;0.484
175.7066676;0.4787;-0.2669;0.7928;0.967
175.729074;0.9795;0.0864;1.3658;1.686
175.730479;0.5811;-0.1237;0.5975;0.844
175.7344119;0.1131;0.0927;0.8082;0.829
175.7444626;0.3183;-0.2097;0.8418;0.929
175.7550528;0.5714;-0.0044;1.3409;1.463
175.7653063;0.1526;0.0238;0.3412;0.38
175.7742545;-0.2193;-0.0111;0.9441;0.979
175.7856991;0.2664;-0.1921;1.2883;1.336
175.8052753;0.4897;-0.1242;1.4553;1.546
175.8066995;0.1684;0.1821;0.6571;0.709
175.815283;0.0547;-0.192;0.7044;0.739
175.8243865;0.4323;-0.1273;1.6325;1.7
175.8350512;0.6955;-0.1301;0.8476;1.107
175.8459054;0.0873;0.1418;0.9695;0.992
175.8546914;-0.3232;-0.2265;0.5451;0.682
175.8654587;0.1682;-0.1237;1.4239;1.446
175.8743592;0.7063;-0.0071;1.0768;1.291
175.8845717;0.0034;-0.0137;1.2095;1.218
175.9059872;0.0443;-0.1449;0.8491;0.87
175.9073429;0.3004;-0.0985;1.1724;1.221
175.9312762;0.4374;0.0921;0.9652;1.069
175.9328751;0.6236;-0.0997;0.9042;1.106
175.9348986;0.1516;-0.2728;0.7921;0.857
175.9466426;0.4451;0.124;1.4604;1.538
175.9549096;0.1273;-0.2062;0.7932;0.836
175.9645125;0.1747;-0.0237;1.1248;1.146
175.97451;0.7533;0.0032;0.7442;1.061
175.9842541;0.6506;0.0377;0.8151;1.046
176.0044377;0.2296;-0.0387;0.312;0.392
176.0061018;0.2872;-0.0862;0.8888;0.944
176.0312616;0.5541;0.0476;1.1192;1.255
176.0328743;0.3891;-0.2728;1.1807;1.278
176.0345638;0.1786;0.0711;1.0492;1.074
176.0463989;0.0773;-0.1647;0.4827;0.522
176.0551254;0.54;-0.0072;1.2762;1.391
176.0645515;0.5636;-0.1506;0.9776;1.142
176.0747837;-0.1407;0.0203;1.161;1.179
176.0848809;-0.1597;-0.1785;1.0629;1.098
176.1084033;0.021;-0.0534;1.5731;1.582
176.1103327;0.5078;-0.1467;0.7744;0.941
176.1410428;0.4244;0.0553;1.0572;1.146
176.1426479;0.2843;-0.0319;0.3284;0.438
176.1441126;0.366;-0.0784;0.7785;0.869
176.1457411;0.3754;-0.0493;1.1305;1.198
176.1546528;0.1743;-0.2146;1.1709;1.21
176.1678592;0.0676;0.061;1.3003;1.311
176.1744135;0.383;-0.278;1.1257;1.227
176.1845702;0.3605;0.0088;1.4274;1.479
176.2033876;0.1086;-0.1617;0.7307;0.763
176.2054627;-0.0035;0.1251;1.1923;1.207
176.2310803;0.1435;-0.3111;1.198;1.253
176.2327586;0.215;-0.0409;1.5934;1.616
176.2349459;0.1079;-0.0803;0.6006;0.622
176.2462495;0.3323;-0.077;1.2629;1.314
176.254987;0.7754;-0.0365;1.1424;1.385
176.2653948;0.7809;-0.0949;0.9241;1.216
176.274376;0.5943;0.0632;0.6252;0.867
176.2845425;0.4545;-0.0353;0.9634;1.071
176.3033308;0.7211;-0.0701;1.0836;1.307
176.3054747;0.5425;-0.1634;0.8954;1.063
176.3275103;0.0763;0.0847;1.0011;1.015
176.3290929;0.1727;-0.2641;1.042;1.095
176.3345418;0.3434;-0.0483;1.5184;1.564
176.3461546;0.3268;-0.1881;0.5009;0.63
176.3545408;0.3033;-0.0002;0.9436;0.997
176.3643167;0.35;-0.1706;0.8402;0.931
176.3748318;0.1506;-0.069;1.2657;1.284
176.3844033;0.4213;-0.1101;0.9058;1.01
176.410141;0.0456;-0.0573;1.3351;1.345
176.4120938;-0.0039;-0.1445;0.7456;0.767
176.422228;0.5855;-0.0129;0.6225;0.857
176.4399607;0.2282;-0.1504;0.3854;0.476
176.450591;0.2162;0.0162;0.6389;0.681
176.4546093;0.5573;-0.0745;0.8262;1.003
176.464422;0.3183;-0.016;0.7343;0.806
176.4744725;0.075;-0.0393;0.0307;0.088
176.4844945;0.2061;0.0053;0.9893;1.017
176.5031739;0.3345;-0.2789;1.2636;1.343
176.5055798;0.221;0.0244;1.4152;1.44
176.5317047;0.1397;-0.0985;0.3268;0.374
176.5334513;-0.334;-0.079;0.9301;1.001
176.5352931;0.2003;-0.1146;1.0612;1.093
176.545631;0.5554;-0.0511;1.1065;1.244
176.5547635;0.0104;-0.1096;0.4542;0.475
176.5650926;-0.2345;-0.0733;0.5719;0.632
176.5747024;0.1097;-0.0249;1.0926;1.106
176.5849236;0.3202;-0.2283;1.3276;1.391
176.6055625;0.5877;-0.0426;1.0235;1.185
176.6073814;0.6453;-0.1329;0.7554;1.005
176.6388501;-0.0837;-0.0854;1.0035;1.019
176.6413151;0.4948;-0.1367;0.8316;0.981
176.6428633;0.6951;-0.0366;0.5274;0.873
176.6451926;0.0701;-0.2608;0.5274;0.599
176.654622;-0.149;0.0172;1.2011;1.219
176.6644213;0.084;-0.246;1.1136;1.151
176.6748438;0.4473;-0.2568;1.6116;1.698
176.6851453;0.1637;-0.0186;1.0371;1.057
176.7048312;0.1275;-0.2315;0.4884;0.561
176.7064048;0.7446;-0.0463;1.6481;1.814
176.7364788;0.6718;-0.2235;1.3851;1.56
176.7380473;0.0588;-0.2184;1.0456;1.077
176.7391625;0.0376;-0.0665;1.3823;1.392
176.7465518;0.307;-0.2491;1.3112;1.376
176.7546407;0.4192;-0.0072;1.2516;1.326
176.7648826;0.5786;-0.2055;0.7893;1.003
176.7747156;0.2461;-0.0162;1.4554;1.483
176.7849395;0.3811;-0.2084;1.0502;1.142
176.8062472;0.3039;-0.0089;1.1749;1.22
176.807773;0.2487;-0.3148;0.9183;1.008
176.8346231;0.4043;-0.0529;1.8358;1.887
176.8360837;0.6561;-0.2036;0.8546;1.099
176.8371626;0.3585;0.0544;1.1634;1.225
176.8475515;0.0564;-0.2758;0.6067;0.675
176.8548463;0.5444;-0.0148;1.2122;1.334
176.8647771;0.5491;0.0204;0.8163;0.988
176.8753105;0.0305;-0.0741;0.9194;0.931
176.8844565;0.1595;-0.2072;0.8958;0.94
176.9039538;0.2432;-0.0437;1.119;1.153
176.9055635;0.7268;0.0743;0.3797;0.822
176.9317386;1.1425;0.0353;-0.2015;1.153
176.9335401;-0.1582;0.0897;-0.2256;0.287
176.9349526;-0.2351;-0.2254;1.4223;1.468
176.9443235;0.7821;-0.325;2.5785;2.72
176.9544231;0.2927;-0.002;0.8658;0.92
176.9649509;-0.49;0.0235;0.0746;0.503
176.9744756;-0.0605;-0.1104;0.6734;0.693
176.9843893;0.6319;-0.0718;1.9301;2.038
177.002864;0.231;-0.1244;0.9503;0.992
177.0044586;-0.5906;-0.0687;1.089;1.251
177.0291936;-0.447;-0.3959;1.3048;1.444
177.0306812;0.4711;-0.0226;1.2701;1.36
177.0344158;1.2071;0.0553;-0.2567;1.228
177.0461471;0.7679;0.2262;-0.0151;0.795
177.0546113;-0.0243;-0.3352;1.0583;1.118
177.0645243;0.0061;-0.3527;2.4903;2.523
177.0744098;0.9034;0.0208;1.0031;1.352
177.0843346;0.5558;0.1363;0.1156;0.58
177.1024336;-0.7731;-0.1242;0.2325;0.825
177.1048335;0.3739;-0.45;1.9236;2.017
177.1229497;1.5098;-0.1852;3.1812;3.531
177.1263766;-0.0257;0.0807;0.5765;0.591
177.1345811;-1.7512;-0.2276;-0.6224;1.875
177.1448642;-0.4703;-0.3051;0.6431;0.862
177.1542609;2.2526;-0.1466;3.0182;3.772
177.1642258;1.5826;-0.1467;1.4139;2.128
177.1743374;-0.7385;0.0678;-0.218;0.777
177.1843223;-1.0505;-0.4054;0.7576;1.366
177.2030217;1.4856;-0.2204;2.506;2.926
177.2045715;2.1668;0.1871;0.7004;2.282
177.2267358;0.3808;0.057;-0.267;0.459
177.22794;0.0413;-0.3589;0.1755;0.403
177.234234;0.8458;0.082;2.7737;2.907
177.2448585;-0.6538;-0.2948;0.9659;1.213
177.2544357;0.1818;0.0054;0.1937;0.268
177.2645231;0.9627;0.1575;0.4188;1.06
177.2744308;0.2978;-0.2426;1.874;1.92
177.284186;-0.489;-0.3595;1.3553;1.494
177.3018807;0.1178;0.1614;0.1847;0.276
177.3042902;0.1468;0.0771;0.9636;0.985
177.3255713;0.5367;-0.4799;1.9473;2.082
177.3295388;0.3356;0.1546;1.1578;1.222
177.3459732;0.2271;0.032;0.8504;0.887
177.3544046;0.5951;-0.283;1.1873;1.362
177.3644207;0.2273;0.279;0.6555;0.754
177.3754623;0.2266;-0.1371;-0.2436;0.35
177.3842408;0.2524;0.0044;1.2983;1.33
177.4021688;0.1791;-0.1969;0.971;1.013
177.4043272;0.1417;0.0998;0.6007;0.632
177.4308247;0.2818;-0.0244;1.6754;1.706
177.4325252;0.2818;-0.3494;1.6754;1.741
177.4347921;-0.079;0.0126;0.3334;0.352
177.444403;-0.1874;-0.0573;0.7497;0.784
177.4549709;0.3629;-0.1857;1.4021;1.466
177.4644657;0.3044;0.0293;1.1758;1.221
177.474905;0.0045;-0.1294;0.4614;0.487
177.4841947;0.3428;-0.0523;1.0623;1.123
177.501942;0.7445;-0.1714;0.4613;0.891
177.5048527;0.7576;0.1193;0.573;0.958
177.527728;0.5111;-0.2002;0.1088;0.555
177.5294048;0.283;-0.0241;1.1963;1.236
177.5347661;0.4141;-0.1152;1.1652;1.248
177.546538;-0.0088;-0.1079;0.9423;0.957
177.5547209;0.273;-0.1582;0.5276;0.619
177.564774;0.6175;0.0057;1.461;1.591
177.5768736;0.3753;-0.1732;0.9568;1.047
177.5843073;-0.0506;-0.112;0.8942;0.911
177.5943936;-0.0705;-0.0816;0.8511;0.866
177.6042749;0.0898;-0.236;1.4016;1.432
177.6186682;0.3534;0.0276;1.1163;1.177
177.6494076;0.5205;-0.1029;0.8116;0.973
177.6509962;-0.0162;-0.1107;1.1654;1.179
177.6519828;0.1755;-0.2913;1.1239;1.181
177.6545248;0.6788;0.1788;1.3508;1.527
177.6649389;0.1424;-0.2414;0.8737;0.924
177.6766798;0.1791;-0.187;1.5189;1.548
177.6845533;0.7708;-0.2062;1.1893;1.436
177.694772;0.1766;0.0668;1.2624;1.284
177.7048656;-0.004;-0.1931;0.5269;0.568
177.7195148;0.1763;-0.0314;0.9453;0.969
177.743514;0.1812;-0.1148;0.8546;0.888
177.745125;0.1837;-0.0559;1.6183;1.637
177.7458833;0.4584;-0.1339;1.0861;1.192
177.7543738;0.1485;-0.0871;0.9348;0.958
177.7643011;0.599;-0.1143;0.7048;0.934
177.7762803;1.2179;-0.0247;1.0186;1.589
177.7843266;0.5433;-0.0469;0.5331;0.764
177.7954818;0.0461;-0.1664;0.6103;0.641
177.8048441;0.1742;-0.1382;1.2397;1.267
177.8168355;0.1903;-0.2019;1.3751;1.41
177.8378076;-0.1545;0.0094;0.8614;0.884
177.8392706;-0.224;-0.2918;1.1776;1.242
177.8475788;0.7058;-0.0792;2.2675;2.382
177.8548367;0.6684;-0.0702;0.7578;1.015
177.8645061;-0.4372;-0.0189;-0.0754;0.449
177.8759797;-0.0237;-0.0922;0.7006;0.715
177.8844294;1.117;-0.2478;2.4873;2.743
177.8956532;0.3127;-0.2673;1.2823;1.353
177.9044371;-0.3375;0.0897;0.5782;0.686
177.9196066;0.0605;-0.2639;1.0551;1.097
177.9426676;0.8636;-0.1236;1.5281;1.764
177.9448883;1.4442;-0.0377;0.2659;1.465
177.9457652;0.3892;0.1648;0.491;0.651
177.9547644;-0.2213;-0.2081;0.5903;0.673
177.9643649;0.2223;-0.2014;1.3849;1.424
177.9757451;0.506;-0.0408;0.796;0.948
177.9842904;0.2678;-0.1138;1.1535;1.196
177.9951157;0.2835;-0.071;1.1169;1.161
178.004368;0.3095;-0.0761;1.1088;1.16
178.0190251;0.2014;-0.1311;0.6395;0.689
178.0468434;0.4394;-0.0424;1.0497;1.144
178.048288;0.2246;-0.0216;1.1296;1.159
178.0495196;-0.0484;-0.2283;0.9045;0.942
178.0545306;0.0837;-0.1383;1.4203;1.437
178.0644643;0.2094;-0.177;0.9652;1.01
178.0758314;0.3235;0.0602;0.7903;0.862
178.0844816;0.548;-0.0805;0.5028;0.749
178.0955788;0.5017;-0.0206;0.8566;0.997
178.1043736;0.5303;-0.1626;0.4678;0.726
178.1215898;0.2227;0.06;1.161;1.191
178.1505691;0.073;-0.3338;0.9706;1.036
178.1535828;0.1708;-0.0095;1.6043;1.621
178.1552358;0.2507;-0.1261;0.7611;0.817
178.1562078;0.088;0.0099;1.09;1.101
178.1644487;0.1522;-0.1622;0.6519;0.695
178.1764535;0.1239;-0.1079;0.878;0.9
178.1845157;0.0606;-0.1202;1.5126;1.526
178.1945787;0.0375;-0.189;1.3632;1.385
178.2051411;0.4561;-0.1374;1.2604;1.353
178.2169136;0.6418;0.0911;0.8596;1.08
178.2433312;0.5415;-0.2437;0.6875;0.911
178.2450433;0.7133;-0.0627;0.6483;0.967
178.2459098;0.4919;0.0754;0.5604;0.752
178.2549592;0.0818;-0.0672;0.9801;0.993
178.2647548;0.2566;-0.3845;1.444;1.523
178.2751631;0.5045;0.0265;1.4912;1.58
178.284719;0.3143;-0.0282;0.3635;0.484
178.2947046;0.2846;-0.0544;1.1379;1.181
178.3045471;0.7559;-0.2516;0.9223;1.221
178.3159293;0.225;0.0011;1.2151;1.243
178.3405727;-0.0341;-0.1171;0.6233;0.643
178.3421248;-0.1394;-0.1739;1.463;1.488
178.3444858;-0.0081;-0.176;1.2198;1.24
178.3544596;0.3443;-0.113;0.9636;1.035
178.364941;0.313;0.0062;0.8997;0.958
178.3759616;0.1564;-0.1561;1.3299;1.355
178.3845515;0.3271;-0.0696;0.8491;0.918
178.3947201;0.5496;-0.0685;0.8146;0.988
178.4044601;0.3522;0.0236;1.0315;1.096
178.4177377;0.3189;-0.2062;0.8506;0.937
178.4456802;0.3407;-0.0652;1.0561;1.118
178.4473441;0.1553;-0.1681;0.9068;0.942
178.4482795;0.1746;0.065;1.2924;1.313
178.4543931;0.2229;-0.1592;0.494;0.569
178.4653824;0.304;0.0469;1.1346;1.182
178.4752289;0.5768;-0.1539;0.7573;0.967
178.4843394;0.269;0.1524;0.7453;0.813
178.4949334;0.1991;-0.1769;0.2865;0.394
178.504476;0.3911;0.0126;1.2257;1.293
178.5186883;0.4051;-0.0726;0.6374;0.762
178.5507077;0.3181;-0.0814;0.6856;0.765
178.5522486;0.2893;0.0143;0.76;0.819
178.5536159;0.2933;-0.1684;1.0578;1.117
178.5547771;0.1895;-0.0255;0.8758;0.903
178.5648508;0.497;-0.0387;0.6063;0.788
178.5762506;-0.0619;0.0782;0.8733;0.888
178.5847898;-0.3619;-0.3155;0.9564;1.079
178.5944445;0.5678;-0.0106;1.918;2.007
178.6043033;0.4024;-0.032;0.5526;0.687
178.6162702;-0.4037;-0.0406;0.3852;0.569
178.644897;0.1516;-0.0177;0.2946;0.336
178.6466109;1.2615;-0.0707;1.0115;1.619
178.6475999;1.2429;0.2428;-0.4274;1.329
178.6549525;-0.2154;0.337;-1.1411;1.203
178.6649678;-1.0374;-0.1333;0.7216;1.28
178.6750506;0.3506;-0.9778;3.9263;4.068
178.6852231;1.3111;0.1004;2.3233;2.674
178.6945153;0.0369;0.2127;-0.8997;0.917
178.7047914;-1.5917;0.0151;-0.3952;1.644
178.7187041;-0.1446;-0.5461;2.23;2.308
178.7434582;1.8129;-0.0279;2.6755;3.235
178.7454024;-0.4088;0.1208;0.009;0.433
178.7473986;-2.7486;-0.4222;1.1703;3.025
178.7543227;-0.2466;-0.6422;2.8064;2.898
178.7642208;2.1975;0.4063;1.2895;2.579
178.7744691;1.2027;0.3585;-0.7073;1.432
178.7847008;0.0858;-0.2639;-0.0807;0.284
178.7983386;1.7529;-0.0909;1.7784;2.5
178.8051843;1.6905;0.0697;1.7004;2.4
178.8259357;-0.8762;0.0701;0.4716;1.007
178.827319;-0.7198;-0.366;0.564;0.994
178.8345329;1.2739;0.1448;1.974;2.358
178.8455323;1.1188;-0.2188;1.3042;1.734
178.8544828;-0.3551;-0.0614;1.2516;1.312
178.864527;-0.817;-0.4014;1.3636;1.649
178.8749165;-0.7049;-0.2339;2.1686;2.302
178.8844215;0.6408;0.0121;1.2272;1.389
178.894701;1.3147;-0.0501;1.2789;1.836
178.9044195;0.2212;-0.1432;1.1245;1.162
178.9244355;0.0309;-0.2133;0.8269;0.862
178.9266659;0.4477;0.1489;1.1169;1.218
178.9348374;0.8824;-0.0209;0.9783;1.32
178.9587527;0.5245;-0.0673;0.7223;0.898
178.9602481;0.1323;-0.1358;1.1513;1.174
178.9643441;0.5651;-0.2466;0.9983;1.177
178.9752925;0.7707;0.2173;0.5676;0.982
178.9848001;0.052;0.0811;-0.2881;0.295
178.9945688;-0.3827;-0.0018;1.0076;1.088
179.0044824;0.599;-0.473;1.7401;1.905
179.016567;0.2928;0.0949;1.3246;1.367
179.0452827;-0.3485;-0.0342;-0.0313;0.357
179.0468829;0.0281;-0.219;1.3243;1.35
179.0480269;0.5466;-0.0333;1.9904;2.071
179.0547494;0.2278;-0.1578;0.6454;0.708
179.0643854;-0.2372;0.1119;0.5053;0.579
179.0746743;-0.4266;-0.1742;1.1334;1.233
179.0844002;0.2317;-0.1691;1.0252;1.071
179.0974659;0.7442;0.1154;0.666;1.007
179.1046778;0.3484;0.1085;0.7078;0.801
179.1249543;0.2494;-0.2525;0.4971;0.614
179.1264879;0.8199;0.0018;1.1363;1.404
179.1344437;0.8524;-0.0343;0.4701;0.973
179.1444146;0.2847;0.0524;0.8391;0.894
179.1547832;0.309;-0.0636;0.487;0.584
179.1644012;0.2321;-0.0348;1.2301;1.259
179.1750753;-0.0381;-0.087;1.0579;1.07
179.1844654;0.0095;-0.0759;0.7168;0.729
179.1949693;-0.0434;0.0461;1.1274;1.138
179.2063193;0.0833;-0.2384;0.8869;0.929
179.2220786;0.2253;-0.0236;1.3114;1.338
179.2252409;0.3185;0.0127;0.6449;0.724
179.2349323;-0.0175;-0.1173;1.0706;1.085
179.2577155;0.3209;-0.0996;0.9309;0.995
179.259332;0.6229;-0.0771;1.2158;1.373
179.2648564;0.2684;0.007;0.7032;0.758
179.2746057;0.1609;-0.2166;0.9095;0.955
179.2844818;0.4158;0.0789;1.376;1.446
179.3024041;0.4327;-0.1803;1.0446;1.15
179.3060108;0.361;0.0596;0.9345;1.009
179.3303435;0.3946;-0.1746;0.8114;0.923
179.3319157;0.3616;0.0964;1.2838;1.344
179.3346739;0.4775;-0.2062;0.5362;0.749
179.344727;0.329;0.0042;1.3049;1.352
179.3544913;-0.0522;-0.1397;0.7658;0.788
179.3648866;0.0167;-0.1191;1.3324;1.346
179.3745775;0.3739;-0.1073;1.1088;1.181
179.3847298;0.264;-0.1513;1.0348;1.085
179.3988879;0.1472;-0.0325;1.012;1.03
179.4294127;0.2325;-0.1373;0.9516;0.996
179.4308485;0.3122;0.0109;1.146;1.194
179.4317165;0.3602;-0.1222;0.818;0.907
179.4352271;0.1244;0.0567;1.1864;1.202
179.4443413;0.2924;-0.2576;0.6745;0.783
179.4557368;0.377;-0.0017;1.4627;1.517
179.4644537;0.3045;-0.1532;0.7292;0.81
179.4745356;0.2711;0.018;1.029;1.071
179.4843938;0.2081;-0.1352;0.9684;1.006
179.4993629;0.2397;-0.1841;1.1033;1.15
179.5047838;0.2447;0.1196;1.2745;1.31
179.5360235;0.0238;-0.3948;1.0695;1.147
179.5379273;0.0053;-0.0818;2.1407;2.15
179.5390266;0.6685;-0.2492;1.5697;1.729
179.5443119;0.218;0.0785;0.8165;0.855
179.5546263;-0.1324;-0.1945;-0.1495;0.276
179.5647289;0.7057;0.1113;1.2243;1.422
179.5744951;1.139;-0.1622;1.0882;1.585
179.5842692;0.3452;-0.1204;1.031;1.1
179.5971866;-0.0687;0.0191;0.2981;0.316
179.6253861;0.3652;-0.1511;0.9351;1.02
179.6271366;1.0609;0.0021;1.0584;1.5
179.6280753;1.2005;-0.0237;0.3961;1.261
179.6343394;0.5944;0.0381;0.4602;0.753
179.6447324;0.0341;-0.1119;0.7757;0.792
179.6550266;-0.264;-0.1843;1.7278;1.766
179.6644605;-0.0121;-0.1401;0.5926;0.617
179.674693;0.1948;0.0297;0.6951;0.729
179.68438;-0.1612;-0.0164;1.2549;1.274
179.6976384;0.2417;0.1346;0.8419;0.893
179.7254544;-0.0715;-0.038;0.453;0.469
179.7272156;0.0578;-0.0985;1.455;1.467
179.7282784;0.5907;-0.1169;0.8715;1.063
179.7343858;0.2449;0.1031;0.5712;0.636
179.7448406;0.0387;-0.1118;0.3473;0.374
179.7563833;0.1932;-0.0636;1.3586;1.381
179.7645091;0.4273;-0.0915;0.8512;0.961
179.7748211;0.1137;-0.0371;0.5307;0.551
179.7845654;-0.0985;0.0566;1.0204;1.036
179.7992247;0.4824;-0.227;0.8231;0.984
179.8231766;0.3887;0.0998;0.839;0.935
179.8256115;0.0737;-0.0062;0.9742;0.985
179.8344312;0.092;-0.1454;1.0046;1.027
179.8445164;0.1226;-0.0342;1.1385;1.153
179.8556713;0.2116;0.0056;0.868;0.9
179.8648743;0.3661;-0.187;0.9943;1.081
179.8748983;0.3321;0.112;0.9999;1.066
179.884751;0.4141;-0.1152;0.529;0.684
179.8968641;0.3137;0.0822;1.1909;1.241
179.9199197;0.082;-0.2298;0.7485;0.794
179.9238381;-0.1222;-0.0283;1.5468;1.561
179.9252008;0.305;-0.1906;1.2377;1.295
179.9343481;0.4007;-0.1724;1.3285;1.404
179.9444418;-0.0586;-0.0203;0.9006;0.911
179.9572149;0.3854;-0.2463;1.0676;1.167
179.9643775;0.6181;0.0662;1.8079;1.918
179.9742754;0.289;-0.237;0.9919;1.066
179.9844099;0.3293;0.0408;1.2361;1.286
179.9942431;0.5557;-0.2147;1.0801;1.238
180.0135385;0.45;0.0391;1.5532;1.624
180.0150574;0.6483;-0.1485;0.6103;0.904
180.0410045;0.506;-0.0139;1.3323;1.431
180.0426381;0.2924;-0.0866;1.1865;1.232
180.0454828;0.2077;-0.2862;1.2329;1.289
180.0581017;0.2337;0.0529;1.685;1.709
180.0643434;0.2183;-0.4033;1.2985;1.384
180.0748215;0.1319;-0.0181;2.3968;2.408
180.0843719;-0.0342;-0.3106;1.2559;1.302
180.0947132;-0.2404;-0.0138;1.1029;1.138
180.1131911;0.0315;-0.119;0.379;0.405
180.1146829;0.2568;-0.2383;1.8393;1.879
180.1396613;1.393;-0.0651;2.2025;2.611
180.1415123;0.7613;0.0452;-0.0681;0.759
180.1447114;-0.6628;0.0467;-0.6722;0.944
180.1551728;1.1357;-0.0754;0.8149;1.4
180.1645631;2.7421;0.159;1.7334;3.247
180.1745516;0.4213;-0.0674;-0.1904;0.458
180.1844153;-0.5937;0.0757;-0.3583;0.699
180.1946843;-0.1466;-0.3044;1.7498;1.79
180.2188968;0.7522;-0.3638;1.9738;2.149
180.2216009;0.4562;0.4198;-0.1682;0.637
180.2251439;-0.8313;0.12;-0.3583;0.916
180.2348802;-0.848;-0.7229;2.8366;3.057
180.25146;0.6778;-0.2977;2.5445;2.656
180.2546803;0.2154;0.2481;0.1866;0.38
180.2643405;-0.8744;-0.1535;-0.6327;1.09
180.2744966;-0.0088;-0.326;2.2679;2.299
180.2845034;1.4945;0.0839;1.4219;2.066
180.2945546;0.2337;0.0359;-0.1187;0.256
180.3158614;-0.6584;0.1123;0.1408;0.69
180.3178208;0.0473;-0.5474;1.9122;1.997
180.3465541;1.1537;0.0215;1.1468;1.629
180.3480041;1.1937;0.291;-0.7053;1.408
180.3490273;-0.063;0.2184;0.1436;0.276
180.3571802;0.0128;-0.7738;2.4363;2.564
180.364993;0.8851;-0.2326;3.0005;3.143
180.3744647;0.6229;0.3657;0.2894;0.777
180.3847484;-1.2324;-0.1048;-0.5047;1.338
180.3948203;-0.8449;-0.3961;1.5543;1.822
180.4146306;1.3315;-0.193;2.0949;2.493
180.4168591;0.9252;0.4768;0.8275;1.331
180.4498829;-0.7769;-0.0597;-0.1628;0.8
180.451675;-0.8622;-0.5382;1.8742;2.141
180.4535256;1.4905;0.3302;-0.0316;1.521
180.4547329;0.5547;0.0504;0.2332;0.602
180.4644563;0.9721;-0.339;1.1292;1.53
180.4745418;1.4384;0.3365;1.0869;1.834
180.484692;0.1994;-0.1748;-0.1944;0.319
180.4950939;0.0021;-0.1487;0.9596;0.979
180.5141293;1.5537;0.063;0.3547;1.591
180.5159126;0.3882;0.5829;-0.9937;1.208
180.5464485;-0.8563;-0.2111;-0.2947;0.932
180.5481293;0.5305;-0.4335;3.0877;3.17
180.5497124;-0.1258;-0.0579;1.5662;1.581
180.5571449;-0.301;-0.0612;-0.6921;0.752
180.5646672;-0.1702;0.3056;1.5681;1.616
180.5747003;0.0452;-0.7206;2.3002;2.418
180.5846848;0.0544;0.0498;1.6105;1.62
180.5953097;-0.7118;0.1004;0.9921;1.235
180.6146849;-1.2592;-0.6902;2.3658;2.777
180.6163934;-0.3859;-0.2613;3.0908;3.134
180.6429301;-0.5108;-0.0697;0.5772;0.784
180.6450836;-0.9348;-0.1316;0.628;1.143
180.646028;1.2082;-0.0209;1.0415;1.596
180.6545745;2.0027;0.3205;0.533;2.094
180.6644712;0.4581;-0.0439;-0.3921;0.595
180.6748814;0.7559;0.0213;0.0512;0.753
180.6844441;1.5136;0.241;1.0594;1.863
180.6946383;0.5392;-0.3364;1.2156;1.376
180.7142881;1.4517;0.0873;1.4241;2.037
180.7159082;1.8189;0.3676;0.7529;2.001
180.7417043;-0.2419;-0.3174;-0.194;0.442
180.7431145;-0.3676;0.1264;-0.0881;0.403
180.7447264;0.5668;0.0136;1.0854;1.229
180.7545878;-0.363;-0.2191;1.8452;1.902
180.7643863;-0.6624;-0.3665;0.0933;0.768
180.7747307;-0.0184;0.2529;1.5857;1.614
180.7860862;0.3561;-0.3647;2.303;2.366
180.7945974;0.7357;-0.1721;0.8783;1.161
180.8113182;0.6479;0.3411;-0.595;0.935
180.8150052;-0.1932;0.0674;0.6734;0.713
180.8390975;0.5133;-0.8651;3.4569;3.607
180.8411382;0.5161;0.1327;1.1832;1.303
180.8449463;-0.821;-0.022;-1.5499;1.75
180.8544453;-0.4991;0.2075;0.4899;0.74
180.8647215;1.8054;-0.8926;3.6228;4.149
180.8748713;1.0287;0.434;0.1674;1.125
180.8848078;-0.3246;0.0558;-1.9837;2.004
180.8947358;-0.2433;-0.1126;1.5471;1.579
180.9159119;1.6522;-0.6546;2.4508;3.03
180.9191313;0.4223;0.7406;-1.2565;1.511
180.9524324;-0.9424;0.428;-2.1519;2.383
180.958457;0.2289;-0.9159;3.4228;3.558
180.9596144;0.3084;-0.5763;2.8373;2.919
180.9609268;-1.0951;0.1636;-1.3554;1.748
180.9644596;-0.2939;0.6982;0.6769;1.024
180.9745964;0.1096;-1.4028;2.9119;3.241
180.9844195;0.4167;0.2928;1.498;1.589
180.9941974;0.5828;0.1974;-1.7017;1.8
181.011198;-0.8355;0.0318;1.5288;1.753
181.0146369;-0.4391;-1.0737;3.3855;3.587
181.0417175;0.8185;0.3766;0.5136;1.037
181.0431992;0.792;0.5709;-1.1694;1.515
181.0453608;0.054;-0.5317;0.8695;1.027
181.0545806;2.1671;-0.3931;2.9709;3.701
181.0651211;1.771;0.2691;-0.9075;1.999
181.0745257;0.1871;0.2885;-1.1676;1.209
181.0860342;0.536;0.0889;1.5075;1.608
181.0944984;1.3138;-0.6865;2.8962;3.258
181.1128629;0.1921;0.4387;0.5668;0.748
181.1146365;0.2558;-0.2609;-0.6952;0.776
181.1443417;0.0285;-0.0476;1.9375;1.946
181.1459034;-0.4108;-0.5751;2.0186;2.147
181.1467206;-0.0817;0.043;1.3784;1.39
181.1548562;-0.1869;0.1283;1.1258;1.158
181.1643496;-0.5174;-0.5852;1.6433;1.828
181.1745882;0.671;0.0978;2.6552;2.747
181.1847809;0.4266;-0.285;0.7043;0.875
181.1943767;0.058;-0.1029;0.8995;0.915
181.2131661;0.8623;0.2725;0.9261;1.297
181.2152006;-0.3919;-0.4826;-0.4401;0.759
181.2443575;0.7564;0.4366;0.6692;1.102
181.2460435;1.0122;-0.1545;1.6927;1.982
181.2469025;-0.116;-0.3205;0.6563;0.747
181.2553309;0.2267;0.2229;0.6108;0.695
181.2643558;0.1719;0.1853;-0.0392;0.252
181.2745354;-0.2763;-0.4024;1.6527;1.732
181.288932;0.6199;-0.0619;1.8387;1.947
181.2947638;0.1187;-0.0288;0.3751;0.4
181.3047545;-0.5415;0.0933;0.4815;0.741
181.3147484;-0.2836;-0.2356;0.9417;1.02
181.3295692;0.36;0.0012;1.572;1.619
181.3680074;0.6844;-0.0843;0.3826;0.787
181.3696256;0.1438;0.193;0.894;0.933
181.3705542;-0.7845;-0.3635;0.776;1.171
181.3714396;0.6312;-0.3764;1.6246;1.788
181.3749697;1.6163;0.5543;0.8774;1.92
181.3866011;0.1116;-0.2179;-0.9653;0.987
181.3944508;0.047;0.3114;-0.0796;0.324
181.4044401;0.5171;-0.4819;1.6064;1.76
181.4145261;0.6771;-0.0823;1.9527;2.074
181.4277575;0.2198;0.125;0.0252;0.251
181.4345535;0.5074;0.0132;0.8102;0.96
181.4569116;-0.0496;-0.3376;1.5964;1.64
181.4585661;0.2108;-0.0557;0.671;0.712
181.4652516;1.3979;0.4863;0.2622;1.5
181.4749195;-0.5706;-0.4055;0.5302;0.886
181.4860352;-1.1859;-0.6273;2.8451;3.155
181.4954994;0.7554;-0.1362;1.9792;2.128
181.5061566;0.831;0.0845;0.7529;1.126
181.5147976;-0.3175;0.1069;-0.1045;0.354
181.5289158;0.4002;-0.4693;-0.2527;0.659
181.5657647;2.3555;0.6764;0.7987;2.575
181.5676837;0.4887;-0.3654;0.7678;0.984
181.5723101;-0.8699;-0.1193;1.2321;1.523
181.5740299;-0.1281;-0.2659;1.1567;1.202
181.5753971;1.1019;-0.0286;1.3903;1.777
181.5869553;0.8218;0.2193;0.9916;1.309
181.5955889;0.0037;-0.3568;-0.114;0.371
181.6048063;0.5067;0.2135;1.9772;2.059
181.6148197;-0.1301;-0.3777;1.2593;1.329
181.6285228;-1.213;-0.1556;1.4306;1.892
181.6626914;0.0314;-0.2176;2.068;2.088
181.664328;0.3729;-0.3083;1.9163;1.983
181.6654601;-0.5921;0.1415;0.8445;1.051
181.6668619;0.1848;-0.0992;0.1817;0.279
181.674351;0.8917;-0.0358;2.2347;2.412
181.6861526;0.741;-0.2409;1.3453;1.559
181.6944286;0.3334;0.2041;0.7056;0.812
181.7048009;0.4192;-0.0542;0.2409;0.485
181.7148761;0.9836;-0.0509;1.1178;1.492
181.7266498;1.1945;0.1314;0.5526;1.321
181.7592131;0.8474;0.1545;-0.5157;0.995
181.7610366;0.2509;-0.0263;1.1695;1.203
181.7618789;1.0681;-0.4187;2.2985;2.574
181.7651816;-0.0199;0.3551;1.1518;1.214
181.7746812;-1.0199;-0.2185;-0.7089;1.261
181.7885289;0.6606;0.0815;1.7025;1.834
181.7944122;1.179;-0.5143;3.043;3.309
181.8044923;-0.6467;0.0045;0.3768;0.758
181.8148919;-0.7914;-0.0848;-0.6954;1.056
181.8294113;-0.0199;-0.1648;1.4003;1.418
181.8670984;1.0923;-0.4222;3.0391;3.262
181.8687328;0.842;0.247;0.4539;0.987
181.8696821;0.1456;0.188;-0.1925;0.299
181.8706739;-0.3384;-0.5426;0.9193;1.128
181.8747791;1.6499;0.0739;1.6572;2.341
181.8885009;1.1018;0.2878;-0.4671;1.223
181.8951554;0.3622;-0.0271;-0.1088;0.371
181.9047464;0.2272;-0.2166;1.871;1.904
181.9148433;-0.172;-0.0964;0.7537;0.788
181.9257335;0.4693;-0.0599;1.5072;1.586
181.9562195;0.4693;-0.073;1.5072;1.586
181.9578393;0.793;-0.2691;1.9695;2.145
181.9586493;-0.5808;0.0844;-0.5279;0.789
181.9645678;0.1639;-0.1051;2.0222;2.039
181.9748531;0.7741;-0.2858;1.6292;1.831
181.9849802;0.193;0.1924;0.656;0.717
181.9945063;0.0948;-0.0485;0.0101;0.102
182.004235;-0.1339;-0.1378;1.2557;1.279
182.0147299;0.4904;-0.0279;0.8693;1.003
182.0306915;1.7522;0.16;0.3355;1.787
182.0657942;0.3742;0.2521;0.7008;0.838
182.0707454;-0.6919;-0.4427;0.3014;0.882
182.0717852;-0.0844;-0.0922;1.9331;1.946
182.0729071;0.6133;-0.2807;1.6887;1.824
182.0751233;0.5603;-0.0704;1.665;1.764
182.0853513;0.0707;0.0919;0.4878;0.509
182.0946856;-0.5333;-0.2121;0.2874;0.65
182.1048663;0.5951;-0.1018;1.3996;1.529
182.1149289;1.4401;0.1093;0.3666;1.486
182.131315;-0.3909;0.1732;0.5666;0.72
182.1349181;-0.8774;-0.5403;1.3042;1.671
182.1443483;1.1057;-0.2128;2.4888;2.737
182.1609044;0.8843;0.4981;0.44;1.105
182.1648809;-0.0823;-0.3649;-0.4876;0.608
182.1744987;1.2035;-0.0923;2.3452;2.642
182.1881418;1.6019;-0.2734;1.1116;1.969
182.1945751;0.1813;0.3095;0.2813;0.46
182.2043491;-1.0184;-0.074;-0.2377;1.052
182.2145459;-0.3368;-0.4862;2.3136;2.397
182.2281062;1.2317;0.0588;1.713;2.114
182.2575566;0.8727;0.1659;0.1895;0.905
182.2594537;-0.3954;-0.0705;0.8755;0.973
182.260498;-0.6246;-0.6966;1.4202;1.709
182.2651516;1.072;0.3175;1.225;1.661
182.2746144;1.6351;0.3367;0.1146;1.668
182.2866083;-0.4043;-0.2261;1.084;1.188
182.2943228;-1.1079;-0.4774;1.7326;2.121
182.3042634;0.96;-0.0525;1.8038;2.048
182.3145537;0.6908;0.139;0.9283;1.169
182.3273747;-0.6659;-0.268;0.1152;0.733
182.355574;0.1715;0.0536;1.0987;1.121
182.3573181;1.2513;0.0496;0.9533;1.574
182.3581363;0.1495;-0.1407;0.4639;0.513
182.3644964;-0.1781;-0.0333;0.6859;0.719
182.3750404;0.5654;-0.1983;1.5534;1.67
182.3844474;0.7646;0.0507;1.0495;1.303
182.3949857;0.6089;0.0231;-0.052;0.605
182.4130849;-0.0044;0.2833;0.7671;0.826
182.4148244;0.0241;-0.6433;1.4091;1.556
182.4475824;0.6373;-0.0021;2.1911;2.288
182.4496171;0.3705;0.0636;0.5888;0.703
182.4504973;-0.5084;-0.1793;0.2742;0.613
182.4593229;-0.0826;-0.0701;0.7524;0.769
182.4644978;1.6753;0.0694;0.2016;1.684
182.4745751;0.8554;0.3744;0.3354;0.99
182.4843361;-0.9606;-0.4521;1.0064;1.472
182.4943413;-0.0396;-0.3972;2.4782;2.518
182.5095631;1.2331;0.0424;0.8798;1.515
182.5163188;0.8199;0.2902;-0.1253;0.873
182.538617;0.2244;-0.0851;-0.2932;0.369
182.5400267;0.6848;0.0666;0.5312;0.87
182.5444643;0.4141;-0.1494;2.5363;2.581
182.5549886;0.0461;-0.4049;1.0568;1.14
182.5664672;-0.4533;0.2918;0.4197;0.693
182.5747879;-0.7253;-0.0365;0.1975;0.761
182.5844446;0.4656;-0.5679;1.7933;1.944
182.5947918;1.7323;0.2531;1.8335;2.537
182.6118066;0.4251;0.0232;-0.1177;0.434
182.6146614;-1.2136;-0.1104;0.3686;1.281
182.6413848;-0.3316;-0.4115;1.8753;1.957
182.6429331;1.1092;0.0497;1.6565;1.998
182.6443691;0.4325;0.2758;0.2111;0.554
182.6545832;-0.3095;-0.3174;0.8193;0.94
182.6643074;0.4267;-0.1015;1.8468;1.905
182.6748251;0.4073;-0.1042;0.4444;0.614
182.6842463;0.6645;0.2667;0.4444;0.843
182.6945006;0.2957;-0.0194;1.3691;1.408
182.7046738;0.0678;-0.0975;0.2409;0.274
182.7143992;0.8712;0.2537;1.0998;1.429
182.7252129;0.0889;-0.3105;1.0608;1.116
182.7532232;-0.0399;-0.322;0.7303;0.806
182.7552967;1.3671;0.5213;0.7886;1.662
182.7562188;-0.2449;-0.1759;0.4625;0.561
182.7643779;-0.7176;-0.3748;1.4384;1.66
182.7749659;1.4099;0.0177;1.1656;1.83
182.7861414;-0.1005;0.4302;1.3376;1.417
182.7943887;-1.2231;-0.8973;0.9944;1.822
182.8052574;1.2378;-0.0127;2.4137;2.717
182.8146278;0.84;0.3851;1.1474;1.477
182.8275892;-0.8452;-0.5777;-0.3274;1.076
182.8621788;0.3465;0.2413;1.5381;1.602
182.8642353;1.1787;-0.1606;1.375;1.82
182.8657236;0.1606;-0.1301;1.2691;1.293
182.8667758;0.226;-0.0431;0.8303;0.868
182.8745852;-0.0412;-0.1033;1.659;1.671
182.8867588;0.6886;-0.096;0.9186;1.155
182.8945459;1.3516;0.2599;0.5841;1.493
182.9044513;0.5667;-0.1819;0.2999;0.665
182.9147436;0.8504;-0.0939;0.8096;1.179
182.9250046;0.3274;0.3194;1.5312;1.605
182.9553514;-0.3739;-0.4936;0.6616;0.914
182.9569364;0.3754;-0.0415;1.83;1.875
182.9577987;0.1044;0.0254;0.5009;0.519
182.9666851;0.0875;-0.1609;0.3258;0.379
182.9745565;0.5647;-0.1335;1.7931;1.891
182.9852692;0.5356;-0.1742;1.0332;1.181
182.9946191;-0.022;0.1721;0.6993;0.729
183.0045295;-0.1774;-0.0445;0.746;0.777
183.0267353;-0.0484;-0.3264;2.3699;2.401
183.0285524;0.9247;-0.3494;1.8088;2.066
183.0587312;0.7365;0.3093;1.4787;1.686
183.0601084;-0.7627;-0.2971;-0.1939;0.844
183.0612496;0.2284;-0.2008;0.508;0.596
183.069568;1.8592;0.5068;0.6682;2.037
183.074396;0.301;-0.1278;0.028;0.323
183.0845522;-0.3729;-0.0184;1.0987;1.17
183.0943977;0.4042;-0.3851;1.4404;1.551
183.1071148;0.3851;0.0853;1.4328;1.493
183.1397528;0.8049;0.0064;0.157;0.816
183.1421923;0.917;0.0556;0.5504;1.07
183.1433473;1.0403;0.0706;1.0203;1.46
183.1455278;0.3369;-0.0899;0.4453;0.568
183.1543778;-0.8802;0.0475;0.9014;1.271
183.1690542;-0.4694;-0.3998;1.2469;1.4
183.1742083;0.1094;0.0645;1.8943;1.906
183.1842039;0.3446;-0.0865;0.6289;0.727
183.1942289;-0.1532;-0.2656;1.2278;1.274
183.2079541;0.3081;-0.0426;1.257;1.301
183.231091;0.9793;-0.0368;0.9186;1.345
183.2328247;0.1978;0.0858;0.7519;0.789
183.2342328;-0.1449;-0.2543;0.7688;0.831
183.2442435;0.5129;-0.1248;1.3544;1.459
183.2544859;0.7749;0.1815;0.454;0.916
183.2683421;-0.0379;-0.0503;0.033;0.077
183.2744247;0.6966;-0.0402;0.6236;0.937
183.2848271;1.316;0.1281;1.5896;2.07
183.2945589;0.396;-0.2373;0.1024;0.469
183.3102504;0.1527;0.1182;-0.1468;0.235
183.3405626;0.1193;-0.0498;1.4577;1.471
183.3432411;0.4394;-0.4095;1.3445;1.478
183.3449038;-0.005;0.1303;1.2272;1.243
183.3466874;0.1491;-0.181;0.69;0.735
183.3542998;-0.2792;-0.0117;1.2541;1.294
183.3653249;-0.7376;-0.2536;0.0153;0.785
183.3746338;0.2483;0.0132;1.7078;1.733
183.3849221;0.5514;-0.3654;3.1291;3.205
183.3942643;0.2464;-0.1804;1.2266;1.271
183.4072848;-0.0467;0.2919;-0.3767;0.474
183.4317835;-0.4343;-0.1676;-0.4997;0.68
183.433517;1.6737;-0.0467;2.0802;2.673
183.4349952;2.4067;0.076;1.0551;2.627
183.4443196;-0.3861;0.2593;-0.0745;0.476
183.4551529;1.8305;-0.483;3.151;3.68
183.4656123;2.5479;0.7245;0.6742;2.73
183.4750181;-0.2933;-0.1325;-2.5935;2.606
183.4847057;0.2979;0.3384;-1.2953;1.363
183.4947359;1.0633;-0.1065;2.9996;3.19
183.5098166;-0.9931;-0.752;2.5187;2.819
183.5457792;-0.7465;0.285;-0.3928;0.892
183.5472657;-0.0264;0.2574;1.7946;1.822
183.5495619;0.5791;-0.8071;2.727;2.908
183.550437;0.445;0.0693;0.6328;0.78
183.5545771;0.2465;0.5736;-0.6233;0.876
183.5658645;-0.3497;-0.5658;1.1233;1.313
183.5747331;0.001;-0.3259;2.7027;2.73
183.5848832;-0.3979;0.1196;0.1777;0.461
183.5943922;-0.2336;0.0889;0.9586;1.0
183.6068844;0.4802;-0.6825;2.5796;2.718
183.6395033;1.253;0.1092;1.6122;2.048
183.6413121;0.9925;0.2526;-0.5397;1.149
183.6428819;0.7646;-0.1305;-0.2898;0.819
183.6447926;1.319;0.1868;0.848;1.579
183.6546409;0.9937;0.0858;0.7862;1.271
183.6658172;-1.0069;-0.0247;0.7067;1.24
183.6745886;-0.3481;-0.5452;0.7861;1.026
183.6843694;0.8019;0.2664;2.0725;2.244
183.6946057;-0.0459;-0.1052;0.0635;0.136
183.7079643;0.1178;0.0191;0.7629;0.779
183.7378287;0.8909;-0.215;1.4578;1.726
183.7393697;0.7556;-0.0115;1.4383;1.629
183.740229;-0.7423;-0.135;0.4302;0.877
183.7442021;0.0055;-0.0397;0.0145;0.044
183.7546089;0.9729;0.1946;0.8793;1.327
183.7669824;-0.0894;-0.0964;0.6349;0.657
183.7845649;0.281;-0.2217;1.2546;1.311
183.7947161;-0.0033;-0.1069;0.9571;0.971
183.8087106;0.6695;-0.0418;0.7905;1.039
183.8398102;0.8882;0.0432;1.0833;1.404
183.8414369;0.022;-0.1885;1.1968;1.22
183.8422955;-0.031;-0.3081;1.0485;1.101
183.8444193;0.6054;0.0765;2.017;2.114
183.8547612;-0.7516;-0.2108;0.3566;0.867
183.8673981;-0.9245;-0.101;0.9685;1.353
183.8744793;1.2375;-0.1598;2.4337;2.74
183.8842889;1.276;0.01;1.7716;2.187
183.8947146;-0.3688;-0.0695;-0.2952;0.477
183.9081098;-0.181;0.0699;-0.112;0.225
183.9403382;1.8003;0.0012;1.6039;2.412
183.9418659;1.1724;-0.1038;1.296;1.753
183.9426807;-0.3017;0.0428;0.0874;0.325
183.944368;-0.1583;-0.1432;1.0368;1.067
183.9542362;0.5766;-0.2883;2.2874;2.383
183.9669876;0.6545;0.0026;0.3652;0.748
183.9744433;0.5306;0.1736;0.2622;0.616
183.9849129;1.0324;-0.038;1.2206;1.602
183.9948377;0.3839;-0.2406;1.0814;1.178
184.0079796;-0.8514;0.103;0.2999;0.917
184.0374405;-0.0445;-0.3323;1.6976;1.738
184.0389909;0.8978;-0.2737;2.2489;2.442
184.0398571;1.0306;0.4002;0.6035;1.259
184.0444078;-0.2846;-0.0966;0.2244;0.384
184.0545643;-0.187;-0.238;0.5027;0.595
184.0649884;1.0383;-0.0739;1.9605;2.224
184.0744664;0.8917;0.1004;0.4607;1.007
184.0842781;-0.0131;-0.1184;0.3065;0.336
184.0946584;-0.1628;0.0572;0.612;0.646
184.1077085;0.4623;-0.1125;0.3048;0.564
184.1380134;0.9265;0.3321;0.6221;1.165
184.1394272;0.4438;-0.1099;0.4433;0.638
184.1405706;-0.1823;-0.027;1.0517;1.077
184.1444582;-0.0057;-0.1544;0.4326;0.467
184.1545794;-0.1108;0.1085;1.165;1.184
184.1662293;-0.2856;-0.2047;1.4239;1.476
184.1744245;0.3346;-0.3094;1.7924;1.856
184.1844157;0.5184;0.2847;1.3153;1.448
184.1961669;-0.9975;-0.3174;-0.3482;1.106
184.2049966;0.516;-0.4102;2.6531;2.74
184.2202569;0.4069;-0.3286;2.5673;2.627
184.2246666;0.3921;0.1182;0.5193;0.665
184.2570706;-0.1273;0.2779;-0.2086;0.369
184.2587396;0.0542;-0.4169;-0.3901;0.566
184.2596483;2.4564;0.4941;1.3946;2.867
184.2649439;2.2413;0.0404;0.4289;2.278
184.2745674;-0.167;0.1438;-0.77;0.795
184.2849423;-1.0631;-0.2061;0.3219;1.137
184.2944324;0.9116;-0.3298;2.8544;3.02
184.3044876;0.7203;0.1672;1.6541;1.817
184.3224711;0.1412;-0.3237;-0.7621;0.831
184.3531923;0.4225;-0.5872;2.2389;2.359
184.3552299;-1.2292;0.193;0.4672;1.338
184.3560355;-1.1029;-0.5116;-0.4156;1.287
184.3653898;1.517;0.62;1.2723;2.076
184.3747508;0.6015;-0.3729;1.8487;1.985
184.3848648;-0.2651;-0.4275;1.1378;1.252
184.3945486;0.2654;0.0354;2.0339;2.059
184.4045657;0.3866;-0.2254;1.4311;1.506
184.4222659;0.0033;-0.0668;1.1015;1.112
184.4249097;1.4925;-0.1145;1.5174;2.133
184.4508602;0.6588;0.0006;1.7219;1.849
184.4526614;-0.7428;-0.331;0.4029;0.916
184.45431;-0.5531;-0.0624;1.6018;1.705
184.4648831;-0.4131;-0.4498;2.5628;2.643
184.4748009;0.6436;-0.0213;1.1963;1.363
184.4849431;0.7727;0.1954;0.1128;0.801
184.4945122;0.0674;0.0492;-0.5298;0.528
184.5045391;1.0963;-0.0002;0.4261;1.174
184.5226461;2.7153;0.2972;0.437;2.762
184.5245203;0.7852;0.2491;-0.0806;0.822
184.5547704;-0.7042;-0.3373;-0.7914;1.109
184.5568735;0.2862;0.322;1.707;1.768
184.5579199;0.1903;-0.3665;1.9729;2.023
184.5658404;0.0763;-0.2734;0.6185;0.687
184.5747643;0.5243;0.3577;1.5791;1.708
184.5849335;-0.5464;-0.5773;1.0611;1.334
184.5948738;-0.6336;0.0342;0.0719;0.646
184.6050101;0.9153;0.145;-0.7617;1.19
184.6241606;0.3253;0.3707;1.254;1.354
184.6257498;-0.9356;-0.7719;2.3342;2.639
184.6568369;0.1247;-0.1512;1.5749;1.595
184.6584408;0.4374;0.3419;0.7115;0.907
184.6593625;-0.0133;-0.3027;1.1171;1.165
184.6673521;0.7658;0.0677;1.0208;1.281
184.6743055;1.061;-0.0639;0.5414;1.191
184.6847411;0.2929;0.0169;1.6137;1.647
184.6946278;-0.771;-0.2347;0.7225;1.092
184.7043936;-0.5353;-0.0387;1.1114;1.244
184.7256918;0.8095;-0.1545;1.3386;1.576
184.7288192;0.827;0.0956;1.3089;1.555
184.7673622;0.1426;-0.0225;-0.1826;0.222
184.7690025;0.7697;0.1611;-0.3114;0.838
184.7699043;0.7994;-0.0007;0.6969;1.061
184.7706486;0.4033;-0.2489;0.6359;0.796
184.7745829;0.3066;0.1224;1.2847;1.333
184.7843913;0.2709;-0.1884;1.0796;1.135
184.7944899;0.3613;-0.1213;1.6878;1.737
184.8044484;0.3381;0.0886;-0.0508;0.347
184.8214266;-0.3313;0.0127;-0.3064;0.45
184.8245482;0.3479;-0.1441;1.1347;1.202
184.8608386;1.2604;-0.2671;2.83;3.114
184.8627005;-0.7042;0.1738;0.6572;0.989
184.864045;-0.8771;-0.3671;-0.3403;1.012
184.8666869;0.6649;0.0783;1.5356;1.681
184.8745067;1.889;-0.0249;0.969;2.122
184.8844853;0.6271;0.116;0.2446;0.681
184.8983606;0.0202;0.0584;0.5132;0.525
184.9045505;-0.3716;-0.5556;2.5066;2.603
184.9147193;0.1521;-0.0816;1.677;1.693
184.9247976;0.5095;0.1856;-0.0015;0.537
184.9435881;0.0445;0.1378;0.2244;0.274
184.946366;-0.2204;-0.6209;2.1369;2.244
184.9545701;0.5582;-0.1303;0.026;0.568
184.9776424;-1.0094;0.0667;-0.6006;1.177
184.9792199;-0.7676;-0.149;0.9698;1.256
184.984897;1.921;-0.4928;3.2079;3.775
184.9960523;1.6537;0.2996;0.7355;1.833
185.0050991;-0.0209;0.1212;-1.5004;1.497
185.0146164;-0.6907;-0.0166;-0.632;0.935
185.0244618;1.366;-0.2347;2.3337;2.718
185.0399475;1.2428;0.0243;2.0947;2.44
185.0712021;-0.4935;-0.0716;0.1477;0.528
185.0728224;-0.423;-0.2381;2.5869;2.641
185.0737614;-0.4564;-0.6667;2.09;2.249
185.0747049;-0.0959;0.1987;0.5624;0.613
185.0848345;0.5334;0.1639;-0.5678;0.787
185.0957229;0.8424;-0.1239;1.5708;1.791
185.1042473;0.2724;-0.2472;1.4901;1.542
185.1150068;-0.4731;0.141;0.2061;0.544
185.1244733;0.3561;-0.0338;0.4766;0.599
185.1381066;1.286;-0.2476;2.3405;2.686
185.1702949;1.2022;0.0233;0.8049;1.447
185.1718479;0.7566;0.0539;-0.4914;0.894
185.1727083;0.9995;0.1852;1.465;1.787
185.1746335;0.9309;-0.4438;1.681;1.976
185.1844204;-0.3214;-0.0562;1.5535;1.597
185.1951339;-0.7051;-0.0894;0.6439;0.969
185.2044039;0.2062;-0.2613;1.2767;1.326
185.2144475;0.1452;0.2078;0.6737;0.727
185.2243629;0.0795;-0.027;-0.8087;0.804
185.2363603;-0.5053;0.0244;1.565;1.654
185.2649972;0.4751;-0.5078;2.5704;2.669
185.2665595;0.4086;0.0662;1.0219;1.108
185.2673175;0.2505;0.188;-0.498;0.579
185.2744008;0.3456;0.0403;1.0737;1.135
185.2847288;1.062;-0.4477;1.4038;1.819
185.2955876;1.1234;0.3314;1.2987;1.751
185.3043557;-0.573;-0.167;0.6288;0.877
185.3145075;-1.0032;-0.5189;1.5989;1.967
185.3242899;0.2885;-0.1005;1.1921;1.237
185.3380486;0.9177;0.3568;-0.1238;0.986
185.3684878;0.4354;-0.0292;-0.061;0.433
185.3699411;0.2129;-0.1162;0.7662;0.81
185.3708545;0.5196;-0.2899;2.1562;2.243
185.3746076;0.0194;0.183;0.3516;0.405
185.3845694;-0.4909;-0.0359;0.2224;0.549
185.3952461;1.0658;-0.0457;1.1051;1.538
185.4042337;1.2649;0.1157;1.1698;1.728
185.414487;-0.3464;-0.0665;-0.087;0.367
185.4244137;-0.16;-0.1744;0.6483;0.699
185.4358087;0.2697;-0.1681;2.2252;2.255
185.4665663;-0.1163;-0.1791;0.2966;0.373
185.4678594;0.4625;0.0231;0.221;0.511
185.468954;0.6392;0.2378;1.0404;1.248
185.4744669;-0.443;-0.5645;1.3323;1.522
185.4842913;0.8998;0.1945;0.5741;1.085
185.4951078;0.8444;0.157;1.0948;1.395
185.5043858;-1.0905;-0.5494;0.605;1.371
185.5146231;0.0991;-0.3061;1.3413;1.387
185.5243999;1.642;0.3979;1.905;2.549
185.5396322;0.022;-0.339;1.0428;1.104
185.5662952;-0.7357;-0.12;0.2341;0.789
185.5676856;0.5055;0.1377;0.7105;0.886
185.5687368;0.4838;-0.3004;2.2345;2.312
185.574232;0.5358;-0.0809;1.0629;1.198
185.5844989;0.0022;0.0787;0.5302;0.544
185.5946622;-0.7668;-0.2748;1.5672;1.776
185.6042606;0.8072;-0.3658;2.0267;2.217
185.6144568;1.6753;0.3667;0.5072;1.786
185.6243051;0.0149;0.0382;-1.1536;1.146
185.63803;1.4145;-0.4095;3.3423;3.657
185.6745658;1.4145;-0.4095;3.3423;3.657
185.6760312;0.2267;0.0274;1.5534;1.577
185.6773691;-0.741;-0.017;-0.9069;1.169
185.6785781;0.5091;-0.0132;1.5253;1.614
185.6859309;1.2516;-0.2259;2.1724;2.521
185.696303;-0.1495;-0.1081;-0.6301;0.65
185.7042508;-0.141;0.3426;0.6136;0.726
185.7143166;-0.1087;0.0066;1.718;1.73
185.7244379;-0.2442;0.132;-1.4614;1.481
185.7360726;0.6634;0.4115;0.4398;0.896
185.7627149;1.4831;-0.5944;2.4082;2.893
185.7643217;0.5463;0.2576;0.6723;0.907
185.7655091;-0.6433;-0.0224;-0.9692;1.16
185.7745253;-0.0884;-0.2207;1.594;1.62
185.784792;0.3286;-0.3542;2.7396;2.789
185.7948788;0.167;-0.038;-0.0817;0.181
185.8043463;0.9787;0.5392;0.841;1.4
185.8147109;-0.1665;-0.5888;1.3009;1.445
185.8246605;-0.5961;-0.0684;0.6565;0.899
185.8359026;0.8001;0.2923;-0.6521;1.064
185.8609831;1.2516;0.1151;0.3318;1.296
185.8624253;0.1225;-0.0506;-0.0812;0.146
185.8647741;-0.171;0.0472;-0.9268;0.937
185.8744448;0.9317;0.3191;0.7465;1.237
185.8847394;0.1571;-0.3584;1.3711;1.433
185.896848;-0.1043;-0.1338;1.0035;1.026
185.9050029;0.1066;0.2631;0.5188;0.598
185.9144728;-0.3094;-0.7224;2.302;2.441
185.9243233;-0.5264;-0.075;2.6312;2.694
185.9360929;-0.5995;-0.2003;0.5262;0.832
185.9612178;-1.2976;-0.0672;1.8475;2.269
185.9627532;-1.3193;-0.7196;2.439;2.874
185.9653491;-0.0281;-0.1196;2.3514;2.363
185.9744464;-0.345;0.0707;1.2056;1.266
185.9845075;0.0247;-0.2844;1.1141;1.158
185.9945486;0.9131;0.0468;1.4275;1.699
186.0043074;1.5476;0.0987;-0.0543;1.546
186.0192327;1.2887;0.3434;-0.1321;1.334
186.0251196;1.2256;-0.1568;-0.8746;1.504
186.0463664;2.0033;0.1555;0.9239;2.21
186.0477982;1.8901;0.0439;0.4669;1.944
186.054771;0.6159;-0.0744;-0.1298;0.626
186.0648824;-0.1068;0.1522;0.1508;0.248
186.0746299;1.135;-0.3662;2.083;2.404
186.0847116;0.5251;-0.1022;2.0098;2.086
186.0946769;-0.6047;-0.1461;-0.2132;0.66
186.1045014;-1.5623;0.23;1.3163;2.066
186.1148692;-0.7056;-0.9314;2.5218;2.788
186.1249946;0.7999;-0.075;2.1326;2.284
186.1362854;0.241;0.1851;0.9768;1.03
186.1688058;-0.9059;-0.4515;1.6909;1.98
186.1705158;-0.9731;-0.4637;2.2241;2.481
186.1717261;0.9739;-0.2246;1.2072;1.57
186.1748288;1.9367;0.461;0.8026;2.145
186.184486;0.6033;0.0333;-1.0556;1.206
186.1965548;-1.0764;0.0472;-0.4625;1.175
186.2178637;1.1071;-0.1587;2.613;2.847
186.2248576;-0.5654;-0.0045;0.3659;0.683
186.2507874;0.2819;-0.1393;0.3826;0.498
186.2520746;0.2216;-0.1832;1.9897;2.018
186.2546036;0.0617;-0.0307;0.4116;0.425
186.2642632;0.9837;0.1224;0.2229;1.012
186.2744436;0.1941;0.1964;0.7201;0.778
186.2843533;-1.1226;-0.4344;1.3705;1.834
186.294499;-0.3705;0.0544;0.6205;0.735
186.304708;1.2496;0.1461;0.0583;1.254
186.3197409;0.5083;0.3693;0.1773;0.651
186.3245374;-0.1972;-0.3352;0.9039;0.992
186.3466139;0.9613;-0.456;2.4738;2.698
186.3479381;1.4561;0.2871;1.5135;2.122
186.354325;-0.7363;-0.1452;-0.9057;1.174
186.3644674;-0.9642;0.1462;-1.1847;1.532
186.3748967;1.4259;0.0702;1.93;2.404
186.3847628;1.2137;-0.3219;2.8614;3.13
186.3946683;-0.5014;-0.0766;0.1762;0.545
186.4044213;-0.7724;0.1241;0.3361;0.86
186.418345;-0.1711;-0.5347;1.4148;1.53
186.424529;1.0294;-0.0977;1.0406;1.469
186.4493096;1.9135;0.5403;0.0496;1.984
186.4508598;0.3656;-0.2125;0.4446;0.616
186.4550492;-0.3558;0.1097;1.1694;1.237
186.4650159;-1.2113;-0.4643;0.3532;1.351
186.4746012;1.3388;0.2238;1.1399;1.774
186.4843056;1.5506;-0.1411;1.6148;2.245
186.4947168;-0.2311;-0.0738;0.4989;0.564
186.5045429;-1.1182;-0.2161;1.0804;1.58
186.5226311;0.0172;-0.3006;1.9698;2.001
186.5254309;0.6633;0.1277;0.0699;0.674
186.5600225;0.4781;0.0408;0.2309;0.531
186.5615268;1.5532;0.0424;1.1307;1.922
186.562376;-0.1233;-0.251;1.0655;1.11
186.5648382;-1.0567;0.0064;0.6207;1.235
186.5752285;0.3855;-0.1224;1.102;1.18
186.5847257;1.0092;-0.2333;2.7365;2.932
186.5945821;0.4527;0.1717;0.2778;0.558
186.6048164;-0.4967;-0.1713;-0.1247;0.543
186.6186857;-0.1832;-0.1608;1.7402;1.766
186.6472075;1.2191;-0.2957;2.008;2.371
186.6489947;0.4449;0.4075;-0.0732;0.603
186.6498634;-1.1128;0.1672;-0.9758;1.489
186.6543902;-0.4117;-0.5364;2.4779;2.577
186.6644119;1.6283;-0.4437;2.9117;3.369
186.6759531;0.7418;0.4816;0.2754;0.925
186.6843861;0.2057;-0.079;-0.7616;0.783
186.6954358;-0.2283;-0.283;1.3208;1.379
186.7044623;1.5653;-0.0838;1.527;2.19
186.7175849;2.0987;0.5358;-0.4967;2.215
186.7588852;-0.7422;0.1522;-0.5614;0.943
186.7603521;-1.5076;-0.5768;1.0882;1.956
186.7614319;0.4329;-0.4481;3.115;3.184
186.7624857;1.0205;0.2814;0.5001;1.17
186.7649064;0.6051;0.1132;-0.7106;0.93
186.779802;-0.4074;0.0479;1.0324;1.121
186.7849699;0.0986;-0.6517;2.2807;2.381
186.7946619;0.5712;-0.1395;2.1261;2.212
186.8042857;0.4571;0.4655;0.1906;0.679
186.8173391;-1.3456;-0.5102;-0.0036;1.444
186.8251251;-0.6685;-0.0567;1.3761;1.541
186.8492373;1.378;-0.1798;1.8986;2.356
186.8507277;0.8255;0.3006;1.1018;1.412
186.8549305;-0.1393;-0.2657;-0.1679;0.341
186.8647086;-0.0381;0.0847;1.2209;1.233
186.8761614;0.6182;-0.2437;1.0705;1.264
186.8844404;1.2776;0.0988;0.6152;1.42
186.8946114;0.6457;0.2084;0.6428;0.937
186.9049298;-0.1092;-0.4098;1.3588;1.431
186.9178048;-0.4996;-0.2063;1.7657;1.856
186.9518625;0.1901;0.0821;0.6483;0.687
186.9536309;0.871;-0.1394;0.6969;1.124
186.9556544;0.7106;0.2074;-0.3737;0.821
186.9570706;-0.5426;0.2;-0.0486;0.586
186.9642966;-0.7534;-0.2719;2.5432;2.676
186.9758724;1.1111;-0.8427;3.1671;3.466
186.9844252;0.6329;0.516;1.1511;1.416
186.9949408;-0.7428;-0.1516;-0.754;1.067
187.0045632;-0.2256;-0.2254;0.3694;0.496
187.0185726;2.6645;0.289;0.8941;2.823
187.0578024;1.395;0.1484;0.9604;1.7
187.0593163;-1.3256;-0.2711;0.3277;1.399
187.0603654;-0.5275;-0.4176;1.2318;1.413
187.0622571;1.1337;0.2805;0.8626;1.452
187.0647301;0.8324;0.3269;-0.8002;1.191
187.0759529;0.1066;0.0596;0.4901;0.512
187.0844616;1.7688;-0.7514;3.008;3.573
187.0948076;1.4682;0.3599;0.9866;1.805
187.1043969;-1.651;0.3816;-1.2581;2.111
187.1160563;-2.7072;-0.4771;0.4976;2.801
187.1460411;0.9847;-1.2728;3.9829;4.301
187.1482582;2.5553;0.9061;1.8989;3.311
187.1496676;-1.4934;-0.4468;-0.3425;1.599
187.1544938;-3.1948;-0.2919;0.2876;3.228
187.1644223;0.4768;-0.5297;1.0149;1.244
187.1754584;3.7274;1.3073;0.6482;3.999
187.1847608;0.9721;0.0131;0.797;1.258
187.1945362;-3.2954;-0.5689;0.797;3.445
187.2050337;2.9265;0.5183;1.7895;3.469
187.2158955;0.0533;0.0547;-1.8264;1.82
187.2480504;-0.8343;0.0567;-0.3709;0.917
187.2498301;2.5377;-0.4832;3.5172;4.367
187.2511243;1.7349;-0.0847;2.0897;2.72
187.2547713;-2.5984;0.4031;-0.5654;2.694
187.2644729;-1.7795;-0.6949;-0.4912;1.975
187.2750986;1.9541;-0.0602;2.6375;3.286
187.2842609;1.2104;0.3103;1.6915;2.106
187.2946831;-0.1803;-0.3159;-0.0327;0.366
187.3043543;0.1627;0.1776;1.2667;1.297
187.3146012;0.3319;-0.3509;1.4295;1.515
187.3434706;-0.0175;-0.1736;0.0785;0.194
187.3452639;1.3642;0.7047;-0.8909;1.767
187.3461432;0.7956;-0.1032;1.3387;1.565
187.3545041;0.8255;-0.6408;2.7743;2.97
187.3648849;-0.0993;0.2884;0.7238;0.794
187.3768381;-0.8165;0.0669;-0.9034;1.218
187.3846962;1.0594;-0.191;0.0319;1.071
187.3946023;1.512;0.1234;2.1475;2.633
187.404746;0.0778;-0.2767;0.916;0.967
187.4145159;-0.9218;0.0651;0.5407;1.08
187.4394479;-0.7352;-0.476;2.2482;2.422
187.441312;0.3412;-0.4092;1.7956;1.879
187.4448693;0.5466;0.2989;0.3041;0.693
187.4547093;0.5933;0.3075;-0.9645;1.164
187.4645091;0.0105;-0.1791;0.8929;0.918
187.4750439;-0.0816;-0.429;2.0494;2.103
187.4843873;0.0076;0.1242;1.3856;1.4
187.4946597;0.0917;0.1768;0.2427;0.32
187.5046906;0.0164;-0.0092;0.825;0.833
187.5148443;0.5642;-0.3308;1.9083;2.023
187.540867;1.04;0.1488;0.7157;1.271
187.5422897;0.3803;0.0016;0.7944;0.886
187.5450324;0.3343;-0.371;1.6793;1.758
187.5547502;-0.2149;-0.155;1.3036;1.339
187.5648734;-0.7242;-0.0322;0.3293;0.805
187.5747063;0.9317;-0.0343;-0.0596;0.928
187.5847258;1.0251;0.4128;1.014;1.502
187.594715;-0.8646;-0.5106;0.5803;1.168
187.6045348;0.0665;-0.2461;2.1966;2.219
187.618494;1.9659;0.2778;1.302;2.374
187.6503191;0.4398;0.0759;0.6847;0.821
187.6517691;-0.2607;-0.1678;-0.2115;0.374
187.6526776;1.2934;0.1185;0.8148;1.533
187.6545233;1.166;0.0399;1.0236;1.553
187.6650073;-0.3591;-0.1851;0.878;0.976
187.6768398;-1.0741;-0.0514;1.1147;1.559
187.6843828;0.0763;-0.2626;1.0804;1.122
187.6943656;1.0177;-0.0923;1.792;2.067
187.7043624;0.611;0.2149;0.9855;1.183
187.7182931;0.1732;-0.5477;0.1657;0.597
187.7497023;0.0976;0.4787;0.5671;0.755
187.751166;0.6186;-0.3115;0.6462;0.949
187.7520631;0.7348;0.0133;1.4703;1.648
187.7544251;-0.3943;-0.0313;0.9271;1.018
187.7644867;-0.8551;-0.243;1.1074;1.43
187.7763314;0.3886;-0.0215;2.2326;2.273
187.7842292;0.7723;-0.2711;1.2056;1.461
187.7943763;0.0259;0.143;0.1459;0.212
187.8041231;-0.3314;-0.2454;0.2905;0.512
187.8160748;0.7962;0.0227;2.2683;2.41
187.8478779;0.5174;-0.1843;0.798;0.972
187.8494948;-1.0983;0.0706;0.6993;1.313
187.8503071;0.0277;-0.4316;1.9637;2.018
187.8543484;1.2025;-0.2697;2.3613;2.668
187.8648736;0.4154;0.1521;-0.6405;0.769
187.8758903;0.2178;0.2464;-1.3849;1.415
187.8842549;1.0362;0.2871;2.0693;2.337
187.894938;0.9174;-0.7207;2.937;3.166
187.9050236;-0.2394;0.294;0.9476;1.03
187.9145505;-0.232;-0.0235;-0.0647;0.246
187.9416184;-0.1042;-0.3941;1.9929;2.042
187.9430474;1.4757;-0.148;-0.7048;1.633
187.9444528;1.4757;0.2067;-0.7048;1.64
187.9543962;-0.1142;0.5625;2.4857;2.56
187.9643944;0.0155;-0.6569;3.2105;3.285
187.9742413;0.6312;0.4831;-0.1303;0.8
187.9844046;0.6508;0.1191;-0.105;0.663
187.9945836;0.7352;-0.4969;2.1743;2.354
188.0043514;0.9331;-0.1285;1.4288;1.715
188.0156605;0.8385;0.1688;-1.0286;1.328
188.0439533;-0.0371;0.6611;-0.607;0.894
188.0455836;-0.2088;-0.5678;2.4051;2.488
188.0465643;0.2829;-0.4079;1.9672;2.036
188.0543654;-0.073;0.2146;0.5891;0.64
188.0648615;0.2518;0.0413;1.4501;1.48
188.0762989;-0.5454;-0.6023;1.7896;1.974
188.0844064;0.3869;-0.1719;1.3894;1.459
188.0948823;1.3726;0.4505;0.8096;1.656
188.1165538;-0.5094;-0.4725;1.1622;1.363
188.1183384;-0.1086;-0.1208;-0.4263;0.45
188.1469425;0.0512;0.4462;0.5264;0.699
188.1485309;-0.0607;-0.3657;1.9289;1.972
188.1496269;0.3629;-0.3679;2.0918;2.161
188.154825;0.548;0.6253;0.2791;0.877
188.1654256;0.5657;-0.1616;-0.0403;0.583
188.1742483;1.1569;-0.125;1.2662;1.722
188.1842059;1.6045;0.3398;1.0728;1.96
188.1949229;0.3556;0.0856;-0.7785;0.85
188.2129968;-0.9431;-0.0311;-0.2419;0.978
188.214693;-0.2756;-0.3158;2.598;2.64
188.2414756;0.2937;-0.0716;1.3759;1.415
188.2430292;-0.0983;0.1025;-0.2081;0.248
188.2448807;0.4755;0.0572;0.3957;0.622
188.2587722;0.994;-0.0311;1.1714;1.539
188.2647361;-0.1218;0.0022;0.8634;0.881
188.2743095;0.4388;0.0461;-0.1706;0.465
188.2842012;-0.3044;0.0759;1.366;1.411
188.2944851;-0.1101;-0.3862;1.8695;1.92
188.3063726;0.0299;0.0827;1.304;1.315
188.3145315;-0.4159;-0.0145;0.5152;0.672
188.3314086;0.23;-0.359;1.077;1.164
188.3345609;1.2816;0.2018;1.3351;1.864
188.3663455;0.186;0.2006;-0.1498;0.306
188.3679337;-0.2924;-0.234;0.1045;0.395
188.3689838;0.7461;0.535;1.2232;1.534
188.3769968;-0.0513;-0.3875;1.932;1.979
188.3848811;0.2012;-0.274;0.8723;0.942
188.3946679;0.5735;0.2136;1.3011;1.443
188.4062931;0.2847;-0.0208;0.5517;0.626
188.4143002;0.3342;-0.2715;0.34;0.549
188.4341099;1.0819;0.5964;1.0738;1.639
188.4360237;0.1478;-0.1886;1.3117;1.341
188.4675626;-0.567;-0.5226;2.0985;2.245
188.4690576;0.4184;0.0949;1.5382;1.603
188.4698312;-0.3898;-0.1733;1.1998;1.283
188.4790544;-0.0588;0.0075;0.5935;0.605
188.4848761;0.9006;-0.1123;0.6045;1.09
188.4945413;1.0497;0.1964;0.4762;1.168
188.5065388;0.8214;-0.0669;0.752;1.117
188.5145692;-0.015;0.1279;1.4008;1.415
188.534656;-0.4492;-0.4459;0.8471;1.066
188.5362585;0.9313;0.2058;1.5487;1.823
188.574217;1.0867;0.2296;1.3766;1.772
188.5756994;0.0395;-0.3998;1.2041;1.277
188.5768653;0.3964;0.0837;0.7785;0.882
188.5778065;0.3007;-0.0092;1.8926;1.924
188.5843362;-0.467;-0.2548;2.3464;2.415
188.5945652;-0.0518;-0.5007;1.937;2.009
188.6061222;-0.5159;0.3866;0.97;1.175
188.6150056;-0.7815;-0.5981;0.0241;0.988
188.6244905;1.2686;0.2145;1.2874;1.822
188.634998;1.4005;0.2112;1.3415;1.952
188.6478176;-0.3476;-0.2527;0.1068;0.449
188.6826353;0.5102;0.2861;0.9819;1.148
188.6843396;1.5714;-0.1853;2.175;2.693
188.6855135;0.8703;-0.0329;1.1231;1.424
188.6862969;0.838;0.1438;-0.4269;0.943
188.6945267;0.1204;0.5923;1.674;1.788
188.7061984;0.5574;-0.128;2.828;2.892
188.714337;-0.878;-0.0622;-0.1485;0.897
188.7243276;-0.6627;-0.1495;0.4744;0.838
188.7344901;1.1426;-0.2125;1.8981;2.229
188.7491916;1.7785;0.6749;-0.0782;1.899
188.7820073;0.1018;-0.0534;-1.9742;1.969
188.7841806;-0.3365;0.154;1.2039;1.269
188.7856573;0.5046;-0.7379;3.5525;3.67
188.7873993;-0.1994;0.1631;0.6484;0.707
188.7946034;-0.3893;0.1264;-0.1744;0.447
188.8080515;0.0398;-0.2173;1.8289;1.85
188.8143428;0.9054;-0.2237;2.3278;2.513
188.8241218;0.0529;0.0379;0.0509;0.085
188.8345315;-0.2213;0.1689;0.3919;0.491
188.8483853;-0.2052;-0.5838;1.4856;1.617
188.8828442;0.3778;0.225;1.2228;1.306
188.8852312;0.4269;0.1714;-0.1435;0.475
188.8861003;0.3988;-0.0944;-0.0735;0.409
188.8871135;0.3119;0.2365;1.2675;1.333
188.8948641;0.8374;-0.14;0.7619;1.142
188.9058754;0.8953;0.2411;0.8879;1.286
188.9143218;0.3093;0.0566;0.4808;0.578
188.924863;0.2491;0.0043;1.5354;1.563
188.9343501;0.0561;-0.0952;1.5444;1.556
188.9474952;-0.2231;-0.246;0.5681;0.667
188.9773087;-0.3426;0.0914;0.7949;0.88
188.9790993;-0.7078;-0.3309;0.8544;1.167
188.9800802;0.0353;-0.2277;2.565;2.583
188.9847849;0.8506;0.0166;1.2626;1.526
188.9943276;0.3478;0.1086;0.301;0.474
189.0050046;0.5118;0.0836;-0.2546;0.569
189.0145248;0.7958;0.4273;0.6975;1.143
189.0244882;0.6247;-0.128;1.0749;1.254
189.0345065;0.6425;-0.32;2.3283;2.443
189.0449276;0.7748;0.1264;1.8113;1.979
189.0779252;-0.4527;-0.1857;-0.2952;0.572
189.0794876;-0.2108;-0.0621;0.5359;0.589
189.0802532;1.3039;0.0942;1.13;1.729
189.0847427;1.2794;-0.2149;1.6242;2.081
189.0944829;-0.0983;0.3125;0.2386;0.413
189.1071679;-1.5901;-0.2674;1.2974;2.079
189.1145893;-0.1195;-0.5242;2.5958;2.659
189.1242974;0.8779;0.1384;0.9955;1.337
189.1347064;0.189;0.5137;0.2375;0.599
189.1477687;0.8868;-0.623;2.2732;2.523
189.1778841;1.457;0.042;2.2104;2.651
189.1793943;-0.73;0.0697;-1.6165;1.77
189.1804532;-0.4316;0.3134;-0.8709;1.017
189.1843128;2.2955;-0.0507;2.919;3.717
189.194288;0.1698;-0.6044;2.3776;2.466
189.2044557;-1.3381;-0.0794;-0.8597;1.593
189.2149946;0.1136;0.5127;-0.2868;0.595
189.2242008;1.221;-0.2049;1.1225;1.672
189.2346034;1.0521;-0.2446;1.6006;1.934
189.2480111;0.2557;0.3064;0.6058;0.731
189.2821343;-0.1244;0.0586;1.9728;1.986
189.2845299;-1.1162;-0.763;2.4729;2.828
189.2864901;0.0503;-0.1094;1.5268;1.54
189.2876199;0.4354;0.1193;0.6968;0.834
189.2946707;0.0941;-0.1771;0.089;0.219
189.3081086;0.9864;0.2441;-0.2497;1.039
189.3142742;0.0994;0.1769;0.0687;0.216
189.3243989;-0.4957;-0.5073;1.7192;1.869
189.3344142;0.7387;0.1462;1.3904;1.586
189.3464681;1.0493;0.3115;0.4046;1.165
189.3790559;0.3447;-0.0083;0.8728;0.944
189.3807579;1.3017;-0.2051;1.5795;2.059
189.3816488;0.7284;0.248;1.3169;1.53
189.3847682;0.0989;-0.1544;0.314;0.369
189.3943278;-0.797;-0.041;2.3335;2.476
189.4057006;-1.1525;-0.6276;1.6356;2.106
189.4145089;0.4948;0.2729;0.5076;0.762
189.4243249;0.7142;0.2092;0.8644;1.144
189.4348899;0.4503;0.1959;0.6334;0.805
189.4502501;0.0114;0.1317;-0.2728;0.296
189.4903862;0.8717;0.0684;1.3292;1.595
189.4918504;1.3853;0.0697;2.0306;2.463
189.4928994;-0.3759;-0.0149;0.3056;0.494
189.4945489;0.1725;0.108;0.4705;0.519
189.4955941;0.971;-0.1462;2.3651;2.566
189.5050236;-0.0408;-0.2912;0.5165;0.601
189.5147511;0.2696;0.0161;-0.1699;0.31
189.5245567;-0.0013;0.4332;0.9855;1.085
189.534567;-0.5945;-1.0719;2.2153;2.54
189.5463044;0.0752;0.2025;1.8532;1.874
189.5815457;0.3454;0.4362;0.0814;0.561
189.5832104;-0.5898;-0.698;1.4363;1.711
189.585379;0.6466;-0.0189;2.1112;2.214
189.5862948;1.3967;0.2603;0.499;1.503
189.5947954;0.238;0.2251;-1.0386;1.08
189.6043817;-0.0956;0.2088;1.3268;1.355
189.6144044;0.1292;-0.4219;2.2693;2.319
189.6243397;0.2064;-0.0785;1.5672;1.59
189.6345299;0.7593;0.2541;1.3029;1.534
189.6445458;0.1665;-0.2597;0.4876;0.582
189.6786042;-0.2031;-0.1617;0.5999;0.663
189.6800962;1.2788;0.1653;0.5216;1.389
189.6810759;1.4942;0.0679;1.1043;1.859
189.6850106;-0.0037;-0.0895;0.4799;0.496
189.6945339;-1.137;0.1448;0.6339;1.319
189.7060434;0.0142;-0.4901;1.2924;1.389
189.714343;1.7894;0.1853;2.2664;2.896
189.7243909;0.7609;0.0136;0.6506;1.002
189.7345144;-0.4373;0.1137;-0.4978;0.67
189.7453932;-0.2474;-0.2013;1.3706;1.416
189.7768349;1.1405;-0.3784;2.4226;2.709
189.7782421;0.1154;-0.0151;1.6765;1.688
189.7790396;-0.0326;-0.0095;-0.4867;0.48
189.7847699;-0.3523;0.1974;-0.0383;0.411
189.7946872;-0.0232;-0.2669;1.6132;1.643
189.8045514;0.8498;-0.2928;2.1546;2.34
189.8143711;0.5181;0.3252;0.8934;1.087
189.8275209;-0.3324;-0.0048;0.5191;0.627
189.8344368;0.2966;-0.3072;1.5363;1.601
189.8584439;0.579;0.0544;0.566;0.813
189.85974;0.5547;0.2639;0.0641;0.614
189.8648069;0.5524;-0.0131;1.2224;1.347
189.8747966;-0.3602;-0.3916;2.2456;2.316
189.8845302;-0.5884;-0.1577;0.9687;1.154
189.8942544;0.3143;0.1703;0.7682;0.853
189.9045433;0.5493;-0.2184;1.8063;1.907
189.9147435;1.2013;0.0191;0.8781;1.488
189.9272671;0.6613;0.2391;-0.2814;0.75
189.9343922;-0.4518;0.2081;-0.7187;0.871
189.9581569;0.2874;0.0382;1.8094;1.84
189.9597139;0.9259;-0.3602;2.1018;2.33
189.9648201;0.1308;0.2373;0.7283;0.784
189.9744404;0.0111;-0.0227;0.0233;0.038
189.9845314;0.0638;-0.1526;0.6258;0.654
189.9944626;0.7267;0.0172;1.5404;1.708
190.0047366;1.2701;-0.0249;1.2687;1.797
190.0146038;0.3794;0.0062;1.2274;1.291
190.0244393;-0.6505;-0.0745;0.7024;0.97
190.0347258;-1.0671;-0.3371;0.989;1.503
190.0481542;0.5596;-0.0548;0.7231;0.919
190.0837046;1.6857;0.5354;1.6166;2.398
190.0856149;-0.0227;-0.3718;0.6774;0.78
190.0863797;-1.3991;-0.327;1.2446;1.91
190.0869813;0.0638;-0.1868;1.6172;1.637
190.0942913;1.3772;0.0961;1.5388;2.07
190.1044766;0.6554;0.0638;0.7011;0.964
190.1149264;0.3685;-0.0679;-0.2767;0.456
190.1304214;0.5198;0.1882;0.85;1.018
190.1749308;0.5972;-0.2557;1.4477;1.592
190.176477;-0.2227;0.1383;0.7663;0.82
190.1782897;-0.686;-0.2018;-0.0715;0.723
190.1791707;0.8286;-0.1559;2.4175;2.566
190.1802599;1.1205;-0.0341;1.9712;2.272
190.1869312;0.4771;0.3804;-0.9788;1.144
190.1952102;1.4104;-0.0832;2.2226;2.637
190.2045298;0.047;-0.5211;2.1562;2.226
190.2145991;-0.4587;-0.0127;-1.0651;1.155
190.2309029;-0.3574;0.5816;-0.1667;0.705
190.2643862;0.5206;-0.6769;2.0458;2.223
190.2659877;1.0534;-0.0651;2.0878;2.344
190.2670779;0.3033;0.422;-1.2188;1.317
190.2695844;-0.452;0.1143;0.2287;0.529
190.2758175;0.4255;-0.8477;3.4168;3.553
190.2867127;0.2551;0.1364;1.4719;1.507
190.2945177;-0.3961;0.2353;-1.0766;1.166
190.3042754;-0.2381;-0.2648;0.7173;0.81
190.3145294;0.8413;-0.4473;3.5751;3.706
190.328437;-0.3175;0.0064;0.1267;0.351
190.3609538;-0.5619;0.2538;-0.7215;0.947
190.3623572;0.3757;-0.2333;1.8203;1.88
190.3631443;1.0897;-0.4652;2.5276;2.796
190.3649536;0.2918;0.3633;-0.6817;0.818
190.374986;0.7883;0.4007;-0.6916;1.114
190.3852187;0.7493;-0.1335;2.1576;2.294
190.394435;0.7444;-0.6612;1.9904;2.23
190.405693;0.3772;0.8348;0.0556;0.917
190.4146083;-0.2711;-0.3826;-0.6347;0.784
190.4275709;0.6186;-0.2774;2.4603;2.558
190.4639927;0.4035;0.0232;1.4873;1.548
190.4657044;-0.7462;-0.0958;-0.3376;0.827
190.4664632;-0.7742;-0.0232;2.21;2.352
190.4675388;1.1743;-0.9999;3.0593;3.431
190.4757161;0.4667;0.6836;0.6797;1.075
190.4865741;-1.0658;0.0402;-2.4651;2.681
190.4941872;0.4731;0.0304;1.2306;1.324
190.504485;2.6954;-0.3599;3.2973;4.276
190.5148542;0.1975;0.3199;1.1098;1.179
190.5267781;-1.3153;-0.0895;-1.1451;1.745
190.5600209;-0.2682;-0.2966;1.8244;1.876
190.5616114;2.4145;-0.146;2.5287;3.501
190.5626768;1.2694;0.4481;-0.2682;1.366
190.5649711;-0.079;0.1228;-0.815;0.821
190.5747556;0.4611;-0.5311;2.5763;2.677
190.5860992;-0.0989;-0.3695;3.4109;3.441
190.5946154;-1.0759;-0.1184;0.1181;1.096
190.6048723;-0.4688;0.1825;-0.2472;0.563
190.6146724;0.7268;-0.2728;1.6986;1.873
190.6271097;1.1061;-0.0321;1.3775;1.77
190.6671476;-0.2586;-0.0104;0.0843;0.28
190.6685697;-0.266;0.075;0.7646;0.823
190.669585;0.5805;-0.2706;2.0891;2.191
190.670314;0.9708;0.0588;0.6736;1.183
190.6745189;0.9987;0.2662;-0.0781;1.031
190.6859907;0.9449;0.0715;0.2244;0.97
190.6949102;0.9034;-0.0611;1.4973;1.754
190.7049338;0.0945;-0.1021;0.8516;0.87
190.7150669;-0.6953;-0.1352;0.8262;1.098
190.7289015;-0.1135;-0.0259;1.1509;1.166
190.7655034;0.3327;0.2133;1.107;1.182
190.7684304;-0.2168;-0.3318;-0.2015;0.443
190.7696268;-0.5108;0.2724;1.266;1.402
190.7744037;0.2989;-0.3297;1.7209;1.784
190.7858506;0.5557;-0.074;1.5521;1.656
190.7944992;-0.342;-0.0167;0.2398;0.428
190.8049247;0.1262;-0.2143;0.9852;1.023
190.8145551;1.3151;0.127;0.6591;1.475
190.8261304;0.3248;0.0619;-0.269;0.417
190.8588211;0.1965;0.3464;-0.0465;0.399
190.860215;0.1688;-0.4132;2.3131;2.363
190.8613435;0.5652;-0.3396;2.1799;2.284
190.8646964;1.002;0.2356;-0.6388;1.202
190.8749527;0.2439;0.5383;-0.7959;0.984
190.8858287;-0.2414;-0.2886;0.4867;0.623
190.8943849;1.1548;-0.6084;3.2486;3.506
190.9044375;0.8629;0.5532;1.0816;1.493
190.9143836;-1.2306;-0.2873;-0.8569;1.527
190.9245077;-1.0505;-0.1369;1.9726;2.249
190.9437844;1.2572;0.3009;1.0307;1.654
190.9454412;-0.0716;0.0208;-0.2396;0.245
190.9791547;-0.9363;-0.1219;2.1095;2.321
190.9806959;-0.1801;-0.5102;1.8444;1.93
190.9816841;0.844;0.0643;1.0143;1.324
190.9909319;1.0616;0.3288;0.2348;1.133
190.9945815;-0.0996;-0.2591;0.5298;0.606
191.0043953;0.318;0.2129;1.1187;1.189
191.0144355;0.6578;-0.1926;0.9985;1.214
191.0280042;-0.2981;-0.1926;1.535;1.585
191.0613076;-0.4139;-0.1472;0.4335;0.627
191.0627097;0.6643;0.0601;2.1479;2.255
191.0636767;1.396;-0.293;1.5932;2.14
191.064541;0.3209;0.2347;0.1876;0.44
191.0748047;-0.4009;0.0858;-1.1969;1.259
191.0850703;0.8253;-0.0468;1.1884;1.451
191.0948274;1.046;-0.3031;2.9052;3.108
191.1042442;-0.1371;-0.0443;0.3726;0.409
191.1150409;-0.9149;0.1995;-0.2282;0.968
191.1284698;-0.0611;-0.5045;1.7828;1.861
191.1647643;1.6532;-0.2201;2.5025;3.011
191.1673307;0.4798;0.5016;-0.2005;0.717
191.1680064;-0.1285;-0.1534;-0.3571;0.404
191.1703049;0.0479;-0.296;2.3836;2.41
191.1746129;0.2955;-0.1692;1.4809;1.526
191.1869657;-0.0993;0.139;0.275;0.333
191.1944965;-0.2796;-0.0118;1.6006;1.634
191.2045161;-0.1488;-0.6584;3.1406;3.22
191.2145489;0.7427;0.1974;0.7242;1.058
191.2275871;0.2334;0.1617;-0.2132;0.347
191.2636981;0.1429;-0.2486;-0.077;0.291
191.2654889;2.0252;0.1862;1.2413;2.382
191.2699769;1.1292;0.2807;0.2137;1.179
191.2709122;-1.2604;-0.2658;0.0577;1.295
191.2768843;0.1777;-0.1736;1.6858;1.711
191.2878133;1.308;0.152;1.3186;1.865
191.2946064;-0.1538;0.0009;0.6583;0.685
191.3043381;0.5841;-0.3924;1.1759;1.374
191.3149021;1.4844;0.1725;1.9868;2.489
191.3276493;-0.1904;0.0493;0.2186;0.304
191.3669774;-1.025;-0.3292;-0.7181;1.294
191.368501;0.6695;0.3169;0.3092;0.802
191.3694475;0.8907;-0.1059;1.227;1.523
191.3703698;-0.8479;-0.267;1.6543;1.888
191.3744093;-0.4448;-0.1598;0.5711;0.751
191.3848521;0.3892;0.0484;1.7211;1.772
191.3944017;0.5634;-0.1307;1.353;1.477
191.4044682;0.4836;-0.1485;1.4847;1.574
191.4142387;0.7505;-0.06;1.3077;1.513
191.4261973;-0.4813;-0.2381;1.145;1.274
191.4555846;-1.1382;-0.1901;1.2761;1.73
191.4570576;-0.3834;-0.2031;1.4974;1.568
191.4578374;0.5417;-0.0222;2.2636;2.334
191.4642235;0.175;-0.1935;0.4217;0.5
191.4742888;0.2554;0.1007;0.3177;0.423
191.4864824;1.4269;0.0344;-0.1457;1.428
191.4942169;1.1694;0.1532;0.9262;1.5
191.504319;0.7328;-0.2232;0.9698;1.239
191.514475;1.6638;0.251;0.4711;1.744
191.5261448;0.2949;0.2068;0.0721;0.365
191.5546162;-0.8987;-0.5134;0.9219;1.395
191.5559336;0.7328;-0.2108;2.391;2.516
191.5569316;0.7681;0.1595;0.2888;0.834
191.5657362;-0.4621;0.029;0.264;0.542
191.5747627;-0.4946;-0.4818;1.9155;2.045
191.5844769;0.0346;-0.397;2.8429;2.879
191.5944991;-0.2008;0.123;0.0968;0.263
191.6049822;0.4707;0.2926;-0.2235;0.591
191.6146843;0.2915;-0.3908;1.9033;1.972
191.6247825;0.5245;-0.4341;1.6578;1.798
191.6518112;1.0685;0.4139;-0.0443;1.141
191.6535228;0.2632;0.3139;-0.8459;0.931
191.6544377;-0.6335;-0.4093;2.0786;2.22
191.6654752;1.4429;-0.5113;0.3092;1.557
191.6746497;-0.2321;0.1003;-1.3998;1.415
191.6860323;-0.8203;-0.2995;0.5976;1.067
191.6945697;0.7185;-0.2474;3.0805;3.179
191.7047356;0.2312;-0.0789;1.3123;1.342
191.7143188;-0.8179;0.1746;0.3501;0.916
191.7251017;-0.7111;-0.3423;0.8458;1.166
191.7627643;0.0573;-0.3884;2.2797;2.321
191.7659456;0.8159;0.288;0.5583;1.03
191.7667734;0.6833;0.0463;-0.3378;0.755
191.7675034;-0.1864;0.1127;0.4558;0.515
191.7744187;0.1366;-0.4459;1.9786;2.04
191.7858866;0.6856;0.1791;0.8741;1.128
191.7945997;0.6731;0.0084;-0.1962;0.693
191.8045272;0.4991;0.0704;0.8197;0.966
191.8148105;0.5843;-0.1345;1.4913;1.613
191.8248876;0.2995;-0.0931;1.0947;1.145
191.8597137;0.7671;0.1251;0.8504;1.154
191.8613997;0.186;-0.1333;1.4372;1.463
191.8623796;-0.4592;-0.1224;0.1446;0.504
191.8645316;0.1167;-0.1561;0.2599;0.329
191.8746878;0.5483;0.3722;1.2491;1.419
191.8858127;-0.1116;-0.6211;1.2709;1.426
191.8945331;0.458;0.1044;1.1491;1.247
191.9050541;0.3326;0.2542;-0.0159;0.415
191.9264086;0.0849;-0.0792;0.2075;0.242
191.9277913;1.284;0.0227;0.3679;1.332
191.9664714;0.8868;-0.0044;1.7351;1.953
191.9678999;-0.2533;-0.2084;1.1688;1.223
191.9688699;-0.0589;-0.1632;1.0842;1.106
191.9698586;-0.2449;0.0385;0.9786;1.019
191.9745829;-0.2161;-0.0219;0.4393;0.5
191.9859465;0.1098;0.0871;1.4214;1.436
191.994536;-0.2323;-0.6579;2.135;2.254
192.0049485;-0.1189;-0.2698;2.4999;2.526
192.024045;0.117;0.0959;0.9515;0.971
192.0259947;-0.618;-0.0326;-0.1286;0.636
192.0595224;0.4242;-0.043;0.2696;0.504
192.0611011;2.413;0.4741;1.6528;2.963
192.0618781;-0.1378;-0.4587;1.7289;1.802
192.0710862;-0.3608;-0.1085;1.3988;1.458
192.0745727;0.3117;0.0778;0.6599;0.739
192.0845204;0.6867;-0.0479;0.3478;0.77
192.0943615;0.8805;-0.0478;1.3367;1.605
192.1044056;1.4364;-0.1099;1.0452;1.78
192.1252198;0.7147;-0.0507;0.8392;1.106
192.1268534;-0.3169;0.0095;0.8625;0.929
192.1662596;-0.1893;-0.3873;1.1484;1.235
192.1678331;0.4791;0.0848;0.2565;0.549
192.1693962;1.6112;0.1655;-0.3301;1.646
192.1712328;0.8865;0.2189;0.8428;1.244
192.1744292;-0.5739;-0.5331;1.8772;2.043
192.1848124;-0.9495;-0.1047;1.6743;1.938
192.1945891;-0.0307;0.01;0.5135;0.523
192.2048984;1.1798;-0.3536;2.9138;3.169
192.2261184;0.9423;-0.1275;1.5006;1.78
192.2279342;-0.9644;-0.0938;0.1898;0.995
192.2625068;-0.9518;-0.2739;0.5295;1.132
192.2654277;0.8995;-0.2189;2.2057;2.397
192.2663554;-0.17;-0.0773;1.8518;1.87
192.2673542;-0.6077;-0.1913;0.6806;0.942
192.2746398;0.2212;-0.1231;1.9215;1.946
192.2844293;0.8611;-0.0656;0.6643;1.09
192.2945013;1.103;0.2014;0.0379;1.117
192.3042588;0.9551;0.3462;0.1443;1.022
192.3158319;0.5083;-0.4042;2.0317;2.139
192.3243719;0.3001;-0.1439;2.2359;2.268
192.3347129;-0.2254;-0.1338;1.5444;1.575
192.344395;-0.1388;0.0153;0.7336;0.756
192.356953;0.5199;-0.2696;-0.141;0.595
192.3999578;1.1007;0.4697;-0.0993;1.195
192.4015696;0.8082;0.0605;0.1073;0.813
192.4024909;0.4865;-0.3165;1.0915;1.241
192.4034912;-0.068;0.2503;-0.4482;0.512
192.4054654;-0.3963;0.1181;2.6014;2.643
192.4161877;2.1595;-0.1673;1.7602;2.792
192.4244645;0.0354;0.5617;-0.6274;0.838
192.4343005;-0.3136;-0.4814;-1.2045;1.328
192.4442527;0.0782;0.0335;2.7875;2.797
192.4596401;-0.1092;-0.5068;1.8074;1.888
192.4983171;-0.5821;0.2099;0.2441;0.674
192.4997489;-0.9019;0.0993;1.3621;1.647
192.5008964;-0.2307;-1.0153;3.123;3.3
192.5020954;-0.0502;0.2344;1.2218;1.254
192.5049585;0.3871;0.074;-0.6799;0.776
192.5162524;0.3798;0.0755;0.4276;0.579
192.5248441;0.5817;-0.3121;1.1043;1.291
192.5344357;0.3706;0.1595;1.3704;1.435
192.5444256;-0.0458;0.0739;-0.0139;0.092
192.558774;-0.4192;-0.0279;1.0426;1.134
192.592225;0.7262;-0.2817;1.638;1.819
192.5938545;1.4316;0.2433;1.0986;1.821
192.5948865;0.5295;-0.1715;0.1806;0.582
192.595609;0.7701;0.0713;0.2953;0.825
192.6042993;0.6023;0.0751;0.8087;1.014
192.6161783;-0.0911;-0.1141;0.7393;0.762
192.6244261;-0.3084;-0.1737;1.5431;1.592
192.6346481;0.1582;0.0956;0.4006;0.447
192.6444953;-0.36;-0.2097;0.1994;0.469
192.6563122;0.197;0.0335;1.9633;1.981
192.693441;1.2009;-0.3673;1.8604;2.248
192.6953522;0.5198;0.3456;0.3561;0.719
192.6961472;-0.7209;-0.0483;-1.0645;1.283
192.6972126;-0.365;-0.1241;2.2231;2.265
192.7057591;1.3888;-0.8264;3.4296;3.796
192.7173013;0.2587;0.2598;1.46;1.513
192.724415;-0.7622;-0.0869;-1.018;1.272
192.7388978;-0.7103;-0.1191;1.1224;1.344
192.7450558;1.5429;-0.3608;2.259;2.763
192.7759141;2.1719;0.4569;0.0924;2.216
192.7776923;-0.1147;0.1814;-0.5908;0.622
192.7786472;-0.6001;-0.5205;1.4729;1.682
192.7856419;1.0658;-0.2654;2.0244;2.307
192.7944739;1.9692;0.4859;-1.1165;2.307
192.8044089;0.2695;0.6948;-1.0038;1.243
192.8176314;0.0097;-0.7124;1.779;1.923
192.8423219;-0.7511;0.3529;-0.0382;0.837
192.845197;-1.7989;-0.5515;-0.6946;2.008
192.8800131;0.1209;-0.1478;2.6817;2.696
192.8813719;0.9643;-0.0167;2.1798;2.389
192.8820127;-0.8371;-0.3941;0.7542;1.203
192.8843346;-0.3641;0.193;1.0662;1.153
192.8945355;-0.524;-0.679;1.8507;2.048
192.9045027;0.0744;0.0733;0.86;0.874
192.915619;1.6427;0.2604;-0.0663;1.659
192.9243375;1.078;0.3544;-0.4292;1.205
192.9345939;0.0854;-0.1708;0.2693;0.335
192.9444732;0.5962;-0.0354;1.8154;1.917
192.959546;0.2129;-0.1639;0.9499;0.994
192.9986978;0.155;-0.0621;1.0259;1.047
193.0001231;0.9904;0.2579;1.215;1.591
193.0011346;-0.0435;-0.538;1.8076;1.894
193.0018734;0.3618;-0.0814;0.8292;0.913
193.0044057;0.8168;0.3046;0.0824;0.871
193.0152504;-1.1629;0.0983;-0.353;1.223
193.0248691;-0.6126;-0.5167;1.1383;1.401
193.0345371;1.1311;-0.1092;2.9697;3.185
193.0445547;0.1261;0.063;0.6721;0.694
193.0588002;-0.7712;-0.1896;-0.015;0.8
193.1014108;0.9729;0.2993;0.757;1.269
193.1029888;1.1513;-0.0959;1.0893;1.589
193.1044189;0.7431;-0.1341;0.7624;1.075
193.1054857;1.4191;0.2981;0.9532;1.735
193.1065801;-0.4264;0.0067;0.8934;1.0
193.1165435;-1.2957;-0.5778;0.469;1.501
193.1243832;1.103;0.2999;1.3968;1.808
193.1346824;1.2709;0.2204;1.1295;1.716
193.1447187;-0.565;-0.5294;1.897;2.058
193.1599283;-0.1345;0.0927;1.182;1.202
193.2058081;-0.3467;-0.2632;-1.0938;1.171
193.208154;1.572;0.1888;-0.31;1.606
193.2094666;1.4398;0.6397;1.1129;1.93
193.2104682;-0.5524;-0.5433;0.3157;0.843
193.2130877;-0.6111;0.0291;0.6531;0.905
193.218039;0.4622;0.0371;1.379;1.461
193.2244409;0.8556;-0.3178;2.2099;2.396
193.2344929;0.2896;0.097;0.3757;0.487
193.2442221;0.2709;0.0792;0.1312;0.31
193.2566562;0.1113;-0.1408;1.8844;1.901
193.2941763;0.092;-0.2503;1.1831;1.22
193.2970722;-0.5168;0.3093;-0.0792;0.612
193.2981219;-1.6959;-0.176;0.673;1.841
193.3005571;0.0343;-1.015;3.7579;3.9
193.3043074;0.8865;0.1845;1.768;1.991
193.3143214;-0.0674;-0.1621;-0.5987;0.616
193.3244164;-0.2299;0.2612;-0.1584;0.384
193.3388989;1.3394;-0.1523;1.821;2.269
193.344856;1.8463;0.2034;0.9564;2.088
193.3754272;0.0998;0.0397;0.5537;0.571
193.3768947;-1.0735;-0.1687;1.997;2.283
193.3783623;-0.2353;-0.5454;2.1137;2.204
193.386838;1.308;0.106;1.4862;1.985
193.3944608;1.4783;0.4016;-0.9337;1.785
193.4048107;-0.0033;-0.0812;-1.0192;1.014
193.4149837;1.3625;0.241;1.1334;1.79
193.4244326;1.7767;-0.4984;3.1294;3.637
193.4345461;-1.0418;0.2739;0.5776;1.232
193.444416;-0.9836;-0.6688;-1.2122;1.695
193.4577724;0.8785;0.4955;1.6966;1.979
193.4937304;2.1784;-0.4891;3.2488;3.945
193.4959494;0.2493;-0.0621;1.1465;1.182
193.496852;-0.7616;0.2227;-0.9481;1.234
193.4976661;-1.0636;-0.3927;1.0321;1.543
193.5044077;0.8408;-0.3459;2.4683;2.636
193.5158706;1.0588;0.1963;0.6615;1.263
193.5242484;-0.3297;0.3194;0.3361;0.578
193.5343247;-0.4731;-0.7966;1.8265;2.056
193.5522632;0.1854;0.0351;2.2239;2.24
193.5548052;0.3981;-0.0216;-0.417;0.567
193.5850649;1.0888;0.2492;0.4211;1.191
193.5864313;0.0963;-0.1647;1.1899;1.213
193.5872011;-0.0153;-0.4757;2.2312;2.289
193.5944679;0.7541;0.1516;1.53;1.717
193.6048606;-0.4493;0.0651;0.2194;0.513
193.6144634;-0.1755;-0.327;-0.4818;0.603
193.6243082;1.43;0.355;-0.4111;1.522
193.6383026;1.2599;0.3776;0.4322;1.382
193.6805234;-0.4286;-0.3279;-0.1133;0.554
193.6821035;-0.8979;-0.106;1.4715;1.737
193.6830232;0.2918;-0.0472;2.3196;2.346
193.6849759;0.2078;-0.5629;1.7617;1.868
193.6859995;0.8645;0.2902;0.8774;1.267
193.6999495;0.2712;-0.1274;0.1931;0.356
193.7049602;-0.4036;-0.0375;0.5912;0.727
193.7151768;0.4886;-0.261;0.9673;1.119
193.7244553;0.763;0.2922;0.5975;1.013
193.7347719;-0.7228;-0.0564;-0.7712;1.057
193.7555781;-0.7052;-0.0823;0.9856;1.225
193.7572362;1.4776;-0.3611;2.9805;3.351
193.7985235;1.5344;0.1731;1.2486;1.986
193.8000362;0.2665;0.1297;-0.6656;0.719
193.8011467;0.1571;-0.1322;-0.5191;0.548
193.801957;1.2155;0.0748;2.3829;2.681
193.8047967;0.6023;-0.318;2.1106;2.224
193.8146211;-1.0917;0.266;0.7256;1.347
193.8248412;-1.497;-0.5165;1.0076;1.886
193.839781;-0.0054;-0.5011;2.2311;2.294
193.8813734;0.7453;0.1008;1.2566;1.469
193.8828829;0.8107;0.1801;0.1121;0.834
193.8839519;-0.2632;0.0046;0.4767;0.555
193.8851992;-0.6073;-0.4763;3.1754;3.277
193.8860336;0.5123;-0.371;3.1754;3.245
193.8989196;0.0641;0.1639;-0.564;0.583
193.9050033;-0.5025;-0.1902;-1.0894;1.21
193.9159306;1.7305;0.0721;2.3924;2.957
193.9245322;2.3775;-0.1837;2.673;3.584
193.9343917;-0.564;0.371;-0.2068;0.709
193.9555302;-1.4632;-0.2285;-0.7362;1.655
193.9573221;1.0599;-0.3915;2.8909;3.109
193.9902961;2.2057;-0.0316;2.4061;3.266
193.9916586;0.414;0.1638;-1.7065;1.754
193.9929017;-0.8132;0.5213;-1.0047;1.392
193.9981108;-0.0525;-0.7966;3.2449;3.349
194.004447;0.1149;-0.5724;2.4419;2.518
194.0144737;0.4216;0.4625;-1.3452;1.475
194.0247193;0.4851;0.3575;-0.9152;1.087
194.0359277;-0.071;-0.5543;2.8143;2.877
194.068865;0.4689;-0.3442;1.8121;1.909
194.0702969;0.4498;0.7231;-0.0886;0.854
194.0710715;-0.2882;-0.253;1.2231;1.291
194.0744074;0.0765;-0.6137;2.7331;2.81
194.0849775;0.2967;0.1318;-0.2176;0.382
194.0946999;0.7525;0.3376;-0.8471;1.173
194.1042871;0.3097;0.2086;0.93;1.008
194.1145563;-0.0919;-0.6572;1.7848;1.912
194.1243093;0.0079;0.252;1.1551;1.191
194.137422;0.229;0.0121;-0.0365;0.225
194.1759748;-0.0676;-0.0329;1.3101;1.321
194.1775181;0.8422;-0.3414;1.1716;1.486
194.1783025;1.3063;0.4059;1.0632;1.733
194.1820601;-0.2926;0.0293;-0.0272;0.301
194.1878658;-0.8382;-0.3999;0.2723;0.975
194.1987809;0.4376;0.1796;1.561;1.638
194.2045219;0.6722;-0.2849;1.3042;1.499
194.214496;0.3106;0.0359;0.4124;0.521
194.2243089;-0.2612;0.1914;-0.1095;0.345
194.2353244;-0.0561;-0.2253;1.5751;1.6
194.2731824;1.0301;-0.2246;1.6302;1.945
194.2760051;0.5686;0.224;0.4859;0.782
194.2770575;0.0291;-0.1975;0.3809;0.436
194.2779111;-0.0327;-0.3302;1.503;1.547
194.2845018;0.0514;0.1356;1.0412;1.059
194.2947491;0.5598;-0.0633;-0.0531;0.559
194.3043991;0.4801;0.1368;2.0686;2.135
194.3155911;-0.5061;-0.5215;1.7759;1.928
194.324508;-0.1493;-0.2171;1.1415;1.18
194.3366516;1.5362;0.2323;1.0446;1.872
194.3789371;0.1269;-0.0825;0.9004;0.92
194.3804515;0.0551;-0.0432;-0.3226;0.321
194.3815977;1.1409;0.2339;0.1468;1.169
194.3824147;-0.1937;-0.2647;2.5077;2.538
194.3847154;-0.0898;-0.7122;1.8771;2.017
194.3967583;0.885;0.5061;0.7078;1.242
194.4044787;-0.058;0.2012;-0.2572;0.327
194.4146684;-0.4988;-0.6164;1.5502;1.75
194.4245343;1.7563;-0.1202;2.6781;3.208
194.4390531;1.5347;0.1423;1.0945;1.89
194.4812954;-1.2441;0.038;0.0493;1.252
194.4828832;-2.0078;-0.8437;0.6365;2.276
194.4841416;1.6651;0.2218;2.6789;3.166
194.4855338;1.7826;0.247;0.5743;1.886
194.4865469;-0.267;0.0409;-0.2162;0.346
194.4949773;-0.8023;-0.1708;0.7657;1.132
194.5048467;0.4909;-0.541;1.8215;1.968
194.5148265;1.508;0.6981;0.3924;1.705
194.5249865;0.4202;-0.0641;-0.0232;0.419
194.5400069;-0.0441;-0.3649;2.1452;2.184
194.5449618;0.8673;-0.3016;2.4642;2.635
194.5708486;-0.5769;0.3073;0.2117;0.695
194.5722715;-0.908;-0.4664;-0.4329;1.11
194.574753;0.842;-0.116;3.0935;3.214
194.5843459;0.3992;-0.1755;1.4688;1.538
194.595398;-0.515;0.2078;-0.6671;0.866
194.6044637;0.1426;0.1779;-0.473;0.517
194.6144654;0.8078;-0.279;1.1934;1.471
194.6244667;1.178;-0.1242;1.1934;1.683
194.6355116;-0.151;0.0597;0.91;0.934
194.6728978;0.7338;-0.5094;1.7547;1.974
194.6745697;0.7868;0.344;0.8025;1.177
194.6759321;-0.0032;-0.0194;-0.8996;0.892
194.6802236;-0.2971;-0.1082;1.5328;1.574
194.6842902;0.3513;-0.5233;3.0144;3.087
194.6956956;-0.2673;0.1502;0.0526;0.318
194.7045634;-1.3302;0.1502;-0.6364;1.484
194.7154377;-0.0076;-0.3963;2.0618;2.107
194.7245334;1.5279;-0.6463;3.1948;3.604
194.7377923;0.7244;0.5339;-0.3511;0.959
194.7746098;-1.0269;0.2867;-1.9847;2.249
194.7765555;-0.4759;-0.2956;1.7424;1.839
194.77759;2.0944;-0.674;3.2993;3.969
194.778672;1.0451;0.6839;0.3989;1.31
194.7844292;-0.7472;-0.0621;-1.2416;1.446
194.7970659;-0.8293;-0.6373;1.7764;2.07
194.8049619;1.9286;-0.0762;2.1449;2.888
194.8148534;1.4304;0.5159;-0.0559;1.516
194.8245285;-0.0678;-0.0316;-0.8002;0.796
194.836018;-0.2322;-0.3213;2.1923;2.236
194.8675258;0.2871;-0.2102;2.0726;2.11
194.8689552;0.1821;0.1555;-0.3976;0.455
194.8697037;0.1658;0.3508;0.4162;0.574
194.8743267;0.3097;-0.6853;1.7505;1.911
194.8847891;0.1825;-0.0395;1.9048;1.922
194.8946189;-0.1125;0.0232;-0.1901;0.218
194.904853;0.3209;0.151;1.7278;1.771
194.9146369;-0.0864;-0.5244;1.4085;1.513
194.9263237;0.7514;0.1135;0.5236;0.923
194.936733;0.6584;0.428;0.5366;0.952
194.9692213;-0.7208;-0.7293;1.4529;1.787
194.9706867;0.231;-0.1054;2.1124;2.135
194.9715066;0.9025;0.1026;0.5456;1.059
194.9751312;-0.1158;-0.0397;0.7884;0.807
194.9849494;0.2784;-0.1032;0.7463;0.809
194.9964132;1.0272;-0.0177;0.9117;1.375
195.0045343;0.1484;-0.0504;1.0682;1.087
195.0146261;0.5657;-0.4071;1.81;1.945
195.0259911;0.1655;0.3462;1.3315;1.393
195.0358915;-0.6931;-0.3426;-0.3503;0.85
195.0675896;0.955;0.1884;1.3944;1.704
195.0690669;1.4482;-0.0281;1.2772;1.932
195.0698075;-0.2745;-0.176;0.3514;0.488
195.0747141;-0.1352;-0.0111;0.29;0.33
195.0850026;0.4035;-0.2435;1.1936;1.289
195.0944248;0.9782;0.1853;0.9441;1.374
195.1047487;0.7581;0.0972;-0.4114;0.859
195.1145707;0.4323;0.0579;0.3555;0.564
195.1248069;0.7766;-0.2866;0.9634;1.272
195.1352781;0.1141;0.1534;0.812;0.842
195.1676712;-0.5289;0.0566;0.1933;0.575
195.169328;-0.4085;-0.482;2.2353;2.332
195.1700684;0.8808;-0.1732;2.6147;2.77
195.1793451;0.1121;0.2658;-0.1212;0.309
195.1848922;-1.4834;-0.2069;-0.3929;1.552
195.19531;0.0105;-0.2438;1.9234;1.947
195.2044715;1.2705;-0.198;2.9632;3.235
195.2144861;-0.2085;0.1915;0.067;0.298
195.2244747;-1.2634;-0.0589;0.1516;1.281
195.2363194;-0.2856;-0.5558;3.0618;3.133
195.269135;1.3951;-0.4164;2.5234;2.917
195.2703848;1.587;0.7377;-0.0346;1.746
195.271224;-0.1697;-0.182;-1.7866;1.796
195.2798062;-0.1055;0.1499;0.1711;0.26
195.2849111;1.9359;-0.1168;2.5669;3.22
195.2955531;0.2123;-0.3772;1.4895;1.558
195.3045705;0.4455;0.2002;-0.674;0.823
195.3147059;0.8782;0.3837;-0.117;0.96
195.3355907;-0.5508;-0.2742;0.3021;0.693
195.3372003;0.6569;-0.4713;1.5454;1.749
195.3757468;2.6014;0.5825;1.0909;2.878
195.3777961;0.1461;-0.1694;-0.1702;0.272
195.3786567;-2.4646;-0.0387;0.9068;2.635
195.3795195;1.4613;-0.1583;2.752;3.124
195.3844951;0.1683;0.1686;0.5456;0.602
195.3968514;-1.0337;-0.2541;0.7007;1.283
195.4045297;-1.3244;-0.5902;2.6279;3.011
195.4147702;0.3393;-0.1623;1.2755;1.336
195.4243183;0.9764;0.1267;0.5744;1.139
195.4359144;0.7697;-0.0781;0.2516;0.81
195.4859266;0.141;-0.0093;0.438;0.466
195.487607;1.0831;0.2078;-0.0792;1.1
195.4885386;1.0917;0.1388;0.244;1.123
195.4896337;0.4912;-0.0934;1.1528;1.262
195.4905251;0.8463;-0.2971;2.3174;2.49
195.4981027;0.6683;0.0371;1.4661;1.617
195.5045349;-0.0677;-0.1862;1.0287;1.056
195.5145242;-1.1051;-0.154;2.1255;2.411
195.5263508;-0.5278;-0.4865;1.333;1.523
195.5342857;-0.2039;0.0828;2.0213;2.042
195.5450756;-0.3246;-0.141;1.2299;1.289
195.5543944;-0.1864;-0.2163;-0.4343;0.514
195.5671385;0.1838;0.358;0.0626;0.407
195.5986574;1.1716;0.039;1.2167;1.691
195.5998726;1.186;-0.4137;1.7484;2.156
195.6007874;0.5385;0.2394;0.3503;0.686
195.6050971;0.4796;-0.0294;0.7917;0.93
195.6145738;1.4396;-0.1623;1.3722;1.997
195.6299152;0.9879;-0.1935;1.0562;1.461
195.6342745;0.6618;0.1542;0.2756;0.731
195.6544242;0.3316;0.0359;1.031;1.09
195.6560288;-1.431;-0.317;1.4494;2.071
195.6893485;-0.5477;-0.3892;1.4461;1.604
195.6907379;1.0696;0.1755;0.7451;1.315
195.6919911;0.6611;-0.0298;0.3715;0.758
195.694428;0.1637;-0.1699;1.5576;1.583
195.7047294;0.401;-0.0374;0.5952;0.722
195.7146426;-0.0049;0.1257;1.0159;1.032
195.7281295;0.0308;-0.1856;1.6082;1.627
195.7344295;0.0243;-0.4625;2.0896;2.148
195.7451866;-0.2596;0.068;1.7164;1.746
195.7541891;0.214;-0.2889;0.1405;0.385
195.7655424;0.3485;0.2185;0.5252;0.671
195.8006462;0.7696;-0.0832;-0.6932;1.029
195.8020572;1.1866;0.2926;0.1891;1.233
195.8029038;0.2144;-0.0849;0.2679;0.356
195.8048322;-0.5235;-0.2182;1.5251;1.637
195.8145486;0.5998;-0.2028;1.8123;1.925
195.8255754;1.3226;0.0303;1.0393;1.683
195.8343939;0.7693;0.3371;0.5577;1.009
195.8449809;-0.0242;-0.3541;-0.6621;0.743
195.854347;0.6128;0.3669;1.3932;1.571
195.865473;-0.085;-0.455;1.5648;1.64
195.901919;-0.9456;-0.2993;1.0451;1.45
195.9036291;-0.3905;0.3959;0.5591;0.798
195.9054479;-0.6411;-0.5338;1.337;1.585
195.9070804;0.503;-0.2584;2.5198;2.589
195.915355;1.9505;0.0671;0.3793;1.984
195.9260191;0.3904;0.318;-0.7965;0.933
195.9347013;-1.2002;-0.2678;-0.2412;1.257
195.9447324;0.6392;-0.5657;3.6196;3.726
195.9544997;1.3375;0.138;1.7306;2.195
195.9676097;-0.3974;0.1121;-0.8047;0.9
196.001607;0.6838;-0.8319;2.9751;3.17
196.0033622;1.6943;0.3213;1.1007;2.046
196.0052495;1.2822;0.1606;-1.6875;2.115
196.0143524;-0.6197;0.3025;-0.1755;0.715
196.0259896;0.058;-0.5446;2.4526;2.521
196.0342896;0.3374;-0.0847;1.8932;1.932
196.0446901;0.4044;0.125;-0.1876;0.455
196.0544394;0.5392;-0.1537;1.59;1.692
196.0662157;0.182;-0.2733;1.846;1.882
196.0998369;-0.6503;-0.0277;-0.3273;0.73
196.1013411;0.0252;0.2996;3.0618;3.085
196.102299;-0.4092;-0.7997;1.7354;1.962
196.1047866;-0.4092;0.2397;-0.8305;0.952
196.115274;-0.1538;-0.0304;1.6138;1.63
196.1259535;1.2875;-0.5206;3.117;3.417
196.1345864;1.133;0.2253;0.9971;1.527
196.1448806;0.5979;-0.0661;-0.6282;0.86
196.1544479;0.1457;0.1101;0.6638;0.695
196.1677123;1.3785;-0.0078;1.5437;2.072
196.201032;1.0806;0.068;-0.1212;1.083
196.2030535;0.6849;0.0919;-0.1716;0.705
196.2044651;1.1371;0.1863;1.3509;1.778
196.2058217;-0.1378;-0.3194;1.473;1.522
196.2145901;-0.9093;-0.1588;0.0399;0.93
196.224979;0.8733;0.2767;0.737;1.177
196.234335;1.56;0.1452;2.1932;2.699
196.2441931;-0.6208;-0.5002;1.0446;1.323
196.2541972;-1.1122;0.0578;0.5621;1.257
196.2644702;0.0739;-0.2774;0.7151;0.777
196.2954193;0.3746;-0.1637;2.0585;2.106
196.2967253;-0.0926;-0.0259;1.1819;1.194
196.2974566;-0.2519;-0.165;1.3104;1.354
196.3047124;0.1874;-0.0233;1.8299;1.847
196.3146357;0.2422;-0.1224;0.8165;0.866
196.3242723;0.8409;0.0467;-0.1895;0.856
196.3346641;1.2179;0.2955;-0.2396;1.269
196.3465575;0.3081;0.0845;1.0105;1.066
196.3544195;0.3014;-0.4343;1.5554;1.649
196.3789326;0.73;0.2174;0.8219;1.123
196.3800114;0.5199;0.1925;-0.8807;1.031
196.3841698;-0.2781;0.0216;-0.5302;0.595
196.3943946;0.6543;-0.1173;1.5433;1.686
196.4043174;1.0414;-0.2388;2.4076;2.639
196.4147062;-0.3963;0.0193;1.2488;1.32
196.4244103;-0.9089;-0.2265;0.4699;1.057
196.4341414;-0.7649;-0.1281;1.8642;2.029
196.4463439;0.5632;-0.2191;1.3599;1.493
196.4542423;1.1238;0.215;0.8275;1.412
196.4778936;0.2838;-0.0816;-0.8995;0.937
196.4789817;-0.7383;0.0105;-0.3158;0.805
196.4842431;1.0273;0.1644;0.7125;1.261
196.4949734;0.8365;0.0613;0.9945;1.304
196.5044067;-0.5144;-0.3287;1.1914;1.348
196.5142615;1.3896;0.0622;1.788;2.268
196.5242702;1.2218;0.211;1.1691;1.706
196.5344199;-0.2861;-0.3964;-0.3938;0.624
196.5464822;0.6015;0.0869;0.723;0.947
196.5541584;1.031;0.1339;1.7692;2.056
196.5803614;-1.0962;-0.3636;1.2169;1.687
196.5816915;-1.6491;-0.1399;0.969;1.927
196.5842015;0.163;-0.3148;1.8288;1.87
196.5946176;0.2682;0.0169;2.0459;2.071
196.6042366;0.1671;-0.3294;0.436;0.575
196.6140843;0.7462;0.2448;0.9382;1.227
196.6256372;0.6992;-0.0486;0.7591;1.035
196.6342357;0.2618;-0.0015;0.7953;0.843
196.6448561;0.4195;0.082;0.5281;0.682
196.6545327;0.8196;-0.081;1.1098;1.385
196.6659298;0.0393;0.0713;0.4871;0.502
196.7076982;-0.1897;-0.2118;1.2156;1.257
196.7093182;0.666;-0.0729;1.9456;2.064
196.7103139;0.611;-0.1016;0.6526;0.902
196.7111965;0.3794;0.2855;0.4331;0.645
196.7141692;-0.0419;-0.3057;0.5485;0.636
196.724999;0.3447;-0.4244;2.2731;2.345
196.7341926;1.1894;0.3347;1.2467;1.757
196.7442679;-0.3893;-0.0188;-0.4937;0.626
196.7669998;-1.1026;-0.1686;-0.2752;1.152
196.7684652;1.234;-0.2088;1.6402;2.066
196.80857;1.9101;0.5701;1.1171;2.285
196.8101447;-0.7101;-0.2156;-0.3725;0.831
196.8111277;-1.101;-0.349;2.603;2.857
196.8124199;1.6564;-0.5592;3.6819;4.081
196.8141828;0.7853;0.5915;0.6924;1.204
196.8240547;-1.5005;-0.4398;-2.3362;2.807
196.8344016;-0.2537;-0.0309;1.2439;1.279
196.8459344;2.0635;-0.3628;3.66;4.221
196.8542609;-1.3089;-0.0734;0.2185;1.336
196.8779998;0.2274;-1.0168;3.3539;3.519
196.8795904;1.3073;0.2884;1.8596;2.295
196.8843485;0.9894;0.0101;-1.7328;1.985
196.8941893;1.9713;0.8485;-0.8647;2.306
196.9043496;2.318;-0.209;0.7755;2.45
196.9140767;1.7968;-0.0307;1.2326;2.179
196.9248364;-0.9243;0.2843;-1.4709;1.757
196.9341365;-2.3639;0.0388;-0.2758;2.385
196.9477294;1.7183;-0.6252;3.3141;3.789
196.9541013;2.9962;-0.24;3.0198;4.262
196.9809952;-0.7996;0.622;-0.2193;1.04
196.9822775;-1.9257;-0.7385;-1.172;2.373
196.9843868;-0.6191;-0.6255;3.5068;3.624
196.9943657;1.3051;-0.1939;2.936;3.224
197.0043131;-0.1424;0.0917;-0.9267;0.935
197.0143719;-1.4876;0.6849;-0.3819;1.686
197.0243143;-0.4186;-1.4068;3.7324;4.018
197.0343639;0.9419;-0.1632;2.1572;2.365
197.0446769;0.9071;0.3805;-0.6812;1.188
197.0795828;0.7216;0.3381;-0.2677;0.834
197.080954;0.9912;-0.4184;1.1412;1.57
197.0819464;1.4393;0.2441;0.7241;1.628
197.0842156;0.3198;0.2156;-0.5951;0.7
197.0947128;0.2402;-0.1349;1.3776;1.412
197.10513;0.9496;-0.2298;2.2155;2.426
197.1146026;-0.4687;0.0472;0.1275;0.496
197.1243486;-0.653;0.1457;-1.21;1.378
197.1344063;0.4766;-0.0715;1.7114;1.784
197.1456341;1.1556;-0.3235;3.0365;3.27
197.1785051;-0.4046;0.0575;0.4353;0.607
197.1795816;-1.1223;0.0037;-0.4645;1.217
197.1803299;0.1138;-0.1285;0.7;0.728
197.1842601;1.3542;-0.0668;1.6148;2.111
197.1950704;1.088;0.208;0.2594;1.134
197.2053278;-0.4864;0.0763;0.3247;0.6
197.2145708;-0.6376;-0.5796;2.0035;2.19
197.2241757;0.7672;-0.0509;1.8543;2.013
197.2342953;1.1929;0.4228;-0.169;1.271
197.2457195;0.5396;-0.0095;-0.3327;0.625
197.2790379;0.3683;-0.0077;0.7818;0.869
197.2802917;0.8656;-0.2108;1.6325;1.864
197.2812077;-0.0963;0.1176;0.6833;0.709
197.2843797;-0.5144;-0.1796;0.1924;0.585
197.2945331;0.2915;0.0892;1.3409;1.382
197.3044746;0.9034;-0.2202;1.4196;1.701
197.3148274;0.5817;0.1245;0.6111;0.855
197.3242957;-0.1939;-0.1785;-0.0945;0.28
197.3343792;0.2439;-0.2224;2.1418;2.174
197.3470559;0.7934;-0.0413;1.2187;1.458
197.3544691;-0.0253;0.3414;-0.0107;0.344
197.3805263;-0.4201;-0.176;-0.6202;0.766
197.3818618;-0.1809;-0.263;2.2723;2.303
197.3844864;1.0039;-0.3077;2.5758;2.787
197.3942672;0.3081;-0.082;0.4333;0.541
197.4042971;-0.3307;0.0787;0.7374;0.822
197.4147758;0.4566;-0.2896;0.9715;1.116
197.4242141;0.84;0.2057;0.6949;1.11
197.4342467;0.7628;0.0794;-0.1663;0.777
197.445004;-0.1546;-0.2389;1.739;1.771
197.4772667;-0.259;-0.3728;2.0797;2.137
197.4786182;-0.1094;0.0837;0.5954;0.621
197.4792983;0.9179;0.1323;0.2921;0.969
197.4843425;1.2799;-0.0828;1.3164;1.84
197.4945014;0.9214;0.0545;0.2659;0.957
197.5061793;1.1148;0.1305;-1.2055;1.637
197.5151373;-0.5385;0.3062;0.7011;0.946
197.5241326;-0.9267;-1.0938;2.6348;3.008
197.534247;0.6616;0.0657;2.5083;2.601
197.5471118;0.4876;0.3059;0.4365;0.724
197.584962;-0.8484;-0.3677;0.9327;1.323
197.5862477;-0.4829;-0.354;1.723;1.833
197.5872381;1.0587;0.029;1.0831;1.517
197.5880344;0.6562;0.1957;0.2299;0.72
197.5972304;-1.4248;-0.2529;1.5501;2.13
197.6081791;1.0999;0.0426;1.7927;2.108
197.6143237;0.8018;0.0528;0.6575;1.039
197.6243892;0.6854;-0.14;0.9966;1.221
197.6344585;1.4209;-0.38;0.7264;1.639
197.6466182;1.9906;0.4689;0.2754;2.059
197.6803808;0.4286;0.2383;-0.1556;0.508
197.6817154;-0.2893;0.0171;0.1543;0.338
197.6824101;0.2276;-0.2029;1.5105;1.548
197.6845178;0.8635;0.2544;0.549;1.054
197.6942754;-0.2138;-0.3193;0.8931;0.981
197.7051217;-0.6369;-0.2745;3.1996;3.283
197.7140894;0.5598;-0.4611;2.4244;2.537
197.7242987;0.262;0.3732;0.2739;0.534
197.7345465;-0.8192;-0.4655;-0.4777;1.057
197.746163;0.606;0.267;1.5046;1.65
197.7791205;1.2042;-0.2005;1.2201;1.727
197.7802979;-0.8471;-0.0941;1.1309;1.426
197.7812592;-0.6539;-0.2453;1.4928;1.658
197.7843749;0.5271;-0.1415;2.2138;2.287
197.7943075;0.6017;-0.042;0.2512;0.651
197.805132;1.539;0.1301;0.392;1.59
197.8145747;1.8634;0.14;0.211;1.876
197.8243003;0.4423;-0.0816;1.1715;1.26
197.8344449;0.2625;-0.1048;1.0794;1.122
197.8457317;-0.1066;-0.0539;1.2792;1.293
197.8782844;-0.3897;0.1705;0.1251;0.452
197.8794771;0.084;-0.1564;0.4509;0.491
197.8801847;0.0353;-0.3895;2.7027;2.739
197.8843904;0.8149;-0.3246;2.3023;2.469
197.8947546;-0.2152;0.3422;-0.5341;0.666
197.9050349;-1.1399;-0.049;-1.4817;1.867
197.9150293;0.7008;-0.1235;2.1725;2.292
197.9242484;1.9724;-0.28;2.5644;3.25
197.9342695;0.1424;0.3266;0.0549;0.361
197.9445082;-0.8644;-0.0567;-1.3529;1.603
197.9755325;-0.4483;-0.2824;2.5063;2.571
197.9769277;1.9041;-0.5562;1.972;2.799
197.9777264;2.1464;1.0117;-0.1692;2.374
197.9843392;-0.692;-0.1193;-1.8539;1.977
197.9944314;-0.7741;-0.1556;1.6944;1.879
198.0043471;0.7214;-0.6576;2.8169;2.987
198.0143182;0.5353;0.145;0.8019;0.979
198.0241111;0.057;0.2332;-0.0211;0.241
198.0343309;-0.2807;-0.5108;1.2442;1.382
198.0456229;0.3445;0.1655;1.0198;1.095
198.0788079;0.8499;0.0636;-0.9255;1.248
198.0799411;-0.386;0.4075;0.738;0.937
198.080763;-0.5393;-1.1425;3.3186;3.559
198.0844503;0.7294;0.3817;1.8662;2.045
198.0947836;-0.4798;-0.1059;-1.5138;1.585
198.1041306;-0.3564;0.2334;1.0159;1.112
198.1144999;2.0473;-0.7137;3.1703;3.844
198.1245223;1.4462;0.4024;1.0184;1.814
198.1344438;-0.1863;0.0128;-2.9126;2.911
198.1452268;-1.3603;0.2948;-0.1239;1.403
198.1771507;0.6858;-1.0052;3.8865;4.079
198.178824;1.5953;0.4051;1.8391;2.471
198.1794707;-0.4065;0.0654;-0.9823;1.06
198.1843655;-0.7341;-0.4878;1.7433;1.963
198.1947879;1.8884;-0.4801;3.1391;3.698
198.2043407;0.0031;0.0459;-1.1522;1.145
198.2145291;0.4383;0.8272;-2.421;2.588
198.224334;1.7296;-0.0437;1.3313;2.183
198.2343172;-0.0839;-0.5034;2.9915;3.043
198.2458729;-3.1608;-0.7195;0.2587;3.258
198.2803488;0.7782;0.4902;1.7631;1.994
198.282125;2.9752;-0.381;3.4642;4.585
198.28393;-0.972;0.0007;-0.5849;1.135
198.2874236;-0.8163;-0.3196;-2.9153;3.038
198.2947668;2.4141;0.4762;2.9279;3.827
198.3064988;1.6012;-0.6176;3.2454;3.676
198.3144616;-2.7421;0.0238;-0.5615;2.803
198.3242447;-1.5749;-0.0939;-0.968;1.852
198.3345509;1.7039;-0.6137;1.7365;2.51
198.3465269;0.043;-0.0729;-1.0378;1.033
198.3866949;0.0496;0.7123;-0.5232;0.881
198.3881575;-0.0566;-0.418;2.35;2.396
198.3893042;-0.3025;0.3759;-0.9224;1.036
198.3944474;0.0221;0.2856;0.2157;0.365
198.4059425;0.8481;-0.6507;2.5347;2.756
198.414329;0.7445;0.1625;1.0534;1.304
198.4243322;0.3886;0.2215;-2.534;2.564
198.4347227;0.3621;0.3729;-0.5225;0.729
198.4470896;0.5195;-0.6072;3.6643;3.757
198.4924424;0.2067;-0.363;2.1694;2.217
198.4942297;-0.1539;-0.0469;0.1487;0.229
198.4954522;0.0934;-0.4758;2.517;2.571
198.4967573;1.045;-0.1603;1.5094;1.846
198.5076279;0.3734;0.7052;0.0327;0.798
198.5143561;-0.9544;-0.6247;-0.7042;1.34
198.524507;-0.4838;0.1266;1.4832;1.575
198.5344973;0.626;-0.1102;1.8685;1.98
198.5479525;0.452;-0.0406;1.3275;1.409
198.5841634;0.5204;-0.1057;1.3761;1.481
198.5869735;0.5205;-0.2029;1.734;1.828
198.5878956;0.5899;0.2521;0.1673;0.66
198.5902522;0.1548;-0.0398;-0.6994;0.708
198.5957242;0.1421;0.3159;0.4898;0.606
198.6072749;0.2316;-0.7839;3.6937;3.79
198.6145125;-0.693;-0.0837;1.9742;2.104
198.6243371;-0.9284;-0.2321;-0.4144;1.045
198.6350125;0.612;0.2503;1.5188;1.662
198.6443508;1.2016;-0.3619;1.8968;2.278
198.6626159;1.0284;0.0822;0.5205;1.154
198.6643835;1.2647;0.2099;-1.0214;1.63
198.6990398;-0.3141;0.1621;1.0986;1.164
198.70078;-1.2662;-1.0462;2.5869;3.073
198.7024517;1.2675;0.0905;1.9362;2.32
198.7106087;1.3052;0.5152;-0.367;1.444
198.7143444;0.0084;-0.2237;1.1318;1.161
198.7249632;0.9526;-0.4246;1.7798;2.067
198.7344094;0.0398;0.1303;0.6642;0.686
198.7460455;-0.0735;-0.0236;0.6881;0.701
198.782309;0.8196;-0.2415;1.6833;1.892
198.7839144;0.2783;0.1435;1.2326;1.279
198.7856891;-0.2333;-0.3693;0.1872;0.48
198.7866994;0.1411;0.1913;1.1573;1.189
198.7944281;0.9863;-0.1856;0.4149;1.083
198.8056774;0.6588;0.1652;0.1479;0.692
198.8148584;-0.0082;0.039;-0.4441;0.438
198.8245674;-0.3755;-0.2254;1.7235;1.787
198.8348257;0.781;-0.3594;2.3806;2.537
198.844145;0.2147;0.198;0.9664;1.017
198.8599167;-0.4816;-0.1154;-0.1165;0.512
198.8644886;0.3776;-0.1116;1.8678;1.916
198.9013196;0.267;-0.1961;1.3707;1.417
198.9058311;-0.2394;0.0253;-0.0428;0.249
198.9069815;-0.1573;0.1579;0.1966;0.307
198.9080882;0.1589;-0.3655;1.4591;1.519
198.9145476;0.0045;-0.0324;1.352;1.361
198.9247107;0.1808;-0.0153;-0.0653;0.184
198.9347412;0.9672;0.3007;1.3033;1.654
198.9443196;0.1896;-0.4867;1.2262;1.339
198.9604879;-0.1317;-0.0111;0.6923;0.714
198.9645081;0.7951;-0.0194;1.1766;1.424
199.0057313;0.4233;-0.1063;1.6511;1.714
199.0073635;-0.4667;-0.2402;0.0113;0.53
199.0083015;-0.0121;0.3798;0.13;0.406
199.0093654;0.1418;-0.0005;1.2509;1.266
199.0144904;0.2455;-0.562;2.0952;2.19
199.0247092;0.6203;0.0722;1.4003;1.538
199.0342933;0.283;-0.1035;0.3925;0.498
199.0446558;-0.0005;-0.0632;0.9609;0.971
199.0605571;1.144;-0.1334;0.3227;1.192
199.0650899;0.8648;0.2921;0.4564;1.02
199.1194514;0.368;-0.2511;0.226;0.498
199.1210224;0.3638;0.0589;1.0255;1.096
199.1218225;-0.1208;-0.0254;0.8141;0.832
199.1225334;1.2805;0.3012;0.8937;1.591
199.1234101;0.7012;-0.2807;1.5067;1.69
199.1253429;0.4678;-0.218;1.1677;1.282
199.1367843;0.4884;0.2574;0.6376;0.847
199.1444412;-1.0263;-0.1693;1.1193;1.538
199.1554626;-0.1429;-0.5516;1.4222;1.54
199.164175;1.1562;0.2389;1.6654;2.045
199.1757794;-0.1708;-0.0446;1.084;1.107
199.213512;-0.6222;-0.372;1.3904;1.577
199.2150817;-0.1261;-0.017;0.8452;0.864
199.2160316;0.5716;0.0215;1.0453;1.196
199.2167862;0.9988;-0.0578;1.458;1.772
199.2248874;0.4324;-0.129;0.778;0.904
199.2346389;-0.2144;-0.0075;0.6781;0.721
199.2444629;0.4849;-0.1557;0.3751;0.633
199.2618449;0.6687;0.3947;0.9039;1.195
199.2645301;-0.2187;-0.2101;0.3313;0.457
199.3033716;0.2204;-0.1948;1.5847;1.619
199.3051615;0.7371;-0.0343;1.7329;1.889
199.3059929;-0.2885;0.0518;0.3144;0.44
199.3067185;-0.0942;-0.136;-0.0615;0.176
199.3144907;1.179;-0.1362;1.4451;1.873
199.3255164;1.1578;0.2255;1.4738;1.891
199.3359116;-0.6855;-0.1774;-0.2901;0.767
199.34466;-1.1012;0.053;0.7534;1.345
199.3545835;0.4423;-0.6417;2.6129;2.733
199.3643412;0.9219;0.0396;1.9569;2.169
199.3792649;0.5492;-0.0228;-0.0757;0.548
199.3847959;-0.4158;0.2446;0.0831;0.497
199.4200474;-0.2149;-0.5623;1.107;1.268
199.4215799;1.9972;0.3395;1.5118;2.528
199.4224007;0.6098;0.1641;0.03;0.627
199.4244587;-1.638;-0.2212;0.7616;1.828
199.4364045;-0.0757;-0.4807;2.3794;2.437
199.4447987;1.7535;0.1302;1.2599;2.163
199.4551386;0.6411;0.1937;-0.3064;0.728
199.4648287;0.0537;-0.0728;-0.3226;0.326
199.4795099;0.1535;-0.0053;2.1441;2.157
199.5224041;0.2827;-0.5504;2.2341;2.325
199.5243695;0.5005;-0.0198;1.6007;1.683
199.5256533;-0.6694;0.1588;0.2672;0.747
199.5268882;-0.8815;-0.4444;-0.2747;1.027
199.528162;1.0218;0.1928;1.2389;1.62
199.5368974;1.1421;0.0028;1.6194;1.985
199.5448193;-0.5042;-0.3761;1.383;1.528
199.5547676;-0.476;0.042;0.6972;0.855
199.5641901;0.0783;-0.1351;0.9202;0.941
199.5794074;1.1012;-0.0486;0.9449;1.453
199.6189625;1.4743;0.2419;0.4376;1.554
199.6203642;0.3122;-0.0774;0.7393;0.811
199.6215262;0.0771;-0.1578;1.1703;1.191
199.6224828;-0.5753;-0.1499;1.9914;2.088
199.6243214;-0.4676;-0.1584;0.479;0.697
199.6348039;0.6874;-0.1529;0.7964;1.065
199.6444084;0.9489;0.2049;1.8238;2.071
199.658251;0.0369;-0.3518;0.9636;1.033
199.6647682;-0.5156;0.182;0.7144;0.91
199.6955209;-0.4592;-0.2183;0.943;1.081
199.6970052;0.6251;-0.1681;1.9385;2.05
199.6981802;1.3123;0.0943;0.6594;1.47
199.7065923;0.0862;0.2077;0.4029;0.468
199.7142718;-0.4452;-0.1737;0.5767;0.759
199.7243211;0.8282;-0.388;1.696;1.931
199.7372979;1.3317;0.3981;0.8245;1.616
199.7442918;-0.0213;-0.1864;-0.2363;0.295
199.7545575;-0.2242;0.0177;0.7456;0.788
199.7642649;0.559;-0.2961;1.8367;1.948
199.7784727;0.6546;0.0045;1.5479;1.686
199.784514;0.1975;0.1163;0.2194;0.32
199.8142727;-0.7363;-0.218;0.7854;1.108
199.815776;0.0408;-0.1638;1.4911;1.508
199.8167932;0.7716;-0.2263;1.4788;1.688
199.8263793;-0.0321;-0.3696;-0.2956;0.468
199.8384891;-0.0321;-0.3696;0.4659;0.601
199.8443864;0.2194;-0.0656;0.7405;0.781
199.8542949;0.5775;-0.2928;1.5844;1.717
199.8642926;0.8777;0.232;1.2001;1.508
199.8765256;-0.7582;-0.1081;0.2428;0.811
199.9159488;-0.6858;-0.2883;1.5779;1.754
199.9181502;1.3384;-0.1899;1.1969;1.806
199.91901;0.9607;0.3465;0.8691;1.343
199.9197088;-1.0285;-0.2675;0.2036;1.089
199.9243556;-0.6133;-0.3575;1.8091;1.953
199.9380802;0.5565;0.0159;2.1679;2.245
199.9445092;-0.0436;-0.0607;0.1469;0.173
199.9545474;0.2498;0.1068;1.0233;1.066
199.9647505;0.6084;-0.4531;0.7154;1.044
199.975059;1.1404;0.1038;1.1892;1.653
200.0099721;0.7942;0.3483;-0.3862;0.942
200.011333;-0.3298;-0.0654;0.0461;0.346
200.0120944;0.2758;-0.372;2.1178;2.175
200.0145808;1.147;-0.0608;1.6565;2.019
200.0244486;0.2427;0.195;-0.02;0.308
200.0359392;-0.6141;-0.0465;-0.0227;0.622
200.0441444;0.2522;-0.5568;2.6111;2.689
200.0543277;1.2954;0.2918;1.1025;1.727
200.0648419;-0.0945;0.2526;-0.5436;0.601
200.0787836;-1.0388;0.0614;0.4561;1.145
200.1337034;-0.0715;-1.0648;3.4577;3.626
200.1361988;0.6591;0.1677;1.9311;2.053
200.1380067;0.2471;0.0324;-0.695;0.729
200.1389419;-0.3733;0.3247;1.1653;1.276
200.1398559;0.0233;-0.6968;1.7073;1.851
200.1410663;1.1195;-0.0617;1.7383;2.072
200.1445503;1.0833;0.3369;0.8546;1.421
200.154556;-0.6744;-0.2742;0.0036;0.733
200.1642673;-0.9494;-0.0396;0.5974;1.132
200.177509;1.0145;0.1443;0.8359;1.323
200.2217344;1.6223;-0.1516;1.8226;2.447
200.2231527;0.0075;0.0056;1.0236;1.032
200.2252351;-0.0169;-0.2503;0.0737;0.263
200.2260895;0.1535;0.1323;1.4303;1.452
200.2272022;0.4251;-0.2056;1.1997;1.295
200.2376093;1.1294;-0.0194;0.822;1.397
200.2448503;0.3676;0.2834;0.5431;0.718
200.2547511;-1.0696;-0.5417;0.2419;1.229
200.2647704;-0.0629;0.1004;1.5855;1.598
200.2778429;1.0434;0.0579;0.3635;1.104
200.3242763;-0.0801;0.044;0.6101;0.626
200.3259082;-0.0596;-0.2653;1.8364;1.865
200.3268025;0.8988;-0.2945;1.6467;1.903
200.3275335;0.1324;0.0208;1.1068;1.122
200.3282635;0.0292;-0.0665;0.2641;0.281
200.3358405;0.5327;0.0184;0.9202;1.068
200.3442021;0.2127;-0.0474;1.7135;1.735
200.3542884;-0.4936;-0.3536;0.9226;1.114
200.3644267;-0.2913;-0.1013;1.6883;1.725
200.3783961;-0.4569;-0.082;1.511;1.59
200.4226883;0.0864;-0.4394;0.5982;0.752
200.4243096;1.2262;0.4004;0.452;1.365
200.4255399;0.9144;0.0866;-0.3631;0.979
200.4263657;0.6031;-0.1704;0.9408;1.134
200.4272719;0.4813;-0.0646;2.0429;2.106
200.4371589;-0.1539;-0.2244;0.8441;0.895
200.4447637;0.0468;0.184;0.65;0.685
200.4545551;0.2492;-0.304;0.5849;0.709
200.4642686;0.2069;0.0216;1.2384;1.263
200.4779465;0.7267;-0.1285;0.9377;1.196
200.5204125;0.2493;-0.0375;1.2205;1.253
200.5219445;-0.7823;-0.1408;0.3732;0.887
200.5228994;0.0232;-0.1371;0.7569;0.777
200.523738;1.0362;0.1255;1.3275;1.692
200.5249551;0.6172;-0.1378;0.6113;0.881
200.5368233;0.0783;0.2464;0.8622;0.908
200.5448612;-0.3718;-0.3167;1.3028;1.4
200.5545342;-0.104;-0.364;2.3767;2.415
200.5661057;0.4713;0.0231;1.1207;1.221
200.5777115;-0.1317;-0.0577;1.2814;1.298
200.6158702;0.1807;-0.4514;1.5861;1.666
200.6177074;0.4148;0.0734;1.9301;1.982
200.6185917;0.1047;-0.0717;0.2973;0.329
200.6194462;-0.3277;-0.2228;0.9106;1.002
200.624185;0.8311;0.0922;1.2011;1.467
200.6365252;1.6289;0.077;0.4046;1.676
200.6444906;0.3672;0.2665;-0.0814;0.456
200.6543812;0.5518;-0.3263;-0.5076;0.808
200.6643049;1.1849;0.2895;1.8819;2.247
200.6762775;-0.0529;-0.1738;0.6739;0.706
200.7128714;-0.0493;-0.0949;0.5626;0.581
200.7149524;0.4898;0.2317;2.2111;2.283
200.7159057;-0.2016;-0.7558;1.2913;1.517
200.7168024;-0.0304;0.0107;1.5286;1.537
200.7250267;-0.0197;0.2155;0.1051;0.246
200.7360681;-0.5044;-0.3309;0.6609;0.904
200.7445144;0.2911;-0.0215;2.1635;2.19
200.7548777;0.4194;-0.052;0.7728;0.885
200.7730768;-0.81;-0.1121;1.0046;1.305
200.7752341;-0.0079;-0.237;2.0796;2.101
200.8095907;1.1783;-0.1384;0.886;1.481
200.8110113;0.7069;0.2974;0.3409;0.838
200.811872;0.6469;-0.0038;-0.0341;0.641
200.8198613;0.9561;-0.0322;1.3668;1.672
200.8250509;-0.2731;-0.0689;1.2079;1.25
200.8347333;-0.5659;-0.3363;1.0054;1.211
200.8442944;0.2326;-0.0942;2.6629;2.682
200.8581819;0.2902;-0.2983;1.2778;1.35
200.8943493;0.002;0.054;0.0373;0.072
200.8960924;0.8636;0.3492;-1.4995;1.756
200.8991237;0.9165;-0.1477;-0.4462;1.021
200.9003593;0.6254;-0.0452;2.1914;2.286
200.906028;-0.1721;-0.12;0.8574;0.892
200.9171048;-0.4165;0.0547;0.4583;0.632
200.9242467;-0.1088;-0.2941;2.4945;2.522
200.9344327;1.0218;-0.4738;1.9137;2.225
200.944387;0.8148;0.3216;0.374;0.951
200.9567837;-0.0867;0.0911;-0.361;0.376
200.9929472;0.8254;-0.1372;1.958;2.135
200.9947102;-0.3441;-0.0895;1.7691;1.814
200.9955086;-1.8582;-0.7122;0.1954;2.005
200.9965328;0.4978;0.1945;2.3034;2.371
201.0048656;1.0741;-0.0114;1.7239;2.035
201.0189925;0.0407;-0.3986;0.1179;0.418
201.0249248;0.7878;0.6628;-0.1603;1.037
201.0344895;1.173;-0.3651;0.544;1.341
201.044449;1.0148;-0.0523;1.9243;2.181
201.0567644;0.2497;0.1472;0.5243;0.604
201.099634;-0.6321;-0.0972;0.5898;0.88
201.1012665;-0.9656;-0.3081;2.5402;2.745
201.1022072;1.1189;-0.601;1.0556;1.652
201.1030612;2.0125;0.9063;0.2073;2.213
201.10502;-1.5236;-0.102;-1.6067;2.215
201.1167998;-1.0793;-0.5675;1.2383;1.747
201.1251035;2.1672;-0.4283;3.4219;4.077
201.1356817;0.8366;0.5773;-0.1067;1.017
201.1444114;-1.4219;0.0881;-2.1502;2.576
201.1547248;-0.6393;-0.103;1.6254;1.759
201.1761457;2.2978;-0.8554;3.3838;4.182
201.1781068;0.8156;0.5005;0.6933;1.183
201.2209523;0.1533;0.2471;-2.3162;2.326
201.2230737;-0.8882;-0.2003;1.3597;1.646
201.2255307;0.2438;-0.8;3.3711;3.481
201.2271533;0.999;0.2726;0.3508;1.091
201.2282859;1.1253;0.7357;-0.9724;1.651
201.23632;-0.3403;-0.6128;-0.4686;0.84
201.2443889;-0.4702;-0.1102;2.1686;2.231
201.2546922;-0.5304;0.147;1.0573;1.202
201.2733859;0.0204;-0.4398;1.8247;1.885
201.2757504;1.2778;-0.2915;3.3246;3.579
201.3186275;0.0655;0.2987;0.1923;0.366
201.3200562;-1.4005;-0.3277;-2.0383;2.491
201.3214179;0.6345;0.2626;0.2878;0.743
201.3222814;3.4689;-0.0266;2.8035;4.461
201.3248181;-0.7988;0.0112;-0.9855;1.266
201.3348129;0.4186;-0.0778;2.7864;2.826
201.3444219;1.4754;-0.0337;2.4056;2.826
201.3568344;0.4065;-0.0961;-0.8204;0.911
201.4024331;0.8523;0.4036;-0.0909;0.942
201.4040926;1.2367;-0.3557;2.2064;2.558
201.4055515;1.18;-0.615;2.6949;3.01
201.4065534;-0.5764;0.7727;0.5727;1.13
201.4074557;-1.8117;-0.6453;-0.8251;2.094
201.4169666;0.4782;0.1836;1.8138;1.891
201.4248132;2.549;-0.1421;2.4966;3.572
201.4350275;0.6693;0.1165;0.8096;1.06
201.4443135;-1.4547;-0.4603;0.144;1.539
201.4558667;0.0282;-0.1699;0.8581;0.883
201.4943097;1.5939;0.7095;0.9958;2.009
201.4958325;0.8581;-0.2114;-0.0467;0.878
201.4984287;1.0652;-0.2395;2.1481;2.414
201.5064486;-0.6433;0.0321;0.2549;0.701
201.5184902;-1.6061;-0.2283;1.3579;2.125
201.5245025;0.5411;-0.1826;1.2305;1.361
201.5342642;1.894;-0.0236;1.5154;2.426
201.5442073;-0.052;0.0385;0.9469;0.958
201.5583843;-0.8032;-0.4016;0.4127;0.996
201.5946978;-0.4604;-0.0442;0.934;1.052
201.5961145;1.3995;-0.1835;0.7068;1.577
201.6002974;0.6121;0.0721;0.153;0.632
201.6059999;0.6415;-0.0086;0.1272;0.65
201.6181786;0.2702;0.135;1.3875;1.427
201.6244679;-0.2554;-0.215;1.1557;1.212
201.6343215;0.5635;-0.2609;1.415;1.55
201.6444388;0.5828;0.3718;1.4973;1.655
201.6559575;-0.0652;-0.5303;0.1245;0.55
201.6929606;-0.4049;0.2125;-0.0497;0.465
201.6945276;0.1632;0.108;0.524;0.566
201.6953477;0.642;-0.4871;2.7233;2.846
201.6997081;-0.4027;-0.1362;1.5652;1.631
201.7043539;-0.4774;-0.0429;-0.3019;0.567
201.7162212;-0.1074;0.1636;1.2999;1.323
201.7242719;0.9413;-0.4797;1.9781;2.247
201.7341732;1.6508;0.3042;0.6651;1.803
201.7444255;0.6445;0.1013;-0.6427;0.906
201.7552372;-0.3663;-0.0691;0.508;0.64
201.7947885;0.3914;-0.4448;3.1537;3.216
201.7978876;0.5785;0.0366;1.3753;1.498
201.798831;-0.0079;0.1384;-0.9796;0.981
201.8012502;0.1909;0.2564;0.5937;0.681
201.8043377;1.3189;-0.7577;2.9345;3.31
201.8152307;1.0009;0.1211;1.6821;1.965
201.8244412;0.1737;0.284;-1.9174;1.938
201.8346515;-0.3194;0.2597;-0.8073;0.901
201.8442392;1.1901;-0.6685;3.1848;3.47
201.8562399;1.1016;-0.1557;1.8506;2.163
201.8910491;0.0467;0.1344;-0.4733;0.486
201.8923892;-0.6199;0.2719;0.0027;0.683
201.8946362;0.4586;0.4327;0.3989;0.748
201.9044578;0.522;-0.0597;-2.276;2.326
201.9148959;0.4726;0.2301;2.4511;2.514
201.924477;0.0208;-1.298;3.0386;3.311
201.9343949;-0.279;0.7258;0.162;0.8
201.9450129;0.3369;0.4121;-1.3267;1.421
201.9569444;-0.0194;-0.5502;1.3662;1.48
201.9957143;1.0225;-0.3457;2.2046;2.459
201.9978867;0.7861;0.4777;-0.894;1.274
201.9986496;-0.785;0.415;-0.1057;0.899
202.0003619;-0.2546;-1.0748;2.9008;3.112
202.0043955;0.7968;0.0216;2.1776;2.325
202.0172747;0.0279;0.3368;-1.0525;1.098
202.0242326;0.3076;0.0197;-0.1933;0.354
202.0344598;0.6992;-0.4002;3.1024;3.212
202.0447368;0.1546;0.025;0.6917;0.716
202.0560284;-0.2516;-0.03;0.2924;0.397
202.0912854;-0.071;-0.7975;2.4934;2.626
202.0928781;0.5127;0.0903;1.6067;1.695
202.0940583;1.3334;0.1716;-0.5358;1.439
202.0955234;0.306;0.2966;0.6298;0.765
202.1048647;0.1936;-0.5929;0.4937;0.798
202.1150745;1.0662;0.3189;0.8598;1.407
202.1244287;0.9714;0.2974;0.34;1.069
202.1342134;-0.8101;-0.1114;0.8188;1.167
202.1449095;-1.0012;-0.5255;2.3875;2.651
202.157337;1.2443;-0.2163;2.2452;2.58
202.1949717;0.5257;-0.0073;0.8786;1.028
202.1966435;-0.8284;0.0414;-0.375;0.912
202.1977548;-0.0335;0.0068;-0.1067;0.106
202.1987792;2.6749;-0.0476;1.8761;3.267
202.2043592;0.7391;-0.0398;1.1312;1.355
202.2163084;-1.8576;0.1362;0.3049;1.895
202.2242947;-0.1661;-0.5634;1.5399;1.656
202.2344772;1.9229;-0.27;3.1896;3.738
202.2448059;0.8457;0.4838;0.0136;0.97
202.2563859;0.1182;-0.4656;-1.8379;1.891
202.2993947;1.7393;0.4768;1.4564;2.319
202.3010418;1.3173;-0.2182;2.4209;2.769
202.302025;-0.9639;-0.3573;2.0412;2.295
202.3028673;-0.3453;-0.0645;0.9783;1.049
202.30492;-0.0045;-0.1936;1.3575;1.379
202.3144113;0.0154;0.1309;0.0913;0.166
202.3244339;0.6097;-0.4919;1.8543;2.018
202.3347094;1.2441;0.0674;2.5827;2.872
202.3448253;-0.5678;-0.1748;-0.5102;0.782
202.3550712;0.0227;0.3189;-0.5873;0.662
202.4002878;1.2433;0.0412;0.7561;1.455
202.4017286;0.2311;-0.5455;2.0978;2.187
202.4025888;1.2632;0.2956;0.396;1.354
202.4034148;0.4145;0.3097;0.5218;0.738
202.4055435;-0.9047;-0.8939;2.0784;2.445
202.4149236;1.1886;0.0766;1.905;2.251
202.4244432;0.273;0.2665;-0.9588;1.023
202.4346242;0.4832;0.0359;-0.8055;0.93
202.4449589;0.4195;-0.286;3.1114;3.16
202.4561351;-0.8047;-0.3265;1.5698;1.804
202.4999108;-0.3314;0.0217;-0.0811;0.346
202.5015514;0.4411;0.382;0.6701;0.892
202.5023742;0.9662;-0.3409;1.1597;1.55
202.5032427;1.2495;0.2496;-0.7738;1.482
202.5050262;0.6361;0.4709;-0.1984;0.81
202.5145873;-1.037;-0.6801;3.1387;3.384
202.524466;0.3272;-0.6161;2.6276;2.726
202.5354183;0.6508;0.8024;0.3605;1.095
202.5447934;-0.6743;-0.2686;-1.2514;1.442
202.5551072;0.8286;-0.2609;0.6255;1.07
202.6007577;2.2129;0.4923;0.5576;2.331
202.6020979;-0.023;0.0595;0.6866;0.698
202.6031646;-2.1236;-0.6704;0.8261;2.383
202.6042095;-0.2171;-0.1104;2.6483;2.668
202.605647;1.3422;-0.0641;2.2678;2.64
202.615356;0.7913;0.0319;-0.0283;0.786
202.6246769;-0.1309;0.0551;0.052;0.16
202.6345562;0.9679;-0.1744;1.0807;1.463
202.6457352;1.5109;0.0231;2.696;3.095
202.6544982;-1.1831;-0.1372;0.9106;1.509
202.6702081;-1.4065;-0.3743;0.4475;1.53
202.6746935;1.3393;0.1434;0.8499;1.592
202.7064623;2.1599;0.2067;1.0437;2.406
202.7078943;0.2073;-0.1115;0.1284;0.267
202.7089312;0.5316;-0.0999;0.5639;0.783
202.7175289;0.5927;0.1266;2.115;2.207
202.7249585;-0.0652;-0.4779;0.8844;1.014
202.7349394;0.9902;0.0665;1.3335;1.665
202.7466036;0.9138;0.2493;-0.1983;0.961
202.7544498;-0.182;-0.1935;0.4591;0.539
202.7703344;-0.403;-0.3364;2.3083;2.376
202.7750704;-0.47;-0.3679;2.4586;2.539
202.8131162;-0.1535;0.3369;0.9055;0.987
202.8151522;-0.2626;-0.444;-0.0019;0.518
202.8159451;0.3759;0.063;2.0869;2.129
202.816717;1.2824;0.3417;0.7011;1.5
202.82439;0.3166;-0.0138;-0.399;0.499
202.834264;0.0723;0.0952;-0.1311;0.17
202.8487763;0.1369;0.1413;0.6664;0.702
202.8544025;0.2274;-0.4153;2.271;2.327
202.8643291;0.7379;-0.0472;1.9775;2.117
202.8742412;-0.3536;-0.2839;1.0687;1.17
202.887417;-0.2085;0.0745;1.626;1.65
202.9248387;0.3018;-0.2095;0.0194;0.363
202.926301;0.5652;0.3717;0.2033;0.705
202.9272344;0.7593;-0.1533;0.2038;0.797
202.9281166;-0.2178;-0.0377;1.3775;1.404
202.9362051;-0.814;-0.4526;0.6663;1.154
202.9487544;0.8633;0.344;0.3907;1.007
202.9544659;0.7043;0.3928;-0.1784;0.82
202.9693551;-0.134;-0.3839;0.8711;0.969
202.974834;1.9784;-0.4848;3.0215;3.647
203.0057669;1.6599;0.2477;1.3286;2.141
203.0074367;-0.8608;0.2292;-0.5347;1.04
203.0083159;-1.5522;-0.1397;-0.5377;1.651
203.016474;0.4648;-0.466;3.3849;3.455
203.0241455;1.0356;-0.0778;1.474;1.806
203.0348017;-0.3349;0.1372;0.1586;0.404
203.0480815;-1.3746;-0.2847;1.3932;1.988
203.05436;-0.294;-0.7615;2.3166;2.464
203.0653833;1.3278;0.2976;0.3007;1.39
203.074464;1.7639;0.8863;-0.9389;2.178
203.0876186;0.1073;-0.6462;0.085;0.659
203.1249918;1.062;-0.0515;2.2422;2.486
203.1279642;0.3348;0.1341;0.9963;1.066
203.129085;0.0536;-0.1097;-0.4523;0.459
203.1312245;0.1983;0.3037;1.4077;1.461
203.1343593;1.4343;-0.5459;1.6414;2.249
203.1460547;0.6583;0.3216;1.1119;1.336
203.1544635;-1.2712;-0.2189;-0.4743;1.377
203.1647751;-0.8937;-0.1393;1.5928;1.842
203.174769;1.0934;-0.5857;2.6574;2.938
203.1877471;1.1027;0.6014;0.7309;1.453
203.2234816;-0.9863;-0.3572;-1.3532;1.709
203.2253109;-0.5317;0.181;0.2875;0.64
203.226259;1.4269;-0.4853;3.3153;3.647
203.2301599;1.1331;0.1021;1.0065;1.52
203.235957;-0.0975;0.0845;-0.7408;0.745
203.2479148;-0.6489;0.0652;0.2263;0.699
203.2543683;0.9572;-0.4843;2.3883;2.623
203.2688445;1.5671;0.2607;0.6786;1.726
203.2745521;0.3981;0.2444;-0.4964;0.673
203.3088049;-1.3762;-0.0381;1.1793;1.823
203.310506;-0.8278;-1.0284;2.7399;3.05
203.3113726;1.0062;0.1259;1.7041;1.987
203.314656;1.0727;0.4066;-0.16;1.152
203.3243956;-0.9136;-0.2488;0.2773;0.994
203.3346977;-0.1275;-0.342;0.7524;0.844
203.3455411;0.9602;0.2489;1.7641;2.028
203.3543431;0.291;-0.1859;0.566;0.667
203.3648106;0.4446;-0.0903;0.4702;0.655
203.3747864;0.4919;0.1737;-0.1961;0.55
203.3877987;0.3043;0.0188;0.114;0.323
203.4222796;1.079;0.0492;1.2521;1.656
203.4241365;1.1209;-0.1141;1.6501;2.001
203.425414;-0.0726;0.0453;0.5077;0.524
203.4279599;-0.2226;-0.0654;-0.1653;0.285
203.4351865;0.0634;-0.069;0.9968;1.009
203.446621;0.3263;-0.0357;0.4442;0.555
203.4543045;0.0591;-0.1347;1.2006;1.217
203.4646593;-0.0162;-0.1312;2.1261;2.138
203.4745659;-0.6475;-0.1714;0.9008;1.132
203.4869823;-0.804;-0.0914;-0.1785;0.833
203.5318995;0.4444;-0.0971;1.7726;1.837
203.5338525;1.4718;-0.2182;2.8222;3.195
203.5347644;0.2729;0.0376;0.498;0.574
203.5357689;-0.935;0.0752;-0.289;0.985
203.5367867;1.2554;-0.2274;2.0218;2.394
203.5454947;1.6089;0.3083;-0.721;1.781
203.55469;-0.4065;0.352;-0.6086;0.81
203.5693053;-0.2687;-0.7146;2.0351;2.182
203.5744844;1.3764;-0.1286;2.2467;2.642
203.6073862;0.3319;0.2863;-0.6249;0.755
203.6088345;0.3994;-0.034;0.1493;0.425
203.6097192;1.2532;-0.2253;3.1271;3.382
203.6186773;0.3695;-0.02;0.5282;0.648
203.6244665;-0.9679;0.1499;-1.2718;1.603
203.6343751;-0.0584;-0.028;-0.1098;0.123
203.6450655;1.2231;0.2678;1.9687;2.337
203.654493;-0.8681;-0.3076;1.4205;1.703
203.6649546;-1.4076;-0.393;2.4005;2.82
203.6749244;0.6633;-0.364;3.0882;3.186
203.6887257;-0.2366;-0.1466;1.692;1.724
203.728992;-1.5791;-0.2758;0.8978;1.846
203.730658;1.1611;-0.691;1.8212;2.271
203.731515;3.1263;1.0804;0.4673;3.337
203.7322159;-1.0458;-0.0432;-0.5581;1.188
203.7347205;-1.92;-1.0284;2.0183;2.978
203.744721;1.9382;0.1417;2.7873;3.401
203.7542316;0.7909;0.6447;-0.3737;1.08
203.7647909;-0.5292;-0.1405;-0.3092;0.63
203.7745581;2.2777;-0.7826;3.6202;4.352
203.7878623;2.9008;0.2972;1.0272;3.089
203.8278348;0.8424;0.4537;-2.3372;2.516
203.8296908;0.0247;0.2766;-1.6792;1.694
203.8307302;0.0941;-0.8288;3.4801;3.586
203.8316622;-1.1012;-0.6098;2.2391;2.578
203.8343375;0.1865;0.6122;-0.9191;1.113
203.8447907;-1.0162;0.4164;1.3053;1.716
203.8544424;-0.2465;-2.14;3.9913;4.542
203.8643911;0.7957;0.7554;2.0549;2.335
203.8744859;-0.5681;-0.2608;-2.048;2.135
203.885676;-0.7803;0.1485;1.283;1.519
203.9231013;0.0112;-1.3239;3.9402;4.164
203.9270527;-0.0235;0.0886;2.0158;2.026
203.9282272;0.465;0.3042;-0.6883;0.876
203.9308406;-0.5196;-0.4021;0.1882;0.689
203.9348629;1.5772;-0.1851;1.6458;2.289
203.9464413;3.7503;1.0655;-0.2835;3.903
203.9543057;0.7159;-0.0447;-1.329;1.5
203.9642572;0.0508;-0.2797;-0.393;0.477
203.9746038;1.3322;-0.0079;2.7871;3.094
203.9864471;-0.844;-0.1579;0.2252;0.895
204.0222136;-0.1073;-0.1043;-0.2372;0.275
204.0235201;1.3504;0.1394;1.6474;2.137
204.0259992;0.7806;-0.3447;2.2502;2.412
204.0269021;-0.875;-0.1377;-0.5198;1.028
204.0345665;-0.5632;0.4416;-1.4644;1.625
204.0447123;0.4192;0.031;0.8355;0.94
204.054786;1.0515;-0.5901;2.7843;3.039
204.0674247;0.3965;0.2763;0.6949;0.851
204.0747597;-0.7685;-0.1909;-1.075;1.332
204.1064646;-0.4273;0.0076;2.396;2.443
204.108334;0.9762;-0.5389;2.1531;2.429
204.1125364;-0.2413;0.363;0.3603;0.574
204.1187257;-0.3596;0.0893;-0.1641;0.408
204.1256733;-0.3103;-0.5898;2.1316;2.242
204.1346395;-0.2617;-0.1511;1.8517;1.885
204.1448728;-0.2819;-0.0629;-0.3083;0.42
204.1543479;0.0002;0.3112;1.1171;1.168
204.1647931;0.3589;-0.6486;1.8895;2.036
204.1747064;0.4281;0.0522;1.0548;1.145
204.1848805;1.1144;0.2652;-0.566;1.269
204.2225149;0.0743;0.0473;0.0975;0.135
204.2248587;0.0922;-0.2207;0.8906;0.929
204.2258817;1.3111;0.0376;1.537;2.023
204.226621;0.2229;0.2066;0.712;0.78
204.2346555;-0.3875;-0.3338;0.4347;0.679
204.2464371;0.5882;0.0374;0.8956;1.076
204.254254;0.8153;0.1335;0.0588;0.823
204.2643391;0.2437;-0.1524;0.5606;0.635
204.275691;0.6932;0.1717;0.7629;1.047
204.2880852;0.0291;-0.0903;0.8702;0.883
204.3309959;0.2176;-0.2263;1.224;1.27
204.3324088;0.6153;-0.0459;1.516;1.642
204.3334221;0.0129;0.1522;0.672;0.697
204.3351492;-0.2496;-0.5756;1.7266;1.845
204.3360922;0.7801;0.0613;1.9539;2.11
204.3444402;-0.2102;-0.0909;0.4719;0.534
204.3546576;-0.38;0.2077;0.9903;1.091
204.3690286;0.4438;-0.5284;1.517;1.672
204.3748135;0.675;-0.1505;2.4491;2.551
204.4083595;0.1935;-0.0194;0.7067;0.739
204.4098475;0.0784;0.0895;0.672;0.69
204.4105555;0.2165;-0.3237;1.3671;1.428
204.4144615;1.1779;-0.1837;1.4743;1.899
204.424402;1.9051;0.4567;0.406;1.997
204.4344945;-0.0657;-0.1693;-0.9139;0.924
204.4448494;0.4016;0.2708;1.1256;1.231
204.4544573;0.8851;-0.2194;1.9176;2.128
204.4682031;-0.8906;-0.0308;0.9309;1.299
204.4745363;-0.3418;-0.4186;0.2197;0.589
204.5097768;0.9772;-0.0644;2.8731;3.041
204.5116836;-0.2;-0.0921;1.7852;1.808
204.5124759;-1.0359;-0.3715;-1.2907;1.693
204.5147095;-0.0715;0.5568;0.6227;0.846
204.5254847;0.965;-0.7895;2.8157;3.085
204.5344339;0.1774;-0.3436;2.1949;2.236
204.5442535;-0.2062;0.5036;-0.3844;0.665
204.5545879;-0.2941;-0.0901;-0.6978;0.757
204.5675277;0.2366;-0.3302;2.064;2.111
204.6051654;2.1328;-0.1516;0.9841;2.352
204.607059;1.7837;0.557;-0.2829;1.884
204.6082491;-0.7875;0.0242;-0.4122;0.891
204.6099034;-1.1173;-0.8055;2.407;2.782
204.6170752;1.0013;-0.0407;2.3853;2.593
204.6292357;1.0548;0.1807;-0.3317;1.113
204.6346193;-0.151;0.1324;-0.1007;0.226
204.6445594;-0.2348;-0.2769;1.461;1.514
204.6543254;-0.0712;-0.2878;1.6905;1.724
204.664217;-0.4378;0.312;0.3542;0.653
204.6824444;-0.0296;-0.3031;1.0793;1.129
204.6850057;0.4335;-0.28;2.3395;2.403
204.7223635;0.6365;0.0944;-0.259;0.685
204.7253708;0.2285;0.1523;-1.1263;1.15
204.7277964;0.8699;0.1054;0.2146;0.899
204.729044;1.1524;-0.391;2.6383;2.91
204.7343854;-0.439;-0.0098;0.8919;1.004
204.7448708;-0.5669;0.0246;-0.0701;0.577
204.7545179;0.0892;-0.1851;2.4511;2.468
204.7648324;0.4892;-0.3606;1.2551;1.399
204.7825381;0.3227;0.2025;0.5697;0.69
204.7847895;-0.0188;0.0683;1.0107;1.022
204.8201685;-1.3631;-0.8035;2.909;3.321
204.8217039;-0.3103;-0.1703;2.3449;2.38
204.8224922;1.3531;0.1626;0.9326;1.651
204.8323451;-0.2375;-0.1063;0.7732;0.825
204.8343564;-0.3202;-0.3884;-0.5104;0.713
204.845111;2.4752;0.5073;0.667;2.61
204.8547229;1.645;0.3142;0.8412;1.873
204.8643474;-0.6904;-0.499;0.1714;0.874
204.8822715;-0.0693;0.0678;1.1428;1.156
204.8844372;1.7807;0.0749;0.9977;2.041
204.9197072;0.4562;-0.1169;0.6721;0.824
204.9213772;0.2119;-0.1699;-0.0528;0.27
204.9222852;1.3076;0.2944;0.9772;1.659
204.929791;-0.578;-0.0204;1.7464;1.849
204.9345951;-1.9416;-0.8979;0.9337;2.342
204.9447365;0.393;0.0524;2.4542;2.493
204.9543513;0.2575;0.0304;1.6153;1.643
204.9676079;-0.5192;-0.2303;0.6089;0.842
205.0053044;0.4479;0.1391;0.6024;0.767
205.0069957;-0.281;-0.1774;0.5256;0.631
205.0106729;0.46;-0.0191;2.13;2.186
205.011548;0.6241;-0.0457;1.5084;1.638
205.0142198;-0.5731;-0.2035;0.4972;0.795
205.0255497;1.3377;-0.1093;1.2458;1.832
205.0342887;1.3377;-0.0966;1.2458;1.832
205.0444996;0.8696;0.0246;-1.7756;1.967
205.0543857;0.1413;0.5547;-1.0467;1.186
205.0650441;-0.3862;-0.265;1.793;1.862
205.0835384;0.4951;-0.7053;2.7481;2.887
205.0851857;0.1917;0.2983;0.4585;0.585
205.120848;-0.4013;0.2448;-0.9278;1.035
205.1226752;-0.505;-0.4176;1.6661;1.799
205.1236907;0.4154;-0.4218;1.9245;2.02
205.1260078;0.397;0.1808;0.9175;1.021
205.1347212;-0.3899;0.037;0.7761;0.879
205.1448722;-0.8319;-0.6751;3.1095;3.298
205.1546641;-0.0584;-0.1706;2.1881;2.204
205.1644379;-0.0976;-0.0956;-1.0351;1.036
205.1838843;0.0329;0.4708;-0.2057;0.513
205.185454;0.9082;-0.3881;2.1135;2.338
205.2241662;1.2919;-0.4752;2.997;3.303
205.2256015;-0.1991;0.5094;0.3431;0.653
205.2265559;-0.9469;-0.5968;-0.5648;1.254
205.2273584;0.6832;0.0694;2.4006;2.503
205.2344306;1.8225;-0.2463;1.8389;2.602
205.2443675;0.9869;0.2835;0.4552;1.122
205.2546194;0.9092;0.0546;-0.4653;1.014
205.2674821;0.9429;-0.3062;0.894;1.336
205.3032174;0.098;0.2873;2.1397;2.169
205.3048696;-0.6951;-0.5844;0.1676;0.928
205.3057606;0.774;0.4388;1.9312;2.132
205.3066946;1.243;-0.3768;1.3313;1.862
205.3152492;0.7858;0.0148;0.8557;1.164
205.3279711;-0.6579;0.1882;-0.0092;0.691
205.3349749;-0.3985;-0.3706;0.0748;0.554
205.3448802;1.5036;0.1022;1.8363;2.378
205.3546283;1.0975;0.1578;0.9585;1.467
205.3671977;-0.7488;-0.1197;0.6525;1.01
205.4057071;-1.8339;-0.5959;2.0747;2.842
205.4106632;0.3127;-0.2774;1.3822;1.45
205.4117516;1.4729;-0.02;1.5774;2.16
205.4128622;1.0919;0.2949;0.7875;1.379
205.4145381;-0.948;-0.025;-1.0252;1.395
205.4263254;-1.3376;-0.1775;0.3119;1.392
205.4345867;1.7574;-0.0969;2.6075;3.149
205.4444123;0.401;-0.1782;1.9303;1.986
205.454693;-1.669;-0.155;-0.2455;1.699
205.4655425;-0.029;-0.0627;1.1934;1.204
205.501899;1.5368;-0.1336;2.1958;2.687
205.5035137;0.9569;0.0219;-1.0358;1.4
205.5043399;0.9484;0.5845;-1.7024;2.025
205.5054942;0.5871;0.2132;0.3224;0.702
205.5144828;-0.7346;-1.0881;3.069;3.346
205.5268942;-0.01;0.2127;1.221;1.248
205.5347152;0.1309;0.1885;-1.0826;1.098
205.5445672;-0.4123;-0.1879;0.757;0.892
205.5543263;0.8661;-0.3143;2.0393;2.243
205.5660522;0.9493;0.2731;-0.2651;1.015
205.6042574;-0.3153;0.1267;-0.0451;0.348
205.607423;-0.5679;-0.6099;1.8109;2.002
205.6083992;-0.1357;-0.1606;2.0572;2.076
205.6105866;-0.2739;0.1129;0.3401;0.461
205.6144974;1.0151;-0.0012;0.4972;1.129
205.6251544;0.6964;-0.0056;1.1075;1.312
205.6344217;0.0903;-0.1509;-1.3847;1.387
205.6449788;1.1054;0.6412;-0.6504;1.426
205.6544375;0.4009;-0.028;1.4884;1.548
205.6689547;-0.401;-0.8596;1.8137;2.055
205.709668;-0.1196;0.3261;1.0208;1.087
205.7112748;0.4779;-0.125;1.2882;1.385
205.712149;0.6243;-0.545;2.1745;2.333
205.7134135;0.1097;0.32;0.5348;0.64
205.7147804;-0.0478;-0.0514;-1.5543;1.548
205.7246815;0.6177;0.2016;1.6993;1.825
205.7343265;-0.9121;-0.6475;2.8804;3.099
205.7444139;-2.1233;-0.9281;1.825;2.959
205.7600101;0.8217;0.6292;2.8736;3.061
205.7644143;-0.0401;-0.7019;1.8799;2.014
205.7763062;-1.4646;-0.1421;0.5689;1.586
205.784456;3.193;0.4511;1.7659;3.676
205.7983424;0.3961;-0.4344;2.7498;2.819
205.8376668;-0.393;-0.1074;0.14;0.439
205.8389319;0.4956;-0.2917;1.4602;1.575
205.8398457;1.6434;0.3064;0.3795;1.711
205.8442071;1.4387;-0.034;-1.0924;1.797
205.8547464;1.1292;-0.2438;2.0746;2.379
205.864193;1.4645;-0.5645;3.2898;3.65
205.8809267;0.0007;0.7498;-0.0301;0.752
205.8843224;-1.7166;-0.679;-0.9372;2.071
205.9200216;1.251;-0.0176;2.0008;2.364
205.921509;2.8353;0.0517;1.7269;3.319
205.9251129;-0.5046;0.328;0.0617;0.612
205.9260817;-2.6528;-0.7729;0.5971;2.834
205.9344243;0.3522;-0.5303;3.7649;3.826
205.9444038;1.3778;0.3225;1.38;1.978
205.9551315;0.4843;0.1556;-2.0245;2.078
205.9639749;0.8699;-0.0035;-0.0825;0.867
205.9803746;1.4013;0.1196;1.6469;2.168
205.9842903;-0.1225;-0.5942;1.6445;1.76
206.017984;-0.7946;0.6226;0.5374;1.153
206.01924;-0.6319;-0.2825;0.7054;0.998
206.0200335;-0.2173;-0.4911;2.1843;2.258
206.0296615;0.6315;0.1994;0.5424;0.857
206.0346856;1.8319;0.2207;-1.4786;2.355
206.0449208;-0.0632;0.3433;-0.3685;0.503
206.0559859;-0.6661;-0.592;1.8995;2.107
206.064255;0.683;-0.0755;2.0054;2.126
206.074384;-0.3165;0.2935;-0.3851;0.577
206.0842979;-0.7878;-0.159;-0.4893;0.941
206.0963311;0.4826;-0.2923;2.5544;2.623
206.1347134;1.2063;-0.1318;1.3622;1.826
206.1362644;0.0843;0.188;-0.1882;0.273
206.1374116;-0.5606;0.2843;0.1662;0.658
206.1382813;-0.0398;-0.8251;2.239;2.394
206.1470964;0.4534;0.0421;1.3563;1.437
206.1550208;0.6524;0.2444;-1.2553;1.426
206.1641878;0.2424;0.2438;-0.3342;0.471
206.1790173;0.0188;-0.3316;1.3088;1.358
206.1842344;0.6298;-0.4054;1.9864;2.129
206.2164381;0.9471;0.3618;0.3736;1.079
206.217894;0.1131;0.0765;-0.5306;0.539
206.2187;-0.297;-0.2287;1.0271;1.102
206.2247154;1.2501;0.0177;2.1232;2.468
206.2342183;1.0409;-0.0441;-0.0246;1.036
206.2448092;-0.6372;0.3097;-0.2596;0.757
206.2561676;-0.4736;-0.2857;0.7738;0.96
206.2642087;0.5959;-0.4009;3.109;3.198
206.274983;0.1986;0.0873;1.03;1.06
206.2845154;0.1847;0.1176;-1.5337;1.541
206.2968824;0.1884;0.0595;0.9156;0.944
206.33596;1.1886;-0.4146;2.5329;2.833
206.3408545;0.1747;0.0534;1.2496;1.27
206.3420429;-0.4135;0.1576;-0.1361;0.467
206.3429604;0.9;-0.3359;2.1259;2.338
206.3445244;0.717;-0.2879;1.9781;2.129
206.3561894;-0.0821;0.1836;-0.5807;0.608
206.3641929;0.5449;0.1191;-0.4932;0.735
206.3743589;0.6517;-0.049;2.7913;2.873
206.38429;-0.0966;-0.7191;1.8035;1.951
206.3975019;-0.2939;0.1783;0.5384;0.649
206.4356862;0.317;0.2399;0.747;0.852
206.4373942;0.3207;-0.6682;1.9996;2.139
206.4382573;0.8703;0.1081;1.2908;1.564
206.4390524;0.3998;0.1234;-0.0504;0.415
206.4447431;-0.567;-0.4382;1.8408;1.984
206.4565656;0.8916;-0.0497;1.921;2.123
206.46481;0.0423;0.1209;-0.138;0.182
206.4748459;-0.3252;0.1969;0.1356;0.412
206.4842175;0.9494;-0.6506;1.7166;2.07
206.4978892;0.7119;0.2052;2.2734;2.397
206.5388089;-0.3491;-0.2345;-0.1104;0.437
206.5401544;0.9094;0.1065;0.7221;1.167
206.5413354;0.8056;0.0975;-0.5951;0.997
206.5420482;0.5521;0.3094;1.3475;1.494
206.5445578;1.0835;-0.4804;2.5444;2.812
206.5564405;-0.6336;-0.1466;1.261;1.429
206.5641816;-1.0577;0.0822;-0.2356;1.091
206.575309;0.8019;-0.1735;0.8361;1.173
206.584368;1.8231;-0.1757;2.1856;2.854
206.5959446;0.6077;0.1273;-0.5692;0.833
206.6346794;0.0537;0.4466;-1.2877;1.357
206.6360117;-0.1527;-0.138;1.5093;1.532
206.6374112;0.3972;-0.7814;2.7793;2.921
206.641806;0.22;0.3972;0.5403;0.711
206.6460547;0.3237;0.1477;-0.5361;0.634
206.6582983;0.499;-0.5284;2.9124;3.008
206.6644539;0.5665;-0.216;1.7155;1.825
206.6750003;-0.1753;0.0238;-0.8511;0.863
206.6849939;-0.386;0.457;0.6052;0.86
206.6970359;-0.1921;-0.9748;2.8633;3.038
206.7386321;0.0781;-0.1914;2.3408;2.358
206.7402438;0.8424;0.3663;-0.422;1.003
206.7412972;0.1998;0.1256;-1.7384;1.746
206.7424661;0.6786;-0.0468;-0.5863;0.888
206.7442725;2.6212;0.2977;0.3787;2.661
206.7554955;1.6977;0.3696;0.7575;1.894
206.7644276;-1.3334;-0.2871;-0.5281;1.465
206.7745482;-0.5701;-0.3981;1.4151;1.586
206.7843369;2.09;0.1882;1.9269;2.85
206.798729;0.0491;0.104;-0.4581;0.464
206.8382407;-1.632;-0.2637;0.5061;1.737
206.8397587;-0.0118;-0.4214;2.155;2.204
206.8408007;-2.2035;0.132;-0.7389;2.331
206.8445596;-1.3526;0.0264;-0.5229;1.453
206.8557828;1.288;-0.6751;3.531;3.824
206.8645132;1.4486;0.331;1.3098;1.982
206.8744658;-0.6111;-0.0129;-0.4566;0.763
206.8842536;-0.44;0.0247;1.9339;1.993
206.9010925;0.9264;-1.1154;3.5953;3.882
206.9401688;-0.048;0.6819;1.1614;1.356
206.9417479;-0.1633;-0.1832;-1.6995;1.709
206.9424948;0.9524;-0.1032;1.489;1.774
206.9433339;2.7085;0.0958;1.5389;3.116
206.9450826;0.3825;0.2323;-0.1969;0.482
206.9555732;-1.0812;-0.0118;0.4619;1.185
206.9644639;0.7531;-0.7933;3.4587;3.634
206.9745878;1.4475;0.2376;1.875;2.384
206.9844286;0.0487;-0.0388;-1.3278;1.321
206.995781;-0.2062;0.2072;-0.3283;0.437
207.0351183;2.4079;-0.7349;3.0756;3.977
207.0384336;1.9485;0.281;1.747;2.633
207.0404344;-1.3442;0.1094;-1.1518;1.773
207.041461;-0.9019;0.0012;0.9803;1.342
207.0445306;0.9903;-0.7835;3.7279;3.942
207.0553909;0.7986;0.2442;1.0266;1.327
207.0644097;0.4788;0.0081;-1.2323;1.312
207.0745929;0.3778;0.0996;2.3669;2.406
207.0848396;0.2609;-1.1419;2.6064;2.864
207.0970897;-0.5151;0.483;0.8199;1.092
207.1372551;0.6831;0.3982;-1.2617;1.48
207.1387036;-0.4242;-0.2838;2.1431;2.212
207.1396198;-0.1157;-0.9761;3.2525;3.405
207.1408925;1.0039;0.467;0.6753;1.297
207.1450847;-0.3425;-0.1851;-0.8703;0.948
207.1573512;-0.0359;0.0128;-0.3398;0.334
207.1647761;2.4468;0.3507;0.8451;2.61
207.1745766;1.6331;0.2135;-0.3452;1.675
207.1844201;-0.6354;-0.0011;-0.8917;1.092
207.196861;-0.0017;0.1019;1.0206;1.034
207.236909;0.7168;-0.3909;1.7527;1.939
207.238392;-0.0283;0.053;0.8369;0.848
207.2393519;0.2915;0.2529;-0.6096;0.713
207.2400849;0.4395;-0.1793;1.1551;1.254
207.2445617;0.2922;-0.3428;2.5209;2.568
207.2557166;-0.6159;-0.0865;0.0172;0.628
207.2644748;-0.2883;-0.0702;1.5047;1.543
207.2746919;0.0026;-0.4273;1.7166;1.777
207.2848865;0.0436;0.2377;1.0164;1.053
207.2982237;0.7649;-0.3185;0.4145;0.925
207.344483;0.4533;0.1351;1.6909;1.762
207.3460999;-0.5799;-0.2185;0.368;0.729
207.3469107;0.7843;0.0938;0.1642;0.803
207.3475967;1.7046;0.326;0.0881;1.733
207.3484224;-0.1877;-0.1224;0.0129;0.229
207.3574915;0.0348;-0.1601;1.4036;1.421
207.3642992;1.034;-0.2566;1.2233;1.624
207.3742602;0.5039;0.3287;0.7244;0.945
207.3851651;0.1929;-0.1559;-0.1866;0.301
207.3978287;0.9038;-0.1684;0.2777;0.957
207.4462097;0.6089;-0.0205;1.5326;1.655
207.44788;0.0305;-0.0959;0.6416;0.657
207.4489723;-0.0553;0.0949;1.274;1.287
207.4499241;-0.7037;-0.1777;1.0024;1.247
207.4511559;-0.7578;-0.3136;0.726;1.104
207.4575676;0.783;0.0905;1.5735;1.765
207.4647483;1.4121;-0.3001;1.4097;2.019
207.4746307;-0.2669;0.0092;1.0329;1.076
207.4845057;-0.0556;-0.1914;-0.4512;0.486
207.4970867;0.5863;0.4176;0.6695;0.986
207.5401251;0.3387;-0.488;1.8176;1.919
207.5417062;0.729;-0.177;1.7081;1.871
207.5424936;0.132;0.2116;1.0552;1.092
207.5431939;0.163;-0.4051;1.0914;1.182
207.5454455;0.3345;-0.1592;1.5823;1.632
207.5551223;0.2317;0.2288;0.1629;0.365
207.5644224;0.5575;-0.1309;0.9598;1.122
207.5744199;0.6891;-0.0513;2.743;2.835
207.5841532;-0.4435;-0.206;0.6205;0.799
207.5960413;-1.1528;-0.0589;1.0147;1.547
207.6348561;0.2736;-0.3308;2.0392;2.091
207.6369319;1.4877;-0.2477;2.2336;2.699
207.6378119;0.6723;0.4586;-0.0583;0.811
207.6387792;-0.3897;-0.3104;-0.8631;0.991
207.6441373;0.7049;0.2353;1.8729;2.021
207.6550178;2.1117;-0.4362;1.8104;2.816
207.6644414;0.7378;0.4697;-0.0159;0.87
207.6748377;-0.5491;0.0777;-1.5799;1.669
207.6841885;-0.2849;-0.1352;2.0662;2.099
207.6966984;1.3204;-0.5794;3.0164;3.348
207.7380318;1.0014;0.2984;-0.4735;1.139
207.7395633;-0.0696;0.5773;-0.9985;1.15
207.7403399;-0.5943;-0.7916;1.9464;2.192
207.7417215;0.885;-0.5294;3.0331;3.21
207.7445574;0.3329;0.6044;-0.1024;0.695
207.7552849;-0.751;0.0958;-0.8746;1.155
207.764143;-0.468;-0.5646;2.8878;2.988
207.7744372;0.489;-0.3156;1.8856;1.98
207.7883257;0.3115;0.1904;-0.4214;0.549
207.7947027;-0.0618;0.2867;-0.0075;0.296
207.8120288;-0.0149;-0.6693;2.879;2.963
207.814721;0.4742;-0.0967;1.5096;1.591
207.8581333;0.4245;0.1673;-0.1631;0.477
207.8598002;-0.112;0.1505;1.4843;1.505
207.860663;0.6988;-0.7649;1.0172;1.454
207.861774;1.0146;0.4889;0.8085;1.387
207.8644102;0.0904;0.0526;-0.6127;0.613
207.8745251;0.2317;-0.1342;1.1274;1.165
207.8924709;0.3017;-0.3779;2.3658;2.422
207.8947529;0.4623;0.0514;0.3119;0.56
207.9337343;0.4025;0.2621;0.3874;0.619
207.9361026;0.1783;-0.4393;0.8465;0.976
207.9372247;0.9019;-0.2529;1.9352;2.155
207.9381671;0.7214;0.2254;-0.0407;0.751
207.9443224;0.1542;0.2114;-0.4817;0.54
207.9544966;-0.5304;-0.1424;1.3489;1.466
207.9643409;0.2306;-0.7723;2.3797;2.519
207.9774497;0.6568;0.2985;1.7317;1.882
207.9849155;0.6193;-0.1747;-0.6693;0.918
208.0177279;0.2531;0.0793;1.0842;1.123
208.0191039;0.4912;-0.1263;0.8852;1.024
208.0200558;1.2943;0.1154;0.1058;1.299
208.0244217;-0.7734;-0.4179;1.2669;1.551
208.0344845;-0.0971;-0.4466;3.1117;3.153
208.0442849;0.4488;-0.0674;0.9575;1.064
208.0545654;0.4305;0.3101;0.0766;0.533
208.0648255;-0.1167;-0.0589;1.0798;1.096
208.0778769;0.7476;-0.5425;1.0563;1.406
208.1155407;0.9552;0.5091;0.8373;1.37
208.1175092;-1.0173;-0.2074;-0.1552;1.054
208.1197202;-0.84;-0.4095;2.2725;2.467
208.1207566;0.7296;-0.2472;2.4506;2.575
208.1275863;-0.0578;0.1901;0.1084;0.233
208.1345884;0.2509;-0.0061;0.2777;0.377
208.1449089;1.3262;-0.284;0.4895;1.439
208.155865;0.8824;0.3611;0.8381;1.271
208.1643011;-0.1328;-0.0435;-0.6189;0.628
208.1785845;-0.1196;-0.047;1.4766;1.491
208.1843025;0.2836;-0.6023;3.156;3.233
208.2192469;-0.0526;0.0804;0.4795;0.498
208.2208614;0.4528;0.2199;-0.2868;0.571
208.2229099;-0.029;-0.2692;-0.0437;0.272
208.2245372;1.0052;-0.2816;2.162;2.406
208.2346598;1.1013;0.4351;0.8753;1.473
208.2449505;-1.235;-0.2827;0.1104;1.278
208.2546043;-0.6678;-0.3985;2.514;2.641
208.2643083;1.3939;-0.0701;1.5766;2.108
208.2745494;0.4556;0.2079;-0.4482;0.663
208.2843846;-0.1516;-0.0258;-0.9106;0.916
208.2944197;1.506;-0.2461;2.532;2.96
208.3326643;1.1601;0.0042;2.2146;2.505
208.3359936;-0.5757;-0.0489;-0.5741;0.813
208.3383937;-0.7891;0.2102;0.5008;0.968
208.3394964;0.4189;-0.649;2.1048;2.248
208.3449331;1.422;0.0412;2.0442;2.494
208.3548539;0.6061;0.208;0.1145;0.647
208.3644198;-1.1055;0.0315;0.6875;1.312
208.3759487;-0.8565;-0.5516;1.6551;1.953
208.4140002;1.3582;-0.1524;1.0704;1.736
208.4158724;1.4641;0.6238;0.3791;1.633
208.4169632;-0.4066;-0.2446;-0.2024;0.517
208.4179823;-0.5204;-0.2863;2.0891;2.181
208.425629;0.9098;-0.2315;2.342;2.528
208.4381229;1.1045;0.3275;0.3113;1.19
208.4444636;-0.5052;0.0784;-0.5408;0.743
208.4550702;-0.4542;-0.4509;1.2525;1.415
208.4643369;1.5004;-0.3899;3.2466;3.603
208.4769165;0.514;0.4522;0.2069;0.714
208.5247183;-1.1795;-0.3054;-1.0281;1.593
208.5262515;-0.2422;-0.2108;2.0936;2.127
208.5270744;1.6982;-0.2387;2.0443;2.671
208.527863;0.7466;0.1887;-0.8286;1.121
208.5288769;0.5895;0.6723;-1.932;2.12
208.5360927;0.3993;-0.3728;1.3803;1.49
208.5442627;0.8602;-0.1521;1.1918;1.481
208.5546754;-0.1842;0.2435;-0.458;0.546
208.5644107;-0.9574;0.0805;2.2072;2.417
208.5763995;0.2866;-1.9023;3.8765;4.334
208.6280033;1.1082;1.2534;1.5873;2.31
208.629854;-0.9877;-0.7528;-0.4106;1.309
208.6308113;3.2685;0.2487;3.4792;4.782
208.6322532;0.4762;0.4411;0.9322;1.141
208.6386398;-3.8087;-0.4592;-1.2657;4.043
208.6546243;2.6453;-1.2439;3.7592;4.765
208.6643459;0.7605;0.9223;-0.8733;1.473
208.6771201;-0.0806;-0.1583;-2.4143;2.413
208.7230115;1.8093;0.0829;1.6788;2.471
208.7248182;3.7776;-0.5684;2.6271;4.636
208.7259617;0.1683;0.8272;0.6517;1.072
208.7268582;-3.3744;-0.3154;-2.8907;4.454
208.728276;0.0607;-0.3536;1.9345;1.975
208.734579;3.4218;-0.3957;3.6838;5.045
208.744237;-0.2834;0.0011;0.4336;0.528
208.7551057;-0.773;-0.071;1.4093;1.619
208.76413;-0.8744;-0.1212;2.5366;2.695
208.7743422;1.2993;0.6417;-0.2144;1.459
208.8105764;0.175;0.3799;-1.7378;1.779
208.8119138;-1.2057;-0.4184;2.7452;3.037
208.8130582;0.1821;-1.0195;3.1988;3.369
208.8145219;0.4158;0.7572;0.1633;0.879
208.824134;-0.4281;0.0033;-0.9542;1.041
208.8359453;0.7764;-0.6034;2.1289;2.35
208.8448148;1.6103;0.2361;2.5643;3.041
208.8547592;-0.2005;-0.1443;-0.5465;0.594
208.8642599;-0.2489;0.2664;-0.116;0.385
208.8742497;0.0743;-0.1303;1.4256;1.441
208.9091037;-0.195;-0.3666;1.8045;1.86
208.9104784;0.4824;0.0065;1.3522;1.441
208.9112425;0.699;-0.0062;0.6563;0.96
208.9142075;-0.4483;-0.0978;1.1689;1.265
208.9245315;0.1521;-0.088;0.2913;0.344
208.9348794;0.7807;0.1378;0.996;1.276
208.9441217;0.6495;0.075;0.934;1.144
208.9545521;0.4424;-0.2038;-0.1457;0.5
208.9647181;-0.471;0.3097;0.2927;0.644
208.9767964;-0.0362;-0.4539;0.7106;0.85
209.0143767;1.3202;0.0452;1.8034;2.239
209.0160439;0.5387;0.1524;0.1112;0.567
209.0170938;-0.1626;-0.1429;0.4106;0.473
209.0178374;1.351;-0.2263;2.2664;2.652
209.0265475;0.6639;0.2437;0.2397;0.745
209.0385458;-1.2465;-0.2351;-0.2581;1.298
209.0449177;0.3277;-0.0221;1.3654;1.411
209.0544721;1.1098;-0.4385;3.1146;3.341
209.0644382;-0.8332;0.0045;0.7409;1.125
209.0744637;-0.6776;-0.1198;-1.2943;1.461
209.0917994;0.7131;0.054;1.2107;1.41
209.0944474;1.3505;-0.1408;1.7961;2.254
209.1298674;0.5537;-0.0816;0.6225;0.839
209.1314357;0.1395;0.3997;0.5143;0.672
209.1332082;-0.8537;-0.8139;1.7494;2.119
209.1346085;0.5299;-0.1148;2.7749;2.834
209.1442625;1.0625;0.1616;-0.1827;1.083
209.1546082;-0.031;0.0518;0.1276;0.151
209.1642549;0.0084;-0.1645;1.4518;1.469
209.1744712;0.7275;-0.2285;1.2216;1.444
209.1916843;-0.262;0.3801;0.8052;0.938
209.1946747;-0.5937;-0.3859;0.367;0.805
209.2341938;0.5394;-0.2652;2.159;2.247
209.2364083;0.6434;0.1819;1.0726;1.268
209.2378167;0.5723;-0.0887;-0.0178;0.573
209.2389401;0.6608;0.1766;1.4314;1.592
209.244442;0.7052;-0.332;1.4738;1.672
209.2542648;0.5204;0.0479;0.6417;0.83
209.2642562;-0.6404;-0.0275;0.6592;0.93
209.2741951;-0.4336;-0.5349;1.6773;1.822
209.2908743;0.9164;0.0463;1.9708;2.179
209.2944247;0.5615;0.3042;0.1801;0.662
209.3280911;-1.0999;-0.2741;-0.1624;1.149
209.3298006;-0.075;-0.1086;1.6687;1.682
209.3306402;1.6955;-0.2422;2.2513;2.832
209.3401573;0.4003;0.1504;1.014;1.106
209.3447531;0.2739;-0.0178;-0.514;0.573
209.354218;0.1995;0.0751;1.0472;1.076
209.3642026;-0.049;-0.4294;1.6308;1.695
209.3746465;1.0822;-0.2063;1.2874;1.697
209.3915045;0.736;0.4027;1.7762;1.97
209.3948015;-1.1767;-0.4985;0.5993;1.419
209.4283018;-0.3382;-0.1019;0.8463;0.927
209.429959;0.9837;0.3479;0.2428;1.068
209.4307836;0.7373;-0.1566;0.4106;0.857
209.4398344;0.8353;-0.251;1.9981;2.185
209.4449362;0.0964;0.1266;0.8621;0.884
209.4545836;-1.067;-0.2201;0.3134;1.141
209.4648195;0.738;-0.0441;0.9156;1.179
209.4745112;2.1214;0.3117;0.9011;2.324
209.4901206;-0.1268;-0.1891;-0.0643;0.237
209.4947954;-0.0991;-0.0437;0.462;0.484
209.5288487;0.4435;-0.161;2.8953;2.941
209.5307234;-0.1986;-0.3387;-0.8744;0.952
209.5316989;0.5334;0.6567;1.0159;1.327
209.540633;0.3649;-0.3666;0.9901;1.122
209.5448779;0.0043;-0.2296;1.182;1.212
209.5545277;0.2086;0.2995;1.6496;1.697
209.5658042;-0.3171;-0.574;0.923;1.14
209.5743927;-0.2656;0.022;1.2943;1.331
209.5899409;0.7423;0.0247;0.0809;0.742
209.5946975;1.2927;0.2348;0.0891;1.312
209.628557;0.4473;0.0469;0.3957;0.6
209.6302151;0.3866;-0.2293;0.5854;0.741
209.6317828;-0.0115;0.1538;1.7207;1.736
209.6398822;-0.5965;-0.2928;0.6254;0.922
209.6442631;0.313;-0.0641;1.1114;1.163
209.6542984;1.1252;0.2176;1.1245;1.607
209.6656408;0.7301;-0.1344;0.1145;0.746
209.6742474;0.1791;0.0822;-0.2688;0.324
209.6897623;0.0751;0.218;-0.8189;0.843
209.6945069;-0.2833;-0.0288;0.9827;1.033
209.7265102;-0.8972;-0.5742;3.0501;3.24
209.7284444;0.5047;-0.2682;1.797;1.892
209.7295784;-0.0756;0.1581;0.8745;0.901
209.738221;-0.7291;-0.2646;1.4172;1.625
209.7445375;0.5962;-0.3549;0.9984;1.219
209.754392;1.3478;0.1884;0.7888;1.572
209.7656284;0.86;0.3349;-0.881;1.267
209.774264;-1.1157;0.3163;0.567;1.3
209.7916392;-2.3027;-1.2458;3.1231;4.085
209.794541;1.0756;-0.5062;2.2071;2.511
209.8297934;1.9118;1.1142;0.4867;2.263
209.832511;-0.8618;-0.3789;-0.5582;1.094
209.8336598;0.4598;-0.6815;0.0442;0.819
209.8360594;3.6435;0.7821;1.9064;4.185
209.8442647;1.4245;-0.1324;0.7149;1.598
209.8543255;-1.5427;0.1543;-0.1888;1.567
209.8647373;-2.2232;-0.5267;1.6014;2.799
209.874596;1.0881;-0.5663;2.7986;3.061
209.8931321;1.6612;0.6343;0.7575;1.931
209.8946296;0.0915;-0.2221;-0.0643;0.243
209.9292713;-0.2748;-0.535;1.6941;1.806
209.9321342;-0.435;0.0691;3.1173;3.157
209.9332691;-1.3086;-0.6485;0.4696;1.541
209.9354025;0.0018;0.3363;1.2074;1.262
209.9447969;0.9693;-0.2338;1.9717;2.214
209.9546283;0.5398;-0.5259;2.0605;2.2
209.966709;-0.1292;0.1749;1.6986;1.721
209.9741575;0.3538;-0.0226;-0.2456;0.422
209.9842328;0.1909;0.0081;0.2176;0.292
209.9946873;1.1606;0.0875;1.5803;1.966
210.0074602;2.1191;-0.3418;1.5424;2.643
210.0434993;0.5507;0.4837;0.4793;0.877
210.0454066;-0.305;-0.0479;-1.4991;1.524
210.046212;-0.0349;-0.2703;0.9728;1.018
210.0472382;1.4999;-0.1565;2.8095;3.193
210.054688;0.7942;0.0992;-0.0437;0.795
210.0659987;-0.5951;0.2882;-0.608;0.897
210.0745007;-0.6546;-0.4245;2.0359;2.189
210.0843382;0.3801;-0.6902;2.4206;2.552
210.0942715;0.3814;0.4845;0.2681;0.673
210.1079865;0.4266;0.2375;-1.6311;1.693
210.1453425;0.1788;-0.141;1.5083;1.533
210.1484778;0.6051;-0.5121;2.1515;2.299
210.1496841;0.2073;0.3116;-0.1881;0.413
210.1520369;-0.501;0.132;-0.1804;0.552
210.1564957;-0.3111;-0.5788;1.911;2.029
210.1686858;0.9368;-0.3513;2.0544;2.29
210.1741744;0.2125;0.5352;0.2502;0.631
210.1844133;-0.5337;-0.0961;-0.7589;0.929
210.194653;0.4669;-0.4321;2.548;2.633
210.2067004;0.5905;0.049;1.7455;1.849
210.2444291;-0.4852;-0.0627;-0.9417;1.057
210.2461247;-0.1683;0.4412;0.3093;0.572
210.2487678;0.2136;-0.4511;1.9203;1.991
210.2498137;0.5046;-0.3353;1.2205;1.367
210.2558654;1.1543;0.5013;-0.513;1.351
210.2686856;0.0136;-0.305;2.3868;2.414
210.274815;1.3267;0.0147;1.3887;1.923
210.2843435;0.7658;0.1909;-1.3783;1.578
210.294268;-0.4847;0.2464;-0.6678;0.859
210.30703;0.1688;-0.0994;1.2156;1.239
210.3424947;0.6199;-0.4269;1.9919;2.135
210.3441368;-0.3919;0.2603;0.7992;0.937
210.3452862;0.0751;-0.0509;-0.6068;0.605
210.346036;0.2117;-0.2017;1.2777;1.318
210.3550773;-0.1863;-0.2326;1.7876;1.821
210.3667765;0.8462;0.102;0.3936;0.937
210.3743477;0.7735;0.1115;1.3068;1.527
210.3849655;-1.0398;-0.383;1.5452;1.911
210.3945403;-0.7348;-0.4159;0.4829;0.981
210.4069688;0.2061;0.2933;1.5537;1.602
210.4474117;-0.0778;-0.1253;1.8382;1.853
210.4491763;0.011;-0.4933;1.0118;1.132
210.4512794;0.333;0.0635;1.3314;1.381
210.452165;-0.2723;-0.0073;1.0354;1.08
210.4543477;0.0496;-0.4929;0.9976;1.12
210.4663567;1.0092;0.1907;2.4544;2.666
210.4745187;0.6075;-0.0029;0.5976;0.854
210.4845392;0.0754;-0.5027;0.0058;0.506
210.4949524;1.1266;0.3051;1.5126;1.914
210.5056123;0.8658;0.2713;0.9293;1.301
210.5425922;0.0496;-0.3056;-0.6659;0.726
210.5442452;1.2438;0.1576;0.0465;1.249
210.5454171;0.6876;0.2414;1.1513;1.367
210.5466717;-0.857;-0.4208;0.9831;1.38
210.55421;0.401;0.0084;1.3812;1.445
210.5660757;0.4707;0.1511;0.7255;0.882
210.5745549;-0.5975;-0.5856;0.5184;0.991
210.584805;1.0376;-0.1052;2.5658;2.775
210.5945996;0.6157;0.3817;1.8349;1.979
210.6064472;-1.7781;-0.644;-0.9215;2.105
210.6436552;-0.6918;0.2036;0.3994;0.834
210.6456908;1.1562;0.0225;2.9499;3.174
210.6465882;-0.5287;-0.6915;1.8068;2.014
210.647436;-0.6468;0.0243;0.9371;1.149
210.6544409;0.4749;0.1364;1.3132;1.409
210.6644438;-0.6436;-0.5584;0.7572;1.148
210.6745199;0.5414;-0.0523;0.6801;0.874
210.6842471;2.2269;0.828;0.0688;2.372
210.6944754;0.2845;-0.4153;-0.3166;0.586
210.7068724;-1.0021;-0.2427;2.0412;2.297
210.7442432;0.3433;0.2036;1.9236;1.972
210.7461217;-0.1893;-0.2356;0.0813;0.318
210.7469457;-0.4955;-0.1821;1.3538;1.463
210.7477446;1.4029;-0.0934;2.2209;2.632
210.7544103;1.0102;0.1345;-0.0707;1.015
210.7643221;-0.8933;-0.1611;-0.3106;0.962
210.7743533;-0.4427;-0.1616;1.4974;1.579
210.7875478;1.2941;-0.2497;1.1338;1.739
210.7942316;0.2436;0.2455;0.3692;0.51
210.8230477;-1.3532;0.1792;0.2315;1.392
210.8252912;-0.0094;-0.8477;1.4405;1.678
210.8260947;1.6573;0.1063;2.2164;2.773
210.8350788;0.1623;0.2818;0.4069;0.526
210.844392;-0.1328;-0.2254;-0.5439;0.597
210.8542145;1.2245;-0.3557;1.8854;2.279
210.864472;0.8265;0.2933;1.7918;2.0
210.874794;-0.6777;-0.1831;-0.1639;0.724
210.8877757;-0.8251;-0.3662;0.9335;1.308
210.8945921;0.074;-0.1818;2.7601;2.775
210.9288803;-0.514;-0.0037;0.8385;0.994
210.930696;-0.4413;-0.4026;-0.0495;0.602
210.9316485;0.5526;-0.1185;2.598;2.666
210.9343612;0.8132;-0.0329;1.2719;1.514
210.9448153;0.6393;0.0535;-0.5644;0.845
210.9544856;-0.2105;0.0042;0.4673;0.523
210.9645519;0.3689;-0.2803;2.1969;2.252
210.9748185;0.9838;-0.5315;1.6426;1.991
210.9882944;-0.0977;0.5818;0.6648;0.897
210.9944942;0.3743;-0.6006;0.7099;1.005
211.033137;0.5713;-0.0169;1.3314;1.454
211.0348049;0.5255;0.3777;0.6382;0.912
211.0357355;0.2077;0.0974;-0.0513;0.229
211.03647;0.4972;-0.7957;2.0916;2.298
211.0445011;0.1132;0.1507;2.0086;2.025
211.0561436;-0.5856;0.0132;-0.0545;0.594
211.0642345;0.0836;-0.1256;-0.1849;0.229
211.0744075;1.8256;-0.0103;2.5681;3.154
211.0901357;0.2019;0.0977;0.7033;0.745
211.0951077;-1.484;-0.0447;-1.2424;1.935
211.1387282;-0.1611;-0.2565;1.3235;1.366
211.1403276;1.0233;-0.2509;3.4837;3.646
211.1418822;-0.6165;-0.1731;0.5291;0.84
211.1429041;0.139;-0.0528;-1.0933;1.094
211.1447467;1.1591;0.3569;1.6464;2.048
211.154589;1.024;-0.3855;1.1471;1.587
211.1662146;-0.2249;0.1346;-0.8909;0.922
211.1746511;0.568;0.0831;-0.5968;0.818
211.1846651;0.2101;0.0611;2.8077;2.824
211.1947087;-0.9568;-0.6897;2.0447;2.37
211.2051254;-0.1595;0.0955;-0.6122;0.634
211.2477429;0.0528;0.242;0.1281;0.283
211.2493813;-0.4797;-0.347;2.2802;2.365
211.2501459;1.3707;-0.3045;1.5872;2.121
211.2509125;1.3289;0.3247;-0.5565;1.469
211.2544335;-0.8873;0.1256;-0.4767;1.017
211.2647597;-1.058;-0.2886;1.7115;2.043
211.2743152;0.3318;-0.3525;1.8066;1.877
211.2866365;-0.0125;-0.2497;0.7192;0.769
211.2946448;-0.2728;0.3;1.1043;1.186
211.3327489;-0.0908;-0.0793;1.4892;1.503
211.3346054;-0.0131;-0.2753;0.617;0.683
211.3354956;-0.0214;-0.3387;0.6673;0.755
211.3362585;1.0909;0.22;1.2952;1.71
211.3444796;0.4398;0.4057;0.7052;0.929
211.3547327;-0.9168;-0.6698;0.2643;1.171
211.3649205;0.5416;-0.3595;2.2166;2.316
211.3745992;0.6942;0.4406;1.6845;1.88
211.3848529;-0.6776;-0.1262;-0.2497;0.736
211.3947794;0.0362;-0.316;-0.6712;0.734
211.4054048;1.3721;-0.0528;1.899;2.347
211.4595605;0.7038;-0.0082;2.3378;2.448
211.462498;-0.141;0.1929;-0.0476;0.247
211.4635611;0.2088;-0.2453;-0.432;0.529
211.4665628;0.4365;0.1057;1.4674;1.541
211.467672;-0.4895;-0.2422;2.2472;2.322
211.4683476;0.4659;0.0302;1.0379;1.143
211.4745828;0.8076;-0.4263;0.8908;1.277
211.4886636;-0.5259;0.1479;1.553;1.656
211.495645;-0.5044;-0.2879;1.8807;1.978
211.5295473;0.5945;-0.109;0.6046;0.856
211.5309235;0.5608;0.0424;0.0847;0.564
211.531929;0.1507;-0.084;0.3931;0.435
211.5347305;0.9733;0.0677;1.8841;2.126
211.5467922;0.1377;-0.2458;1.8271;1.856
211.554303;-1.5441;-0.4443;0.2098;1.627
211.5646442;-0.0495;0.0162;1.445;1.454
211.5746311;1.1793;0.2674;2.1252;2.45
211.5854457;-0.1416;-0.3968;0.6274;0.763
211.6256745;1.0448;-0.0442;0.1658;1.054
211.6271171;1.2781;0.1864;0.7496;1.493
211.6280873;-0.7431;-0.1549;0.5877;0.969
211.6291564;-0.5018;-0.166;1.2327;1.351
211.6368338;1.0537;-0.1592;1.1693;1.584
211.6488689;-0.0084;-0.0167;0.8981;0.907
211.6544488;-1.0613;-0.0211;0.3426;1.124
211.6644856;0.4625;0.2756;1.0483;1.184
211.6749243;1.5116;-0.1116;0.9255;1.775
211.6889305;0.39;-0.2395;-0.4974;0.666
211.7408602;-0.2535;0.1501;0.1001;0.319
211.742615;0.3099;0.1055;2.1736;2.206
211.7444492;0.1285;-0.4595;2.0582;2.12
211.7455572;-0.7683;-0.2582;-0.1131;0.822
211.7469917;-0.101;-0.0243;0.1375;0.182
211.7480106;0.2893;-0.1402;0.5436;0.636
211.7544137;-0.1004;0.0403;-0.0947;0.143
211.7642269;0.4779;-0.1748;0.9372;1.071
211.7743195;0.1572;-0.0865;1.1309;1.152
211.788005;-0.6361;0.1553;0.683;0.956
211.833759;-0.6094;-0.2602;1.1656;1.35
211.8353506;1.2649;-0.4914;1.6758;2.159
211.8363648;1.2603;0.2698;0.9055;1.575
211.8375458;-0.8607;-0.1423;-0.5291;1.021
211.8387777;-0.1714;0.3673;0.3586;0.55
211.850187;1.0571;-0.4567;2.2694;2.549
211.8545186;-0.6148;-0.5276;1.5436;1.752
211.864812;-0.9356;-0.085;0.732;1.201
211.8743078;0.6148;0.3998;1.6671;1.827
211.8882138;-0.1307;-0.4148;1.7914;1.852
211.8957048;-0.4439;0.0426;-0.4524;0.634
211.9474333;0.8024;-0.1717;-0.525;0.964
211.9498472;1.3517;0.2896;1.8297;2.296
211.9508714;0.5196;-0.4914;2.5058;2.612
211.9517717;0.5768;0.1975;0.2975;0.677
211.9528346;0.4363;0.2753;-0.1795;0.54
211.9546037;-1.0522;-0.7864;1.3154;1.868
211.9655714;0.0658;-0.2981;1.9021;1.934
211.974422;1.6987;0.5623;0.9697;2.035
211.9884058;0.6556;0.202;-0.1496;0.695
212.0349979;-0.9915;-0.8652;1.022;1.674
212.0365506;-0.5591;-0.1824;2.0919;2.182
212.0376378;-0.1306;0.0263;1.5366;1.551
212.0384329;0.274;0.1567;0.3841;0.501
212.0392475;0.467;0.0206;0.953;1.066
212.0500681;0.717;-0.4933;1.3602;1.619
212.0548395;0.3016;-0.0876;1.2431;1.289
212.0647158;-1.1203;-0.125;0.8383;1.414
212.0744589;0.109;0.2584;1.5632;1.596
212.0864856;1.2489;-0.2993;1.4214;1.918
212.1285516;0.6555;0.0457;0.6539;0.929
212.1302673;-0.6464;-0.268;0.245;0.749
212.1311336;-0.065;-0.2108;1.0226;1.054
212.1320813;1.4757;-0.0419;1.3437;1.997
212.1346972;0.5813;0.4213;0.8959;1.152
212.1463032;-0.8289;-0.3386;0.2408;0.934
212.1544758;-0.0578;-0.5226;1.015;1.15
212.1644963;0.9617;0.1382;1.431;1.733
212.1744542;0.238;0.1877;1.0413;1.091
212.1847617;0.1796;-0.1421;0.5739;0.624
212.224361;0.3437;0.01;0.8803;0.951
212.2276619;-0.1901;-0.1975;0.9023;0.952
212.2288838;0.3963;-0.4044;0.8355;1.013
212.2310295;0.3374;0.1985;0.8645;0.955
212.2357138;-0.5729;0.0414;1.2172;1.356
212.2477732;0.0839;-0.1837;1.2834;1.307
212.2546844;0.393;-0.1748;0.8458;0.954
212.2645109;0.6532;0.0687;-0.3516;0.736
212.2745484;0.2839;0.0228;-0.5081;0.572
212.2847364;-0.5382;-0.1786;1.5872;1.695
212.3219192;0.7272;-0.2244;2.9137;3.018
212.323932;0.6889;0.1341;1.2177;1.41
212.3252994;-0.6258;-0.0428;-1.0494;1.219
212.326395;-1.0018;-0.2191;0.047;1.032
212.3345037;1.3908;-0.433;2.4726;2.874
212.3474763;1.4236;0.3213;1.4495;2.059
212.3547396;-0.8651;0.0282;-1.2196;1.492
212.3644508;-1.0389;0.3314;-0.3947;1.163
212.3748723;0.6069;-1.0919;3.0878;3.337
212.385952;0.8946;-0.2707;2.5844;2.754
212.4236622;-0.817;0.189;-0.9454;1.262
212.4258524;-1.3149;0.0967;-1.1906;1.775
212.4267123;1.3772;-0.1593;2.6015;2.952
212.4275778;2.6993;0.0046;3.1169;4.126
212.4349327;-0.9461;0.3006;-0.4507;1.092
212.4467743;-2.0276;-0.3082;-1.5983;2.6
212.4541888;1.051;-0.4024;2.7937;3.017
212.4648508;2.049;-0.107;3.3511;3.933
212.4745962;-2.1599;-0.1776;-0.6083;2.254
212.4842663;-1.7744;0.2492;-0.6083;1.895
212.5217974;2.7493;0.4041;2.0239;3.438
212.5236646;-0.7555;-0.1438;-1.3209;1.524
212.5262785;1.3441;-0.3016;3.0507;3.352
212.534512;0.449;-0.2188;2.5287;2.585
212.546035;-0.9767;0.0366;-0.8474;1.293
212.5548628;-0.1401;0.5294;-0.0743;0.555
212.5647458;1.093;-0.6339;2.1587;2.505
212.5745405;0.5365;-0.2063;1.4176;1.535
212.5843482;-0.3712;-0.0493;-1.124;1.179
212.6028373;0.8895;0.0154;0.802;1.199
212.6043365;1.2484;-0.2772;2.0324;2.405
212.6414575;-1.0919;0.4066;0.6136;1.326
212.643259;-1.1055;-0.336;0.2317;1.185
212.6449863;0.3491;-0.3842;2.6405;2.698
212.6460177;0.3772;-0.1804;2.1385;2.186
212.6544086;-0.6277;-0.0409;-0.334;0.714
212.664496;-0.3924;-0.0148;-0.1454;0.422
212.6744237;0.5995;-0.4402;1.4441;1.629
212.6843003;0.3936;-0.0871;1.1152;1.191
212.7028387;-0.2905;0.245;-0.1008;0.397
212.7049199;-0.0628;-0.0265;0.8137;0.825
212.7408054;0.7975;-0.2386;2.2215;2.378
212.7422888;0.0635;0.1181;1.3784;1.393
212.7435408;-1.1365;-0.0214;0.0129;1.143
212.7454847;-1.0765;-0.2924;0.3438;1.175
212.7546631;1.1844;-0.1546;1.4103;1.851
212.7653871;1.481;0.0897;0.8799;1.724
212.7745502;-0.2653;-0.0051;-0.4137;0.488
212.784191;-0.7212;-0.1327;0.8691;1.147
212.8024825;0.3397;-0.5458;1.9925;2.1
212.8048714;-0.0261;-0.2007;1.3518;1.375
212.8403543;-0.797;0.0674;0.5814;0.999
212.8421774;-0.6108;-0.3011;1.487;1.645
212.8459658;0.5216;-0.0596;1.2758;1.385
212.8471833;0.0203;0.0856;0.7267;0.74
212.8542071;-0.2514;-0.3649;1.1527;1.243
212.8649852;0.2646;0.132;1.5106;1.546
212.8742455;-0.1656;-0.111;0.2904;0.361
212.8842105;0.0314;0.1892;0.3986;0.45
212.9009972;0.286;-0.349;1.6714;1.738
212.9044374;0.2784;-0.2821;1.0561;1.134
212.9419249;0.0072;0.3178;-0.213;0.379
212.9439782;-0.058;-0.2999;0.042;0.309
212.945356;1.0219;-0.2367;1.5369;1.864
212.9464937;0.3615;-0.0126;1.1739;1.235
212.9544987;-0.7901;-0.1706;-0.037;0.814
212.9643215;-0.7675;-0.4119;1.5863;1.819
212.9757418;0.6619;-0.0558;1.9291;2.046
212.9844602;-0.6409;-0.0376;0.2869;0.712
213.0000698;-1.1467;0.0031;0.0372;1.154
213.0047718;0.6687;-0.3281;1.505;1.684
213.0369142;0.5923;0.1361;1.3756;1.509
213.0383919;-0.7985;-0.1275;0.0088;0.814
213.0392119;0.3213;-0.3066;0.8991;1.008
213.0490168;0.4797;-0.0938;1.7042;1.779
213.0547813;-0.7251;-0.0665;0.5103;0.899
213.0648582;0.0976;-0.0848;-0.1123;0.162
213.0747626;0.3181;-0.116;1.6604;1.701
213.084265;-0.4592;-0.3144;0.9057;1.072
213.1018676;0.503;0.3647;0.4088;0.745
213.1048879;1.0481;-0.1014;1.2777;1.658
213.1419738;-0.6158;-0.3578;1.1224;1.339
213.1454914;-0.9539;-0.0143;0.5682;1.12
213.1476225;0.5614;0.0607;1.3398;1.459
213.1487855;0.1242;-0.4638;2.0484;2.111
213.1545698;-0.8834;-0.1327;0.6583;1.119
213.1648381;-0.387;0.4168;0.0421;0.576
213.1744938;0.4925;-0.3288;1.9179;2.013
213.184508;0.3374;-0.3828;1.9486;2.021
213.202843;-0.1873;0.1772;0.3611;0.454
213.2054312;-0.1357;0.144;0.8083;0.841
213.2424761;-0.3385;-0.4665;1.9645;2.056
213.2440685;0.5769;-0.3222;-0.6012;0.883
213.2452763;-0.8165;-0.1904;-0.0345;0.844
213.2460002;0.3503;-0.4101;1.9883;2.067
213.2545074;0.7795;0.0845;1.3591;1.573
213.2648047;-0.315;0.1165;-1.1231;1.166
213.2747596;-0.1891;0.256;0.5628;0.656
213.2849517;0.3707;-0.7563;2.0185;2.193
213.3049681;-0.2726;0.0544;1.5381;1.572
213.3068097;-0.6403;-0.3137;-0.2653;0.762
213.3508823;0.3768;0.279;1.2884;1.378
213.3528067;0.354;-0.7906;2.4338;2.59
213.3543854;0.1506;0.1224;0.0256;0.193
213.3563195;0.2626;0.3634;-0.3634;0.57
213.357952;-0.1501;-0.4115;1.5595;1.628
213.3647597;-0.6946;-0.6209;2.748;2.911
213.3747963;-0.3154;0.2011;1.3949;1.454
213.3852221;-0.5226;0.2244;0.5034;0.77
213.4007213;-1.346;-0.8659;2.2893;2.802
213.4057186;0.0202;-0.0917;1.8142;1.825
213.4421026;0.9006;0.0903;0.0324;0.9
213.4436192;-0.0473;0.279;-1.4258;1.446
213.4453606;-0.6128;-0.0073;0.4932;0.797
213.4460923;1.5223;-0.5326;2.9664;3.381
213.4548237;1.3956;0.2549;1.3192;1.939
213.4648985;-1.3561;-0.175;-0.0112;1.373
213.4744345;-0.6049;-0.0509;1.3193;1.462
213.4842453;0.2548;-0.7776;2.9945;3.111
213.5022395;-0.8359;0.2768;0.998;1.341
213.5042765;-0.6555;-0.309;0.5114;0.896
213.5383648;1.2499;0.0248;1.4675;1.93
213.5398161;0.7273;-0.2282;0.984;1.247
213.5412555;-0.4461;0.0639;-0.4255;0.619
213.5498153;0.0862;-0.1676;0.0196;0.186
213.5546385;1.6383;0.1603;1.8222;2.458
213.5646741;-0.2593;-0.1196;1.8918;1.922
213.5760855;-2.2596;-0.1887;0.2088;2.284
213.5842415;-0.6633;0.0547;1.1047;1.3
213.5951253;1.7276;-0.2013;2.2494;2.846
213.6044017;0.6205;0.0139;0.2478;0.666
213.616371;-0.4197;-0.252;-1.0401;1.144
213.6522117;0.9654;0.14;0.6758;1.187
213.6540556;0.3607;-0.1477;2.0727;2.116
213.6553075;-0.9645;-0.057;1.6004;1.88
213.6560692;0.1958;0.06;0.4622;0.511
213.6641687;0.2279;0.0628;2.1453;2.166
213.6763921;-1.3;-0.6192;1.6337;2.187
213.6844823;-1.2285;-0.2349;1.0909;1.669
213.6954372;-0.3354;0.0248;1.6131;1.657
213.7045658;0.5425;0.1609;1.0132;1.165
213.7181002;0.3671;-0.0421;0.0974;0.378
213.7249203;0.5857;0.1561;0.1585;0.624
213.7582885;0.3782;-0.4406;0.9658;1.131
213.7597389;0.3209;-0.0567;1.7648;1.802
213.760712;-0.3119;0.1206;0.6048;0.701
213.7644535;0.0053;-0.0197;0.8368;0.845
213.7767856;-0.3745;-0.1285;1.5414;1.601
213.784393;-0.3615;-0.4449;0.9984;1.16
213.7951127;-0.3224;-0.0998;0.3762;0.515
213.8044785;-0.1393;0.2422;1.063;1.108
213.8172898;0.4818;-0.2151;1.1637;1.283
213.8598813;0.445;-0.0402;1.784;1.846
213.8615504;-0.342;-0.6324;0.1099;0.73
213.8624077;0.3705;0.3441;0.6036;0.792
213.863302;0.5273;0.2171;0.6091;0.837
213.8653801;-0.0054;-0.2863;0.6122;0.683
213.8764372;-0.511;0.1408;1.0173;1.157
213.8842858;-0.3646;-0.3503;0.7063;0.877
213.8952696;-0.3288;-0.0763;1.7912;1.832
213.9043477;-0.3111;-0.0975;1.7912;1.83
213.9161993;0.5783;0.1562;0.8654;1.056
213.9683895;-0.0165;-0.2659;0.3721;0.464
213.9697661;-0.7841;-0.3804;0.8866;1.252
213.9706341;0.1292;0.0167;1.9577;1.97
213.9714852;0.9253;0.1461;1.4161;1.702
213.9723797;-1.0687;-0.4041;1.0759;1.579
213.9795133;-0.2553;-0.0149;1.6941;1.722
213.9843444;0.3476;0.0432;1.9165;1.955
214.0016629;0.0473;-0.2253;1.5669;1.592
214.004271;-0.4611;-0.3307;1.3985;1.518
214.0410143;-0.864;-0.2393;0.899;1.279
214.0424524;-0.4233;0.2166;1.1196;1.226
214.0433119;0.4605;-0.1184;1.6477;1.721
214.0449055;-0.2229;-0.5259;0.4282;0.72
214.0544502;-0.2965;0.1648;0.3373;0.488
214.0643071;0.9905;0.124;0.617;1.173
214.0788388;0.219;-0.2373;0.8623;0.927
214.0845561;-0.325;-0.3274;0.8612;0.986
214.0947453;0.4185;0.4167;0.83;1.024
214.1042998;0.1063;-0.0722;0.3627;0.391
214.1170376;-0.4332;-0.3837;0.6925;0.911
214.1557925;1.0488;0.0853;1.7867;2.078
214.1600138;0.2051;-0.0132;1.1383;1.164
214.1611257;-1.1404;-0.5333;0.5727;1.391
214.162089;-1.0665;-0.1865;1.5035;1.863
214.1644014;0.4504;-0.2254;1.7383;1.816
214.1753588;0.3727;0.0286;0.7949;0.883
214.184472;-0.5635;-0.236;1.2461;1.397
214.194443;-0.4329;0.0812;1.7341;1.799
214.2043436;-0.4055;-0.3513;1.0548;1.192
214.2150695;0.4319;-0.0034;1.5416;1.607
214.2499369;-0.4223;-0.1802;1.2205;1.313
214.2514904;-0.0211;-0.0724;1.2634;1.274
214.2523327;-0.0555;-0.1994;1.0749;1.103
214.2545363;-0.4887;-0.2017;1.1233;1.251
214.264547;0.0621;-0.0481;0.5447;0.558
214.2753247;0.6484;-0.0724;0.8372;1.064
214.2844972;0.9661;0.0667;1.3767;1.687
214.2946712;-0.8507;-0.0235;0.6395;1.074
214.3043839;-0.5123;-0.3167;0.1933;0.639
214.3149309;0.9196;0.4838;1.0541;1.483
214.3518921;-0.2522;-0.4121;1.6563;1.734
214.353548;-0.195;-0.1287;1.1094;1.143
214.3544393;-0.2904;-0.0131;0.7151;0.782
214.3553508;0.0128;-0.2002;1.2292;1.253
214.3644405;-0.1418;-0.0938;0.9809;1.004
214.3754618;-0.6993;-0.1192;0.2599;0.764
214.3844709;0.5052;-0.0589;1.0563;1.177
214.3946114;0.3028;0.0162;1.6197;1.655
214.4045402;-0.6779;-0.226;0.6695;0.989
214.4164519;0.4741;0.1094;1.3988;1.487
214.45302;0.0368;-0.2391;1.5817;1.608
214.4545123;-0.4079;-0.0053;0.7715;0.883
214.4554675;0.1575;-0.0194;0.261;0.309
214.4591472;-0.3196;-0.0952;1.5939;1.638
214.4656445;-0.4225;-0.6185;2.6459;2.758
214.4773614;-0.2298;-0.0349;0.8223;0.864
214.4844627;-0.9638;-0.3169;0.5996;1.187
214.494759;-0.5049;-0.4605;2.0169;2.138
214.5044166;0.3661;-0.3029;1.5733;1.65
214.5145247;-0.0842;0.1875;0.3883;0.448
214.548837;0.3522;0.2119;0.8797;0.977
214.5502889;0.4468;-0.2086;1.3287;1.423
214.5510549;-0.103;0.2068;1.0552;1.089
214.5545741;0.128;0.0437;0.5716;0.594
214.5648768;0.1468;-0.0646;1.1378;1.156
214.5751368;-0.3589;-0.208;1.6666;1.727
214.5844201;-0.4504;-0.1087;0.5176;0.704
214.5945749;-0.2226;-0.0799;0.4526;0.52
214.6048093;0.7958;-0.1812;1.3216;1.557
214.6163247;-0.2075;0.1408;0.4739;0.546
214.6548293;-0.4753;-0.3663;0.1507;0.624
214.6573643;1.2385;0.3922;1.2761;1.823
214.6581295;-0.0407;-0.2516;1.6492;1.677
214.660186;-1.0511;-0.0735;0.5566;1.201
214.6642326;0.219;0.0013;0.9712;1.002
214.6745235;-0.052;-0.199;1.4973;1.52
214.6845288;-0.39;-0.0418;0.9062;0.997
214.698866;0.2377;-0.1013;1.2246;1.258
214.7049011;-0.433;-0.0854;1.0645;1.162
214.7359956;-0.5746;-0.5327;1.0645;1.33
214.7375788;-0.1146;-0.3489;1.7025;1.75
214.7388163;-0.5547;-0.2695;0.8824;1.086
214.747681;0.3839;0.0691;0.8891;0.976
214.7543488;0.4512;0.097;0.6244;0.78
214.7644938;-0.4801;-0.3722;1.4007;1.536
214.7768377;-0.2299;-0.1931;2.0018;2.033
214.7845284;-0.3726;-0.1805;1.554;1.617
214.7948288;-0.867;-0.2563;0.5198;1.052
214.8047182;-0.1192;-0.2096;0.8263;0.869
214.817154;0.9868;0.0987;0.5825;1.149
214.8529022;0.9387;0.253;0.2891;1.012
214.8544088;-0.1985;0.3552;0.5811;0.719
214.8567439;-0.8707;-0.5581;1.9086;2.18
214.8577071;-0.0176;-0.1688;1.8221;1.838
214.864702;-0.4151;0.0699;1.1081;1.195
214.8773249;-1.1699;0.0365;0.3774;1.238
214.8844234;0.7577;0.0535;1.2077;1.431
214.8942329;1.512;0.6832;0.8765;1.876
214.9044777;-0.3207;-0.2685;0.5919;0.734
214.9185619;-0.3486;-0.1361;1.4551;1.512
214.9541707;-0.4345;-0.2531;0.9605;1.094
214.9561098;-0.4311;-0.1322;0.5453;0.717
214.9572195;0.1739;-0.0447;0.8924;0.917
214.9578231;0.8804;0.0001;1.9442;2.139
214.9643118;0.3474;0.1559;0.6107;0.724
214.975762;-0.5382;-0.0281;0.5053;0.749
214.9844709;-0.1879;-0.2042;1.3429;1.38
214.9947207;-0.015;-0.1441;1.2025;1.219
215.0044771;-0.1237;-0.0858;0.2727;0.321
215.0176685;0.4444;0.1073;0.9444;1.054
215.0558625;-0.1156;-0.4112;1.8291;1.886
215.0575133;-0.4713;-0.2173;0.9654;1.106
215.0584505;0.1071;0.1228;0.7724;0.797
215.0593092;0.0233;-0.1752;1.3964;1.415
215.0645002;0.0235;-0.5308;1.5835;1.678
215.0747895;-0.5976;0.1195;0.2093;0.653
215.084503;-0.6902;-0.2205;-0.3862;0.822
215.0962153;0.7682;-0.1143;1.8885;2.047
215.1328445;0.4516;0.0254;1.8895;1.95
215.134653;-0.2276;0.2877;0.1249;0.395
215.1357842;0.0133;0.1653;0.5121;0.547
215.1383962;0.0691;-0.2686;2.1826;2.208
215.1448257;-0.3127;-0.1577;1.3884;1.441
215.1587153;-0.3622;0.0673;-0.0563;0.378
215.1645491;0.1081;0.074;1.0848;1.1
215.1747372;0.6264;-0.1663;1.8427;1.959
215.1845097;0.3834;0.1109;0.8709;0.963
215.1984506;0.1909;0.2339;-0.0649;0.305
215.204978;0.3884;0.2695;0.92;1.04
215.2358868;0.204;-0.2788;1.8576;1.897
215.2377398;-0.2328;-0.0413;1.2198;1.252
215.23875;0.3022;0.0555;0.7997;0.862
215.2470376;0.005;-0.071;0.8129;0.824
215.2546776;-0.1527;-0.0966;1.3735;1.394
215.2645069;0.317;-0.0518;1.4827;1.524
215.2748417;0.0923;-0.1532;0.8895;0.914
215.284546;0.1135;0.0481;0.6293;0.648
215.298787;0.8874;0.1433;0.9145;1.284
215.3361033;0.3123;0.0038;1.0702;1.121
215.3378384;-0.7065;-0.0419;0.8297;1.101
215.3418143;0.4329;0.0173;1.5157;1.583
215.3429888;0.8915;0.0618;1.5813;1.821
215.3444184;0.0859;-0.1154;0.9215;0.94
215.3563029;-0.0191;0.1899;0.3565;0.413
215.3647123;0.2558;0.0285;0.801;0.847
215.3752763;0.343;-0.1357;1.2906;1.349
215.3842158;-0.2864;0.1024;1.0028;1.058
215.3962665;0.0581;-0.0498;1.218;1.228
215.4311691;0.4224;-0.104;1.3382;1.413
215.4325496;0.386;-0.065;0.9256;1.01
215.4336815;0.3881;0.2505;0.5191;0.698
215.4349981;-0.1153;-0.0941;0.1552;0.224
215.4447023;-0.0193;-0.0285;0.9674;0.976
215.4590052;0.2786;0.1305;1.725;1.76
215.4647167;-0.5838;0.6088;1.3115;1.569
215.4749683;-1.1539;-0.8028;1.0909;1.788
215.4849707;-0.9954;-0.2516;3.4704;3.629
215.4949999;0.1466;-0.1939;2.8685;2.887
215.5122195;0.4652;-0.0123;0.4546;0.652
215.5145408;-0.9165;0.1432;1.4301;1.715
215.5555793;-0.022;-0.809;2.1493;2.304
215.5574747;1.4181;0.215;1.3888;1.998
215.5583185;-0.3163;0.0414;0.1617;0.367
215.5591413;0.0512;-0.2895;0.3123;0.433
215.564835;1.9014;0.1228;1.1217;2.21
215.5750949;1.1561;0.3582;0.693;1.394
215.5846775;-0.2254;-0.0871;-0.224;0.328
215.5946836;0.0878;0.1237;1.0976;1.116
215.6133148;0.2597;-0.0435;1.7726;1.799
215.6149802;-0.2361;-0.1739;0.7304;0.796
215.6563831;0.2897;0.1513;0.3151;0.457
215.6580229;0.1815;-0.1097;0.8705;0.903
215.6589866;0.4402;-0.194;0.9846;1.101
215.6597704;0.7649;0.0999;0.297;0.824
215.6642543;0.6522;0.1937;0.3544;0.766
215.6752306;0.4142;-0.1717;0.7419;0.871
215.6844608;0.5591;-0.0276;1.0803;1.221
215.6948376;0.4312;0.2011;0.4778;0.677
215.7129833;0.454;-0.0365;0.9354;1.045
215.7148502;0.2403;0.0243;1.0096;1.045
215.7522083;0.0354;0.0033;0.9373;0.946
215.7540387;0.2312;-0.0503;1.0578;1.091
215.7580204;0.345;-0.3268;0.5506;0.73
215.758957;0.6023;0.0662;0.6414;0.884
215.7642411;1.0197;0.384;0.8083;1.358
215.7749045;1.5777;0.2912;0.974;1.876
215.7842681;0.6637;0.2838;0.7247;1.025
215.7946233;0.0281;0.2818;1.1968;1.238
215.8129983;-0.6694;0.1377;1.5433;1.698
215.815117;-1.6987;-0.6648;1.2952;2.246
215.8584466;0.3799;0.1976;0.7148;0.838
215.8598513;1.3064;0.3075;1.3046;1.874
215.8608135;-0.0217;-0.7691;2.2133;2.351
215.8617072;-0.6136;-0.1434;1.2438;1.404
215.8650295;0.3649;-0.1222;1.0599;1.133
215.874849;0.5942;-0.139;1.6732;1.787
215.8842355;0.1886;-0.1391;1.584;1.609
215.8992291;0.4536;0.0106;0.5755;0.736
215.9461992;-0.0206;0.1236;0.784;0.803
215.947692;0.3498;-0.202;1.7749;1.827
215.9485291;0.4852;0.0498;0.956;1.078
215.9495101;-0.0159;-0.0567;0.6004;0.612
215.9503562;0.2601;-0.1336;1.0895;1.135
215.9582162;0.2465;-0.0553;0.9575;0.997
215.9648129;0.3202;-0.059;0.9965;1.054
215.9744842;0.1399;-0.0605;0.6465;0.671
215.9845567;-0.0092;-0.0038;0.9281;0.936
215.9962282;0.3851;-0.0547;1.5636;1.618
216.0449946;0.0104;-0.0431;0.855;0.864
216.0469499;-0.0147;0.0821;0.7489;0.762
216.0482092;0.3577;0.1571;0.8543;0.945
216.0499012;0.1647;-0.0457;0.8692;0.893
216.0514743;0.2934;0.1479;0.8505;0.918
216.0580777;0.3472;0.1013;0.8009;0.884
216.0755546;0.0867;0.1168;0.8143;0.835
216.0843507;0.5933;0.0886;1.0057;1.175
216.0953422;0.334;0.1325;0.6268;0.727
216.1371316;0.5735;0.0763;1.0176;1.175
216.138599;0.5487;0.0589;0.5265;0.764
216.1394392;0.2682;-0.0056;0.7875;0.838
216.140171;0.4303;0.0717;1.2737;1.352
216.1443162;-0.1211;0.0132;0.7512;0.77
216.1554075;0.3464;-0.1099;1.1053;1.169
216.1643638;0.1303;0.0657;1.0706;1.088
216.1744545;0.0333;-0.093;0.7232;0.738
216.1843963;0.5992;0.0555;1.0866;1.247
216.1945538;0.0601;-0.0005;0.8229;0.833
216.2299113;0.2858;0.1305;0.6621;0.738
216.2314994;0.5431;0.1146;0.8593;1.027
216.2345176;0.3071;-0.0017;0.6546;0.728
216.244367;0.6533;0.0332;1.2851;1.447
216.2569748;-0.0729;-0.0861;0.8231;0.839
216.2645319;0.4876;0.0492;0.9851;1.105
216.2745521;0.3976;0.0227;1.0544;1.133
216.2843172;-0.0302;-0.1207;0.974;0.99
216.2945412;0.6448;0.157;1.25;1.42
216.3390919;-0.1071;0.0375;0.7642;0.782
216.3407585;0.3359;-0.157;1.4185;1.473
216.3416817;0.3045;0.149;1.0062;1.068
216.3425439;0.0506;-0.0988;0.8303;0.845
216.3444235;0.4824;0.0111;1.3371;1.427
216.3553446;-0.0738;0.0697;0.7591;0.775
216.3662788;0.6742;-0.066;1.0717;1.272
216.374286;0.1882;0.1022;0.9284;0.96
216.3843474;0.2096;-0.0878;0.9389;0.973
216.3944095;0.5521;0.1967;1.004;1.167
216.4118565;-0.2562;-0.0812;0.7754;0.83
216.4143761;0.5314;0.0398;1.4608;1.561
216.4569039;0.0166;0.1482;0.8234;0.845
216.4583028;0.1845;-0.0677;0.9594;0.986
216.459172;0.4637;0.1834;1.2631;1.364
216.4599483;-0.081;-0.0568;0.7109;0.726
216.4643192;0.6955;0.211;1.0197;1.256
216.4747161;0.1667;0.0426;0.802;0.827
216.4843908;0.4543;0.0208;1.0991;1.195
216.4946185;0.1801;0.1721;0.6864;0.737
216.5118644;0.1717;-0.0894;1.097;1.121
216.5145514;0.4599;0.0828;1.2587;1.348
216.5541269;-0.2829;-0.0755;0.7052;0.773
216.5556702;0.4428;0.0875;1.395;1.472
216.5565519;-0.0798;-0.0788;0.9483;0.964
216.5575178;0.0839;-0.0353;1.191;1.202
216.5648422;0.3634;0.1148;1.1203;1.19
216.5743201;-0.0359;-0.1335;1.1153;1.132
216.5849335;0.3744;0.1353;1.1383;1.212
216.5945072;0.1545;0.028;0.696;0.72
216.6105433;0.5553;0.1978;1.4564;1.577
216.6149178;-0.0136;0.0257;0.8362;0.845
216.643831;0.3294;0.0911;1.2276;1.281
216.6453928;-0.0285;0.0955;1.0385;1.052
216.6461698;0.0897;0.027;1.2323;1.244
216.6563288;0.4737;0.1143;1.2229;1.322
216.664455;-0.229;-0.0376;0.9533;0.991
216.6750013;0.4367;0.1736;1.2846;1.374
216.6859177;-0.0551;0.0391;0.9723;0.983
216.6945178;0.5192;0.1031;1.4885;1.586
216.7106069;0.1858;0.1162;1.0177;1.048
216.7149781;0.1438;0.0206;1.2807;1.296
216.7447542;0.2474;0.1307;1.0358;1.08
216.7461775;0.1129;-0.0219;1.4542;1.466
216.7469579;0.2333;0.161;1.4112;1.447
216.7567026;-0.1256;-0.048;1.2209;1.237
216.7647465;0.2362;0.2318;1.6376;1.678
216.774522;-0.2103;-0.069;1.1645;1.194
216.7852611;0.4977;0.095;1.4613;1.553
216.7945031;0.0354;0.1786;0.736;0.766
216.8116842;0.4417;-0.0214;0.9304;1.035
216.8148363;0.4163;0.2896;1.0213;1.146
216.8469827;0.3253;-0.1374;1.2116;1.268
216.8483439;0.4566;0.3673;0.7033;0.919
216.8494826;0.1904;0.0314;0.7617;0.792
216.8564102;0.6935;0.2317;0.7013;1.015
216.8648135;0.2336;0.1383;0.7327;0.788
216.8748803;0.2656;0.234;0.9343;1.006
216.884247;0.0602;-0.0272;0.8259;0.836
216.8946853;0.2926;0.1298;1.3793;1.423
216.9135638;0.0408;0.0437;0.8763;0.886
216.9154579;0.4781;0.1253;1.1895;1.294
216.9488165;-0.06;0.0542;0.7653;0.778
216.9503426;0.4821;0.034;1.2128;1.311
216.9516402;0.3519;0.2795;0.721;0.855
216.9555118;0.5598;0.3009;0.6715;0.928
216.9643014;0.3684;0.0131;0.856;0.937
216.9742383;0.353;0.3147;0.727;0.872
216.9856448;0.309;0.0298;0.9439;1.0
216.9943868;0.4005;0.2581;1.1222;1.225
217.0116678;0.1127;0.0409;1.111;1.125
217.0153663;0.532;0.2629;1.1018;1.256
217.0495483;0.0261;0.0331;0.7369;0.746
217.051444;0.4904;0.1969;1.1604;1.281
217.0525303;0.1576;0.1328;0.9101;0.94
217.0608655;0.2917;0.0796;1.3893;1.429
217.0645259;0.0447;0.1189;0.9927;1.009
217.0749276;0.1377;0.0197;1.4174;1.432
217.0844458;-0.1077;0.0921;0.8981;0.918
217.0944355;0.2757;-0.0934;1.3946;1.431
217.1098135;0.2783;0.2728;0.9968;1.077
217.1146285;-0.0204;-0.1091;1.2349;1.248
217.1489252;0.3077;0.2509;1.2388;1.308
217.1507783;-0.006;-0.2111;1.2069;1.233
217.1549228;0.1598;0.2527;1.192;1.237
217.1563696;0.002;-0.0906;1.2024;1.214
217.1645519;0.0542;0.146;1.2008;1.219
217.1751769;0.0423;-0.0544;0.8102;0.821
217.1867086;0.8181;0.4086;1.0575;1.401
217.1946511;0.601;0.1366;0.7565;0.979
217.2044628;0.6974;0.4555;0.9168;1.242
217.214569;0.3489;-0.0809;0.8901;0.965
217.2279208;0.4279;0.2786;1.2443;1.351
217.2748322;0.0829;-0.032;0.8907;0.903
217.2762524;-0.012;0.1757;1.3922;1.412
217.2774276;-0.3773;-0.2351;0.9295;1.04
217.2782326;0.2039;0.2106;1.5538;1.589
217.2791053;-0.0456;-0.044;0.8831;0.894
217.2892744;0.2083;0.1809;1.4139;1.448
217.2947383;0.1642;0.0227;0.7255;0.751
217.3047752;0.5482;0.2416;1.2559;1.397
217.3145118;0.647;0.1703;0.9502;1.166
217.3276841;0.4986;0.342;1.2227;1.37
217.3690574;0.1826;-0.0104;0.7524;0.781
217.3704795;0.4367;0.2083;1.5481;1.628
217.3712402;-0.047;-0.0111;0.8403;0.85
217.3719603;0.2358;0.2927;1.4719;1.526
217.374914;-0.0144;0.0126;1.1008;1.109
217.3888923;0.1292;0.1195;1.4169;1.436
217.3945531;0.3483;0.0872;0.9525;1.024
217.4049841;0.5466;0.1746;1.3816;1.502
217.4144988;0.143;-0.0504;0.5843;0.61
217.4278172;0.5068;0.3198;1.1655;1.316
217.4700971;0.3652;-0.116;0.9718;1.05
217.4716851;0.2828;0.311;1.4871;1.553
217.4727543;0.2268;-0.2171;0.8425;0.905
217.4743934;0.4813;0.5016;1.0496;1.264
217.4757783;0.1542;-0.2279;0.6538;0.715
217.4868495;0.5531;0.5045;1.5398;1.718
217.4948548;0.1544;-0.1891;0.7458;0.791
217.5059925;0.2695;0.5409;1.0643;1.23
217.5146284;0.2546;-0.2658;0.9916;1.064
217.5269693;0.5069;0.5337;1.0594;1.295
217.5692894;0.2033;-0.4225;0.5402;0.719
217.570965;0.476;0.6058;0.8302;1.137
217.5718924;0.3406;-0.2995;0.7166;0.852
217.5729308;0.5075;0.5157;1.0237;1.259
217.5747128;0.454;-0.2296;1.1037;1.22
217.5861808;0.527;0.433;0.7682;1.031
217.594954;0.2928;-0.0122;1.104;1.149
217.605438;0.379;0.1765;0.8389;0.943
217.6146178;0.547;0.1323;1.225;1.353
217.6289885;0.3819;0.2428;0.4602;0.648
217.669004;0.2844;0.1489;0.9024;0.964
217.6706058;0.1716;-0.0508;0.8849;0.91
217.6715191;0.4345;0.2135;1.42;1.507
217.672328;0.1956;-0.0842;0.6333;0.674
217.6748897;0.3022;0.486;1.3492;1.473
217.685961;0.4033;-0.4115;0.9973;1.156
217.6948135;0.5581;0.4307;0.6989;0.996
217.7049933;0.3379;0.4835;1.0298;1.193
217.7145772;0.1132;-0.4233;1.3584;1.434
217.7293065;0.3071;0.4165;1.3298;1.434
217.77304;0.1239;-0.0939;1.2079;1.225
217.7748267;0.1019;0.1266;0.7026;0.729
217.7759794;0.3806;-0.0876;1.2853;1.35
217.7769515;0.5857;0.2697;0.8306;1.055
217.7780121;0.3731;0.0966;1.0963;1.168
217.7863622;0.3599;-0.1197;1.0832;1.153
217.7946274;0.3385;0.2248;1.371;1.437
217.8049072;0.0892;-0.1592;0.6299;0.663
217.8146275;0.2899;0.4599;1.2891;1.406
217.8305223;0.3081;-0.4015;1.3428;1.441
217.8759595;0.3287;0.5601;0.8778;1.098
217.8776327;0.2268;-0.1259;0.9441;0.985
217.8785139;0.3805;0.2817;1.1471;1.247
217.8794997;0.3999;-0.1564;1.284;1.36
217.880723;0.4236;0.3026;0.5719;0.777
217.888137;0.0492;0.4201;1.1484;1.232
217.8946022;0.1515;-0.5849;1.2102;1.359
217.9043389;0.6053;0.5165;1.4923;1.697
217.9145421;0.0523;-0.1491;0.6191;0.646
217.927785;0.3683;0.4837;0.9229;1.111
217.9694019;0.7611;-0.3447;1.7694;1.962
217.97128;0.7834;0.4652;0.4474;1.015
217.9724445;0.3097;0.4572;0.4139;0.693
217.9737984;0.3948;-0.3827;0.8474;1.014
217.9752072;0.5526;0.3811;1.9011;2.023
217.9845464;-0.1024;-0.1825;0.877;0.91
217.994578;0.0581;0.5843;0.915;1.095
218.0102918;-0.1272;-0.5998;2.0221;2.121
218.0154784;0.4609;0.2375;0.7454;0.912
218.0421205;0.2149;0.3789;0.571;0.724
218.0435627;0.296;-0.2829;0.9421;1.033
218.044791;0.6571;0.4237;1.932;2.09
218.0548243;0.1836;-0.2494;0.7153;0.785
218.0644949;0.3742;0.8543;0.7801;1.221
218.0745843;0.2712;-0.5117;1.8779;1.972
218.0856767;0.7471;0.2342;0.92;1.211
218.0943268;0.1687;0.5876;0.6994;0.935
218.1043564;0.2397;-0.7269;0.6108;0.982
218.1145052;0.7093;0.7626;1.5983;1.913
218.1244085;0.1792;-0.3527;0.6986;0.808
218.1639342;0.6381;0.6689;0.4205;1.016
218.1656739;0.5861;-0.1424;2.2557;2.341
218.1671503;0.7214;0.0126;0.6086;0.945
218.1679725;0.0875;0.7961;0.1617;0.82
218.17561;0.4594;-0.4583;1.6841;1.811
218.1874793;0.8117;0.3772;1.1693;1.476
218.1942814;-0.4242;0.0831;0.5286;0.693
218.2042287;0.2904;-0.1421;0.7264;0.8
218.2143032;0.4136;0.2301;2.1199;2.179
218.2250767;0.0228;-0.0079;0.8938;0.902
218.2598741;0.599;0.147;0.1955;0.644
218.2613624;0.8187;0.2156;1.8441;2.034
218.2621307;0.6463;-0.0434;0.5082;0.824
218.2644017;0.2681;0.6087;0.5171;0.847
218.2746554;0.5044;-0.221;2.0638;2.142
218.2847505;0.6122;0.047;0.9383;1.125
218.2946684;-0.1996;0.5618;0.5908;0.848
218.3074238;0.3338;-0.4167;1.4986;1.597
218.3148258;0.7305;0.0833;1.4606;1.64
218.3412719;-0.0563;0.267;0.3809;0.477
218.3431266;0.5889;-0.0976;-0.0329;0.591
218.345554;0.4748;0.3022;1.6558;1.755
218.3543858;0.2191;0.0511;1.2193;1.247
218.3644082;0.5849;-0.0545;0.1049;0.592
218.3744668;0.2952;0.3709;1.7488;1.819
218.3843577;0.4288;-0.2922;1.0666;1.191
218.3943987;0.6692;0.4046;0.4144;0.885
218.409149;0.6628;0.3232;0.9507;1.207
218.4146556;0.6576;-0.3139;0.5631;0.921
218.44543;0.3285;0.4816;0.8925;1.072
218.4469987;0.404;0.209;1.4225;1.5
218.4478911;0.3464;-0.3349;0.9307;1.053
218.457217;0.3297;-0.0941;0.9243;0.991
218.4643116;0.3778;0.0048;0.8444;0.93
218.474505;0.1235;0.2509;1.1598;1.201
218.484825;0.5761;0.0143;0.8634;1.042
218.4944723;0.7576;0.0217;1.256;1.471
218.5048129;0.2685;0.2812;1.3514;1.413
218.5145003;0.5557;0.1218;0.626;0.848
218.5279733;0.6769;0.0568;0.709;0.984
218.5632573;0.3415;0.4036;1.2136;1.33
218.565226;0.4349;0.0035;1.0118;1.107
218.5695251;0.0239;-0.0191;1.0842;1.093
218.5707508;0.0702;0.1509;1.6159;1.633
218.5748345;0.5276;-0.1929;0.9525;1.11
218.5845441;0.1632;0.0661;0.975;0.998
218.5945825;0.2965;0.2466;1.0585;1.133
218.6095449;0.4862;0.0536;0.8129;0.953
218.6147118;0.2621;-0.0504;0.9317;0.975
218.6462629;0.3935;0.347;1.4952;1.591
218.6494048;0.3977;-0.0385;0.9303;1.018
218.6502423;0.5559;0.074;0.6569;0.866
218.6580231;0.6847;0.3387;0.7424;1.068
218.6648145;0.5422;0.2167;1.2254;1.363
218.6744113;0.3463;-0.2509;0.932;1.031
218.6854435;0.425;0.2907;1.3495;1.451
218.6942895;0.2296;0.2489;1.2268;1.28
218.704468;0.3386;-0.1389;0.6975;0.792
218.7264238;0.5675;0.0534;0.8969;1.067
218.727828;0.5266;0.4412;1.2386;1.422
218.7608764;0.2923;-0.2077;0.6039;0.706
218.7622747;0.3887;0.1202;1.0136;1.098
218.7631688;0.4715;0.2345;1.219;1.334
218.7651075;0.8707;0.1021;0.849;1.222
218.7746275;0.6364;-0.0344;0.296;0.701
218.7848232;-0.0005;0.596;0.7366;0.955
218.794739;0.3429;-0.1042;1.5975;1.644
218.8047778;0.6991;-0.079;1.6491;1.798
218.8244158;0.1637;0.0908;0.8868;0.913
218.8258947;0.1934;0.1838;0.9282;0.973
218.859022;0.2977;-0.0655;1.1495;1.196
218.860842;0.1369;-0.0805;1.0603;1.079
218.8617535;0.1448;0.1962;1.7735;1.798
218.869352;0.371;0.0495;1.5981;1.648
218.8749799;0.4923;0.0213;0.8678;1.002
218.8847748;0.5984;0.034;0.5804;0.836
218.8945138;0.6981;0.5923;0.9163;1.299
218.9079083;0.7797;-0.1506;1.0662;1.332
218.9447774;0.5628;-0.1121;1.0524;1.203
218.9461658;-0.2051;0.2441;1.4818;1.525
218.9481306;0.2938;0.0136;1.3108;1.35
218.9491669;0.6031;-0.103;0.9994;1.176
218.9561435;0.0811;-0.0942;0.5526;0.573
218.9677007;0.2424;0.4209;0.7445;0.895
218.9744892;0.6034;0.0264;0.9174;1.102
218.9853958;0.4732;-0.0969;0.8971;1.023
218.9945086;0.8465;0.0265;1.2257;1.493
219.0047326;0.8892;0.473;1.2504;1.609
219.0239907;0.3836;0.2524;0.9133;1.028
219.025458;0.6743;-0.1418;0.3643;0.778
219.0653642;0.7962;0.0933;0.9756;1.265
219.0669213;0.7136;0.4086;1.3198;1.56
219.067863;0.2657;0.3161;1.2895;1.361
219.0688762;0.0756;-0.3965;1.076;1.156
219.0745799;0.0388;-0.1501;1.2833;1.3
219.0848398;0.2673;0.2656;1.1181;1.187
219.0945682;0.162;0.1077;0.7228;0.755
219.1087262;0.112;-0.1744;1.0386;1.066
219.1480695;0.596;-0.293;0.9691;1.178
219.1496894;0.6767;0.6865;1.2806;1.608
219.1505277;0.458;0.0287;1.0336;1.136
219.1514876;0.8094;0.0486;0.9543;1.255
219.1549959;0.3481;-0.1226;0.886;0.965
219.1663992;0.2828;0.0996;0.886;0.942
219.1744938;0.6718;0.5257;1.4294;1.67
219.185671;0.1195;0.0464;0.6756;0.695
219.1943613;0.1195;0.0464;1.283;1.297
219.2045643;0.5453;0.1604;1.6533;1.754
219.223747;0.3016;0.3803;1.4503;1.536
219.2254811;0.2167;-0.313;0.4905;0.625
219.2649728;0.3671;0.0012;1.0622;1.13
219.2664104;0.6255;0.1493;1.3904;1.537
219.2672011;0.3538;0.4961;0.7688;0.986
219.2679196;-0.0098;-0.0676;0.7484;0.76
219.274708;0.6604;-0.2267;0.9272;1.164
219.2857318;0.6793;0.3203;1.4492;1.637
219.294518;-0.0905;0.1544;0.8079;0.836
219.3046528;0.2425;0.3981;0.8934;1.014
219.3243211;0.6826;-0.2031;1.3414;1.523
219.3259162;0.918;-0.0392;0.9013;1.289
219.3662556;0.5179;0.5821;0.6874;1.042
219.3679002;0.3235;0.1534;0.5716;0.679
219.3691556;0.4551;0.2447;1.4135;1.511
219.3701209;0.5955;-0.3938;1.674;1.825
219.3747481;0.5543;0.2134;1.0798;1.237
219.3862275;-0.2637;0.2549;0.6428;0.75
219.3946108;0.1953;0.0307;0.6586;0.694
219.4045171;0.9786;0.2515;1.1693;1.548
219.4275013;0.7262;-0.203;0.7305;1.051
219.4309625;-0.1757;0.2587;1.0828;1.136
219.4809599;-0.3433;0.0374;1.5955;1.642
219.4823189;0.545;0.1033;1.0484;1.191
219.4830002;0.5072;0.1002;0.9241;1.063
219.4852357;0.1921;-0.2201;0.1948;0.352
219.4859842;0.5055;0.5182;0.8976;1.158
219.4868326;0.9381;0.2217;1.3925;1.697
219.4950591;0.5596;0.1479;0.9069;1.08
219.5044965;0.1493;0.0131;0.9295;0.949
219.5230582;0.2941;-0.3181;0.7945;0.91
219.5249955;0.4165;0.4704;1.1681;1.332
219.5598963;0.4095;0.1997;0.7671;0.897
219.5615262;0.7222;0.1769;0.4688;0.879
219.5627136;0.3077;-0.1151;1.354;1.4
219.5713223;0.1229;-0.288;1.2505;1.296
219.574913;0.0151;0.4467;1.0974;1.193
219.5848958;0.0203;0.1051;0.7908;0.806
219.5946785;0.5515;0.0327;0.8432;1.012
219.6074096;0.7654;-0.0181;1.0445;1.298
219.6416804;0.4467;0.0004;0.4084;0.607
219.6432413;0.1551;0.4577;1.1041;1.213
219.6442069;0.4233;-0.0122;1.3269;1.399
219.6458285;0.2998;0.1226;0.4661;0.572
219.6549716;-0.0327;-0.0524;0.5285;0.541
219.6654709;0.4584;-0.0829;1.2449;1.335
219.6745589;0.7293;0.3101;1.5139;1.714
219.6842407;0.3519;0.2849;0.3802;0.594
219.6943817;0.4677;0.1958;0.0606;0.507
219.7065023;0.4264;-0.038;1.011;1.103
219.7397754;0.5956;-0.1516;1.2509;1.398
219.7413124;0.3268;0.3974;0.9211;1.061
219.7420864;0.1487;0.1245;0.4763;0.521
219.7448177;0.3722;0.1364;0.5043;0.645
219.7546677;0.3304;-0.0341;0.9879;1.048
219.7648614;0.1968;-0.0222;0.823;0.853
219.774399;0.1134;0.1755;1.3363;1.36
219.7847581;0.2121;-0.0297;1.253;1.278
219.7943824;0.3023;0.2983;0.5323;0.686
219.8060157;0.1338;-0.2767;0.3958;0.505
219.8584382;0.1066;0.045;0.8937;0.909
219.8599983;0.2786;0.3415;1.2213;1.305
219.8611993;0.4306;-0.1284;0.688;0.825
219.8622835;0.3864;-0.0366;0.4321;0.583
219.8632074;0.0087;-0.1996;1.348;1.371
219.8655208;-0.0097;0.1557;1.2606;1.279
219.8747832;-0.0035;0.1934;0.8808;0.91
219.8844083;0.2709;-0.3582;0.4144;0.613
219.8945905;0.4773;0.0972;0.6465;0.813
219.9078608;0.3246;0.041;0.7789;0.85
219.9509933;0.1587;0.3612;0.6629;0.778
219.9524517;-0.0129;-0.3282;0.8104;0.882
219.9538046;0.3745;-0.2845;0.8625;0.987
219.9553541;0.447;0.0684;0.5143;0.687
219.9563499;0.0443;-0.0349;0.7959;0.806
219.9683212;0.1112;-0.5052;0.9079;1.051
219.9849052;-0.0976;0.1763;0.8709;0.903
220.0044683;-0.2273;-0.1353;0.7222;0.778
220.0061273;0.159;-0.3125;1.0144;1.08
220.0418063;0.3133;-0.1416;0.9911;1.055
220.0432909;-0.0199;0.2038;0.8306;0.864
220.0459885;0.0299;-0.1461;0.9131;0.933
220.046917;0.1768;-0.2452;1.0049;1.056
220.0545162;0.1841;-0.3941;1.5406;1.608
220.0657454;0.3037;-0.1516;1.2158;1.269
220.0745002;-0.3066;0.1132;0.9614;1.025
220.0842235;-0.053;-0.204;0.7925;0.828
220.0945323;0.5574;-0.1286;0.893;1.064
220.1072509;0.3171;-0.3166;1.2833;1.365
220.1439477;-0.111;-0.2266;1.2133;1.248
220.1458891;-0.1325;0.0425;1.3026;1.319
220.1468201;0.3246;-0.1164;1.0784;1.138
220.1476775;0.4093;-0.1736;0.9047;1.013
220.1556935;0.3023;-0.4819;0.4563;0.731
220.1664598;0.052;0.0697;0.6129;0.627
220.1742523;0.0083;0.0175;1.5954;1.604
220.184245;0.4424;-0.5265;1.5942;1.742
220.1945563;0.1774;-0.1335;1.3106;1.337
220.2055846;-0.2427;-0.3688;0.8745;0.988
220.2465473;0.0428;-0.0092;0.7911;0.8
220.2484822;0.5481;0.1713;0.9206;1.089
220.2497741;0.6428;-0.2255;1.0912;1.29
220.2508209;0.2981;-0.3695;1.4463;1.529
220.2544964;0.0424;-0.3992;1.3577;1.423
220.2659394;-0.0701;-0.2634;0.9754;1.021
220.2745274;-0.2728;0.118;1.6255;1.662
220.2848954;0.4185;-0.1526;1.326;1.405
220.2948769;0.7319;-0.1647;0.8985;1.173
220.3068457;-0.1158;-0.4738;0.7111;0.869
220.3474309;-0.2841;-0.2011;1.1588;1.219
220.3491835;0.1397;-0.009;2.2755;2.288
220.3501877;-0.0933;-0.2821;1.6187;1.654
220.3510794;-0.2643;-0.0713;0.6136;0.682
220.3547405;0.4746;-0.3271;0.9466;1.112
220.3676825;1.1892;-0.1683;0.7737;1.428
220.3849526;-0.0987;-0.4032;0.7993;0.908
220.3944595;-0.285;-0.4455;1.5452;1.642
220.4052885;0.2981;-0.3411;1.9089;1.969
220.4420637;0.4417;-0.2051;0.6136;0.786
220.4437214;-0.1214;0.0696;0.8314;0.852
220.4454303;0.2669;-0.1639;0.8633;0.924
220.4467597;0.7461;-0.0258;0.5938;0.954
220.4543407;0.5802;-0.3429;0.5599;0.877
220.4661303;0.4528;-0.4699;0.644;0.919
220.4746084;-0.0992;-0.2002;1.5966;1.621
220.4847933;-0.0084;-0.1973;1.5224;1.543
220.4946543;0.2025;-0.1965;1.3343;1.371
220.5078;-0.1619;-0.4151;0.9026;1.014
220.5460034;0.1407;-0.1637;0.864;0.897
220.5476073;0.3731;0.1964;1.0534;1.141
220.5488481;-0.0551;-0.3177;1.1823;1.233
220.5496561;0.0558;-0.2063;1.4261;1.45
220.554423;-0.0026;-0.4268;1.2456;1.324
220.5647928;0.1257;-0.3938;0.9235;1.018
220.5746482;0.4792;0.1715;1.2095;1.318
220.5844113;0.651;-0.1032;1.0958;1.283
220.5968957;0.2158;-0.4248;0.7871;0.925
220.604545;-0.0211;-0.4631;1.2598;1.35
220.6242158;0.1443;-0.4659;1.5595;1.641
220.6265472;-0.2961;-0.0908;1.7293;1.766
220.6575791;-0.2338;-0.1269;1.6147;1.645
220.6589548;-0.0128;-0.0687;1.036;1.047
220.6598106;0.1451;-0.3728;0.5403;0.677
220.6690711;0.9408;-0.1714;0.537;1.095
220.6746841;0.1489;-0.5333;1.4069;1.518
220.6844567;0.2409;-0.4407;1.0992;1.214
220.6972161;0.0589;-0.2525;1.404;1.435
220.7043371;0.0299;-0.3897;1.189;1.259
220.7227617;-0.1502;0.0767;1.3947;1.414
220.724874;0.0501;0.0415;1.0606;1.071
220.7563755;0.4176;-0.1069;0.5936;0.737
220.7578144;0.2125;-0.396;1.3992;1.476
220.7586129;0.3042;-0.2799;1.1673;1.244
220.7674385;0.16;0.1637;1.0115;1.044
220.7742656;0.2455;-0.3292;0.9051;0.999
220.7845415;0.5094;-0.2504;0.7244;0.923
220.7958526;0.6505;-0.4602;0.9791;1.265
220.8044697;0.5365;-0.2675;0.8015;1.004
220.821387;0.0963;-0.0601;1.1014;1.115
220.824275;0.0508;-0.4136;1.4762;1.541
220.8569139;-0.2139;-0.348;1.3715;1.439
220.8582591;-0.3568;-0.3507;1.1636;1.275
220.8591016;0.1213;-0.0922;1.1715;1.189
220.8684631;-0.1681;0.1627;1.2984;1.328
220.8745799;0.2951;-0.1893;0.8044;0.883
220.8843507;0.6848;-0.2024;0.8993;1.151
220.8985123;0.1;-0.4119;1.5288;1.594
220.9050287;-0.0506;-0.1466;1.1583;1.177
220.9208897;0.1487;0.0818;1.1913;1.211
220.9250866;0.128;-0.4241;1.0013;1.101
220.9534456;0.4306;-0.2395;1.0901;1.201
220.9552106;0.2685;-0.2549;0.9857;1.059
220.9561183;-0.0205;0.0489;1.0177;1.028
220.9644224;0.3392;-0.1314;1.4593;1.51
220.9745873;0.4251;-0.422;0.738;0.954
220.984747;0.0078;-0.2601;0.6428;0.701
220.9954651;0.1005;-0.1289;1.4682;1.485
221.0043514;0.076;-0.1687;1.3353;1.356
221.0194094;0.2679;-0.2529;1.1427;1.207
221.0245525;0.4967;-0.2421;0.7143;0.906
221.053469;-0.0504;-0.1906;0.6781;0.714
221.0553436;0.2428;-0.038;1.0638;1.098
221.056362;0.3724;-0.2467;1.4667;1.539
221.0652974;0.0447;-0.6935;0.9173;1.156
221.0743469;0.2316;-0.2304;0.9625;1.023
221.0848488;0.3766;-0.2867;1.3381;1.425
221.0955933;0.134;-0.0067;1.5475;1.561
221.1049723;0.0362;-0.2918;0.8913;0.946
221.1200778;0.2253;-0.3721;0.5716;0.722
221.1248554;-0.2847;0.043;1.3007;1.342
221.1581071;0.1375;-0.2926;1.5584;1.599
221.1599028;0.3503;-0.1709;1.4961;1.552
221.1642331;-0.1764;-0.4457;1.0493;1.161
221.1657206;-0.0193;-0.2708;0.9742;1.019
221.1744814;-0.0706;-0.0044;1.4147;1.425
221.1843441;0.2391;-0.2862;1.3148;1.373
221.1955446;0.6591;-0.281;1.2402;1.436
221.204242;0.4255;-0.5372;1.1808;1.37
221.2148876;0.0255;-0.1366;1.1599;1.176
221.2242051;0.1345;0.081;1.2872;1.304
221.2357293;0.3114;-0.5454;0.7551;0.986
221.2702502;0.3088;-0.101;1.1032;1.156
221.2716379;0.0194;-0.2415;1.1959;1.228
221.2724717;0.3573;0.0831;1.0391;1.108
221.2749261;-0.0368;-0.411;1.202;1.278
221.2848567;0.2432;-0.5117;1.0821;1.227
221.2953957;0.4278;-0.053;1.2265;1.306
221.3042588;-0.2165;-0.1996;0.9772;1.029
221.3143998;0.2813;-0.0364;1.1491;1.19
221.3242656;0.4093;-0.6687;0.7337;1.076
221.3370886;0.2156;-0.1086;1.1112;1.144
221.3706759;0.3695;-0.026;1.2299;1.291
221.3720176;0.2974;-0.101;0.8947;0.954
221.3728826;0.1405;-0.2855;0.8373;0.902
221.3746213;0.412;-0.4255;1.0291;1.192
221.3843778;0.4135;0.0595;1.3221;1.393
221.3956944;-0.0088;-0.363;1.2549;1.314
221.4044643;0.1235;-0.3109;1.1964;1.249
221.4144003;-0.0282;-0.1123;1.2187;1.232
221.4244925;0.3229;0.0005;1.1923;1.242
221.4349198;0.0872;-0.3538;0.8098;0.894
221.4684941;0.0388;-0.2411;0.9313;0.97
221.4699991;0.4537;-0.1673;1.4468;1.531
221.4707829;0.2144;-0.0418;1.2151;1.242
221.4746853;0.1926;-0.35;1.0641;1.143
221.4844442;0.2562;-0.2535;0.9564;1.028
221.4943238;0.3087;-0.0665;1.1825;1.23
221.5043234;0.3833;-0.1588;0.9145;1.009
221.5168723;0.3513;-0.1984;0.53;0.669
221.524852;0.0844;-0.4308;0.893;1.001
221.5493448;-0.2016;-0.1455;1.6503;1.678
221.5507257;0.5012;-0.0705;1.1628;1.273
221.5549327;0.2464;-0.1614;0.5675;0.644
221.5653613;0.0348;-0.399;0.5001;0.646
221.5745833;0.7003;0.2077;0.7901;1.079
221.5851451;0.4261;-0.0712;0.853;0.961
221.596127;0.2425;-0.4947;0.549;0.781
221.6045285;0.3987;-0.269;0.9;1.025
221.61564;0.2117;-0.0569;1.157;1.185
221.6245607;-0.0377;-0.0421;1.1754;1.185
221.6388538;0.2624;-0.5585;1.1428;1.304
221.6761863;0.1728;-0.1664;1.2344;1.265
221.6779139;-0.172;-0.1235;1.1863;1.214
221.6790688;0.283;-0.1364;1.187;1.234
221.6801871;0.1851;-0.253;1.1468;1.196
221.6843658;0.0332;-0.3269;0.7057;0.785
221.6982286;0.3865;0.0611;1.0908;1.165
221.7054691;0.222;-0.1842;1.4799;1.515
221.7147493;0.0246;-0.3149;1.1714;1.221
221.7249193;0.4527;-0.2768;1.148;1.27
221.7385268;0.2971;-0.3066;1.0451;1.135
221.7779602;0.0265;0.1037;1.2726;1.285
221.7795054;0.3468;-0.2475;0.9662;1.061
221.7804178;0.3509;-0.2338;0.7327;0.85
221.7813868;0.0815;-0.3695;1.3221;1.382
221.7849855;0.2808;0.0349;1.0067;1.052
221.7958604;0.2502;-0.1059;1.2084;1.245
221.8051013;0.1946;-0.4825;1.0045;1.137
221.8144943;0.4378;-0.1675;1.0504;1.155
221.8243463;0.3429;-0.0553;0.9979;1.062
221.8394229;0.3141;-0.2438;0.7697;0.871
221.8788789;0.6632;-0.4217;0.5748;0.974
221.8808039;0.5328;-0.2505;1.1995;1.341
221.881815;0.0656;-0.3931;1.5321;1.59
221.8827651;-0.0761;-0.2176;1.1609;1.192
221.8847269;0.0004;-0.3075;1.2686;1.313
221.89801;-0.0687;-0.3628;1.2165;1.279
221.904506;0.1881;0.2413;1.183;1.229
221.9144861;0.3595;-0.3942;0.567;0.781
221.9243591;0.4112;-0.1468;0.801;0.917
221.9358141;0.4642;-0.3607;1.1682;1.313
221.9692708;0.1195;0.0004;1.1757;1.189
221.970592;-0.0214;-0.3644;1.2551;1.315
221.9715164;0.6204;-0.3853;1.2344;1.438
221.974778;0.4852;-0.1421;1.0628;1.182
221.9853237;0.1775;-0.0849;0.7021;0.735
221.9958288;0.6981;-0.2088;0.9279;1.183
222.0041398;0.7715;-0.5055;1.0194;1.377
222.0142252;0.3309;-0.334;1.154;1.252
222.0244487;0.2323;-0.1494;1.1572;1.196
222.0346636;0.2273;-0.2014;1.0599;1.109
222.0682863;0.3197;-0.2323;1.0404;1.119
222.0699131;0.4429;-0.2603;0.7603;0.921
222.070945;0.0734;0.0057;0.792;0.803
222.0746016;0.4823;-0.2579;1.1224;1.253
222.084415;0.6436;-0.3246;1.0811;1.303
222.0959742;-0.0821;-0.4549;0.9863;1.097
222.1044481;0.2161;0.0337;1.2834;1.309
222.1149007;0.2543;-0.1935;1.2027;1.251
222.124375;0.3712;-0.516;0.7316;0.972
222.1361376;0.447;0.0597;1.1256;1.218
222.1789916;0.2598;-0.3636;1.0517;1.148
222.180562;0.4112;-0.0789;0.955;1.048
222.1816908;0.401;-0.3027;0.9855;1.111
222.1831978;0.3776;0.0787;1.1441;1.213
222.1844245;-0.1342;-0.2245;1.049;1.09
222.1942296;0.5673;-0.2619;0.9237;1.119
222.2044462;0.3943;-0.345;0.9041;1.049
222.2200072;0.0894;-0.0432;1.2061;1.218
222.2245481;0.266;-0.2667;1.1886;1.253
222.2524731;0.3591;-0.3215;0.9199;1.043
222.2544378;0.3396;-0.4029;0.7959;0.959
222.2553374;0.4339;-0.0344;0.9637;1.063
222.2644376;0.5939;0.0803;0.8373;1.033
222.2771576;0.3876;-0.5261;0.5849;0.879
222.2844096;0.3229;-0.3141;1.074;1.17
222.2950305;0.5381;-0.2005;1.5072;1.618
222.3042397;0.1628;-0.0184;1.0992;1.119
222.3142935;0.1843;-0.229;0.635;0.705
222.3335245;0.741;-0.4181;0.4344;0.954
222.3350745;0.6919;-0.0332;1.092;1.297
222.3663245;0.3117;-0.2487;1.1981;1.269
222.3678298;0.1118;-0.1557;1.0322;1.057
222.3687118;0.1383;-0.5971;0.9772;1.159
222.3750248;0.3282;-0.0853;1.2006;1.254
222.3843493;0.2376;-0.0421;1.0408;1.075
222.394431;0.2602;-0.0906;0.8589;0.908
222.4044807;0.5062;-0.2254;0.8294;1.001
222.4160532;0.6475;-0.5041;0.8162;1.159
222.4495378;0.2005;0.058;1.4645;1.487
222.4510648;0.1339;-0.1886;1.2364;1.265
222.451909;0.4548;-0.1989;0.8083;0.952
222.4544935;0.2949;-0.4115;0.8731;1.014
222.4648799;0.5371;-0.1468;0.8739;1.04
222.4788791;0.5852;0.1495;0.8895;1.079
222.4848455;0.1722;-0.4284;1.0845;1.185
222.4943008;0.3001;-0.3018;1.2384;1.316
222.5044736;0.1112;-0.3734;1.1653;1.236
222.5159838;0.2007;-0.0983;1.1967;1.224
222.5476243;0.2522;0.1009;1.411;1.444
222.5492741;0.0226;-0.474;0.8521;0.982
222.5500693;0.516;-0.2293;0.876;1.046
222.5545238;0.8005;-0.1681;1.1601;1.423
222.5643954;0.4605;-0.0398;0.8692;0.989
222.5759073;0.2829;-0.2009;0.8593;0.932
222.584499;0.4356;-0.4316;0.7095;0.941
222.5946385;0.4025;-0.2358;1.0873;1.188
222.6044953;0.4588;-0.2172;1.1579;1.269
222.6158466;0.4184;0.0894;0.8805;0.984
222.6482467;0.3698;-0.4972;0.6895;0.93
222.6496985;0.4029;-0.2801;0.9312;1.057
222.6504276;0.2419;0.0463;1.0515;1.087
222.6546001;0.1269;-0.2041;0.8745;0.914
222.6643998;0.3169;-0.005;1.0766;1.129
222.6786014;0.5768;-0.5713;0.8491;1.177
222.6842496;0.8475;-0.181;0.9775;1.308
222.6954589;0.4561;-0.0892;1.0949;1.195
222.7045218;0.3354;-0.1858;0.8634;0.95
222.7145437;0.651;-0.3181;1.0208;1.255
222.7348616;0.5119;-0.4261;0.8853;1.111
222.7362748;0.031;-0.0525;0.9354;0.945
222.7684887;0.2097;-0.0545;1.4494;1.473
222.769961;0.0492;-0.0861;0.9201;0.933
222.7707251;0.0738;-0.3103;0.7931;0.861
222.7800503;0.417;-0.2101;0.9689;1.08
222.7851045;0.4259;0.1958;1.0667;1.171
222.7946912;0.4988;-0.2311;1.0274;1.17
222.8049741;0.6819;-0.2141;0.6919;0.996
222.8164933;0.4065;-0.4131;0.7652;0.963
222.8481738;0.2155;-0.2237;0.7559;0.823
222.8496773;0.391;0.2394;1.1881;1.28
222.8504471;0.4604;-0.3384;0.9213;1.088
222.8546646;0.683;-0.179;0.8923;1.14
222.8645341;0.4278;-0.356;0.9421;1.098
222.8785673;0.1308;0.0708;0.8267;0.847
222.8842719;0.1244;-0.0007;1.2327;1.247
222.8949101;0.4915;-0.3248;0.9309;1.106
222.9043994;0.1219;-0.379;1.0645;1.143
222.9181465;0.3437;0.042;1.1868;1.243
222.9507263;0.4395;-0.0287;1.039;1.134
222.9521635;0.5094;-0.4306;0.4432;0.801
222.9534764;0.3572;-0.1311;0.6186;0.73
222.9547003;0.3663;-0.0811;0.9141;0.993
222.9643478;0.6781;0.1932;0.8388;1.099
222.975211;0.2084;-0.145;1.0224;1.06
222.9842056;0.2843;-0.5105;0.4435;0.735
222.9953163;0.238;-0.005;1.1212;1.153
223.0043429;0.3029;-0.1633;1.1346;1.192
223.0194631;0.5181;0.1776;0.9625;1.112
223.0588661;0.2981;-0.3046;0.6478;0.779
223.0603591;0.4165;-0.2981;0.3644;0.629
223.0613742;0.3701;0.0672;1.1785;1.243
223.062214;0.5088;-0.1137;0.9538;1.091
223.0643474;0.3397;0.1597;0.6718;0.774
223.0780874;0.0981;-0.4347;0.6801;0.818
223.0851783;0.4432;-0.2233;0.9361;1.064
223.0946488;0.3505;0.0266;1.2939;1.347
223.1047376;0.0931;0.0329;0.9215;0.934
223.1234525;0.1191;-0.054;0.7901;0.808
223.1254242;0.176;-0.4741;0.6244;0.808
223.1344403;0.3585;0.032;1.1592;1.22
223.1567799;0.1474;0.0689;1.318;1.336
223.1583496;0.0939;-0.0613;0.7746;0.79
223.1645042;0.2662;-0.3489;0.6251;0.768
223.1756253;0.4248;-0.219;0.9171;1.039
223.1843269;0.4277;0.2612;1.2322;1.336
223.1947544;0.0153;-0.0683;1.0952;1.105
223.2045458;0.2878;-0.1948;0.8499;0.924
223.2152097;0.1621;-0.2821;1.0324;1.089
223.2456961;0.1918;-0.1108;0.9868;1.018
223.2468125;0.138;0.1851;1.4068;1.433
223.2474688;-0.0726;-0.2272;1.1173;1.151
223.2542818;0.3908;-0.1561;0.7105;0.83
223.2642978;0.4152;-0.2508;0.6862;0.844
223.2754061;0.2866;0.1401;0.828;0.893
223.2846714;0.4454;0.1527;1.2552;1.347
223.2944098;0.3131;-0.3037;0.7474;0.87
223.3043319;0.1951;-0.1087;0.6861;0.728
223.3142838;0.4444;-0.2521;1.1173;1.234
223.3318907;0.4251;0.1611;1.0353;1.136
223.3345049;0.0746;0.1653;0.8837;0.91
223.3606704;0.3338;-0.3749;0.6456;0.821
223.3618311;0.3575;0.006;1.2144;1.272
223.3641516;0.266;-0.1222;0.9564;1.006
223.3741558;0.4774;0.3463;0.974;1.144
223.3843279;0.1229;-0.3221;0.9127;0.982
223.3947081;0.3722;-0.3258;0.6009;0.781
223.4042806;0.5192;0.3125;0.9756;1.153
223.4142923;0.3012;0.0114;0.8253;0.884
223.4549156;0.2326;-0.1076;1.0376;1.075
223.4588482;0.0121;-0.4114;0.9472;1.04
223.4595901;0.0558;0.1524;1.2701;1.289
223.4603613;-0.071;0.0071;1.3003;1.311
223.4642181;-0.0388;-0.1814;0.846;0.874
223.4742406;0.098;-0.1758;0.7049;0.74
223.485039;0.409;0.2328;1.2111;1.305
223.4947015;0.0755;-0.0865;0.9795;0.994
223.5047306;0.1549;-0.2294;0.6997;0.759
223.5149571;0.3433;-0.0191;1.2033;1.258
223.5449367;-0.0983;-0.1284;1.1622;1.182
223.5462421;0.2344;0.2582;1.0767;1.139
223.5470998;0.3156;-0.1385;1.0045;1.068
223.5541921;0.1388;-0.2161;0.8052;0.852
223.5648667;0.1316;-0.0086;1.3491;1.363
223.5745881;0.1921;-0.018;1.2323;1.255
223.5843435;0.1236;0.2404;0.9629;1.008
223.5945506;0.2437;-0.2487;0.7722;0.852
223.6042631;0.5961;-0.0398;0.3599;0.697
223.6145012;0.3304;0.0781;0.9718;1.035
223.6449683;0.374;0.038;1.0669;1.137
223.6464641;0.4372;0.182;1.0501;1.157
223.6473839;0.3464;-0.3492;0.6613;0.828
223.6543638;0.113;0.1027;1.0485;1.067
223.6642948;-0.1176;0.0541;1.1566;1.173
223.6743676;0.2741;-0.1014;1.6588;1.691
223.6843321;0.2442;-0.4262;0.9519;1.077
223.6943942;-0.1309;0.3111;1.0051;1.069
223.7043469;-0.2641;-0.0944;0.9208;0.972
223.718426;0.4184;-0.0695;0.999;1.091
223.743048;0.3116;0.1429;0.5759;0.675
223.7450991;-0.117;0.3236;0.7181;0.805
223.7543063;0.1714;-0.4376;1.2922;1.382
223.7645126;0.5095;-0.0424;1.5433;1.632
223.7745202;-0.1098;-0.1303;0.7804;0.807
223.7842394;-0.1746;0.2777;0.6493;0.737
223.7943371;0.2829;-0.0519;1.6424;1.674
223.8044539;0.5568;-0.2129;0.8642;1.053
223.8145172;0.2474;0.1726;0.6444;0.717
223.8461118;-0.0708;-0.1454;1.2224;1.241
223.8473405;0.0942;0.2068;1.3665;1.393
223.8486888;0.4593;-0.0172;1.0194;1.123
223.8544325;1.1399;-0.0817;0.4614;1.23
223.8643879;0.3691;0.1592;1.0054;1.089
223.8743953;-0.1865;0.0268;0.8937;0.923
223.8841866;0.4989;0.1302;1.0876;1.209
223.8943377;0.6404;-0.1814;0.9789;1.187
223.9044072;-0.14;0.0042;0.914;0.934
223.9151441;-0.5216;-0.0985;1.3689;1.478
223.9482471;0.0777;0.0348;1.1847;1.196
223.9497581;0.0766;-0.2533;0.9781;1.02
223.950558;0.1529;-0.0746;0.795;0.82
223.9597574;0.183;0.2792;1.0013;1.063
223.9644649;0.2933;-0.1082;0.9379;0.995
223.9742612;0.6241;0.0243;0.7346;0.967
223.9842623;0.3806;-0.2465;0.7721;0.9
223.9942889;0.4213;0.2792;0.8352;0.981
224.0050499;0.2908;0.1241;1.133;1.183
224.0152545;0.3271;-0.1749;0.9219;0.999
224.0458752;0.311;-0.0191;0.9188;0.976
224.047093;0.0009;-0.1818;1.0578;1.081
224.0477928;0.2005;0.2325;1.2116;1.257
224.0544307;0.181;-0.1948;1.1531;1.19
224.064357;0.2989;-0.205;0.4653;0.593
224.0751314;-0.0216;0.0677;0.7666;0.778
224.0843225;0.1534;-0.1042;1.2174;1.239
224.0941706;0.3943;-0.0296;1.0976;1.172
224.114562;0.0667;-0.4592;0.7029;0.848
224.1158066;0.0197;0.1229;1.2799;1.294
224.1501511;0.0169;-0.0417;1.3605;1.369
224.1516726;0.3214;0.0346;0.8869;0.95
224.152955;0.3061;-0.1781;0.6575;0.751
224.1574349;0.1775;-0.1449;1.0211;1.053
224.1644557;0.317;0.2593;1.3688;1.436
224.1742554;0.2183;-0.1;1.0666;1.1
224.1840848;0.34;-0.1101;0.8614;0.938
224.1942735;0.1285;-0.2351;1.1457;1.184
224.2146496;0.2761;0.1506;0.9094;0.969
224.2161611;0.4774;0.1443;0.786;0.935
224.2525655;0.58;-0.2921;0.48;0.808
224.2539814;0.1797;0.0402;0.9713;0.996
224.2550664;-0.1948;-0.1189;1.245;1.275
224.2559421;0.132;0.1;1.3843;1.402
224.2643171;-0.0271;-0.4896;0.8184;0.96
224.2743667;0.0321;-0.0559;1.0401;1.05
224.2842651;0.3373;0.0688;1.2585;1.311
224.2943444;0.5012;-0.0368;0.6736;0.843
224.3150337;0.4759;-0.2669;0.6118;0.822
224.316156;0.3994;-0.2741;0.9169;1.042
224.3453124;0.318;0.2792;1.0647;1.152
224.3473476;0.0867;-0.1073;0.8094;0.828
224.3481407;0.3739;-0.2198;0.8353;0.946
224.3564246;0.3316;-0.2656;1.2966;1.371
224.364218;0.191;0.2064;0.9141;0.963
224.3743023;0.087;0.0486;0.722;0.736
224.3841432;0.2843;-0.4289;1.0457;1.171
224.3943693;-0.1948;0.0432;1.0695;1.097
224.4142628;0.0851;-0.0285;1.1352;1.147
224.4154293;0.1559;-0.5091;1.0057;1.144
224.4435528;0.0811;-0.0269;1.1976;1.208
224.4451313;-0.074;0.1069;0.9026;0.921
224.4458807;0.2323;-0.1292;0.8268;0.875
224.4582064;0.3071;-0.3392;1.2296;1.318
224.4641473;0.1604;0.032;1.1197;1.139
224.4744474;-0.0719;0.1252;0.8571;0.878
224.4841832;0.0075;-0.3026;1.0125;1.064
224.4940616;0.0623;-0.2156;1.4074;1.433
224.5138151;-0.1565;-0.0192;1.2128;1.232
224.515373;0.0685;0.1294;1.0636;1.082
224.5426409;0.1559;-0.4262;0.6746;0.818
224.544836;0.328;0.1114;1.023;1.086
224.5456861;0.29;0.0359;1.1279;1.172
224.5555934;0.0415;-0.1924;0.8765;0.906
224.5643678;-0.1672;-0.3181;0.8777;0.957
224.5744648;0.0363;0.073;1.2326;1.243
224.584405;-0.0016;0.0458;1.1146;1.124
224.5943036;0.1502;-0.2899;0.6927;0.771
224.6122238;0.2585;0.0024;0.9123;0.955
224.6147455;-0.1057;0.028;1.1538;1.168
224.6414326;0.0804;-0.1356;1.0428;1.062
224.642756;0.1235;-0.3109;0.957;1.02
224.6452125;0.0205;0.0795;1.3825;1.393
224.6551809;-0.2918;-0.093;1.1411;1.191
224.6644321;-0.1358;-0.1533;1.1286;1.156
224.6745526;-0.0503;-0.1812;1.0638;1.088
224.6844618;-0.1063;0.1659;0.9836;1.012
224.6944577;0.0897;-0.2662;0.8391;0.892
224.710946;0.3595;0.0197;1.383;1.436
224.7150792;0.0151;-0.1096;1.1931;1.206
224.7380681;-0.0088;-0.0244;0.7563;0.765
224.739252;0.1697;-0.1838;0.88;0.921
224.7444188;0.1902;0.0912;1.3437;1.368
224.7543977;0.0255;-0.198;0.8208;0.852
224.7642509;-0.1338;0.0243;0.8147;0.835
224.7744438;-0.3702;-0.0507;1.1231;1.193
224.7843797;0.0952;-0.1482;1.2822;1.302
224.7946107;0.0302;-0.1619;1.0344;1.055
224.8074097;-0.4481;0.0572;1.082;1.182
224.8291846;0.3842;-0.3042;1.0187;1.135
224.8343647;0.154;0.0539;0.9847;1.005
224.8615724;0.0645;0.1022;0.9846;1.0
224.8633539;0.3443;-0.3365;0.9687;1.087
224.8648423;0.0247;-0.1063;1.1877;1.201
224.8743731;-0.145;0.1041;1.387;1.407
224.8846811;-0.1698;-0.3143;1.2543;1.313
224.8942888;-0.3393;-0.0608;1.12;1.181
224.906932;-0.1945;0.0997;1.0357;1.068
224.9146724;0.2447;-0.2253;1.0396;1.098
224.9297235;0.1616;-0.0142;0.8295;0.852
224.934505;-0.1016;0.0639;0.7976;0.816
224.958592;0.1521;-0.2491;0.8733;0.927
224.9604278;0.2277;0.0485;0.9195;0.955
224.9644731;-0.1048;-0.054;0.9056;0.922
224.9745441;0.1305;-0.2066;0.7876;0.831
224.984124;0.0303;0.1212;0.9988;1.015
224.9942438;-0.2052;-0.2614;0.6473;0.736
225.0050126;0.1336;0.0392;1.047;1.064
225.0144361;0.0134;-0.2371;1.2064;1.237
225.0285203;0.1659;0.0844;0.9739;0.999
225.034369;-0.0362;-0.1562;0.3947;0.434
225.057912;0.0898;-0.0224;1.176;1.187
225.0594231;0.1147;-0.0977;1.2834;1.3
225.0644039;-0.0843;-0.0151;0.8858;0.899
225.0742339;-0.134;-0.1965;1.1438;1.177
225.0843278;0.0376;-0.0216;1.214;1.223
225.094296;-0.1032;-0.2675;1.2218;1.263
225.1046859;0.0066;-0.0189;1.12;1.128
225.1146623;-0.1917;-0.017;1.1124;1.138
225.1247258;0.1615;0.2124;1.2812;1.316
225.1346881;-0.0184;-0.285;1.1086;1.152
225.1480895;-0.2439;-0.0271;0.848;0.892
225.1888345;-0.1687;-0.1597;1.1491;1.181
225.1902472;-0.1277;0.0716;0.8644;0.886
225.191122;-0.1065;-0.2643;1.0149;1.062
225.1947439;0.1272;0.0599;0.9517;0.97
225.2050655;-0.299;-0.1427;0.9998;1.063
225.2144965;-0.2235;-0.1093;0.8725;0.916
225.2250491;-0.1369;-0.1488;1.2967;1.321
225.2346411;-0.0844;-0.2195;1.1688;1.2
225.2485353;-0.1309;-0.0133;1.2348;1.251
225.2876726;-0.2857;-0.338;1.2127;1.3
225.2893785;-0.0706;0.0908;1.2278;1.242
225.2902537;-0.0496;-0.3684;0.8002;0.889
225.2912375;0.1786;0.0943;0.8389;0.87
225.2945673;0.1109;-0.22;1.0504;1.086
225.3045689;0.0959;-0.0253;0.7581;0.772
225.3144215;-0.0161;-0.0286;0.754;0.763
225.324551;0.0633;-0.1505;1.0248;1.045
225.3345085;0.1021;-0.0322;1.2728;1.285
225.3484721;-0.3672;-0.2461;1.1358;1.228
225.3855316;-0.1766;0.0149;1.1363;1.159
225.387127;-0.3172;-0.3215;1.3891;1.469
225.3882086;-0.1452;-0.0555;1.2612;1.28
225.3893318;-0.252;-0.2263;1.2231;1.278
225.3946834;-0.3163;-0.2049;1.0536;1.128
225.4045041;-0.0447;-0.1094;1.2211;1.235
225.4145033;0.0359;-0.1229;1.1621;1.177
225.4276603;0.1135;0.0469;0.9662;0.982
225.434639;-0.0779;-0.2263;1.2013;1.233
225.4579249;-0.101;-0.0687;0.8627;0.88
225.4593032;0.1098;-0.1614;1.2927;1.315
225.4644774;0.0107;-0.0586;1.1743;1.184
225.4744418;-0.3393;-0.2741;1.0497;1.146
225.4847789;-0.0038;-0.0641;1.2268;1.237
225.4948797;0.0055;-0.1939;1.3428;1.365
225.5045274;-0.183;-0.2172;0.8611;0.915
225.5145722;-0.0729;-0.0485;1.2586;1.27
225.5292976;-0.0668;-0.1361;1.0126;1.032
225.5345886;-0.1331;-0.1626;1.2751;1.301
225.5583437;-0.0667;-0.085;0.8811;0.896
225.5598065;-0.1746;-0.173;1.1582;1.193
225.5645113;-0.0908;-0.155;1.0771;1.1
225.5747116;0.0115;-0.039;1.2292;1.238
225.5844322;-0.2698;-0.15;0.8351;0.9
225.5945899;-0.1565;-0.213;1.2292;1.266
225.6044867;0.1137;-0.1561;0.996;1.022
225.6144788;-0.0934;-0.2166;1.1019;1.135
225.6265121;-0.0222;-0.2127;0.9977;1.028
225.63574;-0.0922;-0.1687;1.2036;1.227
225.6567929;-0.1385;-0.1424;1.1598;1.185
225.6582509;-0.135;-0.2642;1.1983;1.243
225.6643637;-0.0876;-0.0618;1.2393;1.253
225.6745964;-0.2253;-0.2145;1.2195;1.267
225.6847273;-0.0781;-0.1445;1.1676;1.187
225.6948611;-0.2128;-0.1412;1.1505;1.187
225.7049853;-0.0915;-0.205;1.2234;1.252
225.714639;-0.0368;-0.1267;1.2796;1.295
225.7245027;-0.2255;-0.2772;1.2669;1.325
225.7345871;-0.1487;-0.1255;0.8667;0.897
225.7443576;0.0693;-0.1735;1.4492;1.469
225.7785196;-0.0699;-0.2009;1.069;1.098
225.7803685;-0.1645;-0.214;0.9875;1.032
225.7815473;-0.1902;-0.1836;1.1951;1.233
225.7892205;-0.0825;-0.279;1.4235;1.461
225.7946384;-0.0585;-0.1538;1.2624;1.281
225.8044582;-0.2358;-0.2242;1.1846;1.237
225.8150034;-0.1831;-0.1479;1.5127;1.54
225.827804;-0.2051;-0.2009;1.327;1.366
225.8356082;0.0079;-0.1419;1.3459;1.361
225.8607516;-0.1496;-0.175;1.0934;1.126
225.8625005;-0.1156;-0.1531;1.0873;1.113
225.8649439;0.0216;-0.2614;1.3136;1.347
225.8748015;0.0249;-0.1634;1.002;1.023
225.8845661;-0.0138;-0.2132;0.9838;1.015
225.8943689;0.2552;-0.2735;1.0107;1.084
225.906402;0.1083;-0.1956;1.0539;1.085
225.9144121;0.1178;-0.227;0.9753;1.015
225.924945;-0.0103;-0.1656;0.8469;0.871
225.9348093;0.0431;-0.1864;1.221;1.244
225.9449966;-0.0144;-0.2143;0.9064;0.939
225.9789619;0.0279;-0.1081;1.1615;1.175
225.9803999;-0.0489;-0.2359;0.8741;0.915
225.9815633;0.0557;-0.1438;1.0166;1.036
225.9845033;0.1384;-0.2069;0.8544;0.897
225.994503;0.1879;-0.2695;1.0633;1.119
226.0050216;0.1626;-0.1454;0.8942;0.927
226.0147191;-0.2224;-0.2996;0.9636;1.042
226.0276686;0.1136;-0.2156;1.4135;1.442
226.0593613;-0.1157;-0.1741;0.9508;0.982
226.0608674;-0.1695;-0.2915;1.0967;1.156
226.0617454;0.1098;-0.2647;1.1717;1.213
226.0645376;-0.1408;-0.3067;1.2453;1.298
226.0743845;-0.023;-0.2796;1.0561;1.1
226.0843543;-0.0787;-0.2481;1.0158;1.057
226.0950438;-0.0755;-0.2502;1.2494;1.285
226.1043348;0.0765;-0.1579;0.912;0.936
226.1143858;0.0509;-0.2415;1.3474;1.377
226.1287173;-0.0478;-0.2535;1.1109;1.148
226.1585705;-0.0117;-0.2199;1.0633;1.094
226.1600507;-0.0501;-0.2663;1.3244;1.36
226.1610611;-0.1032;-0.1269;1.3419;1.36
226.1648731;0.027;-0.3522;1.3512;1.404
226.1746351;-0.3479;-0.2957;1.1959;1.289
226.1863955;-0.048;-0.2472;1.5382;1.567
226.1943266;-0.1009;-0.2557;1.4242;1.459
226.2057275;-0.2801;-0.3051;1.425;1.493
226.2144679;0.022;-0.203;1.1898;1.215
226.2246908;-0.0887;-0.2129;1.1459;1.177
226.2448064;0.1124;-0.2794;1.4945;1.532
226.2475669;0.0446;-0.2028;1.2869;1.311
226.294756;-0.2475;-0.3419;1.0629;1.152
226.2962511;0.0154;-0.1763;1.0512;1.074
226.2975745;0.2063;-0.3044;1.4522;1.505
226.2986393;-0.1258;-0.2962;0.9907;1.05
226.2998843;-0.0061;-0.2758;0.973;1.019
226.3055195;-0.0077;-0.2246;1.0221;1.054
226.3145051;-0.0474;-0.237;0.9962;1.033
226.3248251;0.2691;-0.2327;1.3122;1.366
226.3442514;-0.0759;-0.2089;0.7898;0.829
226.3457233;-0.1325;-0.2183;1.1086;1.146
226.3786149;0.1854;-0.2112;1.0915;1.134
226.380037;-0.0299;-0.268;1.1942;1.232
226.3810295;-0.0175;-0.2591;0.9645;1.006
226.3850555;0.009;-0.3341;1.0175;1.078
226.3944531;0.0451;-0.3594;1.0515;1.119
226.4052185;0.1468;-0.2712;1.0723;1.123
226.4143143;0.1044;-0.3632;1.0162;1.091
226.4249897;-0.049;-0.2693;0.7829;0.837
226.4436919;0.2064;-0.2443;1.1963;1.245
226.4455876;0.1244;-0.2533;0.9855;1.032
226.474017;0.0406;-0.2822;1.1025;1.146
226.4757718;0.028;-0.2762;1.029;1.073
226.4765529;-0.069;-0.3139;1.0239;1.081
226.4853064;0.151;-0.3116;1.1153;1.175
226.4944386;0.0487;-0.3108;1.0926;1.144
226.5044117;-0.0053;-0.3916;1.2069;1.276
226.5143106;-0.076;-0.2521;0.91;0.955
226.5278335;0.087;-0.2954;1.3483;1.39
226.5605589;-0.0443;-0.2323;1.2371;1.268
226.5624799;-0.0054;-0.2296;1.1479;1.179
226.5635349;0.021;-0.1746;0.9811;1.004
226.5649714;0.0309;-0.2954;1.3232;1.364
226.5743843;0.0551;-0.316;1.1974;1.247
226.5857389;-0.0474;-0.2005;1.0792;1.107
226.5944278;-0.0401;-0.3214;1.3724;1.418
226.6053178;-0.0374;-0.3038;1.2111;1.257
226.6149833;0.0246;-0.337;1.0192;1.081
226.6292143;-0.0149;-0.3453;1.3716;1.422
226.6353419;0.0627;-0.3176;1.0261;1.083
226.6625863;0.0247;-0.2195;0.9394;0.973
226.6644478;0.178;-0.3792;1.2244;1.301
226.666201;0.1502;-0.2846;0.9693;1.028
226.6747266;0.1818;-0.2745;1.0592;1.116
226.6855639;0.0118;-0.3491;0.9723;1.04
226.6942702;0.1875;-0.2497;1.1659;1.214
226.7044184;-0.0203;-0.2232;0.9009;0.936
226.7146369;0.0518;-0.3088;1.0739;1.126
226.7269955;0.1671;-0.2107;1.0349;1.076
226.754616;-0.1182;-0.3832;1.0158;1.1
226.756071;0.0862;-0.2452;0.9993;1.04
226.7572729;0.1653;-0.2816;1.0093;1.067
226.7642883;-0.0901;-0.3671;0.9678;1.047
226.7747081;0.2284;-0.1935;0.898;0.953
226.785293;0.2211;-0.3445;1.0998;1.18
226.7943808;0.0032;-0.281;0.903;0.953
226.8043586;0.2178;-0.2489;1.1866;1.238
226.8147698;-0.0005;-0.312;0.8921;0.952
226.8273255;-0.054;-0.3079;1.1428;1.193
226.8577231;0.1242;-0.241;1.0672;1.108
226.859051;-0.0597;-0.3247;0.9874;1.049
226.859875;0.0871;-0.3356;1.1255;1.185
226.8644173;0.0371;-0.2427;0.991;1.028
226.8744326;0.0486;-0.3458;1.1036;1.165
226.8869543;0.0202;-0.2806;0.9773;1.024
226.8947496;0.1675;-0.2277;1.2028;1.242
226.9047543;0.0409;-0.2325;0.8954;0.933
226.9157116;0.1546;-0.3167;1.1677;1.227
226.9258774;0.0817;-0.2855;0.9911;1.042
226.9530046;0.0987;-0.3059;1.0353;1.091
226.9546303;0.0209;-0.3072;1.041;1.093
226.9554524;0.1258;-0.304;1.2949;1.343
226.965046;0.0486;-0.3351;1.0634;1.123
226.9746786;-0.0952;-0.3022;0.9872;1.045
226.9844201;0.0958;-0.3208;1.3485;1.397
226.99453;0.0825;-0.2779;0.9932;1.042
227.0042511;0.0392;-0.3133;1.2244;1.272
227.0147043;0.1815;-0.237;0.9889;1.039
227.0254435;0.0754;-0.3034;0.8509;0.913
227.051224;0.2763;-0.3046;1.0697;1.152
227.052675;0.1129;-0.2508;1.0387;1.082
227.0545673;0.0337;-0.3176;0.9235;0.984
227.0644723;-0.0127;-0.284;0.8318;0.886
227.0741956;0.2314;-0.3242;1.2685;1.336
227.0869754;0.0617;-0.2537;0.8301;0.877
227.0945449;-0.0812;-0.3376;0.884;0.957
227.1043547;0.1445;-0.3407;1.0225;1.094
227.1147995;0.0551;-0.2301;1.0901;1.123
227.1270549;0.0529;-0.3481;0.9689;1.038
227.1587662;0.0761;-0.206;0.9252;0.958
227.160247;0.1204;-0.2752;1.1952;1.239
227.1613301;-0.0104;-0.2695;0.9028;0.95
227.1644756;0.2529;-0.2472;1.2576;1.313
227.1745312;0.0125;-0.248;0.9984;1.036
227.186474;0.0993;-0.2778;1.0888;1.135
227.1946269;0.2216;-0.2934;1.0336;1.103
227.2044993;0.0115;-0.2714;1.0784;1.12
227.2147344;0.0326;-0.3259;0.9706;1.031
227.2251672;0.1719;-0.2421;1.2384;1.28
227.2558315;0.0865;-0.3051;1.156;1.206
227.2574251;-0.0487;-0.2768;0.8964;0.947
227.2582705;0.1769;-0.2593;1.2838;1.329
227.2642712;0.0651;-0.2929;0.8511;0.909
227.2746635;0.0145;-0.2685;1.1407;1.18
227.2859503;0.1973;-0.2216;1.1468;1.191
227.2942952;-0.0171;-0.3695;1.0749;1.144
227.3043346;-0.0122;-0.2447;0.9637;1.002
227.3145144;0.2121;-0.2555;1.1446;1.198
227.3273503;0.0437;-0.3271;1.0376;1.096
227.3585971;0.0676;-0.1975;1.0476;1.076
227.36007;0.011;-0.2857;0.9786;1.027
227.3614392;0.2062;-0.2663;1.1082;1.165
227.3647252;0.1042;-0.3131;0.8824;0.949
227.3749205;-0.0834;-0.266;1.0522;1.097
227.3859869;0.0388;-0.2806;1.0238;1.07
227.3943307;0.0333;-0.3623;1.2713;1.33
227.4042881;-0.0553;-0.2538;0.9797;1.022
227.4159382;0.0308;-0.3435;1.1313;1.19
227.4281015;0.1215;-0.2665;1.2317;1.273
227.4594987;0.0439;-0.3285;0.9812;1.043
227.4610379;0.2154;-0.2977;1.0225;1.093
227.4618771;0.1477;-0.2372;0.9924;1.038
227.4648845;0.012;-0.3137;1.1984;1.246
227.4750854;0.1489;-0.2299;1.0809;1.122
227.4852393;-0.0679;-0.3795;1.2233;1.29
227.4944511;-0.0707;-0.2761;1.149;1.192
227.5045025;0.1437;-0.3103;1.301;1.352
227.5149091;-0.0303;-0.2687;0.9229;0.969
227.5279281;0.0355;-0.3654;1.1262;1.192
227.5615316;0.2515;-0.2612;0.9936;1.064
227.5631848;0.1357;-0.386;1.0287;1.114
227.5648077;0.1093;-0.3479;0.9222;0.998
227.5658963;0.1816;-0.2228;1.1132;1.157
227.5746643;0.0309;-0.3378;0.9791;1.043
227.5851375;0.0384;-0.3115;0.9983;1.054
227.5945799;0.1324;-0.2703;1.2955;1.337
227.6048888;-0.0906;-0.3398;0.9475;1.018
227.6147548;-0.034;-0.3558;1.2334;1.292
227.6268365;0.2119;-0.3555;1.038;1.124
227.6531549;0.0827;-0.4251;1.0836;1.174
227.6549742;0.1198;-0.3726;0.8682;0.959
227.6557956;0.1415;-0.2543;1.0195;1.067
227.6672781;0.0045;-0.3997;1.0192;1.102
227.6743118;0.145;-0.2336;1.0294;1.072
227.6859822;0.0358;-0.3481;0.9927;1.06
227.6944923;0.0158;-0.3474;0.9631;1.031
227.7048949;0.1812;-0.2437;1.1375;1.184
227.7146955;0.0155;-0.3665;0.7401;0.833
227.7257236;0.2001;-0.3098;0.9947;1.067
227.7556204;0.2217;-0.2962;0.8964;0.976
227.7572485;0.1836;-0.4124;0.9281;1.038
227.7580714;0.1606;-0.2094;0.7793;0.829
227.7688337;0.2467;-0.3789;1.0453;1.145
227.7746822;0.2172;-0.2731;0.8302;0.906
227.7849996;0.1807;-0.3263;0.9292;1.007
227.7944331;0.1539;-0.3259;0.9839;1.054
227.8048878;0.0473;-0.3108;0.9516;1.009
227.8271623;0.0577;-0.3595;1.0321;1.101
227.8290256;0.0149;-0.3316;0.9439;1.008
227.8665669;0.258;-0.3607;1.1274;1.217
227.8680326;0.0241;-0.3693;0.6924;0.791
227.8691877;0.2358;-0.3104;1.104;1.177
227.8700641;0.2253;-0.2144;0.8981;0.956
227.8749558;0.02;-0.34;0.8936;0.963
227.8844523;0.3296;-0.2559;0.9888;1.079
227.8946147;0.0985;-0.2311;0.9368;0.977
227.9045508;0.0266;-0.3509;0.9491;1.019
227.9248897;0.237;-0.2525;0.8692;0.941
227.9262062;0.198;-0.3552;1.0719;1.153
227.9570354;0.0496;-0.3762;0.6896;0.793
227.95839;0.4313;-0.3371;1.047;1.186
227.9593036;0.1496;-0.4003;0.774;0.89
227.9674086;0.1182;-0.3663;1.0404;1.116
227.9747633;0.3828;-0.2839;0.9855;1.1
227.9848696;-0.0149;-0.3128;0.9983;1.054
227.9943806;0.1919;-0.3429;1.0925;1.167
228.0045039;0.3194;-0.1491;1.0541;1.117
228.0256677;0.047;-0.3292;0.9519;1.015
228.027043;0.2359;-0.2144;0.9721;1.029
228.0550418;0.3688;-0.2393;1.0535;1.147
228.0564991;0.2047;-0.2446;0.6991;0.774
228.0575078;0.2778;-0.2778;1.0118;1.091
228.0666773;0.332;-0.2322;0.8406;0.938
228.0753908;0.232;-0.2376;0.9748;1.036
228.0849558;0.232;-0.2376;0.9748;1.036
228.0945045;0.2136;-0.1921;0.9245;0.974
228.1044491;0.1174;-0.2824;1.1449;1.192
228.1239965;0.2899;-0.2576;1.0184;1.096
228.1259028;0.116;-0.2779;0.6771;0.747
228.1556037;0.4002;-0.2734;1.2349;1.332
228.1573263;0.2778;-0.2117;0.6697;0.76
228.1582591;0.1936;-0.2405;0.7878;0.852
228.1687732;0.337;-0.2373;1.0625;1.145
228.1752042;0.1378;-0.2788;0.9569;1.013
228.1845128;0.1608;-0.2238;0.9471;0.993
228.1947822;0.0955;-0.3259;1.057;1.117
228.2047412;0.2316;-0.2393;0.9244;0.989
228.2254907;0.1801;-0.2116;0.7231;0.781
228.2270859;0.3105;-0.2797;1.188;1.265
228.2643447;0.2733;-0.1809;0.7694;0.842
228.2663114;0.1793;-0.363;0.808;0.909
228.2673451;0.3949;-0.1813;0.849;0.958
228.2682548;0.1711;-0.2641;1.0122;1.067
228.2744783;0.1659;-0.267;0.8651;0.927
228.2844923;0.2821;-0.1579;0.8112;0.879
228.2946556;0.1775;-0.3414;1.0023;1.08
228.3048151;0.1659;-0.2121;0.7613;0.814
228.3280699;0.3473;-0.2433;1.1068;1.191
228.3298193;0.1394;-0.3192;0.832;0.908
228.3347974;0.2216;-0.2444;1.0062;1.065
228.3447896;0.1399;-0.2213;0.8627;0.908
228.3619506;0.2999;-0.1928;1.0049;1.072
228.3724685;0.3999;-0.1627;0.8396;0.949
228.3748286;0.1965;-0.1669;0.8006;0.847
228.3862655;0.376;-0.1011;0.892;0.978
228.3944932;0.3216;-0.1857;0.8584;0.941
228.4043156;0.3153;-0.1912;1.216;1.277
228.4233673;0.2555;-0.1506;0.7586;0.82
228.4255161;0.1856;-0.3303;1.0752;1.146
228.4519743;0.2217;-0.1981;1.0557;1.103
228.4537445;0.2405;-0.2663;1.0492;1.115
228.4548937;0.2372;-0.1744;1.0035;1.052
228.4653749;0.1406;-0.1891;0.9274;0.964
228.4742238;0.317;-0.1268;1.0083;1.07
228.4844264;0.3465;-0.0424;0.7585;0.84
228.4944865;0.3304;-0.1551;1.0684;1.135
228.504167;0.286;-0.0546;0.7331;0.794
228.5221582;0.3104;-0.0997;0.918;0.98
228.5247556;0.3476;-0.1093;0.8847;0.962
228.5463192;0.2971;-0.1965;1.1248;1.186
228.5479064;0.1533;-0.0713;0.6963;0.723
228.5544081;0.2463;-0.0326;1.0101;1.047
228.5655451;0.3538;-0.2166;1.1263;1.206
228.5744178;0.0401;-0.1168;0.9516;0.967
228.5845305;0.2695;-0.1837;1.0031;1.061
228.594599;0.3342;-0.1292;0.9563;1.027
228.6043546;0.3491;-0.2344;1.0265;1.115
228.6212642;0.3165;-0.1349;0.8245;0.899
228.6246581;0.2185;-0.0856;0.9831;1.017
228.6477785;0.2003;-0.1174;0.8215;0.86
228.6496505;0.2818;-0.0926;0.8013;0.86
228.6543948;0.3387;-0.118;0.9163;0.99
228.6651201;0.1138;-0.0584;0.601;0.621
228.6746058;0.4286;-0.176;1.3501;1.433
228.6845136;0.0603;-0.1769;1.0584;1.082
228.6951717;-0.0673;-0.2477;1.0355;1.075
228.7051185;0.4126;-0.0479;1.1416;1.22
228.724988;0.1798;-0.263;1.1471;1.197
228.7268975;0.1882;-0.0959;0.8374;0.87
228.7602315;0.3418;-0.146;1.0457;1.116
228.7619163;0.4112;-0.1049;0.98;1.073
228.7631453;0.3673;-0.1209;0.7807;0.876
228.7652232;0.2442;-0.093;0.7664;0.816
228.7747839;0.1929;-0.1742;1.0299;1.069
228.7856262;0.4667;-0.086;1.2209;1.315
228.7945486;0.1136;-0.0195;0.6862;0.703
228.8042398;0.043;-0.2111;1.1234;1.151
228.8159082;0.5172;-0.0034;1.1059;1.226
228.82421;0.2532;-0.154;0.9152;0.968
228.8384208;0.1989;-0.0326;0.6201;0.658
228.8444867;0.1604;-0.1192;0.8565;0.886
228.8649889;0.3386;-0.1248;0.9773;1.047
228.8666321;0.2448;-0.0674;1.048;1.085
228.8746303;-0.0504;-0.1169;0.9635;0.98
228.8849077;0.3248;-0.0927;1.1319;1.187
228.8945707;0.2519;-0.0307;0.8935;0.935
228.9048181;0.2;-0.1316;1.0562;1.09
228.9153686;0.3834;-0.021;0.9295;1.011
228.9242913;0.2972;-0.0612;1.0241;1.074
228.9391585;0.191;-0.0503;0.9084;0.936
228.9448628;0.4787;-0.103;1.0949;1.204
228.9688693;0.219;-0.0298;0.732;0.771
228.97033;0.2775;-0.107;0.9331;0.985
228.9745914;0.4104;-0.0534;0.9398;1.032
228.9844491;0.1706;-0.0908;0.792;0.822
228.9944735;0.3837;-0.1062;1.0985;1.174
229.004503;0.2125;-0.0293;0.9092;0.941
229.0146658;0.1544;-0.1474;1.1491;1.176
229.0244559;0.3171;-0.0155;0.9092;0.969
229.0373976;0.2525;-0.103;0.9858;1.029
229.0631236;0.2568;-0.0779;0.8956;0.941
229.0649083;0.4264;-0.0125;1.0111;1.103
229.0657041;0.2465;-0.1473;0.8851;0.937
229.0743306;0.2962;-0.0429;0.807;0.866
229.0844187;0.5363;-0.0975;0.9869;1.132
229.0943591;0.1902;-0.0551;0.8275;0.858
229.104567;0.3042;-0.1134;1.0762;1.13
229.1159843;0.2522;-0.055;0.9442;0.985
229.1250565;0.1215;-0.1824;1.0915;1.12
229.1456362;0.2725;-0.042;0.9807;1.025
229.1477606;0.2293;-0.199;1.0988;1.146
229.1544965;0.0921;-0.0827;1.0118;1.027
229.1792757;0.4808;-0.0847;1.1266;1.233
229.1813221;0.222;-0.058;0.7392;0.78
229.1844696;0.3121;-0.1446;1.0181;1.081
229.1945195;0.4318;-0.0042;0.8163;0.928
229.2052325;0.2544;-0.0865;0.8076;0.857
229.2157161;0.3661;-0.0533;0.8124;0.898
229.2242746;0.3936;0.0066;1.0901;1.165
229.2404768;0.0413;-0.1816;0.9751;1.0
229.2445526;0.2278;-0.0837;1.0794;1.113
229.2704655;0.3271;-0.0685;1.1116;1.167
229.2722606;-0.1091;-0.1471;0.8684;0.896
229.2749056;0.3792;-0.106;1.3809;1.442
229.284846;0.3001;-0.0325;0.7756;0.838
229.2943871;0.2435;-0.1173;0.8027;0.853
229.3044071;0.3717;-0.0781;1.0303;1.104
229.3155671;0.3392;-0.0252;0.9447;1.01
229.3243169;0.3229;-0.033;0.8092;0.877
229.3344169;0.1702;-0.0316;1.1325;1.153
229.3443964;0.1906;-0.066;1.0996;1.125
229.3563365;0.1311;0.0465;0.9301;0.948
229.3848271;0.2971;-0.0498;1.1471;1.192
229.3863412;0.2248;0.029;0.9946;1.027
229.3872039;0.2552;-0.0752;1.1068;1.145
229.3942345;0.3478;0.0292;0.7333;0.817
229.4051553;0.3633;-0.0497;1.0086;1.079
229.414861;0.2063;0.0127;0.838;0.87
229.4245265;0.3793;-0.0153;1.0612;1.133
229.4343666;0.1838;0.0089;0.8705;0.897
229.4447958;0.1325;-0.0739;0.9678;0.987
229.456034;0.3641;-0.0544;1.0667;1.134
229.4850637;0.1079;-0.0038;0.974;0.988
229.4866875;0.2052;-0.1691;1.0355;1.076
229.4875734;0.1843;0.0381;0.8692;0.896
229.4945102;0.1683;-0.1763;0.9802;1.017
229.5044496;0.2029;-0.0178;0.9294;0.958
229.5144023;0.2332;-0.1031;1.0694;1.106
229.5243596;0.1577;-0.0057;0.7517;0.775
229.5404893;0.2112;-0.1494;0.947;0.988
229.5449393;0.2494;-0.0432;0.9196;0.96
229.5784867;0.1217;-0.1113;0.84;0.863
229.5799795;0.1037;-0.0862;0.9409;0.958
229.5807806;0.0672;-0.0264;0.8659;0.877
229.5843095;0.2477;-0.071;0.927;0.968
229.5945278;0.1827;-0.0673;1.044;1.069
229.6046817;0.0925;0.006;0.8829;0.895
229.6146035;0.1224;-0.0486;1.2593;1.274
229.6248011;0.2006;0.0193;0.9288;0.957
229.6388982;0.0294;-0.1088;1.0459;1.06
229.6785155;0.1124;-0.0049;1.0051;1.019
229.6803043;0.1941;-0.0402;1.0996;1.124
229.6814085;0.1448;0.0137;1.1154;1.132
229.6821932;0.0393;-0.0528;0.8669;0.877
229.6849613;0.2293;-0.0012;1.1527;1.182
229.6945585;0.0624;-0.0046;1.0869;1.097
229.704566;0.219;0.021;1.0304;1.061
229.7142747;0.0981;0.0325;0.8962;0.91
229.7245136;0.0784;-0.1296;1.1958;1.213
229.7408513;0.1097;0.0024;0.888;0.902
229.7709017;0.1829;-0.1316;1.1898;1.218
229.7727888;-0.0164;-0.0544;1.0011;1.011
229.7739224;0.1698;-0.1325;1.1532;1.18
229.77509;0.1368;-0.0397;0.985;1.003
229.7844539;0.0275;-0.1484;1.2151;1.232
229.7960816;0.1953;-0.0021;0.8903;0.918
229.804473;0.1356;-0.0927;0.969;0.99
229.8144694;0.1364;-0.037;0.9483;0.966
229.824285;0.24;-0.0297;1.0687;1.102
229.8391768;0.0414;-0.0468;0.8728;0.883
229.8705833;0.0878;-0.0963;1.0502;1.066
229.8721098;0.2514;-0.0399;0.9522;0.992
229.8734618;-0.0759;-0.1246;0.9945;1.014
229.8751866;0.1984;-0.1052;1.0451;1.076
229.8845294;0.1595;-0.068;0.9944;1.016
229.8988051;-0.0781;-0.1488;0.9623;0.985
229.9043084;0.1444;-0.0253;0.9583;0.977
229.9152811;0.2216;-0.0528;1.0639;1.095
229.9244531;-0.0978;-0.1292;0.8141;0.839
229.9347462;0.2748;-0.0355;1.1632;1.202
229.9579079;-0.0423;-0.0547;0.8272;0.838
229.9594659;-0.0099;-0.0759;1.0338;1.045
229.9847525;0.1018;0.0187;0.9645;0.978
229.9862056;-0.0492;-0.1125;1.1484;1.163
229.9870471;-0.0546;-0.0077;0.8831;0.893
229.998805;0.0205;-0.0858;1.1543;1.166
230.0045358;-0.0829;-0.0432;1.0114;1.024
230.0150531;-0.219;-0.1102;1.1413;1.176
230.0251392;0.0842;-0.0377;1.2573;1.268
230.0381695;-0.1581;-0.1021;1.205;1.228
230.0717783;-0.0755;-0.0663;1.1991;1.212
230.0738377;-0.0277;-0.1215;1.1336;1.149
230.0752821;0.1295;-0.0247;1.2314;1.246
230.0762755;-0.1136;-0.0678;1.0209;1.038
230.0852056;-0.0335;-0.026;1.1235;1.133
230.0960212;0.0756;-0.0553;1.136;1.148
230.1043304;0.0975;-0.0481;1.1306;1.143
230.1142951;-0.1785;-0.0173;0.782;0.812
230.124566;0.0034;-0.0617;1.1446;1.154
230.1407668;0.0589;-0.0382;0.966;0.976
230.1785467;0.0343;-0.1394;1.1787;1.195
230.1803742;-0.0655;0.0075;0.8319;0.843
230.181481;-0.1456;-0.1968;0.9829;1.022
230.1823778;0.1781;-0.0211;1.0864;1.108
230.1848678;-0.1173;-0.1575;0.973;1.001
230.1964049;-0.0226;-0.0055;0.8035;0.812
230.2044585;0.0336;-0.1738;1.0768;1.099
230.2145061;0.1191;-0.1049;1.022;1.042
230.2243882;-0.0089;-0.1736;0.8556;0.881
230.2399528;-0.0148;-0.1013;0.9099;0.924
230.273531;-0.0475;-0.1671;1.1438;1.165
230.275671;0.0865;-0.1353;1.1752;1.194
230.276982;-0.0794;-0.1507;0.9982;1.021
230.2779039;-0.0829;-0.1422;1.0507;1.072
230.2869482;0.03;-0.1408;1.0116;1.03
230.298685;0.12;-0.1286;1.0854;1.107
230.3043522;-0.0423;-0.1215;0.9246;0.942
230.3145183;0.0812;-0.1666;1.108;1.131
230.3243538;-0.0084;-0.0889;0.8862;0.899
230.3391498;0.0807;-0.0848;0.9963;1.011
230.3688847;-0.1071;-0.2058;1.181;1.212
230.3710485;0.043;-0.1309;0.8918;0.91
230.3719997;0.0081;-0.1847;1.1641;1.187
230.3744987;-0.0964;-0.1692;1.0094;1.036
230.3843285;-0.0497;-0.2013;1.1112;1.138
230.3954777;0.0065;-0.1107;1.0567;1.071
230.404256;-0.1042;-0.1794;1.0827;1.111
230.4145195;0.0149;-0.1241;1.0603;1.076
230.424516;-0.0507;-0.1676;1.0044;1.028
230.4391755;0.0322;-0.1435;1.0137;1.032
230.464688;-0.0352;-0.1655;0.9281;0.951
230.4660796;-0.0578;-0.1531;1.104;1.124
230.46685;-0.1532;-0.1426;0.9241;0.956
230.4744014;0.0452;-0.224;1.3282;1.355
230.4843597;0.0131;-0.1382;1.0481;1.065
230.4952188;-0.1191;-0.2467;1.1417;1.182
230.5043392;0.0938;-0.0878;0.9835;0.999
230.5146226;0.0594;-0.1865;1.2494;1.272
230.5247077;0.1633;-0.0897;1.032;1.056
230.5360893;0.1334;-0.1411;0.9046;0.932
230.5633125;0.2338;-0.1405;1.0618;1.103
230.5655657;0.1186;-0.1418;0.899;0.925
230.5664862;0.2146;-0.148;1.0376;1.076
230.5743292;0.0882;-0.1316;0.7914;0.814
230.5844597;0.1132;-0.219;1.1371;1.171
230.5967192;0.1096;-0.1066;0.8774;0.898
230.6043565;0.0282;-0.2111;1.0858;1.114
230.6144325;0.0915;-0.138;0.8885;0.911
230.6242757;0.0704;-0.219;1.0577;1.09
230.6389326;0.1202;-0.1048;0.8539;0.876
230.6664812;0.1207;-0.1742;0.966;0.996
230.6680123;0.1223;-0.0818;0.8926;0.912
230.6689881;0.0186;-0.0832;0.9037;0.916
230.6747343;0.0871;-0.1222;0.9827;1.002
230.6848334;0.0426;-0.1407;0.9184;0.938
230.6956027;0.0222;-0.1324;1.0241;1.041
230.7042225;-0.068;-0.0838;0.8808;0.896
230.7150632;-0.0197;-0.1584;1.2078;1.226
230.7245344;0.0026;-0.1086;0.9493;0.964
230.7371237;-0.0657;-0.1805;1.1405;1.165
230.7696428;0.0981;-0.114;1.1138;1.131
230.7712128;0.0144;-0.1467;1.0491;1.067
230.7722281;0.1439;-0.1083;1.1085;1.13
230.7746864;0.151;-0.1158;1.0735;1.097
230.7848851;0.2201;-0.1561;1.1915;1.229
230.7951211;0.2229;-0.0777;0.8957;0.933
230.8043129;0.1912;-0.1517;1.3108;1.34
230.8145949;0.296;-0.1014;0.9988;1.053
230.8242338;0.1725;-0.1994;1.0872;1.126
230.8380232;0.2431;-0.1103;1.1186;1.157
230.864094;0.2023;-0.1579;1.0037;1.043
230.865795;0.2122;-0.1843;0.9978;1.043
230.8665488;0.2132;-0.1118;0.9687;1.005
230.8743348;0.2339;-0.1726;1.0237;1.071
230.8847065;0.2365;-0.0668;0.8136;0.856
230.897003;0.2332;-0.1201;1.0848;1.123
230.9043331;0.2871;-0.0515;0.8563;0.911
230.9146563;0.2514;-0.1429;1.0017;1.049
230.9244911;0.3001;-0.0197;0.877;0.933
230.9345157;0.3038;-0.1801;0.9922;1.059
230.960116;0.2944;-0.0563;0.8566;0.913
230.9615806;0.3529;-0.1209;1.1126;1.179
230.964367;0.291;-0.1312;0.773;0.842
230.9745468;0.4247;-0.1229;1.063;1.157
230.9846448;0.3119;-0.1722;0.8011;0.882
230.9967895;0.3739;-0.1101;0.9061;0.992
231.0042551;0.3969;-0.1797;0.9783;1.076
231.014333;0.2846;-0.0536;0.7988;0.855
231.0247249;0.4838;-0.191;1.0026;1.134
231.034715;0.2311;-0.1196;0.7603;0.81
231.060047;0.3843;-0.1173;1.0654;1.144
231.0615907;0.4603;-0.071;0.8906;1.009
231.0648046;0.2444;-0.2111;0.7706;0.841
231.0745899;0.454;-0.0133;0.8091;0.932
231.0844974;0.2811;-0.2025;0.9555;1.022
231.0945628;0.4978;-0.0249;0.8057;0.951
231.1043927;0.4198;-0.1019;0.9278;1.028
231.1143846;0.2568;-0.0943;0.7905;0.842
231.1248151;0.5223;-0.0246;1.0413;1.17
231.1356202;0.2781;-0.0678;0.77;0.827
231.1619452;0.3259;-0.1087;0.8664;0.937
231.1636816;0.434;-0.0641;0.9543;1.055
231.1655503;0.273;-0.0354;0.7622;0.816
231.1742493;0.3213;-0.1355;1.0342;1.097
231.1845136;0.4059;-0.0231;0.8692;0.965
231.1967078;0.2569;-0.1204;0.9167;0.966
231.2044173;0.3078;-0.0671;0.9701;1.026
231.2147984;0.3643;-0.1207;0.9965;1.073
231.2244565;0.2411;-0.0778;0.9133;0.954
231.2390501;0.3484;-0.0406;0.8738;0.947
231.2661709;0.3186;-0.1092;1.1758;1.229
231.2675895;0.266;-0.0109;0.717;0.77
231.2684889;0.3704;-0.0717;1.0452;1.117
231.2746913;0.2609;-0.0528;0.9598;1.002
231.2847188;0.3259;-0.0638;0.9084;0.973
231.2944707;0.2863;-0.0654;0.8918;0.945
231.3043517;0.3187;-0.0523;1.0448;1.1
231.3147218;0.2746;-0.1272;0.9276;0.982
231.3253497;0.3634;-0.0261;0.872;0.95
231.3403879;0.2647;-0.1594;1.1572;1.204
231.3451079;0.3484;-0.0446;0.8369;0.913
231.3550098;0.3348;-0.1285;0.9817;1.051
231.3744576;0.3014;-0.1153;0.9929;1.05
231.3762493;0.3458;-0.0347;0.8822;0.954
231.3847224;0.3229;-0.1266;0.9825;1.048
231.3958258;0.2878;-0.0647;0.9263;0.978
231.4044073;0.3806;-0.111;1.0402;1.119
231.4143291;0.2814;-0.0707;0.7783;0.836
231.4248335;0.3313;-0.1129;1.1389;1.198
231.4426096;0.3435;-0.1064;0.8689;0.946
231.4453627;0.3181;-0.1427;0.8667;0.94
231.4544294;0.3012;-0.1217;0.9949;1.053
231.4698351;0.3395;-0.0525;0.9758;1.04
231.4747664;0.2788;-0.1791;0.8692;0.936
231.4843436;0.3307;-0.0613;0.962;1.025
231.4948227;0.3148;-0.1672;1.0303;1.096
231.5043748;0.2873;-0.0496;0.7992;0.856
231.5148011;0.3254;-0.1432;1.0939;1.156
231.5248799;0.2923;-0.082;0.8879;0.944
231.5351746;0.3351;-0.1246;0.9107;0.984
231.5631178;0.2602;-0.1068;1.0249;1.069
231.5650592;0.3243;-0.0066;0.971;1.03
231.5660276;0.2658;-0.1502;0.9576;1.011
231.5760408;0.2515;-0.0748;0.9406;0.983
231.5845095;0.3618;-0.1218;1.0942;1.165
231.5953988;0.1504;-0.0548;0.7586;0.782
231.6048091;0.369;-0.1307;1.2177;1.285
231.6148199;0.2078;-0.0674;0.9432;0.975
231.634836;0.3347;-0.1466;0.9346;1.009
231.6364258;0.2067;-0.1079;1.0175;1.051
231.6631861;0.3869;-0.1016;0.9894;1.073
231.6654001;0.1885;-0.1545;0.8854;0.925
231.6664246;0.3351;-0.0972;1.0126;1.077
231.6763261;0.3219;-0.1446;0.9858;1.053
231.6849041;0.2141;-0.1164;0.8912;0.93
231.6945061;0.392;-0.1127;1.106;1.184
231.7043408;0.2097;-0.1076;0.8231;0.863
231.7145298;0.3419;-0.1255;1.0889;1.154
231.7364139;0.2745;-0.0784;0.8899;0.941
231.7382703;0.2902;-0.1063;0.9563;1.011
231.7688325;0.2737;-0.0837;0.9421;0.991
231.7703525;0.2919;-0.0774;1.0081;1.058
231.7713368;0.2959;-0.1093;0.898;0.958
231.779772;0.2615;-0.0386;0.932;0.975
231.7849498;0.3382;-0.1266;1.0701;1.135
231.7947383;0.2349;-0.068;0.8335;0.875
231.8043553;0.3495;-0.1275;1.0139;1.086
231.8144557;0.2177;-0.0514;0.9398;0.973
231.8372181;0.3662;-0.1556;0.9503;1.036
231.838706;0.3905;-0.1041;1.0606;1.141
231.8631821;0.1802;-0.0507;0.8654;0.892
231.8650324;0.3501;-0.1083;1.0338;1.103
231.8659086;0.2525;-0.0886;0.8991;0.944
231.8759875;0.3048;-0.112;0.9635;1.023
231.8843953;0.2963;-0.0972;1.0045;1.058
231.8945338;0.2392;-0.0385;0.9042;0.943
231.9043878;0.3575;-0.1202;1.0161;1.089
231.9144627;0.2078;-0.0853;0.8638;0.899
231.9360964;0.3795;-0.017;1.1209;1.189
231.9376845;0.189;-0.0599;0.7927;0.824
231.9608044;0.3711;-0.0783;1.0677;1.139
231.9622628;0.2364;-0.0641;0.9439;0.982
231.9647225;0.3544;-0.0803;0.8959;0.972
231.9762309;0.2307;-0.1165;1.0155;1.054
231.984845;0.3473;-0.0453;0.9735;1.04
231.9945315;0.2714;-0.1175;0.9746;1.025
232.0045063;0.2472;-0.1202;0.8821;0.93
232.0149341;0.3859;-0.1059;1.0925;1.169
232.037072;0.1684;-0.1018;0.7843;0.815
232.0387906;0.3732;-0.1287;1.1004;1.175
232.0658542;0.241;-0.0949;0.871;0.915
232.0673891;0.3296;-0.1522;0.9769;1.048
232.0684483;0.2502;-0.1035;0.9787;1.022
232.0760635;0.3531;-0.0845;0.9174;0.992
232.0845232;0.2344;-0.1598;0.9471;0.995
232.0945092;0.3264;-0.0635;0.9925;1.053
232.104455;0.3219;-0.1373;0.9432;1.012
232.1148554;0.2169;-0.0684;0.9279;0.962
232.1323096;0.3944;-0.1091;1.0454;1.128
232.1347969;0.205;-0.0734;0.8923;0.925
232.1565089;0.3649;-0.1247;1.0076;1.084
232.1579115;0.235;-0.0336;0.9248;0.961
232.1644796;0.3579;-0.1615;0.9767;1.058
232.175091;0.2079;-0.0358;0.902;0.933
232.1845483;0.3722;-0.0956;1.109;1.179
232.1944198;0.2237;-0.0629;0.8302;0.868
232.2044226;0.3153;-0.1327;0.959;1.024
232.2147936;0.3183;-0.0895;0.9943;1.054
232.2351189;0.2382;-0.0763;0.8954;0.936
232.265705;0.2315;-0.0453;0.8917;0.929
232.2672192;0.3626;-0.1502;0.996;1.076
232.2681628;0.2134;-0.0804;0.92;0.954
232.2779756;0.3958;-0.101;1.0198;1.104
232.2849906;0.1764;-0.0544;0.8413;0.868
232.2956858;0.3976;-0.106;1.1065;1.186
232.3048165;0.2063;-0.058;0.8979;0.93
232.3144873;0.3939;-0.1259;0.9616;1.052
232.333823;0.1868;-0.0657;1.0004;1.027
232.3356036;0.4222;-0.1213;0.9456;1.048
232.3580341;0.1887;-0.1003;0.8645;0.897
232.3597024;0.368;-0.0732;1.0368;1.108
232.3645378;0.2779;-0.0744;0.9676;1.016
232.3749234;0.2759;-0.065;0.9119;0.961
232.3843615;0.3274;-0.0875;1.0578;1.117
232.3948811;0.2504;-0.0658;0.8261;0.872
232.4045128;0.3186;-0.0971;1.0413;1.099
232.4142716;0.229;-0.0363;0.9047;0.94
232.4330467;0.3663;-0.0821;1.0188;1.091
232.4345463;0.166;-0.0633;0.9235;0.947
232.4527925;0.4228;-0.0575;1.0528;1.141
232.4543558;0.1461;-0.0508;0.8278;0.849
232.4641882;0.3762;-0.1025;1.0581;1.133
232.4743668;0.2199;-0.0506;0.9503;0.983
232.4842196;0.3287;-0.1143;0.9691;1.035
232.4941003;0.2049;-0.0922;0.9838;1.016
232.5041919;0.3527;-0.0748;0.9524;1.024
232.5141765;0.2199;-0.1073;0.9524;0.99
232.5303924;0.2762;-0.0869;0.9298;0.98
232.5344053;0.3535;-0.1075;1.0092;1.08
232.5494328;0.1715;-0.0915;0.8297;0.859
232.5543295;0.3895;-0.0859;1.1545;1.227
232.5642888;0.3338;-0.1419;1.0112;1.08
232.5765138;0.2356;-0.0967;0.9101;0.951
232.5842059;0.3629;-0.1361;0.9621;1.043
232.5945453;0.2041;-0.0956;0.941;0.974
232.6042235;0.3838;-0.0882;1.0658;1.142
232.614403;0.2413;-0.1077;0.8019;0.85
232.6323234;0.3243;-0.1125;1.0377;1.099
232.6346934;0.3066;-0.0982;0.9175;0.978
232.6562294;0.3368;-0.1138;0.9651;1.034
232.6578484;0.247;-0.1295;0.947;0.993
232.6645062;0.391;-0.0407;0.9934;1.074
232.6746518;0.2211;-0.1616;0.9558;1.001
232.6845159;0.3629;-0.0739;0.905;0.983
232.6944452;0.3155;-0.1549;0.9973;1.063
232.704208;0.2682;-0.0369;0.8723;0.92
232.7144922;0.3448;-0.1485;1.0903;1.159
232.7317174;0.3153;-0.0511;0.8489;0.913
232.7347313;0.3167;-0.1813;0.9925;1.063
232.7560489;0.2873;-0.0294;0.8739;0.926
232.7586666;0.3941;-0.1494;1.0341;1.122
232.7647949;0.191;-0.0953;0.9168;0.948
232.7759955;0.4573;-0.1051;1.0335;1.14
232.7844374;0.2565;-0.0395;0.8017;0.849
232.7944041;0.3071;-0.1543;1.0633;1.123
232.8042679;0.3011;-0.0567;0.956;1.01
232.8144464;0.3958;-0.0547;0.9399;1.027
232.824573;0.1852;-0.1528;0.9411;0.978
232.834707;0.4305;-0.0463;1.0462;1.138
232.8511683;0.2504;-0.1527;0.8208;0.877
232.8780121;0.2928;-0.0894;0.8938;0.951
232.8795543;0.4148;-0.1567;1.0535;1.148
232.8804248;0.1984;-0.0407;0.796;0.828
232.8850121;0.3579;-0.1118;1.1407;1.207
232.895219;0.3066;-0.0779;0.8954;0.955
232.9045569;0.2858;-0.1229;0.9939;1.048
232.9147863;0.2724;-0.0435;0.904;0.951
232.9245305;0.3864;-0.1104;0.9941;1.078
232.9347996;0.2198;-0.0947;0.8875;0.926
232.9478807;0.3646;-0.0561;1.025;1.095
232.9547257;0.3137;-0.1083;0.9317;0.995
232.970691;0.2466;-0.0931;0.9125;0.956
232.9746084;0.3654;-0.1289;1.0459;1.121
232.9842227;0.2656;-0.0497;0.8458;0.894
232.9942299;0.2908;-0.1733;1.0748;1.133
233.0043059;0.3036;-0.0335;0.8891;0.946
233.0153964;0.3165;-0.1554;0.9874;1.054
233.0248617;0.2511;-0.0705;0.8957;0.939
233.0346999;0.3623;-0.0805;1.0932;1.16
233.0498689;0.2408;-0.0873;0.8269;0.872
233.0542878;0.3079;-0.127;1.0151;1.074
233.0719462;0.3181;-0.1051;0.979;1.041
233.0746088;0.2681;-0.1127;0.8637;0.917
233.0843353;0.2952;-0.1382;1.0077;1.065
233.0947893;0.2951;-0.0178;0.9708;1.021
233.1048458;0.2896;-0.1814;0.97;1.034
233.1148003;0.295;-0.0456;0.8793;0.934
233.1245572;0.322;-0.1419;1.0823;1.144
233.1346291;0.2421;-0.0498;0.78;0.824
233.1502201;0.333;-0.1373;1.1352;1.197
233.1545383;0.2657;-0.0568;0.9007;0.947
233.1793071;0.3142;-0.1626;0.9642;1.033
233.181138;0.258;-0.0676;0.9635;1.006
233.1845473;0.3254;-0.1358;0.9657;1.034
233.1946903;0.2505;-0.0749;0.9204;0.963
233.2064573;0.3106;-0.0943;0.9838;1.042
233.2146146;0.2987;-0.1208;0.9337;0.994
233.2242179;0.2652;-0.0616;0.9155;0.961
233.234494;0.3111;-0.1231;1.0608;1.118
233.2502403;0.2836;-0.0677;0.8413;0.896
233.2545456;0.2949;-0.1478;1.0967;1.151
233.2771056;0.2736;-0.0434;0.84;0.89
233.2785943;0.3165;-0.1493;1.0239;1.088
233.2846978;0.2565;-0.0351;0.937;0.978
233.2948653;0.3136;-0.1109;0.832;0.901
233.3068289;0.2988;-0.0354;1.0045;1.055
233.314596;0.2886;-0.0649;0.9405;0.992
233.325504;0.3176;-0.1179;0.9564;1.02
233.3347628;0.2292;-0.0853;0.9697;1.007
233.3490734;0.354;-0.0892;0.9806;1.052
233.3729042;0.2224;-0.1223;0.942;0.982
233.3759913;0.3216;-0.0834;0.9167;0.981
233.3769623;0.2983;-0.1176;0.9949;1.051
233.3845245;0.2637;-0.0507;0.9107;0.956
233.3946605;0.3026;-0.1275;1.0679;1.123
233.4068583;0.3017;-0.0275;0.8451;0.904
233.4147688;0.2802;-0.1743;1.0713;1.127
233.424811;0.2924;-0.0169;0.8593;0.914
233.4345256;0.316;-0.1577;1.0244;1.089
233.450138;0.2425;-0.0227;0.9365;0.974
233.4572376;0.343;-0.1266;1.0557;1.123
233.4794085;0.2491;-0.0263;0.8228;0.866
233.4814138;0.3148;-0.1295;1.0535;1.113
233.4846776;0.2796;-0.0654;0.9186;0.969
233.4951629;0.3293;-0.1207;0.9657;1.033
233.5067137;0.2155;-0.0618;0.9119;0.946
233.5230918;0.3936;-0.1074;0.9888;1.075
233.5253264;0.2238;-0.1088;0.9322;0.971
233.5346804;0.3202;-0.0739;0.962;1.022
233.5443276;0.331;-0.0932;0.942;1.008
233.5597376;0.2464;-0.1008;0.9543;0.997
233.5643664;0.3296;-0.097;1.0461;1.107
233.5763542;0.2427;-0.0605;0.8359;0.879
233.5843051;0.3188;-0.1625;1.1143;1.176
233.5945108;0.2437;-0.074;0.8819;0.924
233.6054745;0.3116;-0.1296;1.0029;1.064
233.6149338;0.2818;-0.0562;0.9819;1.029
233.6251264;0.3209;-0.1175;0.9731;1.037
233.6346119;0.3315;-0.037;0.8937;0.96
233.6447554;0.3056;-0.0745;0.8888;0.949
233.6624778;0.2038;-0.1694;1.0046;1.046
233.6646439;0.4303;-0.0751;0.9879;1.085
