time;gFx;gFy;gFz;wx;wy;wz
0.003;-0.05;0.02;0.99;0.0;0.05;0.01
0.004;-0.06;0.02;1.0;0.0;0.05;0.01
0.004;-0.06;0.02;1.0;0.0;0.05;0.01
0.012;-0.06;0.02;1.01;0.0;0.05;0.01
0.013;-0.06;0.02;1.01;0.0;0.06;0.01
0.016;-0.06;0.02;0.99;0.0;0.06;0.01
0.031;-0.06;0.02;0.99;0.0;0.05;0.01
0.031;-0.05;0.03;0.98;0.0;0.05;0.01
0.032;-0.05;0.03;0.98;-0.01;0.04;0.0
0.037;-0.06;0.02;0.99;-0.01;0.04;0.0
0.04;-0.06;0.02;0.99;0.0;0.03;0.0
0.046;-0.06;0.02;0.99;0.0;0.03;0.0
0.05;-0.06;0.02;0.99;0.0;0.02;0.01
0.062;-0.05;0.03;0.99;0.0;0.02;0.01
0.063;-0.05;0.03;0.99;-0.01;0.02;0.0
0.066;-0.07;0.02;1.0;-0.01;0.02;0.0
0.07;-0.07;0.02;1.0;-0.01;0.01;0.0
0.077;-0.04;0.02;0.98;-0.01;0.01;0.0
0.08;-0.04;0.02;0.98;-0.02;0.01;0.0
0.087;-0.06;0.02;0.98;-0.02;0.01;0.0
0.09;-0.06;0.02;0.98;-0.01;0.0;0.0
0.096;-0.07;0.01;0.98;-0.01;0.0;0.0
0.1;-0.07;0.01;0.98;-0.01;-0.02;0.01
0.106;-0.06;0.02;1.02;-0.01;-0.02;0.01
0.11;-0.06;0.02;1.02;-0.01;0.0;0.0
0.116;-0.06;0.02;1.01;-0.01;0.0;0.0
0.121;-0.06;0.02;1.01;-0.01;0.01;0.0
0.126;-0.06;0.02;1.01;-0.01;0.01;0.0
0.131;-0.06;0.02;1.01;-0.01;0.01;0.0
0.138;-0.06;0.02;1.0;-0.01;0.01;0.0
0.14;-0.06;0.02;1.0;-0.01;0.01;0.0
0.146;-0.06;0.02;1.01;-0.01;0.01;0.0
0.15;-0.06;0.02;1.01;0.0;0.01;0.0
0.162;-0.07;0.02;1.0;0.0;0.01;0.0
0.162;-0.07;0.02;1.0;0.0;0.01;0.0
0.166;-0.07;0.01;1.0;0.0;0.01;0.0
0.17;-0.07;0.01;1.0;0.01;0.01;0.0
0.177;-0.05;0.04;1.02;0.01;0.01;0.0
0.18;-0.05;0.04;1.02;0.01;0.02;0.01
0.187;-0.06;0.03;0.99;0.01;0.02;0.01
0.19;-0.06;0.03;0.99;-0.01;0.05;-0.01
0.196;-0.06;0.02;1.0;-0.01;0.05;-0.01
0.2;-0.06;0.02;1.0;0.0;0.03;-0.01
0.208;-0.07;0.02;0.99;0.0;0.03;-0.01
0.21;-0.07;0.02;0.99;0.0;0.03;-0.01
0.217;-0.05;0.03;1.0;0.0;0.03;-0.01
0.22;-0.05;0.03;1.0;0.0;0.03;0.0
0.227;-0.06;0.02;1.01;0.0;0.03;0.0
0.23;-0.06;0.02;1.01;-0.01;0.04;0.0
0.245;-0.06;0.02;0.99;-0.01;0.04;0.0
0.246;-0.06;0.02;0.99;0.0;0.03;0.0
0.246;-0.06;0.03;1.0;0.0;0.03;0.0
0.25;-0.06;0.03;1.0;0.0;0.02;0.0
0.256;-0.06;0.03;1.0;0.0;0.02;0.0
0.261;-0.06;0.03;1.0;0.0;0.02;-0.01
0.267;-0.06;0.02;1.0;0.0;0.02;-0.01
0.27;-0.06;0.02;1.0;0.0;0.01;-0.01
0.276;-0.07;0.02;1.0;0.0;0.01;-0.01
0.28;-0.07;0.02;1.0;0.0;0.02;-0.01
0.286;-0.06;0.03;1.0;0.0;0.02;-0.01
0.29;-0.06;0.03;1.0;0.0;0.02;-0.01
0.296;-0.06;0.02;0.99;0.0;0.02;-0.01
0.3;-0.06;0.02;0.99;0.0;0.02;-0.01
0.306;-0.07;0.02;1.0;0.0;0.02;-0.01
0.31;-0.07;0.02;1.0;0.0;0.02;-0.01
0.316;-0.06;0.02;0.99;0.0;0.02;-0.01
0.32;-0.06;0.02;0.99;0.01;0.02;-0.01
0.326;-0.07;0.02;0.99;0.01;0.02;-0.01
0.33;-0.07;0.02;0.99;0.01;0.01;-0.01
0.344;-0.07;0.02;0.99;0.01;0.01;-0.01
0.345;-0.07;0.02;0.99;0.0;0.0;-0.01
0.346;-0.07;0.02;1.0;0.0;0.0;-0.01
0.35;-0.07;0.02;1.0;0.0;0.0;-0.01
0.356;-0.07;0.02;1.0;0.0;0.0;-0.01
0.36;-0.07;0.02;1.0;0.0;0.0;-0.01
0.366;-0.07;0.02;1.0;0.0;0.0;-0.01
0.37;-0.07;0.02;1.0;0.0;0.0;-0.01
0.376;-0.07;0.02;1.0;0.0;0.0;-0.01
0.38;-0.07;0.02;1.0;0.0;0.0;-0.01
0.386;-0.07;0.02;1.0;0.0;0.0;-0.01
0.39;-0.07;0.02;1.0;0.0;0.0;-0.01
0.396;-0.07;0.02;1.0;0.0;0.0;-0.01
0.4;-0.07;0.02;1.0;0.0;0.0;-0.01
0.406;-0.07;0.02;1.0;0.0;0.0;-0.01
0.411;-0.07;0.02;1.0;0.0;0.0;-0.01
0.416;-0.07;0.02;1.0;0.0;0.0;-0.01
0.42;-0.07;0.02;1.0;0.0;0.0;-0.01
0.426;-0.07;0.02;1.0;0.0;0.0;-0.01
0.43;-0.07;0.02;1.0;0.0;-0.01;-0.01
0.44;-0.06;0.02;1.0;0.0;-0.01;-0.01
0.441;-0.06;0.02;1.0;0.0;-0.01;-0.01
0.448;-0.07;0.02;1.0;0.0;-0.01;-0.01
0.451;-0.07;0.02;1.0;0.0;-0.01;-0.01
0.456;-0.07;0.02;1.0;0.0;-0.01;-0.01
0.46;-0.07;0.02;1.0;0.0;0.0;-0.01
0.467;-0.07;0.02;1.0;0.0;0.0;-0.01
0.471;-0.07;0.02;1.0;0.01;0.0;-0.01
0.476;-0.07;0.02;0.99;0.01;0.0;-0.01
0.481;-0.07;0.02;0.99;0.01;0.0;-0.01
0.494;-0.07;0.02;1.0;0.01;0.0;-0.01
0.498;-0.07;0.02;1.0;0.0;-0.01;-0.01
0.499;-0.07;0.02;1.0;0.0;-0.01;-0.01
0.5;-0.07;0.02;1.0;0.0;-0.01;-0.01
0.511;-0.07;0.02;1.0;0.0;-0.01;-0.01
0.514;-0.07;0.02;1.0;0.0;-0.01;-0.01
0.516;-0.07;0.02;1.0;0.0;-0.01;-0.01
0.522;-0.07;0.02;1.0;0.0;-0.01;-0.01
0.526;-0.07;0.02;0.99;0.0;-0.01;-0.01
0.53;-0.07;0.02;0.99;0.0;-0.01;-0.01
0.537;-0.07;0.02;0.99;0.0;-0.01;-0.01
0.54;-0.07;0.02;0.99;0.0;-0.01;-0.01
0.546;-0.07;0.02;0.99;0.0;-0.01;-0.01
0.552;-0.07;0.02;0.99;0.0;-0.02;-0.01
0.569;-0.07;0.02;1.0;0.0;-0.02;-0.01
0.572;-0.07;0.02;1.0;0.0;-0.02;-0.01
0.573;-0.07;0.03;1.0;0.0;-0.02;-0.01
0.574;-0.07;0.03;1.0;0.0;-0.02;-0.02
0.577;-0.07;0.02;1.0;0.0;-0.02;-0.02
0.581;-0.07;0.02;1.0;0.0;-0.02;-0.02
0.586;-0.07;0.02;1.0;0.0;-0.02;-0.02
0.59;-0.07;0.02;1.0;0.0;-0.01;-0.02
0.596;-0.07;0.02;1.0;0.0;-0.01;-0.02
0.601;-0.07;0.02;1.0;0.0;-0.01;-0.02
0.606;-0.07;0.03;1.0;0.0;-0.01;-0.02
0.611;-0.07;0.03;1.0;0.0;-0.01;-0.02
0.617;-0.07;0.02;1.0;0.0;-0.01;-0.02
0.622;-0.07;0.02;1.0;0.0;-0.01;-0.02
0.626;-0.07;0.03;1.0;0.0;-0.01;-0.02
0.631;-0.07;0.03;1.0;0.0;-0.01;-0.02
0.636;-0.07;0.02;1.0;0.0;-0.01;-0.02
0.641;-0.07;0.02;1.0;0.0;-0.01;-0.02
0.646;-0.07;0.02;1.0;0.0;-0.01;-0.02
0.667;-0.07;0.02;1.0;0.0;-0.01;-0.02
0.668;-0.07;0.02;1.0;0.0;-0.01;-0.02
0.67;-0.07;0.02;1.0;0.0;-0.01;-0.02
0.671;-0.07;0.02;1.0;0.0;-0.01;-0.02
0.672;-0.07;0.02;1.0;0.0;-0.01;-0.02
0.677;-0.07;0.02;1.0;0.0;-0.01;-0.02
0.681;-0.07;0.02;1.0;0.0;-0.01;-0.02
0.687;-0.07;0.02;1.0;0.0;-0.01;-0.02
0.69;-0.07;0.02;1.0;0.0;-0.01;-0.02
0.696;-0.07;0.02;1.0;0.0;-0.01;-0.02
0.701;-0.07;0.02;1.0;0.0;-0.01;-0.02
0.706;-0.07;0.02;1.0;0.0;-0.01;-0.02
0.71;-0.07;0.02;1.0;0.0;-0.01;-0.02
0.718;-0.07;0.02;1.0;0.0;-0.01;-0.02
0.72;-0.07;0.02;1.0;0.0;-0.01;-0.02
0.726;-0.07;0.02;1.0;0.0;-0.01;-0.02
0.73;-0.07;0.02;1.0;0.0;-0.01;-0.02
0.736;-0.07;0.02;1.0;0.0;-0.01;-0.02
0.74;-0.07;0.02;1.0;0.0;-0.01;-0.01
0.746;-0.07;0.02;1.0;0.0;-0.01;-0.01
0.75;-0.07;0.02;1.0;0.0;-0.01;-0.01
0.762;-0.07;0.02;1.0;0.0;-0.01;-0.01
0.764;-0.07;0.02;1.0;0.0;-0.01;-0.01
0.766;-0.07;0.02;1.0;0.0;-0.01;-0.01
0.777;-0.07;0.02;1.0;0.0;-0.01;-0.01
0.778;-0.06;0.02;1.0;0.0;-0.01;-0.01
0.78;-0.06;0.02;1.0;0.0;-0.01;-0.01
0.788;-0.06;0.02;1.0;0.0;-0.01;-0.01
0.79;-0.06;0.02;1.0;0.0;-0.01;-0.01
0.796;-0.07;0.03;1.0;0.0;-0.01;-0.01
0.8;-0.07;0.03;1.0;0.0;-0.01;-0.02
0.806;-0.06;0.03;1.0;0.0;-0.01;-0.02
0.81;-0.06;0.03;1.0;0.0;-0.01;-0.02
0.816;-0.07;0.03;1.0;0.0;-0.01;-0.02
0.821;-0.07;0.03;1.0;0.0;-0.02;-0.02
0.826;-0.07;0.03;1.0;0.0;-0.02;-0.02
0.83;-0.07;0.03;1.0;0.0;-0.01;-0.02
0.836;-0.06;0.03;1.0;0.0;-0.01;-0.02
0.84;-0.06;0.03;1.0;0.0;-0.01;-0.02
0.846;-0.06;0.03;1.0;0.0;-0.01;-0.02
0.85;-0.06;0.03;1.0;0.0;-0.01;-0.02
0.859;-0.06;0.03;1.0;0.0;-0.01;-0.02
0.861;-0.06;0.03;1.0;0.0;-0.01;-0.02
0.866;-0.06;0.03;1.0;0.0;-0.01;-0.02
0.874;-0.06;0.03;1.0;0.01;-0.01;-0.02
0.876;-0.06;0.03;1.0;0.01;-0.01;-0.02
0.88;-0.06;0.03;1.0;0.0;-0.01;-0.02
0.886;-0.06;0.03;1.0;0.0;-0.01;-0.02
0.89;-0.06;0.03;1.0;0.0;-0.01;-0.03
0.896;-0.06;0.03;1.0;0.0;-0.01;-0.03
0.901;-0.06;0.03;1.0;0.0;-0.02;-0.03
0.906;-0.06;0.03;1.0;0.0;-0.02;-0.03
0.91;-0.06;0.03;1.0;0.0;-0.02;-0.03
0.916;-0.06;0.03;1.0;0.0;-0.02;-0.03
0.92;-0.06;0.03;1.0;0.01;-0.01;-0.03
0.926;-0.06;0.03;1.0;0.01;-0.01;-0.03
0.93;-0.06;0.03;1.0;0.0;-0.01;-0.03
0.936;-0.06;0.03;1.0;0.0;-0.01;-0.03
0.94;-0.06;0.03;1.0;0.01;-0.02;-0.03
0.946;-0.06;0.03;1.0;0.01;-0.02;-0.03
0.963;-0.06;0.03;1.0;0.01;-0.02;-0.03
0.964;-0.06;0.03;1.0;0.01;-0.02;-0.03
0.965;-0.06;0.03;1.0;0.01;-0.02;-0.04
0.978;-0.06;0.03;1.0;0.01;-0.02;-0.04
0.98;-0.06;0.03;1.0;0.01;-0.02;-0.04
0.982;-0.06;0.03;1.0;0.01;-0.02;-0.04
0.987;-0.06;0.03;1.0;0.01;-0.02;-0.04
0.99;-0.06;0.03;1.0;0.01;-0.02;-0.04
0.996;-0.06;0.03;1.0;0.01;-0.02;-0.04
1.002;-0.06;0.03;1.0;0.01;-0.01;-0.05
1.006;-0.06;0.03;1.0;0.01;-0.01;-0.05
1.01;-0.06;0.03;1.0;0.01;-0.01;-0.05
1.016;-0.06;0.03;1.0;0.01;-0.01;-0.05
1.02;-0.06;0.03;1.0;0.01;-0.01;-0.05
1.026;-0.06;0.03;1.0;0.01;-0.01;-0.05
1.03;-0.06;0.03;1.0;0.01;-0.02;-0.05
1.037;-0.06;0.03;1.0;0.01;-0.02;-0.05
1.04;-0.06;0.03;1.0;0.01;-0.02;-0.06
1.046;-0.06;0.03;1.0;0.01;-0.02;-0.06
1.06;-0.06;0.03;1.0;0.01;-0.02;-0.06
1.062;-0.06;0.03;1.0;0.01;-0.02;-0.06
1.063;-0.06;0.03;1.0;0.01;-0.02;-0.06
1.066;-0.06;0.03;1.0;0.01;-0.02;-0.06
1.071;-0.06;0.03;1.0;0.01;-0.02;-0.07
1.076;-0.06;0.03;1.0;0.01;-0.02;-0.07
1.08;-0.06;0.03;1.0;0.01;-0.02;-0.07
1.086;-0.06;0.03;1.0;0.01;-0.02;-0.07
1.09;-0.06;0.03;1.0;0.01;-0.02;-0.07
1.096;-0.06;0.03;1.0;0.01;-0.02;-0.07
1.102;-0.06;0.03;1.0;0.01;-0.02;-0.07
1.106;-0.06;0.03;1.0;0.01;-0.02;-0.07
1.111;-0.06;0.03;1.0;0.01;-0.02;-0.08
1.119;-0.06;0.03;1.0;0.01;-0.02;-0.08
1.121;-0.06;0.03;1.0;0.01;-0.02;-0.08
1.126;-0.06;0.03;1.0;0.01;-0.02;-0.08
1.13;-0.06;0.03;1.0;0.01;-0.02;-0.08
1.136;-0.06;0.03;1.0;0.01;-0.02;-0.08
1.14;-0.06;0.03;1.0;0.01;-0.02;-0.08
1.146;-0.06;0.03;1.0;0.01;-0.02;-0.08
1.161;-0.06;0.03;1.0;0.01;-0.01;-0.09
1.163;-0.06;0.03;1.0;0.01;-0.01;-0.09
1.163;-0.06;0.03;1.0;0.01;-0.01;-0.09
1.175;-0.06;0.03;1.0;0.01;-0.01;-0.09
1.177;-0.06;0.03;1.0;0.02;-0.01;-0.1
1.179;-0.06;0.03;1.0;0.02;-0.01;-0.1
1.182;-0.06;0.03;1.0;0.02;-0.01;-0.1
1.186;-0.06;0.03;1.0;0.02;-0.01;-0.1
1.191;-0.06;0.03;1.0;0.02;-0.01;-0.1
1.196;-0.06;0.03;0.99;0.02;-0.01;-0.1
1.202;-0.06;0.03;0.99;0.02;-0.01;-0.1
1.206;-0.06;0.03;0.99;0.02;-0.01;-0.1
1.21;-0.06;0.03;0.99;0.02;-0.02;-0.11
1.216;-0.06;0.03;1.0;0.02;-0.02;-0.11
1.22;-0.06;0.03;1.0;0.02;-0.02;-0.11
1.226;-0.06;0.03;1.0;0.02;-0.02;-0.11
1.23;-0.06;0.03;1.0;0.02;-0.02;-0.11
1.236;-0.06;0.03;1.0;0.02;-0.02;-0.11
1.24;-0.06;0.03;1.0;0.02;-0.02;-0.11
1.246;-0.06;0.03;0.99;0.02;-0.02;-0.11
1.261;-0.06;0.03;0.99;0.02;-0.02;-0.11
1.263;-0.06;0.03;0.99;0.02;-0.02;-0.11
1.265;-0.06;0.03;0.99;0.01;-0.03;-0.12
1.268;-0.06;0.03;0.99;0.01;-0.03;-0.12
1.277;-0.06;0.03;0.99;0.01;-0.03;-0.12
1.279;-0.06;0.03;1.0;0.01;-0.03;-0.12
1.281;-0.06;0.03;1.0;0.01;-0.03;-0.12
1.292;-0.07;0.03;1.0;0.01;-0.03;-0.12
1.293;-0.07;0.03;1.0;0.01;-0.02;-0.12
1.296;-0.07;0.03;1.01;0.01;-0.02;-0.12
1.302;-0.07;0.03;1.01;0.02;-0.01;-0.13
1.306;-0.06;0.03;1.01;0.02;-0.01;-0.13
1.31;-0.06;0.03;1.01;0.02;-0.01;-0.13
1.322;-0.06;0.03;1.0;0.02;-0.01;-0.13
1.323;-0.06;0.03;1.0;0.02;0.0;-0.13
1.326;-0.06;0.03;1.0;0.02;0.0;-0.13
1.33;-0.06;0.03;1.0;0.02;0.0;-0.13
1.336;-0.06;0.03;1.0;0.02;0.0;-0.13
1.341;-0.06;0.03;1.0;0.02;0.0;-0.13
1.346;-0.06;0.03;1.0;0.02;0.0;-0.13
1.36;-0.06;0.03;1.0;0.02;0.0;-0.13
1.362;-0.06;0.03;0.99;0.02;0.0;-0.13
1.363;-0.06;0.03;0.99;0.02;-0.01;-0.13
1.374;-0.06;0.03;0.99;0.02;-0.01;-0.13
1.377;-0.06;0.03;0.99;0.01;-0.01;-0.13
1.378;-0.06;0.03;0.99;0.01;-0.01;-0.13
1.381;-0.06;0.03;0.99;0.01;-0.01;-0.13
1.387;-0.06;0.02;1.0;0.01;-0.01;-0.13
1.391;-0.06;0.02;1.0;0.01;-0.01;-0.13
1.396;-0.06;0.03;1.0;0.01;-0.01;-0.13
1.401;-0.06;0.03;1.0;0.01;-0.01;-0.13
1.406;-0.06;0.03;1.0;0.01;-0.01;-0.13
1.411;-0.06;0.03;1.0;0.01;-0.01;-0.13
1.418;-0.07;0.02;1.0;0.01;-0.01;-0.13
1.42;-0.07;0.02;1.0;0.01;-0.01;-0.13
1.426;-0.07;0.02;1.0;0.01;-0.01;-0.13
1.431;-0.07;0.02;1.0;0.01;-0.01;-0.13
1.436;-0.07;0.02;1.0;0.01;-0.01;-0.13
1.44;-0.07;0.02;1.0;0.01;-0.01;-0.13
1.446;-0.07;0.03;1.0;0.01;-0.01;-0.13
1.461;-0.07;0.03;1.0;0.01;-0.01;-0.13
1.464;-0.07;0.03;1.0;0.01;-0.01;-0.13
1.47;-0.07;0.03;1.0;0.02;-0.01;-0.13
1.472;-0.06;0.03;1.0;0.02;-0.01;-0.13
1.474;-0.06;0.03;1.0;0.02;-0.01;-0.13
1.479;-0.07;0.03;1.0;0.02;-0.01;-0.13
1.48;-0.07;0.03;1.0;0.02;-0.01;-0.13
1.488;-0.07;0.03;0.99;0.02;-0.01;-0.13
1.491;-0.07;0.03;0.99;0.01;-0.01;-0.13
1.497;-0.06;0.03;1.0;0.01;-0.01;-0.13
1.501;-0.06;0.03;1.0;0.01;-0.01;-0.13
1.506;-0.06;0.03;0.99;0.01;-0.01;-0.13
1.51;-0.06;0.03;0.99;0.01;-0.01;-0.13
1.52;-0.06;0.03;0.99;0.01;-0.01;-0.13
1.522;-0.06;0.03;0.99;0.01;-0.01;-0.13
1.526;-0.06;0.03;1.0;0.01;-0.01;-0.13
1.531;-0.06;0.03;1.0;0.01;-0.02;-0.13
1.537;-0.07;0.03;1.0;0.01;-0.02;-0.13
1.541;-0.07;0.03;1.0;0.01;-0.02;-0.13
1.546;-0.06;0.03;1.0;0.01;-0.02;-0.13
1.554;-0.06;0.03;1.0;0.01;-0.02;-0.13
1.556;-0.06;0.03;1.0;0.01;-0.02;-0.13
1.561;-0.06;0.03;1.0;0.01;-0.02;-0.13
1.577;-0.06;0.03;1.0;0.01;-0.02;-0.13
1.579;-0.06;0.03;1.0;0.02;-0.02;-0.13
1.581;-0.06;0.03;1.0;0.02;-0.02;-0.13
1.582;-0.06;0.03;1.0;0.02;-0.01;-0.14
1.594;-0.06;0.03;1.0;0.02;-0.01;-0.14
1.597;-0.06;0.03;1.0;0.02;-0.01;-0.14
1.598;-0.06;0.03;1.0;0.02;-0.01;-0.14
1.606;-0.06;0.03;1.0;0.02;-0.01;-0.14
1.608;-0.06;0.03;1.0;0.02;-0.01;-0.14
1.611;-0.06;0.03;1.0;0.02;-0.01;-0.14
1.618;-0.06;0.03;1.0;0.02;-0.01;-0.14
1.62;-0.06;0.03;1.0;0.02;-0.01;-0.14
1.626;-0.06;0.03;1.0;0.02;-0.01;-0.14
1.63;-0.06;0.03;1.0;0.01;-0.01;-0.14
1.636;-0.06;0.03;1.0;0.01;-0.01;-0.14
1.641;-0.06;0.03;1.0;0.01;-0.01;-0.14
1.646;-0.06;0.03;1.0;0.01;-0.01;-0.14
1.66;-0.06;0.03;1.0;0.02;-0.01;-0.15
1.662;-0.06;0.03;1.0;0.02;-0.01;-0.15
1.663;-0.06;0.03;1.0;0.02;-0.01;-0.15
1.677;-0.06;0.03;1.0;0.02;-0.01;-0.15
1.679;-0.06;0.03;1.0;0.02;0.0;-0.15
1.68;-0.06;0.03;1.0;0.02;0.0;-0.15
1.682;-0.06;0.03;1.0;0.02;0.0;-0.15
1.691;-0.06;0.03;1.0;0.02;0.0;-0.15
1.693;-0.06;0.03;1.0;0.02;-0.01;-0.15
1.696;-0.06;0.03;1.0;0.02;-0.01;-0.15
1.702;-0.06;0.03;1.0;0.02;-0.01;-0.16
1.707;-0.06;0.04;1.0;0.02;-0.01;-0.16
1.711;-0.06;0.04;1.0;0.02;-0.01;-0.16
1.718;-0.06;0.04;0.99;0.02;-0.01;-0.16
1.721;-0.06;0.04;0.99;0.02;-0.01;-0.17
1.726;-0.06;0.04;0.99;0.02;-0.01;-0.17
1.73;-0.06;0.04;0.99;0.02;-0.01;-0.17
1.736;-0.06;0.04;0.99;0.02;-0.01;-0.17
1.74;-0.06;0.04;0.99;0.02;-0.01;-0.17
1.746;-0.06;0.04;0.99;0.02;-0.01;-0.17
1.763;-0.06;0.04;0.99;0.02;-0.01;-0.18
1.764;-0.06;0.04;1.0;0.02;-0.01;-0.18
1.77;-0.06;0.04;1.0;0.02;-0.02;-0.18
1.771;-0.06;0.04;1.0;0.02;-0.02;-0.18
1.772;-0.06;0.04;1.0;0.02;-0.02;-0.18
1.785;-0.06;0.04;1.0;0.02;-0.02;-0.18
1.787;-0.06;0.04;1.0;0.02;-0.02;-0.19
1.789;-0.06;0.04;1.0;0.02;-0.02;-0.19
1.79;-0.06;0.04;1.0;0.02;-0.02;-0.19
1.796;-0.06;0.04;1.0;0.02;-0.02;-0.19
1.802;-0.06;0.04;1.0;0.02;-0.02;-0.19
1.807;-0.06;0.04;1.0;0.02;-0.02;-0.19
1.81;-0.06;0.04;1.0;0.02;-0.02;-0.2
1.82;-0.06;0.04;1.0;0.02;-0.02;-0.2
1.822;-0.06;0.04;1.0;0.02;-0.02;-0.2
1.826;-0.06;0.04;1.0;0.02;-0.02;-0.2
1.83;-0.06;0.04;1.0;0.02;-0.02;-0.21
1.837;-0.07;0.04;1.0;0.02;-0.02;-0.21
1.84;-0.07;0.04;1.0;0.03;-0.01;-0.21
1.847;-0.07;0.04;1.0;0.03;-0.01;-0.21
1.864;-0.07;0.04;1.0;0.03;-0.01;-0.21
1.866;-0.06;0.04;1.0;0.03;-0.01;-0.21
1.868;-0.06;0.04;1.0;0.03;-0.01;-0.22
1.869;-0.06;0.04;1.0;0.03;-0.01;-0.22
1.871;-0.06;0.04;1.0;0.03;-0.01;-0.22
1.876;-0.06;0.04;1.0;0.03;-0.01;-0.22
1.881;-0.06;0.04;1.0;0.03;-0.01;-0.23
1.887;-0.06;0.04;1.0;0.03;-0.01;-0.23
1.891;-0.06;0.04;1.0;0.03;-0.01;-0.23
1.896;-0.06;0.05;1.0;0.03;-0.01;-0.23
1.901;-0.06;0.05;1.0;0.02;-0.01;-0.24
1.907;-0.06;0.05;1.0;0.02;-0.01;-0.24
1.911;-0.06;0.05;1.0;0.02;-0.02;-0.25
1.921;-0.06;0.05;1.01;0.02;-0.02;-0.25
1.923;-0.06;0.05;1.01;0.01;-0.02;-0.26
1.926;-0.06;0.04;1.01;0.01;-0.02;-0.26
1.931;-0.06;0.04;1.01;0.0;-0.02;-0.26
1.937;-0.06;0.04;1.0;0.0;-0.02;-0.26
1.941;-0.06;0.04;1.0;0.0;-0.02;-0.26
1.947;-0.06;0.04;0.99;0.0;-0.02;-0.26
1.951;-0.06;0.04;0.99;-0.01;-0.02;-0.26
1.956;-0.06;0.03;0.99;-0.01;-0.02;-0.26
1.961;-0.06;0.03;0.99;-0.01;-0.03;-0.26
1.98;-0.06;0.03;0.98;-0.01;-0.03;-0.26
1.982;-0.06;0.03;0.98;-0.02;-0.04;-0.26
1.983;-0.05;0.03;0.98;-0.02;-0.04;-0.26
1.984;-0.05;0.03;0.98;-0.03;-0.05;-0.26
1.987;-0.06;0.02;0.99;-0.03;-0.05;-0.26
1.991;-0.06;0.02;0.99;-0.04;-0.06;-0.27
1.998;-0.06;0.02;1.0;-0.04;-0.06;-0.27
2.002;-0.06;0.02;1.0;-0.04;-0.07;-0.27
2.007;-0.07;0.01;1.01;-0.04;-0.07;-0.27
2.011;-0.07;0.01;1.01;-0.04;-0.06;-0.26
2.018;-0.08;0.0;1.02;-0.04;-0.06;-0.26
2.021;-0.08;0.0;1.02;-0.05;-0.04;-0.25
2.027;-0.08;-0.01;1.01;-0.05;-0.04;-0.25
2.03;-0.08;-0.01;1.01;-0.05;-0.02;-0.24
2.037;-0.08;-0.01;1.0;-0.05;-0.02;-0.24
2.041;-0.08;-0.01;1.0;-0.05;-0.01;-0.24
2.046;-0.07;-0.02;0.99;-0.05;-0.01;-0.24
2.061;-0.07;-0.02;0.99;-0.05;-0.02;-0.23
2.063;-0.07;-0.02;0.98;-0.05;-0.02;-0.23
2.064;-0.07;-0.02;0.98;-0.05;-0.04;-0.24
2.078;-0.08;-0.03;0.97;-0.05;-0.04;-0.24
2.08;-0.08;-0.03;0.97;-0.06;-0.06;-0.24
2.081;-0.08;-0.03;0.97;-0.06;-0.07;-0.24
2.088;-0.09;-0.06;0.96;-0.06;-0.07;-0.24
2.092;-0.09;-0.06;0.96;-0.05;-0.08;-0.22
2.099;-0.09;-0.07;0.96;-0.05;-0.08;-0.22
2.101;-0.09;-0.07;0.96;-0.05;-0.08;-0.2
2.107;-0.08;-0.08;0.96;-0.05;-0.08;-0.2
2.111;-0.08;-0.08;0.96;-0.03;-0.08;-0.18
2.116;-0.07;-0.09;0.95;-0.03;-0.08;-0.18
2.12;-0.07;-0.09;0.95;-0.02;-0.09;-0.16
2.127;-0.07;-0.09;0.94;-0.02;-0.09;-0.16
2.135;-0.07;-0.09;0.94;-0.03;-0.11;-0.13
2.137;-0.07;-0.08;0.94;-0.03;-0.11;-0.13
2.141;-0.07;-0.08;0.94;-0.05;-0.15;-0.11
2.149;-0.07;-0.07;0.99;-0.05;-0.15;-0.11
2.151;-0.07;-0.07;0.99;-0.07;-0.19;-0.09
2.156;-0.08;-0.1;1.02;-0.07;-0.19;-0.09
2.161;-0.08;-0.1;1.02;-0.06;-0.19;-0.08
2.177;-0.08;-0.12;1.02;-0.06;-0.19;-0.08
2.179;-0.08;-0.12;1.02;-0.03;-0.16;-0.06
2.18;-0.06;-0.1;1.0;-0.03;-0.16;-0.06
2.181;-0.06;-0.1;1.0;-0.01;-0.14;-0.05
2.193;-0.06;-0.1;0.99;-0.01;-0.14;-0.05
2.194;-0.06;-0.1;0.99;0.01;-0.14;-0.05
2.197;-0.06;-0.1;1.0;0.01;-0.14;-0.05
2.203;-0.06;-0.1;1.0;0.02;-0.14;-0.06
2.206;-0.07;-0.09;1.03;0.02;-0.14;-0.06
2.211;-0.07;-0.09;1.03;0.01;-0.13;-0.08
2.217;-0.07;-0.05;1.05;0.01;-0.13;-0.08
2.221;-0.07;-0.05;1.05;0.02;-0.1;-0.08
2.227;-0.07;0.0;1.04;0.02;-0.1;-0.08
2.231;-0.07;0.0;1.04;0.06;-0.07;-0.06
2.236;-0.06;0.05;1.0;0.06;-0.07;-0.06
2.241;-0.06;0.05;1.0;0.1;-0.08;-0.05
2.246;-0.04;0.09;0.96;0.1;-0.08;-0.05
2.261;-0.04;0.09;0.96;0.14;-0.12;-0.06
2.262;-0.04;0.11;0.96;0.14;-0.12;-0.06
2.263;-0.04;0.11;0.96;0.13;-0.15;-0.1
2.278;-0.02;0.1;0.97;0.13;-0.15;-0.1
2.28;-0.02;0.1;0.97;0.12;-0.16;-0.14
2.282;0.0;0.1;0.99;0.12;-0.16;-0.14
2.283;0.0;0.1;0.99;0.1;-0.17;-0.18
2.291;0.0;0.09;1.01;0.1;-0.17;-0.18
2.293;0.0;0.09;1.01;0.09;-0.17;-0.22
2.297;0.01;0.09;1.03;0.09;-0.17;-0.22
2.302;0.01;0.09;1.03;0.09;-0.17;-0.27
2.306;0.02;0.1;1.03;0.09;-0.17;-0.27
2.31;0.02;0.1;1.03;0.11;-0.16;-0.31
2.318;0.01;0.1;1.03;0.11;-0.16;-0.31
2.321;0.01;0.1;1.03;0.12;-0.15;-0.35
2.326;0.0;0.1;1.04;0.12;-0.15;-0.35
2.33;0.0;0.1;1.04;0.13;-0.14;-0.4
2.336;-0.01;0.1;1.04;0.13;-0.14;-0.4
2.34;-0.01;0.1;1.04;0.14;-0.13;-0.45
2.346;-0.03;0.09;1.04;0.14;-0.13;-0.45
2.36;-0.03;0.09;1.04;0.15;-0.1;-0.5
2.362;-0.04;0.08;1.02;0.15;-0.1;-0.5
2.363;-0.04;0.08;1.02;0.17;-0.05;-0.54
2.374;-0.04;0.09;1.0;0.17;-0.05;-0.54
2.375;-0.04;0.09;1.0;0.18;-0.01;-0.56
2.377;-0.04;0.1;0.98;0.18;-0.01;-0.56
2.381;-0.04;0.1;0.98;0.19;0.05;-0.58
2.386;-0.05;0.12;0.94;0.19;0.05;-0.58
2.391;-0.05;0.12;0.94;0.19;0.09;-0.6
2.396;-0.05;0.13;0.93;0.19;0.09;-0.6
2.4;-0.05;0.13;0.93;0.13;0.13;-0.62
2.406;-0.09;0.16;0.92;0.13;0.13;-0.62
2.41;-0.09;0.16;0.92;0.14;0.1;-0.64
2.416;-0.1;0.18;0.96;0.14;0.1;-0.64
2.42;-0.1;0.18;0.96;0.12;0.04;-0.63
2.426;-0.1;0.2;0.98;0.12;0.04;-0.63
2.43;-0.1;0.2;0.98;0.12;-0.01;-0.6
2.436;-0.11;0.2;1.01;0.12;-0.01;-0.6
2.44;-0.11;0.2;1.01;0.1;-0.07;-0.57
2.447;-0.11;0.17;1.05;0.1;-0.07;-0.57
2.461;-0.11;0.17;1.05;0.09;-0.14;-0.52
2.462;-0.11;0.12;1.06;0.09;-0.14;-0.52
2.464;-0.11;0.12;1.06;0.1;-0.12;-0.51
2.479;-0.13;0.04;1.05;0.1;-0.12;-0.51
2.481;-0.13;0.04;1.05;0.1;-0.08;-0.51
2.482;-0.13;-0.01;1.02;0.1;-0.08;-0.51
2.483;-0.13;-0.01;1.02;0.1;-0.05;-0.51
2.492;-0.13;-0.03;0.99;0.1;-0.05;-0.51
2.494;-0.13;-0.03;0.99;0.11;-0.04;-0.5
2.497;-0.14;-0.04;0.97;0.11;-0.04;-0.5
2.506;-0.14;-0.04;0.97;0.11;-0.05;-0.5
2.508;-0.15;-0.05;0.95;0.11;-0.05;-0.5
2.512;-0.15;-0.05;0.95;0.11;-0.07;-0.48
2.517;-0.17;-0.05;0.94;0.11;-0.07;-0.48
2.521;-0.17;-0.05;0.94;0.11;-0.1;-0.43
2.527;-0.19;-0.05;0.93;0.11;-0.1;-0.43
2.532;-0.19;-0.05;0.93;0.11;-0.15;-0.37
2.537;-0.2;-0.04;0.93;0.11;-0.15;-0.37
2.542;-0.2;-0.04;0.93;0.11;-0.19;-0.3
2.547;-0.2;-0.02;0.94;0.11;-0.19;-0.3
2.55;-0.2;-0.02;0.94;0.11;-0.23;-0.22
2.556;-0.2;0.01;0.95;0.11;-0.23;-0.22
2.56;-0.2;0.01;0.95;0.12;-0.26;-0.14
2.577;-0.19;0.04;0.96;0.12;-0.26;-0.14
2.579;-0.19;0.04;0.96;0.14;-0.28;-0.07
2.58;-0.18;0.08;0.97;0.14;-0.28;-0.07
2.582;-0.18;0.08;0.97;0.16;-0.29;-0.03
2.593;-0.17;0.12;0.98;0.16;-0.29;-0.03
2.595;-0.17;0.12;0.98;0.17;-0.29;0.0
2.597;-0.17;0.16;0.98;0.17;-0.29;0.0
2.607;-0.17;0.16;0.98;0.18;-0.28;-0.01
2.609;-0.16;0.19;0.98;0.18;-0.28;-0.01
2.611;-0.16;0.19;0.98;0.17;-0.26;-0.03
2.617;-0.16;0.2;0.97;0.17;-0.26;-0.03
2.621;-0.16;0.2;0.97;0.16;-0.23;-0.06
2.626;-0.16;0.2;0.95;0.16;-0.23;-0.06
2.632;-0.16;0.2;0.95;0.14;-0.21;-0.08
2.636;-0.16;0.18;0.94;0.14;-0.21;-0.08
2.64;-0.16;0.18;0.94;0.11;-0.19;-0.09
2.647;-0.17;0.16;0.92;0.11;-0.19;-0.09
2.65;-0.17;0.16;0.92;0.07;-0.19;-0.09
2.656;-0.17;0.13;0.91;0.07;-0.19;-0.09
2.661;-0.17;0.13;0.91;0.04;-0.19;-0.07
2.685;-0.17;0.1;0.91;0.04;-0.19;-0.07
2.687;-0.17;0.1;0.91;0.02;-0.19;-0.05
2.688;-0.18;0.08;0.9;0.02;-0.19;-0.05
2.689;-0.18;0.08;0.9;0.0;-0.2;-0.02
2.69;-0.17;0.06;0.91;0.0;-0.2;-0.02
2.692;-0.17;0.06;0.91;-0.02;-0.21;0.01
2.697;-0.18;0.05;0.92;-0.02;-0.21;0.01
2.703;-0.18;0.05;0.92;-0.03;-0.22;0.03
2.707;-0.18;0.05;0.95;-0.03;-0.22;0.03
2.71;-0.18;0.05;0.95;-0.03;-0.22;0.05
2.718;-0.18;0.06;0.98;-0.03;-0.22;0.05
2.721;-0.18;0.06;0.98;-0.03;-0.22;0.06
2.727;-0.19;0.08;1.0;-0.03;-0.22;0.06
2.735;-0.19;0.08;1.0;-0.03;-0.22;0.07
2.738;-0.2;0.09;1.02;-0.03;-0.22;0.07
2.74;-0.2;0.09;1.02;-0.02;-0.2;0.07
2.747;-0.2;0.1;1.03;-0.02;-0.2;0.07
2.751;-0.2;0.1;1.03;-0.02;-0.17;0.07
2.756;-0.21;0.11;1.04;-0.02;-0.17;0.07
2.761;-0.21;0.11;1.04;-0.01;-0.13;0.08
2.776;-0.2;0.13;1.03;-0.01;-0.13;0.08
2.778;-0.2;0.13;1.03;-0.01;-0.08;0.08
2.779;-0.19;0.14;1.0;-0.01;-0.08;0.08
2.78;-0.19;0.14;1.0;-0.01;-0.04;0.09
2.792;-0.18;0.15;0.96;-0.01;-0.04;0.09
2.794;-0.18;0.15;0.96;0.0;0.0;0.09
2.802;-0.18;0.16;0.92;0.0;0.0;0.09
2.803;-0.18;0.16;0.92;-0.01;0.01;0.1
2.806;-0.18;0.16;0.89;-0.01;0.01;0.1
2.811;-0.18;0.16;0.89;-0.02;0.0;0.1
2.817;-0.18;0.15;0.88;-0.02;0.0;0.1
2.821;-0.18;0.15;0.88;-0.03;-0.03;0.12
2.826;-0.18;0.15;0.87;-0.03;-0.03;0.12
2.832;-0.18;0.15;0.87;-0.04;-0.07;0.14
2.836;-0.19;0.15;0.89;-0.04;-0.07;0.14
2.84;-0.19;0.15;0.89;-0.06;-0.11;0.16
2.849;-0.21;0.15;0.93;-0.06;-0.11;0.16
2.852;-0.21;0.15;0.93;-0.08;-0.14;0.19
2.856;-0.23;0.15;0.99;-0.08;-0.14;0.19
2.86;-0.23;0.15;0.99;-0.11;-0.15;0.21
2.875;-0.21;0.17;1.08;-0.11;-0.15;0.21
2.877;-0.21;0.17;1.08;-0.13;-0.13;0.24
2.878;-0.09;0.26;1.25;-0.13;-0.13;0.24
2.881;-0.09;0.26;1.25;-0.15;-0.08;0.25
2.89;0.08;0.42;1.43;-0.15;-0.08;0.25
2.892;0.08;0.42;1.43;-0.15;0.01;0.24
2.903;0.23;0.5;1.52;-0.15;0.01;0.24
2.904;0.23;0.5;1.52;-0.1;0.07;0.17
2.907;0.2;0.43;1.55;-0.1;0.07;0.17
2.911;0.2;0.43;1.55;-0.08;0.03;0.04
2.916;0.0;0.31;1.61;-0.08;0.03;0.04
2.921;0.0;0.31;1.61;-0.11;-0.05;-0.08
2.926;-0.14;0.23;1.69;-0.11;-0.05;-0.08
2.932;-0.14;0.23;1.69;-0.13;0.0;-0.14
2.936;-0.14;0.18;1.65;-0.13;0.0;-0.14
2.94;-0.14;0.18;1.65;-0.1;0.22;-0.16
2.948;-0.08;0.15;1.49;-0.1;0.22;-0.16
2.95;-0.08;0.15;1.49;-0.11;0.53;-0.19
2.956;0.01;0.1;1.28;-0.11;0.53;-0.19
2.96;0.01;0.1;1.28;-0.15;0.78;-0.25
2.976;0.08;0.04;1.08;-0.15;0.78;-0.25
2.978;0.08;0.04;1.08;-0.21;0.91;-0.29
2.979;0.12;-0.05;0.92;-0.21;0.91;-0.29
2.993;0.12;-0.05;0.92;-0.25;0.87;-0.3
2.995;0.13;-0.12;0.82;-0.25;0.87;-0.3
2.997;0.13;-0.12;0.82;-0.28;0.73;-0.25
2.998;0.11;-0.15;0.77;-0.28;0.73;-0.25
3.003;0.11;-0.15;0.77;-0.28;0.53;-0.15
3.009;0.1;-0.15;0.75;-0.28;0.53;-0.15
3.011;0.1;-0.15;0.75;-0.25;0.33;-0.02
3.019;0.12;-0.13;0.74;-0.25;0.33;-0.02
3.022;0.12;-0.13;0.74;-0.21;0.17;0.1
3.027;0.14;-0.09;0.77;-0.21;0.17;0.1
3.032;0.14;-0.09;0.77;-0.19;0.07;0.17
3.037;0.15;-0.04;0.82;-0.19;0.07;0.17
3.041;0.15;-0.04;0.82;-0.16;0.03;0.18
3.048;0.16;0.02;0.89;-0.16;0.03;0.18
3.051;0.16;0.02;0.89;-0.13;0.03;0.14
3.056;0.17;0.07;0.94;-0.13;0.03;0.14
3.061;0.17;0.07;0.94;-0.09;0.07;0.05
3.077;0.18;0.11;0.97;-0.09;0.07;0.05
3.08;0.18;0.11;0.97;-0.04;0.11;-0.08
3.082;0.18;0.12;0.98;-0.04;0.11;-0.08
3.083;0.18;0.12;0.98;-0.01;0.12;-0.41
3.087;0.17;0.12;0.99;-0.01;0.12;-0.41
3.091;0.17;0.12;0.99;-0.02;0.11;-0.54
3.099;0.15;0.12;0.99;-0.02;0.11;-0.54
3.102;0.15;0.12;0.99;-0.06;-0.03;-0.64
3.107;0.11;0.11;1.0;-0.06;-0.03;-0.64
3.111;0.11;0.11;1.0;-0.11;-0.13;-0.68
3.116;0.08;0.09;1.03;-0.11;-0.13;-0.68
3.121;0.08;0.09;1.03;-0.17;-0.2;-0.68
3.126;0.04;0.04;1.05;-0.17;-0.2;-0.68
3.132;0.04;0.04;1.05;-0.22;-0.2;-0.66
3.136;0.01;-0.01;1.07;-0.22;-0.2;-0.66
3.142;0.01;-0.01;1.07;-0.24;-0.15;-0.61
3.149;-0.01;-0.06;1.05;-0.24;-0.15;-0.61
3.152;-0.01;-0.06;1.05;-0.24;-0.07;-0.55
3.156;-0.01;-0.1;1.0;-0.24;-0.07;-0.55
3.16;-0.01;-0.1;1.0;-0.23;0.01;-0.49
3.175;-0.01;-0.15;0.93;-0.23;0.01;-0.49
3.178;-0.01;-0.15;0.93;-0.21;0.08;-0.45
3.179;0.0;-0.19;0.87;-0.21;0.08;-0.45
3.192;0.0;-0.19;0.87;-0.2;0.11;-0.41
3.193;0.01;-0.22;0.81;-0.2;0.11;-0.41
3.194;0.01;-0.22;0.81;-0.21;0.1;-0.37
3.204;-0.02;-0.21;0.77;-0.21;0.1;-0.37
3.206;-0.02;-0.21;0.77;-0.22;0.06;-0.33
3.207;-0.03;-0.19;0.75;-0.22;0.06;-0.33
3.211;-0.03;-0.19;0.75;-0.23;0.0;-0.29
3.218;-0.04;-0.17;0.75;-0.23;0.0;-0.29
3.221;-0.04;-0.17;0.75;-0.24;-0.05;-0.26
3.226;-0.04;-0.12;0.76;-0.24;-0.05;-0.26
3.232;-0.04;-0.12;0.76;-0.27;-0.09;-0.26
3.236;-0.05;-0.08;0.77;-0.27;-0.09;-0.26
3.24;-0.05;-0.08;0.77;-0.28;-0.12;-0.26
3.248;-0.05;-0.04;0.79;-0.28;-0.12;-0.26
3.251;-0.05;-0.04;0.79;-0.29;-0.13;-0.26
3.256;-0.05;-0.02;0.8;-0.29;-0.13;-0.26
3.261;-0.05;-0.02;0.8;-0.29;-0.14;-0.27
3.276;-0.04;0.0;0.82;-0.29;-0.14;-0.27
3.278;-0.04;0.0;0.82;-0.28;-0.14;-0.27
3.279;-0.04;0.01;0.81;-0.28;-0.14;-0.27
3.281;-0.04;0.01;0.81;-0.26;-0.14;-0.27
3.292;-0.03;0.01;0.83;-0.26;-0.14;-0.27
3.294;-0.03;0.01;0.83;-0.23;-0.16;-0.27
3.304;-0.03;0.0;0.85;-0.23;-0.16;-0.27
3.306;-0.03;0.0;0.85;-0.19;-0.18;-0.27
3.307;-0.04;-0.01;0.89;-0.19;-0.18;-0.27
3.31;-0.04;-0.01;0.89;-0.14;-0.22;-0.29
3.318;-0.05;-0.03;0.93;-0.14;-0.22;-0.29
3.321;-0.05;-0.03;0.93;-0.11;-0.24;-0.31
3.327;-0.08;-0.05;0.99;-0.11;-0.24;-0.31
3.334;-0.08;-0.05;0.99;-0.07;-0.25;-0.32
3.336;-0.11;-0.06;1.05;-0.07;-0.25;-0.32
3.341;-0.11;-0.06;1.05;-0.03;-0.25;-0.32
3.348;-0.13;-0.07;1.1;-0.03;-0.25;-0.32
3.35;-0.13;-0.07;1.1;0.02;-0.21;-0.31
3.357;-0.17;-0.11;1.17;0.02;-0.21;-0.31
3.36;-0.17;-0.11;1.17;0.06;-0.14;-0.29
3.387;-0.17;-0.13;1.16;0.06;-0.14;-0.29
3.388;-0.17;-0.13;1.16;0.07;-0.06;-0.25
3.39;-0.17;-0.14;1.13;0.07;-0.06;-0.25
3.391;-0.17;-0.14;1.13;0.08;0.03;-0.21
3.392;-0.16;-0.14;1.08;0.08;0.03;-0.21
3.394;-0.16;-0.14;1.08;0.06;0.12;-0.17
3.404;-0.14;-0.14;1.03;0.06;0.12;-0.17
3.408;-0.14;-0.14;1.03;0.04;0.19;-0.13
3.408;-0.12;-0.14;0.98;0.04;0.19;-0.13
3.411;-0.12;-0.14;0.98;0.02;0.25;-0.09
3.416;-0.1;-0.13;0.94;0.02;0.25;-0.09
3.421;-0.1;-0.13;0.94;0.01;0.27;-0.05
3.426;-0.08;-0.13;0.93;0.01;0.27;-0.05
3.433;-0.08;-0.13;0.93;0.0;0.25;-0.01
3.436;-0.08;-0.13;0.94;0.0;0.25;-0.01
3.44;-0.08;-0.13;0.94;-0.01;0.2;0.02
3.448;-0.1;-0.12;0.98;-0.01;0.2;0.02
3.45;-0.1;-0.12;0.98;-0.02;0.14;0.04
3.456;-0.14;-0.12;1.03;-0.02;0.14;0.04
3.461;-0.14;-0.12;1.03;-0.01;0.1;0.05
3.475;-0.18;-0.1;1.09;-0.01;0.1;0.05
3.477;-0.18;-0.1;1.09;-0.01;0.07;0.06
3.48;-0.22;-0.07;1.14;-0.01;0.07;0.06
3.481;-0.22;-0.07;1.14;0.0;0.08;0.06
3.491;-0.25;-0.04;1.17;0.0;0.08;0.06
3.493;-0.25;-0.04;1.17;0.01;0.11;0.04
3.501;-0.28;-0.02;1.19;0.01;0.11;0.04
3.506;-0.28;-0.02;1.19;0.03;0.15;0.01
3.507;-0.31;0.0;1.19;0.03;0.15;0.01
3.51;-0.31;0.0;1.19;0.05;0.19;-0.04
3.516;-0.32;0.01;1.17;0.05;0.19;-0.04
3.52;-0.32;0.01;1.17;0.07;0.24;-0.1
3.526;-0.33;0.03;1.17;0.07;0.24;-0.1
3.531;-0.33;0.03;1.17;0.07;0.29;-0.18
3.536;-0.32;0.03;1.19;0.07;0.29;-0.18
3.54;-0.32;0.03;1.19;0.08;0.34;-0.26
3.547;-0.25;0.0;1.25;0.08;0.34;-0.26
3.55;-0.25;0.0;1.25;0.09;0.39;-0.3
3.556;-0.12;-0.06;1.28;0.09;0.39;-0.3
3.561;-0.12;-0.06;1.28;0.11;0.43;-0.29
3.573;0.01;-0.08;1.27;0.11;0.43;-0.29
3.575;0.01;-0.08;1.27;0.1;0.4;-0.23
3.577;0.04;-0.1;1.29;0.1;0.4;-0.23
3.589;0.04;-0.1;1.29;0.01;0.27;-0.2
3.591;0.04;-0.19;1.3;0.01;0.27;-0.2
3.592;0.04;-0.19;1.3;-0.08;0.11;-0.17
3.598;0.0;-0.29;1.33;-0.08;0.11;-0.17
3.601;0.0;-0.29;1.33;-0.18;0.02;-0.13
3.606;-0.06;-0.33;1.38;-0.18;0.02;-0.13
3.61;-0.06;-0.33;1.38;-0.26;0.04;-0.09
3.616;-0.06;-0.33;1.4;-0.26;0.04;-0.09
3.62;-0.06;-0.33;1.4;-0.24;0.18;0.0
3.627;0.0;-0.29;1.32;-0.24;0.18;0.0
3.631;0.0;-0.29;1.32;-0.15;0.38;0.11
3.636;0.06;-0.22;1.15;-0.15;0.38;0.11
3.64;0.06;-0.22;1.15;-0.06;0.55;0.21
3.647;0.12;-0.14;0.97;-0.06;0.55;0.21
3.651;0.12;-0.14;0.97;0.0;0.61;0.27
3.656;0.17;-0.05;0.85;0.0;0.61;0.27
3.661;0.17;-0.05;0.85;0.01;0.58;0.25
3.674;0.2;0.05;0.73;0.01;0.58;0.25
3.675;0.2;0.05;0.73;0.0;0.53;0.19
3.677;0.22;0.12;0.64;0.0;0.53;0.19
3.691;0.22;0.12;0.64;0.0;0.47;0.1
3.692;0.23;0.18;0.56;0.0;0.47;0.1
3.694;0.23;0.18;0.56;-0.02;0.43;0.01
3.701;0.23;0.21;0.54;-0.02;0.43;0.01
3.703;0.23;0.21;0.54;-0.03;0.46;-0.07
3.706;0.18;0.21;0.45;-0.03;0.46;-0.07
3.711;0.18;0.21;0.45;-0.05;0.35;-0.13
3.716;0.13;0.24;0.49;-0.05;0.35;-0.13
3.72;0.13;0.24;0.49;-0.05;0.15;-0.13
3.726;0.09;0.26;0.53;-0.05;0.15;-0.13
3.732;0.09;0.26;0.53;-0.04;-0.02;-0.1
3.736;0.05;0.21;0.65;-0.04;-0.02;-0.1
3.74;0.05;0.21;0.65;-0.05;-0.33;0.0
3.749;0.0;0.13;0.8;-0.05;-0.33;0.0
3.75;0.0;0.13;0.8;-0.03;-0.4;0.08
3.761;0.0;0.13;0.8;0.0;-0.44;0.16
3.774;-0.08;-0.03;1.06;0.0;-0.44;0.16
3.775;-0.08;-0.03;1.06;0.03;-0.44;0.23
3.778;-0.1;-0.1;1.2;0.03;-0.44;0.23
3.791;-0.1;-0.1;1.2;0.05;-0.39;0.27
3.793;-0.1;-0.13;1.28;0.05;-0.39;0.27
3.794;-0.1;-0.13;1.28;0.07;-0.29;0.28
3.803;-0.11;-0.13;1.32;0.07;-0.29;0.28
3.804;-0.11;-0.13;1.32;0.08;-0.15;0.27
3.807;-0.1;-0.1;1.28;0.08;-0.15;0.27
3.811;-0.1;-0.1;1.28;0.09;0.01;0.24
3.816;-0.09;-0.06;1.16;0.09;0.01;0.24
3.82;-0.09;-0.06;1.16;0.08;0.13;0.21
3.826;-0.05;-0.03;1.03;0.08;0.13;0.21
3.832;-0.05;-0.03;1.03;0.05;0.21;0.16
3.836;-0.06;0.02;0.9;0.05;0.21;0.16
3.84;-0.06;0.02;0.9;0.02;0.23;0.13
3.847;-0.05;0.04;0.81;0.02;0.23;0.13
3.85;-0.05;0.04;0.81;-0.01;0.21;0.12
3.856;-0.05;0.07;0.75;-0.01;0.21;0.12
3.86;-0.05;0.07;0.75;-0.01;0.16;0.13
3.874;-0.05;0.09;0.7;-0.01;0.16;0.13
3.876;-0.05;0.09;0.7;-0.01;0.06;0.15
3.878;-0.06;0.11;0.68;-0.01;0.06;0.15
3.881;-0.06;0.11;0.68;0.01;-0.06;0.18
3.892;-0.06;0.12;0.69;0.01;-0.06;0.18
3.893;-0.06;0.12;0.69;0.05;-0.18;0.21
3.901;-0.07;0.13;0.73;0.05;-0.18;0.21
3.903;-0.07;0.13;0.73;0.1;-0.27;0.24
3.907;-0.08;0.14;0.77;0.1;-0.27;0.24
3.911;-0.08;0.14;0.77;0.14;-0.34;0.25
3.916;-0.09;0.13;0.82;0.14;-0.34;0.25
3.92;-0.09;0.13;0.82;0.17;-0.39;0.25
3.926;-0.11;0.12;0.88;0.17;-0.39;0.25
3.931;-0.11;0.12;0.88;0.18;-0.41;0.22
3.936;-0.13;0.1;0.93;0.18;-0.41;0.22
3.941;-0.13;0.1;0.93;0.17;-0.41;0.19
3.947;-0.16;0.08;0.99;0.17;-0.41;0.19
3.95;-0.16;0.08;0.99;0.15;-0.39;0.17
3.956;-0.18;0.06;1.03;0.15;-0.39;0.17
3.96;-0.18;0.06;1.03;0.12;-0.34;0.16
3.975;-0.2;0.04;1.06;0.12;-0.34;0.16
3.977;-0.2;0.04;1.06;0.08;-0.27;0.16
3.978;-0.2;0.04;1.06;0.08;-0.27;0.16
3.982;-0.2;0.04;1.06;0.03;-0.19;0.16
3.995;-0.2;0.05;1.04;0.03;-0.19;0.16
3.996;-0.2;0.05;1.04;0.0;-0.13;0.16
3.999;-0.16;0.07;0.95;0.0;-0.13;0.16
4.0;-0.16;0.07;0.95;-0.03;-0.09;0.16
4.006;-0.16;0.07;0.91;-0.03;-0.09;0.16
4.01;-0.16;0.07;0.91;-0.05;-0.08;0.16
4.017;-0.14;0.06;0.9;-0.05;-0.08;0.16
4.021;-0.14;0.06;0.9;-0.06;-0.08;0.16
4.026;-0.14;0.05;0.91;-0.06;-0.08;0.16
4.032;-0.14;0.05;0.91;-0.07;-0.1;0.16
4.036;-0.14;0.05;0.94;-0.07;-0.1;0.16
4.04;-0.14;0.05;0.94;-0.07;-0.11;0.17
4.047;-0.14;0.04;0.99;-0.07;-0.11;0.17
4.05;-0.14;0.04;0.99;-0.07;-0.11;0.16
4.056;-0.14;0.03;1.03;-0.07;-0.11;0.16
4.06;-0.14;0.03;1.03;-0.07;-0.09;0.15
4.073;-0.14;0.01;1.06;-0.07;-0.09;0.15
4.074;-0.14;0.01;1.06;-0.08;-0.07;0.13
4.076;-0.15;0.0;1.08;-0.08;-0.07;0.13
4.088;-0.15;0.0;1.08;-0.1;-0.04;0.12
4.09;-0.17;-0.01;1.11;-0.1;-0.04;0.12
4.091;-0.17;-0.01;1.11;-0.13;-0.01;0.11
4.099;-0.2;-0.01;1.13;-0.13;-0.01;0.11
4.101;-0.2;-0.01;1.13;-0.16;0.02;0.1
4.106;-0.23;0.01;1.15;-0.16;0.02;0.1
4.11;-0.23;0.01;1.15;-0.16;0.04;0.1
4.117;-0.27;0.03;1.16;-0.16;0.04;0.1
4.12;-0.27;0.03;1.16;-0.15;0.06;0.1
4.126;-0.32;0.06;1.15;-0.15;0.06;0.1
4.13;-0.32;0.06;1.15;-0.12;0.09;0.1
4.136;-0.36;0.08;1.13;-0.12;0.09;0.1
4.14;-0.36;0.08;1.13;-0.09;0.12;0.11
4.155;-0.4;0.08;1.11;-0.09;0.12;0.11
4.157;-0.4;0.08;1.11;-0.05;0.17;0.11
4.16;-0.4;0.08;1.11;-0.03;0.23;0.11
4.171;-0.4;0.08;1.1;-0.03;0.23;0.11
4.173;-0.4;0.08;1.1;-0.02;0.3;0.12
4.177;-0.31;0.11;1.17;-0.02;0.3;0.12
4.18;-0.31;0.11;1.17;-0.01;0.36;0.12
4.188;-0.15;0.19;1.29;-0.01;0.36;0.12
4.19;-0.15;0.19;1.29;0.03;0.39;0.11
4.197;0.0;0.24;1.37;0.03;0.39;0.11
4.2;0.0;0.24;1.37;0.13;0.35;0.07
4.206;0.05;0.2;1.43;0.13;0.35;0.07
4.212;0.05;0.2;1.43;0.23;0.22;0.01
4.216;0.02;0.14;1.53;0.23;0.22;0.01
4.22;0.02;0.14;1.53;0.3;0.06;-0.05
4.226;-0.01;0.07;1.58;0.3;0.06;-0.05
4.23;-0.01;0.07;1.58;0.36;-0.01;-0.09
4.236;0.02;0.07;1.58;0.36;-0.01;-0.09
4.241;0.02;0.07;1.58;0.41;0.06;-0.09
4.256;0.12;0.13;1.48;0.41;0.06;-0.09
4.258;0.12;0.13;1.48;0.4;0.22;-0.11
4.26;0.19;0.15;1.31;0.4;0.22;-0.11
4.261;0.19;0.15;1.31;0.36;0.4;-0.18
4.274;0.23;0.12;1.11;0.36;0.4;-0.18
4.277;0.23;0.12;1.11;0.31;0.53;-0.26
4.278;0.24;0.05;0.93;0.31;0.53;-0.26
4.288;0.24;0.05;0.93;0.26;0.59;-0.3
4.29;0.23;-0.03;0.77;0.26;0.59;-0.3
4.291;0.23;-0.03;0.77;0.23;0.6;-0.31
4.299;0.23;-0.09;0.73;0.23;0.6;-0.31
4.301;0.23;-0.09;0.73;0.24;0.57;-0.27
4.307;0.17;-0.15;0.46;0.24;0.57;-0.27
4.312;0.17;-0.15;0.46;0.27;0.54;-0.19
4.317;0.16;-0.21;0.46;0.27;0.54;-0.19
4.32;0.16;-0.21;0.46;0.24;0.33;-0.08
4.328;0.14;-0.25;0.46;0.24;0.33;-0.08
4.331;0.14;-0.25;0.46;0.22;0.14;0.01
4.336;0.07;-0.26;0.51;0.22;0.14;0.01
4.34;0.07;-0.26;0.51;0.2;-0.07;0.04
4.348;0.02;-0.2;0.64;0.2;-0.07;0.04
4.351;0.02;-0.2;0.64;0.16;-0.27;0.07
4.357;-0.02;-0.12;0.78;0.16;-0.27;0.07
4.378;-0.02;-0.12;0.78;0.12;-0.39;0.08
4.382;-0.05;-0.01;0.9;0.12;-0.39;0.08
4.383;-0.05;-0.01;0.9;0.09;-0.42;0.06
4.384;-0.05;0.09;1.02;0.09;-0.42;0.06
4.385;-0.05;0.09;1.02;0.02;-0.42;-0.07
4.387;-0.04;0.17;1.1;0.02;-0.42;-0.07
4.391;-0.04;0.17;1.1;-0.02;-0.38;-0.15
4.396;-0.04;0.22;1.19;-0.02;-0.38;-0.15
4.401;-0.04;0.22;1.19;-0.06;-0.36;-0.22
4.406;-0.04;0.23;1.24;-0.06;-0.36;-0.22
4.412;-0.04;0.23;1.24;-0.1;-0.28;-0.28
4.416;-0.05;0.21;1.24;-0.1;-0.28;-0.28
4.42;-0.05;0.21;1.24;-0.13;-0.14;-0.33
4.427;-0.06;0.15;1.2;-0.13;-0.14;-0.33
4.432;-0.06;0.15;1.2;-0.14;0.03;-0.36
4.436;-0.05;0.08;1.11;-0.14;0.03;-0.36
4.441;-0.05;0.08;1.11;-0.12;0.18;-0.36
4.446;-0.03;0.02;0.99;-0.12;0.18;-0.36
4.451;-0.03;0.02;0.99;-0.1;0.26;-0.35
4.457;-0.01;-0.03;0.87;-0.1;0.26;-0.35
4.476;-0.01;-0.03;0.87;-0.09;0.27;-0.36
4.482;0.01;-0.05;0.76;-0.09;0.27;-0.36
4.483;0.01;-0.05;0.76;-0.09;0.23;-0.38
4.485;0.03;-0.08;0.69;-0.09;0.23;-0.38
4.486;0.03;-0.08;0.69;-0.09;0.15;-0.41
4.487;-0.01;-0.11;0.63;-0.09;0.15;-0.41
4.49;-0.01;-0.11;0.63;-0.11;0.05;-0.41
4.498;-0.01;-0.13;0.61;-0.11;0.05;-0.41
4.5;-0.01;-0.13;0.61;-0.14;-0.06;-0.42
4.506;-0.02;-0.16;0.61;-0.14;-0.06;-0.42
4.511;-0.02;-0.16;0.61;-0.17;-0.16;-0.41
4.516;-0.04;-0.17;0.64;-0.17;-0.16;-0.41
4.52;-0.04;-0.17;0.64;-0.2;-0.26;-0.39
4.528;-0.07;-0.18;0.7;-0.2;-0.26;-0.39
4.532;-0.07;-0.18;0.7;-0.2;-0.36;-0.34
4.536;-0.1;-0.17;0.79;-0.2;-0.36;-0.34
4.54;-0.1;-0.17;0.79;-0.18;-0.42;-0.29
4.546;-0.13;-0.15;0.88;-0.18;-0.42;-0.29
4.55;-0.13;-0.15;0.88;-0.14;-0.45;-0.24
4.556;-0.16;-0.13;0.96;-0.14;-0.45;-0.24
4.568;-0.16;-0.13;0.96;-0.09;-0.44;-0.2
4.57;-0.18;-0.11;1.03;-0.09;-0.44;-0.2
4.571;-0.18;-0.11;1.03;-0.05;-0.39;-0.16
4.577;-0.2;-0.09;1.07;-0.05;-0.39;-0.16
4.581;-0.2;-0.09;1.07;-0.02;-0.31;-0.13
4.586;-0.21;-0.07;1.08;-0.02;-0.31;-0.13
4.59;-0.21;-0.07;1.08;-0.01;-0.21;-0.11
4.596;-0.21;-0.06;1.04;-0.01;-0.21;-0.11
4.6;-0.21;-0.06;1.04;-0.02;-0.11;-0.1
4.606;-0.21;-0.05;1.0;-0.02;-0.11;-0.1
4.614;-0.21;-0.05;1.0;-0.04;-0.03;-0.09
4.617;-0.2;-0.05;0.96;-0.04;-0.03;-0.09
4.62;-0.2;-0.05;0.96;-0.08;0.02;-0.09
4.632;-0.19;-0.06;0.92;-0.08;0.02;-0.09
4.633;-0.19;-0.06;0.92;-0.11;0.03;-0.08
4.636;-0.17;-0.06;0.91;-0.11;0.03;-0.08
4.64;-0.17;-0.06;0.91;-0.12;0.02;-0.07
4.647;-0.16;-0.07;0.97;-0.12;0.02;-0.07
4.65;-0.16;-0.07;0.97;-0.12;-0.01;-0.07
4.656;-0.17;-0.06;1.02;-0.12;-0.01;-0.07
4.67;-0.17;-0.06;1.02;-0.1;-0.04;-0.06
4.673;-0.18;-0.04;1.08;-0.1;-0.04;-0.06
4.674;-0.18;-0.04;1.08;-0.07;-0.05;-0.05
4.685;-0.18;-0.02;1.12;-0.07;-0.05;-0.05
4.687;-0.18;-0.02;1.12;-0.02;-0.03;-0.04
4.688;-0.19;0.02;1.16;-0.02;-0.03;-0.04
4.69;-0.19;0.02;1.16;0.03;-0.02;-0.03
4.696;-0.2;0.03;1.2;0.03;-0.02;-0.03
4.7;-0.2;0.03;1.2;0.08;-0.01;-0.04
4.706;-0.23;0.03;1.25;0.08;-0.01;-0.04
4.713;-0.23;0.03;1.25;0.12;0.0;-0.06
4.716;-0.28;0.01;1.27;0.12;0.0;-0.06
4.721;-0.28;0.01;1.27;0.14;0.03;-0.08
4.728;-0.33;-0.03;1.29;0.14;0.03;-0.08
4.731;-0.33;-0.03;1.29;0.15;0.07;-0.11
4.74;-0.39;-0.06;1.29;0.15;0.07;-0.11
4.741;-0.39;-0.06;1.29;0.14;0.13;-0.13
4.747;-0.43;-0.08;1.28;0.14;0.13;-0.13
4.751;-0.43;-0.08;1.28;0.1;0.22;-0.15
4.756;-0.44;-0.1;1.23;0.1;0.22;-0.15
4.763;-0.44;-0.1;1.23;0.07;0.33;-0.16
4.766;-0.42;-0.12;1.19;0.07;0.33;-0.16
4.77;-0.42;-0.12;1.19;0.03;0.44;-0.17
4.777;-0.34;-0.16;1.17;0.03;0.44;-0.17
4.79;-0.34;-0.16;1.17;0.0;0.52;-0.16
4.791;-0.2;-0.23;1.13;0.0;0.52;-0.16
4.792;-0.2;-0.23;1.13;-0.04;0.54;-0.12
4.807;-0.07;-0.22;1.13;-0.04;0.54;-0.12
4.809;-0.07;-0.22;1.13;-0.12;0.44;-0.05
4.81;0.0;-0.21;1.21;-0.12;0.44;-0.05
4.811;0.0;-0.21;1.21;-0.17;0.22;0.01
4.818;0.05;-0.2;1.29;-0.17;0.22;0.01
4.82;0.05;-0.2;1.29;-0.2;0.04;0.09
4.828;0.05;-0.18;1.37;-0.2;0.04;0.09
4.83;0.05;-0.18;1.37;-0.24;-0.04;0.17
4.836;0.03;-0.17;1.42;-0.24;-0.04;0.17
4.84;0.03;-0.17;1.42;-0.28;0.01;0.23
4.848;0.03;-0.18;1.38;-0.28;0.01;0.23
4.85;0.03;-0.18;1.38;-0.26;0.16;0.3
4.856;0.1;-0.18;1.24;-0.26;0.16;0.3
4.861;0.1;-0.18;1.24;-0.23;0.35;0.38
4.866;0.19;-0.13;1.07;-0.23;0.35;0.38
4.87;0.19;-0.13;1.07;-0.21;0.52;0.44
4.89;0.26;-0.05;0.91;-0.21;0.52;0.44
4.891;0.26;-0.05;0.91;-0.22;0.63;0.45
4.894;0.3;0.03;0.74;-0.22;0.63;0.45
4.895;0.3;0.03;0.74;-0.21;0.64;0.41
4.897;0.32;0.1;0.61;-0.21;0.64;0.41
4.911;0.32;0.1;0.61;-0.23;0.58;0.34
4.912;0.31;0.18;0.52;-0.23;0.58;0.34
4.914;0.31;0.18;0.52;-0.28;0.46;0.24
4.92;0.25;0.23;0.49;-0.28;0.46;0.24
4.921;0.25;0.23;0.49;-0.33;0.28;0.14
4.93;0.25;0.23;0.49;-0.34;0.06;0.04
4.936;0.08;0.27;0.61;-0.34;0.06;0.04
4.94;0.08;0.27;0.61;-0.31;-0.16;-0.01
4.952;0.02;0.26;0.74;-0.31;-0.16;-0.01
4.953;0.02;0.26;0.74;-0.26;-0.33;-0.02
4.956;-0.02;0.21;0.88;-0.26;-0.33;-0.02
4.966;-0.02;0.21;0.88;-0.19;-0.44;0.0
4.968;-0.07;0.12;1.0;-0.19;-0.44;0.0
4.97;-0.07;0.12;1.0;-0.11;-0.47;0.03
4.979;-0.1;0.02;1.11;-0.11;-0.47;0.03
4.981;-0.1;0.02;1.11;-0.03;-0.46;0.09
4.986;-0.12;-0.07;1.23;-0.03;-0.46;0.09
4.99;-0.12;-0.07;1.23;0.05;-0.43;0.17
4.996;-0.1;-0.12;1.28;0.05;-0.43;0.17
5.0;-0.1;-0.12;1.28;0.12;-0.36;0.24
5.006;-0.09;-0.15;1.28;0.12;-0.36;0.24
5.01;-0.09;-0.15;1.28;0.16;-0.24;0.28
5.016;-0.08;-0.13;1.23;0.16;-0.24;0.28
5.02;-0.08;-0.13;1.23;0.17;-0.09;0.29
5.027;-0.06;-0.09;1.14;0.17;-0.09;0.29
5.03;-0.06;-0.09;1.14;0.12;0.06;0.21
5.037;-0.02;-0.03;1.0;0.12;0.06;0.21
5.04;-0.02;-0.03;1.0;0.07;0.29;0.15
5.046;-0.03;0.0;0.87;0.07;0.29;0.15
5.05;-0.03;0.0;0.87;0.0;0.32;0.1
5.056;-0.02;0.03;0.75;0.0;0.32;0.1
5.07;-0.02;0.03;0.75;-0.05;0.29;0.06
5.071;-0.01;0.05;0.68;-0.05;0.29;0.06
5.073;-0.01;0.05;0.68;-0.08;0.21;0.04
5.088;-0.03;0.07;0.63;-0.08;0.21;0.04
5.09;-0.03;0.07;0.63;-0.07;0.08;0.05
5.092;-0.05;0.08;0.65;-0.07;0.08;0.05
5.093;-0.05;0.08;0.65;-0.05;-0.04;0.07
5.102;-0.08;0.09;0.67;-0.05;-0.04;0.07
5.104;-0.08;0.09;0.67;0.0;-0.14;0.09
5.107;-0.11;0.1;0.74;0.0;-0.14;0.09
5.112;-0.11;0.1;0.74;0.05;-0.22;0.13
5.116;-0.14;0.1;0.79;0.05;-0.22;0.13
5.12;-0.14;0.1;0.79;0.09;-0.26;0.15
5.126;-0.16;0.1;0.84;0.09;-0.26;0.15
5.131;-0.16;0.1;0.84;0.11;-0.27;0.17
5.136;-0.17;0.09;0.87;0.11;-0.27;0.17
5.14;-0.17;0.09;0.87;0.11;-0.27;0.18
5.154;-0.17;0.08;0.88;0.11;-0.27;0.18
5.156;-0.17;0.08;0.88;0.09;-0.27;0.19
5.16;-0.17;0.06;0.9;0.09;-0.27;0.19
5.162;-0.17;0.06;0.9;0.06;-0.27;0.19
5.177;-0.17;0.03;0.9;0.06;-0.27;0.19
5.179;-0.17;0.03;0.9;0.01;-0.27;0.2
5.18;-0.17;0.0;0.92;0.01;-0.27;0.2
5.181;-0.17;0.0;0.92;-0.03;-0.27;0.2
5.186;-0.18;-0.03;0.94;-0.03;-0.27;0.2
5.19;-0.18;-0.03;0.94;-0.08;-0.26;0.21
5.196;-0.19;-0.05;0.97;-0.08;-0.26;0.21
5.202;-0.19;-0.05;0.97;-0.11;-0.23;0.23
5.206;-0.2;-0.06;0.99;-0.11;-0.23;0.23
5.21;-0.2;-0.06;0.99;-0.13;-0.18;0.25
5.216;-0.2;-0.07;1.01;-0.13;-0.18;0.25
5.22;-0.2;-0.07;1.01;-0.14;-0.13;0.29
5.226;-0.18;-0.05;1.02;-0.14;-0.13;0.29
5.23;-0.18;-0.05;1.02;-0.12;-0.08;0.31
5.236;-0.15;-0.02;1.01;-0.12;-0.08;0.31
5.243;-0.15;-0.02;1.01;-0.1;-0.05;0.32
5.247;-0.13;0.01;1.01;-0.1;-0.05;0.32
5.25;-0.13;0.01;1.01;-0.08;-0.04;0.33
5.256;-0.12;0.03;1.01;-0.08;-0.04;0.33
5.26;-0.12;0.03;1.01;-0.07;-0.04;0.32
5.267;-0.12;0.04;1.02;-0.07;-0.04;0.32
5.27;-0.12;0.04;1.02;-0.07;-0.04;0.3
5.287;-0.12;0.05;1.02;-0.07;-0.04;0.3
5.289;-0.12;0.05;1.02;-0.1;-0.04;0.26
5.29;-0.12;0.06;1.04;-0.1;-0.04;0.26
5.291;-0.12;0.06;1.04;-0.13;-0.03;0.21
5.305;-0.14;0.09;1.09;-0.13;-0.03;0.21
5.307;-0.14;0.09;1.09;-0.15;-0.02;0.14
5.308;-0.23;0.1;1.12;-0.15;-0.02;0.14
5.315;-0.23;0.1;1.12;-0.15;-0.01;0.08
5.317;-0.3;0.08;1.13;-0.15;-0.01;0.08
5.32;-0.3;0.08;1.13;-0.14;0.0;0.04
5.327;-0.38;0.05;1.15;-0.14;0.0;0.04
5.33;-0.38;0.05;1.15;-0.12;0.02;0.02
5.336;-0.45;0.01;1.16;-0.12;0.02;0.02
5.34;-0.45;0.01;1.16;-0.1;0.08;0.03
5.346;-0.48;-0.04;1.15;-0.1;0.08;0.03
5.35;-0.48;-0.04;1.15;-0.09;0.15;0.07
5.356;-0.48;-0.07;1.15;-0.09;0.15;0.07
5.369;-0.48;-0.07;1.15;-0.07;0.25;0.12
5.37;-0.41;-0.07;1.19;-0.07;0.25;0.12
5.371;-0.41;-0.07;1.19;-0.06;0.33;0.18
5.385;-0.23;0.03;1.27;-0.06;0.33;0.18
5.387;-0.23;0.03;1.27;-0.02;0.37;0.23
5.388;-0.07;0.13;1.34;-0.02;0.37;0.23
5.391;-0.07;0.13;1.34;0.07;0.33;0.23
5.396;-0.02;0.13;1.39;0.07;0.33;0.23
5.401;-0.02;0.13;1.39;0.17;0.21;0.17
5.406;-0.06;0.1;1.47;0.17;0.21;0.17
5.411;-0.06;0.1;1.47;0.27;0.07;0.1
5.416;-0.11;0.08;1.52;0.27;0.07;0.1
5.42;-0.11;0.08;1.52;0.37;-0.01;0.07
5.428;-0.07;0.12;1.53;0.37;-0.01;0.07
5.43;-0.07;0.12;1.53;0.44;0.04;0.07
5.436;0.05;0.22;1.44;0.44;0.04;0.07
5.44;0.05;0.22;1.44;0.45;0.23;0.04
5.446;0.17;0.25;1.27;0.45;0.23;0.04
5.45;0.17;0.25;1.27;0.4;0.44;-0.06
5.456;0.25;0.2;1.07;0.4;0.44;-0.06
5.469;0.25;0.2;1.07;0.34;0.57;-0.17
5.471;0.27;0.12;0.89;0.34;0.57;-0.17
5.472;0.27;0.12;0.89;0.28;0.6;-0.26
5.488;0.26;0.01;0.75;0.28;0.6;-0.26
5.489;0.26;0.01;0.75;0.24;0.56;-0.3
5.49;0.23;-0.08;0.66;0.24;0.56;-0.3
5.491;0.23;-0.08;0.66;0.23;0.47;-0.28
5.498;0.18;-0.16;0.66;0.23;0.47;-0.28
5.501;0.18;-0.16;0.66;0.25;0.37;-0.21
5.506;0.12;-0.23;0.47;0.25;0.37;-0.21
5.51;0.12;-0.23;0.47;0.28;0.26;-0.09
5.517;0.11;-0.3;0.55;0.28;0.26;-0.09
5.52;0.11;-0.3;0.55;0.25;0.02;0.02
5.527;0.06;-0.33;0.62;0.25;0.02;0.02
5.531;0.06;-0.33;0.62;0.22;-0.19;0.05
5.536;-0.01;-0.28;0.76;0.22;-0.19;0.05
5.54;-0.01;-0.28;0.76;0.17;-0.35;0.04
5.546;-0.06;-0.15;0.9;0.17;-0.35;0.04
5.551;-0.06;-0.15;0.9;0.14;-0.41;0.02
5.556;-0.08;-0.02;1.0;0.14;-0.41;0.02
5.568;-0.08;-0.02;1.0;0.11;-0.41;-0.01
5.571;-0.07;0.08;1.09;0.11;-0.41;-0.01
5.572;-0.07;0.08;1.09;0.07;-0.37;-0.08
5.584;-0.07;0.17;1.14;0.07;-0.37;-0.08
5.587;-0.07;0.17;1.14;0.03;-0.3;-0.15
5.588;-0.06;0.23;1.19;0.03;-0.3;-0.15
5.59;-0.06;0.23;1.19;0.0;-0.28;-0.22
5.596;-0.05;0.25;1.19;0.0;-0.28;-0.22
5.6;-0.05;0.25;1.19;-0.05;-0.24;-0.28
5.606;-0.05;0.23;1.17;-0.05;-0.24;-0.28
5.61;-0.05;0.23;1.17;-0.11;-0.16;-0.34
5.616;-0.05;0.17;1.12;-0.11;-0.16;-0.34
5.62;-0.05;0.17;1.12;-0.15;-0.04;-0.39
5.627;-0.03;0.11;1.04;-0.15;-0.04;-0.39
5.63;-0.03;0.11;1.04;-0.14;0.07;-0.41
5.636;0.0;0.07;0.94;-0.14;0.07;-0.41
5.64;0.0;0.07;0.94;-0.1;0.16;-0.41
5.646;0.02;0.03;0.85;-0.1;0.16;-0.41
5.651;0.02;0.03;0.85;-0.06;0.19;-0.42
5.656;0.03;-0.01;0.79;-0.06;0.19;-0.42
5.67;0.03;-0.01;0.79;-0.02;0.19;-0.48
5.672;-0.01;-0.05;0.74;-0.02;0.19;-0.48
5.673;-0.01;-0.05;0.74;-0.02;0.15;-0.51
5.691;-0.01;-0.1;0.73;-0.02;0.15;-0.51
5.693;-0.01;-0.1;0.73;-0.03;-0.02;-0.54
5.694;-0.04;-0.16;0.76;-0.03;-0.02;-0.54
5.695;-0.04;-0.16;0.76;-0.04;-0.1;-0.57
5.697;-0.06;-0.2;0.78;-0.04;-0.1;-0.57
5.7;-0.06;-0.2;0.78;-0.05;-0.16;-0.59
5.706;-0.08;-0.23;0.8;-0.05;-0.16;-0.59
5.711;-0.08;-0.23;0.8;-0.07;-0.21;-0.6
5.716;-0.1;-0.24;0.82;-0.07;-0.21;-0.6
5.721;-0.1;-0.24;0.82;-0.08;-0.26;-0.6
5.726;-0.11;-0.23;0.83;-0.08;-0.26;-0.6
5.73;-0.11;-0.23;0.83;-0.08;-0.3;-0.58
5.736;-0.11;-0.2;0.85;-0.08;-0.3;-0.58
5.741;-0.11;-0.2;0.85;-0.07;-0.33;-0.55
5.747;-0.12;-0.16;0.88;-0.07;-0.33;-0.55
5.751;-0.12;-0.16;0.88;-0.05;-0.35;-0.52
5.758;-0.12;-0.12;0.91;-0.05;-0.35;-0.52
5.76;-0.12;-0.12;0.91;-0.03;-0.35;-0.49
5.766;-0.13;-0.07;0.96;-0.03;-0.35;-0.49
5.771;-0.13;-0.07;0.96;0.01;-0.33;-0.47
5.786;-0.14;-0.02;0.99;0.01;-0.33;-0.47
5.787;-0.14;-0.02;0.99;0.04;-0.28;-0.45
5.788;-0.14;0.01;1.04;0.04;-0.28;-0.45
5.814;-0.14;0.01;1.04;0.08;-0.21;-0.44
5.816;-0.15;0.03;1.07;0.08;-0.21;-0.44
5.818;-0.15;0.03;1.07;0.11;-0.13;-0.44
5.819;-0.15;0.03;1.08;0.11;-0.13;-0.44
5.82;-0.15;0.03;1.08;0.15;-0.06;-0.43
5.822;-0.14;0.02;1.08;0.15;-0.06;-0.43
5.823;-0.14;0.02;1.08;0.17;0.01;-0.43
5.828;-0.13;-0.01;1.06;0.17;0.01;-0.43
5.831;-0.13;-0.01;1.06;0.18;0.06;-0.43
5.837;-0.13;-0.04;1.05;0.18;0.06;-0.43
5.84;-0.13;-0.04;1.05;0.19;0.1;-0.43
5.846;-0.12;-0.08;1.03;0.19;0.1;-0.43
5.851;-0.12;-0.08;1.03;0.21;0.12;-0.39
5.856;-0.1;-0.11;1.02;0.21;0.12;-0.39
5.871;-0.1;-0.11;1.02;0.22;0.12;-0.35
5.872;-0.09;-0.15;0.99;0.22;0.12;-0.35
5.874;-0.09;-0.15;0.99;0.21;0.09;-0.3
5.889;-0.15;-0.2;0.99;0.21;0.09;-0.3
5.891;-0.15;-0.2;0.99;0.19;0.06;-0.25
5.892;-0.15;-0.2;0.99;0.17;0.03;-0.2
5.898;-0.2;-0.2;1.02;0.17;0.03;-0.2
5.9;-0.2;-0.2;1.02;0.14;0.04;-0.13
5.906;-0.25;-0.17;1.06;0.14;0.04;-0.13
5.911;-0.25;-0.17;1.06;0.12;0.09;-0.07
5.917;-0.3;-0.13;1.08;0.12;0.09;-0.07
5.92;-0.3;-0.13;1.08;0.1;0.17;-0.02
5.927;-0.33;-0.07;1.08;0.1;0.17;-0.02
5.93;-0.33;-0.07;1.08;0.08;0.26;0.01
5.936;-0.34;-0.03;1.05;0.08;0.26;0.01
5.94;-0.34;-0.03;1.05;0.07;0.33;0.01
5.947;-0.28;0.02;1.01;0.07;0.33;0.01
5.951;-0.28;0.02;1.01;0.05;0.36;0.01
5.957;-0.2;0.02;1.02;0.05;0.36;0.01
5.971;-0.2;0.02;1.02;0.04;0.36;-0.06
5.973;-0.1;0.04;1.05;0.04;0.36;-0.06
5.974;-0.1;0.04;1.05;0.01;0.29;-0.1
5.989;-0.03;0.05;1.14;0.01;0.29;-0.1
5.991;-0.03;0.05;1.14;-0.05;0.14;-0.14
5.992;-0.02;0.02;1.26;-0.05;0.14;-0.14
5.993;-0.02;0.02;1.26;-0.11;-0.01;-0.18
6.001;-0.05;-0.03;1.37;-0.11;-0.01;-0.18
6.003;-0.05;-0.03;1.37;-0.19;-0.08;-0.19
6.007;-0.09;-0.11;1.41;-0.19;-0.08;-0.19
6.01;-0.09;-0.11;1.41;-0.26;0.01;-0.16
6.016;-0.07;-0.18;1.37;-0.26;0.01;-0.16
6.02;-0.07;-0.18;1.37;-0.3;0.22;-0.07
6.027;0.0;-0.22;1.26;-0.3;0.22;-0.07
6.03;0.0;-0.22;1.26;-0.33;0.47;0.03
6.036;0.1;-0.22;1.11;-0.33;0.47;0.03
6.041;0.1;-0.22;1.11;-0.36;0.64;0.11
6.047;0.18;-0.19;0.99;-0.36;0.64;0.11
6.05;0.18;-0.19;0.99;-0.38;0.66;0.14
6.056;0.24;-0.12;0.92;-0.38;0.66;0.14
6.073;0.24;-0.12;0.92;-0.38;0.58;0.15
6.075;0.27;0.0;0.87;-0.38;0.58;0.15
6.077;0.27;0.0;0.87;-0.35;0.45;0.15
6.078;0.28;0.11;0.84;-0.35;0.45;0.15
6.08;0.28;0.11;0.84;-0.32;0.29;0.13
6.087;0.25;0.19;0.81;-0.32;0.29;0.13
6.09;0.25;0.19;0.81;-0.31;0.16;0.09
6.096;0.21;0.23;0.83;-0.31;0.16;0.09
6.102;0.21;0.23;0.83;-0.26;0.0;0.04
6.106;0.14;0.24;0.88;-0.26;0.0;0.04
6.111;0.14;0.24;0.88;-0.21;-0.12;0.01
6.117;0.1;0.24;0.92;-0.21;-0.12;0.01
6.121;0.1;0.24;0.92;-0.16;-0.18;0.02
6.127;0.07;0.19;0.96;-0.16;-0.18;0.02
6.13;0.07;0.19;0.96;-0.13;-0.2;0.05
6.136;0.03;0.1;1.03;-0.13;-0.2;0.05
6.142;0.03;0.1;1.03;-0.09;-0.2;0.08
6.146;0.01;-0.01;1.09;-0.09;-0.2;0.08
6.151;0.01;-0.01;1.09;-0.09;-0.19;0.13
6.157;0.01;-0.1;1.15;-0.09;-0.19;0.13
6.16;0.01;-0.1;1.15;0.03;-0.17;0.21
6.166;0.02;-0.16;1.2;0.03;-0.17;0.21
6.171;0.02;-0.16;1.2;0.09;-0.15;0.28
6.186;0.02;-0.2;1.22;0.09;-0.15;0.28
6.188;0.02;-0.2;1.22;0.12;-0.11;0.31
6.189;0.02;-0.21;1.19;0.12;-0.11;0.31
6.191;0.02;-0.21;1.19;0.14;-0.05;0.32
6.204;0.02;-0.18;1.12;0.14;-0.05;0.32
6.205;0.02;-0.18;1.12;0.15;0.02;0.31
6.207;0.01;-0.14;1.03;0.15;0.02;0.31
6.214;0.01;-0.14;1.03;0.15;0.09;0.29
6.217;0.01;-0.1;0.94;0.15;0.09;0.29
6.22;0.01;-0.1;0.94;0.14;0.14;0.28
6.226;0.0;-0.05;0.87;0.14;0.14;0.28
6.231;0.0;-0.05;0.87;0.12;0.16;0.27
6.236;-0.01;-0.02;0.82;0.12;0.16;0.27
6.242;-0.01;-0.02;0.82;0.09;0.16;0.27
6.246;-0.02;0.02;0.8;0.09;0.16;0.27
6.25;-0.02;0.02;0.8;0.07;0.12;0.29
6.258;-0.04;0.04;0.81;0.07;0.12;0.29
6.26;-0.04;0.04;0.81;0.06;0.07;0.33
6.266;-0.04;0.08;0.84;0.06;0.07;0.33
6.271;-0.04;0.08;0.84;0.07;0.0;0.39
6.288;-0.05;0.1;0.87;0.07;0.0;0.39
6.291;-0.05;0.1;0.87;0.08;-0.06;0.46
6.292;-0.05;0.12;0.91;0.08;-0.06;0.46
6.294;-0.05;0.12;0.91;0.09;-0.11;0.53
6.298;-0.06;0.14;0.94;0.09;-0.11;0.53
6.3;-0.06;0.14;0.94;0.09;-0.14;0.58
6.311;-0.06;0.14;0.94;0.08;-0.14;0.61
6.316;-0.05;0.13;0.99;0.08;-0.14;0.61
6.32;-0.05;0.13;0.99;0.03;-0.12;0.6
6.326;-0.05;0.11;1.01;0.03;-0.12;0.6
6.33;-0.05;0.11;1.01;-0.01;-0.04;0.57
6.336;-0.04;0.07;1.01;-0.01;-0.04;0.57
6.342;-0.04;0.07;1.01;-0.04;-0.01;0.53
6.346;-0.04;0.04;1.0;-0.04;-0.01;0.53
6.351;-0.04;0.04;1.0;-0.07;0.03;0.49
6.358;-0.03;0.01;0.99;-0.07;0.03;0.49
6.361;-0.03;0.01;0.99;-0.09;0.05;0.46
6.366;-0.03;-0.01;0.97;-0.09;0.05;0.46
6.37;-0.03;-0.01;0.97;-0.11;0.08;0.44
6.385;-0.02;-0.01;0.95;-0.11;0.08;0.44
6.387;-0.02;-0.01;0.95;-0.12;0.08;0.42
6.388;-0.01;0.0;0.94;-0.12;0.08;0.42
6.402;-0.01;0.0;0.94;-0.13;0.07;0.42
6.404;-0.01;0.01;0.93;-0.13;0.07;0.42
6.405;-0.01;0.01;0.93;-0.13;0.04;0.42
6.407;-0.02;0.02;0.93;-0.13;0.04;0.42
6.412;-0.02;0.02;0.93;-0.13;0.02;0.42
6.416;-0.02;0.04;0.95;-0.13;0.02;0.42
6.421;-0.02;0.04;0.95;-0.13;0.0;0.42
6.426;-0.02;0.06;0.97;-0.13;0.0;0.42
6.431;-0.02;0.06;0.97;-0.13;-0.01;0.41
6.436;-0.01;0.09;0.99;-0.13;-0.01;0.41
6.442;-0.01;0.09;0.99;-0.13;-0.01;0.38
6.447;0.01;0.11;1.02;-0.13;-0.01;0.38
6.45;0.01;0.11;1.02;-0.12;-0.03;0.34
6.458;0.0;0.11;1.03;-0.12;-0.03;0.34
6.46;0.0;0.11;1.03;-0.12;-0.06;0.29
6.466;-0.03;0.11;1.05;-0.12;-0.06;0.29
6.47;-0.03;0.11;1.05;-0.11;-0.08;0.25
6.484;-0.07;0.08;1.07;-0.11;-0.08;0.25
6.486;-0.07;0.08;1.07;-0.1;-0.08;0.22
6.487;-0.09;0.05;1.09;-0.1;-0.08;0.22
6.503;-0.09;0.05;1.09;-0.08;-0.05;0.19
6.505;-0.1;0.01;1.1;-0.08;-0.05;0.19
6.507;-0.1;0.01;1.1;-0.07;-0.03;0.18
6.508;-0.1;-0.03;1.1;-0.07;-0.03;0.18
6.514;-0.1;-0.03;1.1;-0.05;-0.02;0.18
6.517;-0.1;-0.05;1.11;-0.05;-0.02;0.18
6.521;-0.1;-0.05;1.11;-0.02;-0.01;0.19
6.528;-0.1;-0.06;1.1;-0.02;-0.01;0.19
6.53;-0.1;-0.06;1.1;0.01;0.0;0.2
6.536;-0.09;-0.05;1.08;0.01;0.0;0.2
6.541;-0.09;-0.05;1.08;0.05;0.01;0.21
6.547;-0.08;-0.02;1.03;0.05;0.01;0.21
6.55;-0.08;-0.02;1.03;0.07;0.0;0.22
6.558;-0.06;0.0;0.99;0.07;0.0;0.22
6.56;-0.06;0.0;0.99;0.09;-0.01;0.21
6.566;-0.06;0.03;0.93;0.09;-0.01;0.21
6.571;-0.06;0.03;0.93;0.09;-0.04;0.2
6.584;-0.04;0.05;0.9;0.09;-0.04;0.2
6.587;-0.04;0.05;0.9;0.08;-0.07;0.17
6.588;-0.02;0.08;0.86;0.08;-0.07;0.17
6.612;-0.02;0.08;0.86;0.06;-0.1;0.14
6.613;-0.02;0.08;0.87;0.06;-0.1;0.14
6.614;-0.02;0.08;0.87;0.04;-0.13;0.09
6.617;-0.03;0.06;0.9;0.04;-0.13;0.09
6.619;-0.03;0.06;0.9;0.02;-0.16;0.05
6.621;-0.04;0.03;0.93;0.02;-0.16;0.05
6.622;-0.04;0.03;0.93;-0.01;-0.19;0.01
6.627;-0.05;0.0;0.97;-0.01;-0.19;0.01
6.631;-0.05;0.0;0.97;-0.03;-0.2;-0.03
6.636;-0.06;-0.03;1.01;-0.03;-0.2;-0.03
6.641;-0.06;-0.03;1.01;-0.05;-0.2;-0.05
6.646;-0.07;-0.05;1.04;-0.05;-0.2;-0.05
6.651;-0.07;-0.05;1.04;-0.05;-0.2;-0.05
6.659;-0.09;-0.07;1.05;-0.05;-0.2;-0.05
6.662;-0.09;-0.07;1.05;-0.04;-0.18;-0.04
6.666;-0.1;-0.07;1.06;-0.04;-0.18;-0.04
6.671;-0.1;-0.07;1.06;-0.04;-0.15;-0.03
6.685;-0.11;-0.07;1.06;-0.04;-0.15;-0.03
6.687;-0.11;-0.07;1.06;-0.03;-0.11;0.0
6.688;-0.11;-0.06;1.05;-0.03;-0.11;0.0
6.705;-0.11;-0.06;1.05;-0.03;-0.06;0.02
6.707;-0.11;-0.06;1.04;-0.03;-0.06;0.02
6.708;-0.11;-0.06;1.04;-0.03;-0.02;0.04
6.708;-0.11;-0.05;1.02;-0.03;-0.02;0.04
6.71;-0.11;-0.05;1.02;-0.03;0.01;0.05
6.716;-0.11;-0.04;1.0;-0.03;0.01;0.05
6.721;-0.11;-0.04;1.0;-0.03;0.03;0.06
6.727;-0.11;-0.03;0.98;-0.03;0.03;0.06
6.731;-0.11;-0.03;0.98;-0.04;0.04;0.06
6.736;-0.1;-0.02;0.95;-0.04;0.04;0.06
6.741;-0.1;-0.02;0.95;-0.04;0.05;0.05
6.746;-0.09;-0.01;0.93;-0.04;0.05;0.05
6.751;-0.09;-0.01;0.93;-0.05;0.03;0.04
6.758;-0.09;-0.01;0.91;-0.05;0.03;0.04
6.762;-0.09;-0.01;0.91;-0.05;0.01;0.04
6.767;-0.08;-0.02;0.9;-0.05;0.01;0.04
6.771;-0.08;-0.02;0.9;-0.05;-0.02;0.03
6.79;-0.07;-0.02;0.9;-0.05;-0.02;0.03
6.792;-0.07;-0.02;0.9;-0.05;-0.06;0.03
6.794;-0.07;-0.03;0.91;-0.05;-0.06;0.03
6.795;-0.07;-0.03;0.91;-0.04;-0.11;0.03
6.798;-0.07;-0.04;0.92;-0.04;-0.11;0.03
6.802;-0.07;-0.04;0.92;-0.03;-0.16;0.03
6.811;-0.07;-0.04;0.93;-0.03;-0.16;0.03
6.813;-0.07;-0.04;0.93;-0.03;-0.2;0.04
6.817;-0.07;-0.05;0.95;-0.03;-0.2;0.04
6.821;-0.07;-0.05;0.95;-0.03;-0.23;0.05
6.828;-0.06;-0.05;0.98;-0.03;-0.23;0.05
6.831;-0.06;-0.05;0.98;-0.03;-0.26;0.06
6.836;-0.06;-0.05;1.0;-0.03;-0.26;0.06
6.841;-0.06;-0.05;1.0;-0.03;-0.27;0.07
6.846;-0.06;-0.05;1.02;-0.03;-0.27;0.07
6.851;-0.06;-0.05;1.02;-0.04;-0.28;0.08
6.858;-0.06;-0.05;1.03;-0.04;-0.28;0.08
6.86;-0.06;-0.05;1.03;-0.04;-0.28;0.09
6.866;-0.06;-0.06;1.04;-0.04;-0.28;0.09
6.871;-0.06;-0.06;1.04;-0.05;-0.27;0.1
6.885;-0.05;-0.06;1.06;-0.05;-0.27;0.1
6.887;-0.05;-0.06;1.06;-0.05;-0.26;0.11
6.888;-0.05;-0.06;1.06;-0.05;-0.26;0.11
6.905;-0.05;-0.06;1.06;-0.05;-0.25;0.13
6.907;-0.05;-0.06;1.07;-0.05;-0.25;0.13
6.908;-0.05;-0.06;1.07;-0.05;-0.24;0.14
6.909;-0.05;-0.06;1.06;-0.05;-0.24;0.14
6.911;-0.05;-0.06;1.06;-0.04;-0.22;0.15
6.916;-0.05;-0.06;1.06;-0.04;-0.22;0.15
6.921;-0.05;-0.06;1.06;-0.04;-0.2;0.16
6.927;-0.06;-0.06;1.05;-0.04;-0.2;0.16
6.931;-0.06;-0.06;1.05;-0.04;-0.18;0.17
6.936;-0.06;-0.06;1.04;-0.04;-0.18;0.17
6.941;-0.06;-0.06;1.04;-0.04;-0.16;0.18
6.946;-0.07;-0.06;1.03;-0.04;-0.16;0.18
6.951;-0.07;-0.06;1.03;-0.04;-0.14;0.19
6.958;-0.08;-0.07;1.02;-0.04;-0.14;0.19
6.96;-0.08;-0.07;1.02;-0.04;-0.11;0.19
6.966;-0.09;-0.07;1.01;-0.04;-0.11;0.19
6.971;-0.09;-0.07;1.01;-0.05;-0.08;0.21
6.984;-0.09;-0.07;1.01;-0.05;-0.08;0.21
6.987;-0.09;-0.07;1.01;-0.06;-0.07;0.23
6.988;-0.1;-0.08;1.0;-0.06;-0.07;0.23
7.003;-0.1;-0.08;1.0;-0.07;-0.05;0.24
7.005;-0.11;-0.08;1.0;-0.07;-0.05;0.24
7.007;-0.11;-0.08;1.0;-0.07;-0.05;0.26
7.008;-0.12;-0.08;1.0;-0.07;-0.05;0.26
7.014;-0.12;-0.08;1.0;-0.07;-0.04;0.27
7.016;-0.13;-0.07;0.99;-0.07;-0.04;0.27
7.02;-0.13;-0.07;0.99;-0.07;-0.03;0.28
7.026;-0.13;-0.06;0.99;-0.07;-0.03;0.28
7.031;-0.13;-0.06;0.99;-0.07;-0.03;0.29
7.036;-0.13;-0.04;0.99;-0.07;-0.03;0.29
7.052;-0.13;-0.04;0.99;-0.07;-0.02;0.29
7.054;-0.13;-0.03;0.98;-0.07;-0.02;0.29
7.055;-0.13;-0.03;0.98;-0.07;-0.02;0.27
7.071;-0.12;-0.01;0.99;-0.07;-0.02;0.27
7.073;-0.12;-0.01;0.99;-0.06;-0.02;0.26
7.074;-0.12;0.01;0.99;-0.06;-0.02;0.26
7.075;-0.12;0.01;0.99;-0.05;-0.02;0.23
7.077;-0.11;0.04;0.99;-0.05;-0.02;0.23
7.08;-0.11;0.04;0.99;-0.05;-0.02;0.2
7.087;-0.11;0.06;1.0;-0.05;-0.02;0.2
7.091;-0.11;0.06;1.0;-0.04;-0.01;0.16
7.097;-0.1;0.07;1.0;-0.04;-0.01;0.16
7.1;-0.1;0.07;1.0;-0.03;0.0;0.12
7.106;-0.1;0.07;1.01;-0.03;0.0;0.12
7.111;-0.1;0.07;1.01;-0.03;0.0;0.07
7.116;-0.09;0.07;1.01;-0.03;0.0;0.07
7.123;-0.09;0.07;1.01;-0.03;0.0;0.03
7.127;-0.08;0.05;1.0;-0.03;0.0;0.03
7.13;-0.08;0.05;1.0;-0.03;0.0;-0.01
7.136;-0.08;0.04;1.01;-0.03;0.0;-0.01
7.141;-0.08;0.04;1.01;-0.04;0.0;-0.05
7.146;-0.08;0.02;1.01;-0.04;0.0;-0.05
7.151;-0.08;0.02;1.01;-0.03;0.0;-0.08
7.158;-0.09;0.01;1.02;-0.03;0.0;-0.08
7.16;-0.09;0.01;1.02;-0.02;0.01;-0.11
7.166;-0.09;0.0;1.03;-0.02;0.01;-0.11
7.171;-0.09;0.0;1.03;-0.01;0.03;-0.14
7.192;-0.09;-0.01;1.03;-0.01;0.03;-0.14
7.194;-0.09;-0.01;1.03;0.01;0.05;-0.17
7.197;-0.09;-0.01;1.03;0.01;0.05;-0.17
7.198;-0.09;-0.01;1.03;0.02;0.07;-0.19
7.2;-0.09;-0.01;1.02;0.02;0.07;-0.19
7.202;-0.09;-0.01;1.02;0.04;0.09;-0.22
7.219;-0.1;-0.01;1.02;0.04;0.09;-0.22
7.221;-0.1;-0.01;1.02;0.06;0.1;-0.24
7.222;-0.1;0.0;1.01;0.06;0.1;-0.24
7.223;-0.1;0.0;1.01;0.07;0.12;-0.26
7.229;-0.1;0.0;1.0;0.07;0.12;-0.26
7.231;-0.1;0.0;1.0;0.08;0.13;-0.28
7.237;-0.1;0.0;1.0;0.08;0.13;-0.28
7.241;-0.1;0.0;1.0;0.09;0.14;-0.3
7.247;-0.1;0.0;1.0;0.09;0.14;-0.3
7.251;-0.1;0.0;1.0;0.09;0.15;-0.33
7.257;-0.1;-0.01;1.01;0.09;0.15;-0.33
7.261;-0.1;-0.01;1.01;0.09;0.15;-0.35
7.266;-0.11;-0.02;1.03;0.09;0.15;-0.35
7.27;-0.11;-0.02;1.03;0.09;0.15;-0.37
7.285;-0.11;-0.03;1.03;0.09;0.15;-0.37
7.287;-0.11;-0.03;1.03;0.08;0.16;-0.38
7.288;-0.11;-0.04;1.03;0.08;0.16;-0.38
7.303;-0.11;-0.04;1.03;0.08;0.17;-0.38
7.305;-0.11;-0.05;1.02;0.08;0.17;-0.38
7.307;-0.11;-0.05;1.02;0.07;0.19;-0.38
7.308;-0.11;-0.05;1.01;0.07;0.19;-0.38
7.313;-0.11;-0.05;1.01;0.07;0.2;-0.37
7.316;-0.11;-0.06;1.0;0.07;0.2;-0.37
7.32;-0.11;-0.06;1.0;0.06;0.21;-0.36
7.326;-0.11;-0.07;0.98;0.06;0.21;-0.36
7.331;-0.11;-0.07;0.98;0.06;0.21;-0.35
7.336;-0.11;-0.08;0.96;0.06;0.21;-0.35
7.341;-0.11;-0.08;0.96;0.06;0.21;-0.33
7.346;-0.1;-0.08;0.95;0.06;0.21;-0.33
7.351;-0.1;-0.08;0.95;0.06;0.19;-0.31
7.357;-0.1;-0.09;0.94;0.06;0.19;-0.31
7.361;-0.1;-0.09;0.94;0.06;0.17;-0.29
7.366;-0.09;-0.09;0.94;0.06;0.17;-0.29
7.37;-0.09;-0.09;0.94;0.05;0.14;-0.26
7.383;-0.09;-0.08;0.95;0.05;0.14;-0.26
7.385;-0.09;-0.08;0.95;0.05;0.11;-0.24
7.386;-0.1;-0.08;0.95;0.05;0.11;-0.24
7.402;-0.1;-0.08;0.95;0.05;0.09;-0.22
7.404;-0.1;-0.07;0.97;0.05;0.09;-0.22
7.405;-0.1;-0.07;0.97;0.04;0.07;-0.2
7.411;-0.1;-0.06;0.98;0.04;0.07;-0.2
7.413;-0.1;-0.06;0.98;0.04;0.05;-0.19
7.416;-0.1;-0.05;0.99;0.04;0.05;-0.19
7.42;-0.1;-0.05;0.99;0.04;0.04;-0.17
7.427;-0.11;-0.04;0.99;0.04;0.04;-0.17
7.431;-0.11;-0.04;0.99;0.04;0.03;-0.17
7.436;-0.11;-0.04;1.0;0.04;0.03;-0.17
7.441;-0.11;-0.04;1.0;0.04;0.03;-0.16
7.446;-0.11;-0.03;1.0;0.04;0.03;-0.16
7.451;-0.11;-0.03;1.0;0.04;0.03;-0.15
7.471;-0.12;-0.03;1.0;0.04;0.03;-0.15
7.474;-0.12;-0.03;1.0;0.04;0.04;-0.14
7.476;-0.11;-0.03;1.0;0.04;0.04;-0.14
7.478;-0.11;-0.03;1.0;0.03;0.04;-0.13
7.479;-0.11;-0.03;1.0;0.03;0.04;-0.13
7.482;-0.11;-0.03;1.0;0.03;0.05;-0.12
7.486;-0.11;-0.02;0.99;0.03;0.05;-0.12
7.493;-0.11;-0.02;0.99;0.03;0.05;-0.11
7.496;-0.11;-0.02;0.98;0.03;0.05;-0.11
7.5;-0.11;-0.02;0.98;0.03;0.04;-0.11
7.506;-0.11;-0.02;0.97;0.03;0.04;-0.11
7.51;-0.11;-0.02;0.97;0.03;0.03;-0.1
7.516;-0.11;-0.02;0.97;0.03;0.03;-0.1
7.521;-0.11;-0.02;0.97;0.03;0.02;-0.1
7.527;-0.12;-0.02;0.97;0.03;0.02;-0.1
7.531;-0.12;-0.02;0.97;0.03;0.01;-0.1
7.536;-0.12;-0.02;0.97;0.03;0.01;-0.1
7.541;-0.12;-0.02;0.97;0.03;0.0;-0.1
7.547;-0.12;-0.02;0.98;0.03;0.0;-0.1
7.551;-0.12;-0.02;0.98;0.03;-0.01;-0.1
7.571;-0.13;-0.03;0.98;0.03;-0.01;-0.1
7.574;-0.13;-0.03;0.98;0.03;-0.02;-0.1
7.575;-0.13;-0.02;0.98;0.03;-0.02;-0.1
7.577;-0.13;-0.02;0.98;0.03;-0.03;-0.09
7.578;-0.12;-0.02;0.98;0.03;-0.03;-0.09
7.58;-0.12;-0.02;0.98;0.03;-0.03;-0.08
7.586;-0.12;-0.02;0.99;0.03;-0.03;-0.08
7.591;-0.12;-0.02;0.99;0.03;-0.04;-0.08
7.596;-0.12;-0.02;0.99;0.03;-0.04;-0.08
7.6;-0.12;-0.02;0.99;0.03;-0.05;-0.08
7.607;-0.12;-0.02;0.99;0.03;-0.05;-0.08
7.611;-0.12;-0.02;0.99;0.03;-0.05;-0.06
7.616;-0.12;-0.02;0.99;0.03;-0.05;-0.06
7.621;-0.12;-0.02;0.99;0.02;-0.06;-0.06
7.627;-0.12;-0.03;0.99;0.02;-0.06;-0.06
7.631;-0.12;-0.03;0.99;0.02;-0.06;-0.05
7.637;-0.12;-0.03;0.99;0.02;-0.06;-0.05
7.643;-0.12;-0.03;0.99;0.02;-0.07;-0.05
7.647;-0.12;-0.03;0.99;0.02;-0.07;-0.05
7.651;-0.12;-0.03;0.99;0.02;-0.07;-0.04
7.657;-0.12;-0.03;0.99;0.02;-0.07;-0.04
7.661;-0.12;-0.03;0.99;0.02;-0.08;-0.04
7.666;-0.12;-0.03;0.99;0.02;-0.08;-0.04
7.671;-0.12;-0.03;0.99;0.03;-0.08;-0.03
7.685;-0.12;-0.02;1.0;0.03;-0.08;-0.03
7.688;-0.12;-0.02;1.0;0.03;-0.08;-0.03
7.689;-0.12;-0.02;1.0;0.03;-0.08;-0.03
7.691;-0.12;-0.02;1.0;0.03;-0.07;-0.03
7.696;-0.12;-0.02;1.0;0.03;-0.07;-0.03
7.7;-0.12;-0.02;1.0;0.03;-0.07;-0.02
7.707;-0.12;-0.02;1.0;0.03;-0.07;-0.02
7.711;-0.12;-0.02;1.0;0.03;-0.06;-0.02
7.716;-0.13;-0.02;1.0;0.03;-0.06;-0.02
7.72;-0.13;-0.02;1.0;0.03;-0.06;-0.02
7.727;-0.13;-0.01;1.0;0.03;-0.06;-0.02
7.731;-0.13;-0.01;1.0;0.03;-0.05;-0.01
7.736;-0.13;-0.01;1.0;0.03;-0.05;-0.01
7.741;-0.13;-0.01;1.0;0.02;-0.05;-0.01
7.746;-0.13;-0.02;1.0;0.02;-0.05;-0.01
7.75;-0.13;-0.02;1.0;0.02;-0.04;0.0
7.766;-0.13;-0.01;0.99;0.02;-0.04;0.0
7.768;-0.13;-0.01;0.99;0.02;-0.04;0.0
7.769;-0.12;-0.02;1.0;0.02;-0.04;0.0
7.77;-0.12;-0.02;1.0;0.02;-0.04;0.0
7.785;-0.12;-0.02;1.0;0.02;-0.04;0.0
7.787;-0.12;-0.02;1.0;0.02;-0.04;0.01
7.788;-0.12;-0.02;1.0;0.02;-0.04;0.01
7.798;-0.12;-0.02;1.0;0.02;-0.03;0.01
7.799;-0.12;-0.02;1.0;0.02;-0.03;0.01
7.801;-0.12;-0.02;1.0;0.02;-0.03;0.01
7.807;-0.12;-0.01;1.0;0.02;-0.03;0.01
7.81;-0.12;-0.01;1.0;0.02;-0.03;0.01
7.816;-0.12;-0.01;1.0;0.02;-0.03;0.01
7.822;-0.12;-0.01;1.0;0.02;-0.02;0.01
7.826;-0.12;-0.01;1.0;0.02;-0.02;0.01
7.831;-0.12;-0.01;1.0;0.02;-0.02;0.01
7.836;-0.12;-0.01;1.0;0.02;-0.02;0.01
7.842;-0.12;-0.01;1.0;0.02;-0.02;0.02
7.847;-0.12;-0.02;1.0;0.02;-0.02;0.02
7.85;-0.12;-0.02;1.0;0.02;-0.02;0.02
7.866;-0.12;-0.02;1.0;0.02;-0.02;0.02
7.868;-0.12;-0.02;1.0;0.02;-0.02;0.03
7.869;-0.13;-0.02;1.0;0.02;-0.02;0.03
7.871;-0.13;-0.02;1.0;0.02;-0.01;0.04
7.886;-0.13;-0.02;1.0;0.02;-0.01;0.04
7.888;-0.13;-0.02;1.0;0.02;-0.01;0.04
7.889;-0.12;-0.01;1.0;0.02;-0.01;0.04
7.89;-0.12;-0.01;1.0;0.01;-0.01;0.05
7.896;-0.12;-0.01;0.99;0.01;-0.01;0.05
7.901;-0.12;-0.01;0.99;0.01;-0.01;0.05
7.906;-0.12;-0.01;0.99;0.01;-0.01;0.05
7.911;-0.12;-0.01;0.99;0.01;0.0;0.05
7.917;-0.12;-0.01;0.99;0.01;0.0;0.05
7.922;-0.12;-0.01;0.99;0.01;0.0;0.05
7.927;-0.12;-0.01;0.99;0.01;0.0;0.05
7.931;-0.12;-0.01;0.99;0.01;0.0;0.05
7.936;-0.12;-0.01;0.98;0.01;0.0;0.05
7.94;-0.12;-0.01;0.98;0.0;0.0;0.05
7.946;-0.12;-0.01;0.99;0.0;0.0;0.05
7.951;-0.12;-0.01;0.99;0.0;0.0;0.05
7.967;-0.12;-0.01;0.99;0.0;0.0;0.05
7.968;-0.12;-0.01;0.99;0.0;0.0;0.05
7.969;-0.12;-0.01;0.99;0.0;0.0;0.05
7.971;-0.12;-0.01;0.99;0.0;-0.01;0.05
7.985;-0.12;-0.01;0.99;0.0;-0.01;0.05
7.987;-0.12;-0.01;0.99;0.0;-0.01;0.05
7.988;-0.12;-0.01;0.99;0.0;-0.01;0.05
7.991;-0.12;-0.01;0.99;0.0;-0.01;0.05
7.996;-0.12;-0.01;0.99;0.0;-0.01;0.05
8.001;-0.12;-0.01;0.99;0.0;-0.01;0.05
8.007;-0.12;-0.01;0.99;0.0;-0.01;0.05
8.011;-0.12;-0.01;0.99;0.0;-0.01;0.05
8.016;-0.12;-0.01;0.99;0.0;-0.01;0.05
8.022;-0.12;-0.01;0.99;0.0;-0.01;0.05
8.027;-0.12;-0.01;0.99;0.0;-0.01;0.05
8.03;-0.12;-0.01;0.99;0.0;-0.01;0.05
8.038;-0.12;0.0;0.99;0.0;-0.01;0.05
8.041;-0.12;0.0;0.99;0.0;-0.02;0.05
8.046;-0.12;0.0;0.99;0.0;-0.02;0.05
8.05;-0.12;0.0;0.99;0.0;-0.02;0.05
8.057;-0.12;0.0;0.99;0.0;-0.02;0.05
8.061;-0.12;0.0;0.99;0.0;-0.02;0.05
8.066;-0.12;0.0;0.99;0.0;-0.02;0.05
8.083;-0.12;0.0;0.99;0.0;-0.02;0.05
8.085;-0.12;0.0;0.99;0.0;-0.02;0.05
8.087;-0.12;0.0;0.99;0.0;-0.02;0.05
8.088;-0.12;0.0;0.99;0.0;-0.02;0.05
8.104;-0.12;0.0;0.99;0.0;-0.02;0.05
8.107;-0.12;0.0;0.99;0.0;-0.02;0.05
8.108;-0.12;0.0;0.99;0.0;-0.02;0.04
8.109;-0.12;0.0;0.99;0.0;-0.02;0.04
8.111;-0.12;0.0;0.99;0.0;-0.02;0.04
8.117;-0.12;0.0;0.99;0.0;-0.02;0.04
8.122;-0.12;0.0;0.99;0.0;-0.02;0.04
8.127;-0.12;-0.01;0.99;0.0;-0.02;0.04
8.131;-0.12;-0.01;0.99;0.0;-0.02;0.04
8.139;-0.12;-0.01;0.99;0.0;-0.02;0.04
8.141;-0.12;-0.01;0.99;0.0;-0.02;0.04
8.146;-0.11;-0.01;0.99;0.0;-0.02;0.04
8.15;-0.11;-0.01;0.99;0.0;-0.02;0.04
8.158;-0.11;-0.01;0.99;0.0;-0.02;0.04
8.161;-0.11;-0.01;0.99;0.0;-0.03;0.04
8.166;-0.11;-0.01;0.99;0.0;-0.03;0.04
8.182;-0.11;-0.01;0.99;0.0;-0.03;0.04
8.184;-0.11;-0.01;0.99;0.0;-0.03;0.04
8.185;-0.11;-0.01;0.99;0.0;-0.03;0.04
8.187;-0.11;-0.01;0.99;0.0;-0.03;0.04
8.201;-0.11;-0.01;0.99;0.0;-0.04;0.05
8.203;-0.11;-0.01;0.99;0.0;-0.04;0.05
8.204;-0.11;-0.01;0.99;0.0;-0.04;0.05
8.207;-0.11;0.0;0.99;0.0;-0.04;0.05
8.21;-0.11;0.0;0.99;0.0;-0.04;0.05
8.216;-0.11;0.0;0.99;0.0;-0.04;0.05
8.222;-0.11;0.0;0.99;0.0;-0.04;0.04
8.227;-0.11;0.0;1.0;0.0;-0.04;0.04
8.23;-0.11;0.0;1.0;0.0;-0.04;0.04
8.238;-0.11;0.0;1.0;0.0;-0.04;0.04
8.24;-0.11;0.0;1.0;0.0;-0.04;0.04
8.247;-0.11;0.0;1.01;0.0;-0.04;0.04
8.25;-0.11;0.0;1.01;0.0;-0.03;0.04
8.256;-0.12;0.0;1.01;0.0;-0.03;0.04
8.26;-0.12;0.0;1.01;0.0;-0.02;0.03
8.266;-0.12;0.0;1.0;0.0;-0.02;0.03
8.28;-0.12;0.0;1.0;0.0;-0.01;0.03
8.282;-0.12;0.0;1.0;0.0;-0.01;0.03
8.283;-0.12;0.0;1.0;0.0;0.0;0.03
8.298;-0.12;0.0;1.0;0.0;0.0;0.03
8.301;-0.12;0.0;1.0;0.0;0.0;0.02
8.302;-0.12;0.0;0.99;0.0;0.0;0.02
8.303;-0.12;0.0;0.99;0.0;0.0;0.02
8.309;-0.12;0.0;0.99;0.0;0.0;0.02
8.312;-0.12;0.0;0.99;0.0;0.0;0.02
8.316;-0.12;0.0;0.99;0.0;0.0;0.02
8.322;-0.12;0.0;0.99;0.0;0.0;0.02
8.326;-0.12;0.0;0.99;0.0;0.0;0.02
8.33;-0.12;0.0;0.99;0.0;0.0;0.02
8.338;-0.11;0.0;0.99;0.0;0.0;0.02
8.341;-0.11;0.0;0.99;0.0;0.0;0.02
8.347;-0.11;0.0;0.99;0.0;0.0;0.02
8.351;-0.11;0.0;0.99;0.0;0.0;0.01
8.356;-0.12;0.0;0.99;0.0;0.0;0.01
8.361;-0.12;0.0;0.99;0.01;0.0;0.01
8.367;-0.12;0.0;0.99;0.01;0.0;0.01
8.386;-0.12;0.0;0.99;0.01;0.0;0.01
8.388;-0.12;0.0;0.99;0.01;0.0;0.01
8.389;-0.12;0.0;0.99;0.01;-0.01;0.0
8.39;-0.11;0.0;0.99;0.01;-0.01;0.0
8.392;-0.11;0.0;0.99;0.01;0.0;0.0
8.397;-0.12;0.0;1.0;0.01;0.0;0.0
8.4;-0.12;0.0;1.0;0.01;0.0;0.0
8.409;-0.11;0.0;1.0;0.01;0.0;0.0
8.411;-0.11;0.0;1.0;0.01;0.0;0.0
8.417;-0.11;0.0;1.0;0.01;0.0;0.0
8.422;-0.11;0.0;1.0;0.01;0.0;0.0
8.426;-0.11;0.0;1.0;0.01;0.0;0.0
8.431;-0.11;0.0;1.0;0.02;0.01;0.0
8.438;-0.11;0.0;1.0;0.02;0.01;0.0
8.441;-0.11;0.0;1.0;0.02;0.01;-0.01
8.446;-0.11;0.0;0.99;0.02;0.01;-0.01
8.451;-0.11;0.0;0.99;0.02;0.01;0.0
8.456;-0.11;0.0;0.99;0.02;0.01;0.0
8.461;-0.11;0.0;0.99;0.02;0.0;-0.01
8.467;-0.11;-0.01;0.99;0.02;0.0;-0.01
8.485;-0.11;-0.01;0.99;0.02;0.0;0.0
8.487;-0.1;-0.01;0.98;0.02;0.0;0.0
8.488;-0.1;-0.01;0.98;0.02;0.0;0.0
8.489;-0.1;-0.01;0.98;0.02;0.0;0.0
8.491;-0.1;-0.01;0.98;0.01;-0.01;0.0
8.496;-0.1;-0.01;0.98;0.01;-0.01;0.0
8.501;-0.1;-0.01;0.98;0.01;-0.02;0.0
8.508;-0.1;-0.01;0.99;0.01;-0.02;0.0
8.511;-0.1;-0.01;0.99;0.01;-0.02;0.0
8.517;-0.1;-0.01;0.99;0.01;-0.02;0.0
8.521;-0.1;-0.01;0.99;0.01;-0.03;0.0
8.527;-0.1;-0.01;0.99;0.01;-0.03;0.0
8.53;-0.1;-0.01;0.99;0.01;-0.03;0.0
8.538;-0.1;-0.01;0.99;0.01;-0.03;0.0
8.541;-0.1;-0.01;0.99;0.01;-0.03;0.0
8.546;-0.1;-0.01;0.99;0.01;-0.03;0.0
8.55;-0.1;-0.01;0.99;0.01;-0.03;0.0
8.556;-0.1;-0.01;0.99;0.01;-0.03;0.0
8.561;-0.1;-0.01;0.99;0.01;-0.03;0.01
8.567;-0.1;-0.01;0.99;0.01;-0.03;0.01
8.584;-0.1;-0.01;0.99;0.01;-0.04;0.01
8.587;-0.1;-0.01;0.99;0.01;-0.04;0.01
8.589;-0.1;-0.01;0.99;0.0;-0.04;0.01
8.591;-0.1;0.0;0.99;0.0;-0.04;0.01
8.593;-0.1;0.0;0.99;0.0;-0.04;0.01
8.596;-0.1;0.0;1.0;0.0;-0.04;0.01
8.601;-0.1;0.0;1.0;0.0;-0.04;0.01
8.606;-0.1;0.0;1.0;0.0;-0.04;0.01
8.611;-0.1;0.0;1.0;0.0;-0.04;0.01
8.616;-0.1;0.0;1.0;0.0;-0.04;0.01
8.623;-0.1;0.0;1.0;0.0;-0.04;0.01
8.627;-0.1;0.0;1.0;0.0;-0.04;0.01
8.631;-0.1;0.0;1.0;0.0;-0.04;0.0
8.638;-0.1;0.0;1.0;0.0;-0.04;0.0
8.64;-0.1;0.0;1.0;0.0;-0.03;0.0
8.646;-0.1;0.0;1.0;0.0;-0.03;0.0
8.65;-0.1;0.0;1.0;0.0;-0.03;0.0
8.657;-0.1;0.0;1.0;0.0;-0.03;0.0
8.66;-0.1;0.0;1.0;0.0;-0.03;0.0
8.666;-0.1;0.0;0.99;0.0;-0.03;0.0
8.682;-0.1;0.0;0.99;0.0;-0.03;-0.01
8.684;-0.1;0.0;0.99;0.0;-0.03;-0.01
8.687;-0.1;0.0;0.99;0.0;-0.03;-0.01
8.689;-0.1;0.0;0.99;0.0;-0.03;-0.01
8.692;-0.1;0.0;0.99;0.0;-0.03;-0.01
8.702;-0.1;0.0;0.99;0.0;-0.03;-0.01
8.703;-0.1;0.0;0.99;0.0;-0.03;-0.02
8.706;-0.1;0.0;0.99;0.0;-0.03;-0.02
8.711;-0.1;0.0;0.99;0.0;-0.03;-0.02
8.716;-0.1;-0.01;0.99;0.0;-0.03;-0.02
8.721;-0.1;-0.01;0.99;0.0;-0.03;-0.02
8.727;-0.1;-0.01;0.99;0.0;-0.03;-0.02
8.731;-0.1;-0.01;0.99;0.0;-0.03;-0.02
8.738;-0.11;-0.01;0.99;0.0;-0.03;-0.02
8.741;-0.11;-0.01;0.99;0.0;-0.04;-0.02
8.746;-0.11;-0.01;0.99;0.0;-0.04;-0.02
8.751;-0.11;-0.01;0.99;0.0;-0.04;-0.02
8.756;-0.11;-0.02;0.99;0.0;-0.04;-0.02
8.761;-0.11;-0.02;0.99;-0.01;-0.04;-0.02
8.766;-0.11;-0.02;0.99;-0.01;-0.04;-0.02
8.781;-0.11;-0.02;0.99;-0.01;-0.03;-0.01
8.782;-0.11;-0.02;0.99;-0.01;-0.03;-0.01
8.783;-0.11;-0.02;0.99;-0.01;-0.03;-0.01
8.798;-0.1;-0.02;0.99;-0.01;-0.03;-0.01
8.801;-0.1;-0.02;0.99;-0.01;-0.04;0.0
8.802;-0.1;-0.01;1.0;-0.01;-0.04;0.0
8.803;-0.1;-0.01;1.0;-0.01;-0.04;0.0
8.808;-0.11;-0.01;1.0;-0.01;-0.04;0.0
8.81;-0.11;-0.01;1.0;-0.01;-0.04;0.0
8.816;-0.11;-0.01;1.0;-0.01;-0.04;0.0
8.821;-0.11;-0.01;1.0;-0.01;-0.03;0.01
8.826;-0.11;-0.01;1.0;-0.01;-0.03;0.01
8.83;-0.11;-0.01;1.0;-0.01;-0.03;0.01
8.837;-0.1;-0.01;1.0;-0.01;-0.03;0.01
8.841;-0.1;-0.01;1.0;-0.01;-0.03;0.02
8.846;-0.1;0.0;0.99;-0.01;-0.03;0.02
8.85;-0.1;0.0;0.99;-0.01;-0.03;0.02
8.856;-0.1;-0.01;0.99;-0.01;-0.03;0.02
8.86;-0.1;-0.01;0.99;-0.01;-0.03;0.03
8.866;-0.1;-0.01;0.98;-0.01;-0.03;0.03
8.883;-0.1;-0.01;0.98;-0.01;-0.04;0.03
8.885;-0.11;-0.02;0.99;-0.01;-0.04;0.03
8.886;-0.11;-0.02;0.99;-0.01;-0.05;0.05
8.887;-0.11;-0.03;0.99;-0.01;-0.05;0.05
8.909;-0.11;-0.03;0.99;-0.01;-0.06;0.06
8.911;-0.11;-0.04;0.99;-0.01;-0.06;0.06
8.912;-0.11;-0.04;0.99;-0.02;-0.06;0.09
8.913;-0.11;-0.05;0.99;-0.02;-0.06;0.09
8.914;-0.11;-0.05;0.99;-0.04;-0.07;0.14
8.917;-0.11;-0.06;0.98;-0.04;-0.07;0.14
8.921;-0.11;-0.06;0.98;-0.05;-0.08;0.17
8.926;-0.11;-0.06;0.98;-0.05;-0.08;0.17
8.931;-0.11;-0.06;0.98;-0.07;-0.08;0.19
8.937;-0.11;-0.07;0.99;-0.07;-0.08;0.19
8.94;-0.11;-0.07;0.99;-0.07;-0.08;0.22
8.946;-0.11;-0.07;1.0;-0.07;-0.08;0.22
8.95;-0.11;-0.07;1.0;-0.08;-0.08;0.25
8.957;-0.11;-0.07;1.01;-0.08;-0.08;0.25
8.96;-0.11;-0.07;1.01;-0.08;-0.07;0.27
8.966;-0.11;-0.06;1.01;-0.08;-0.07;0.27
8.981;-0.11;-0.06;1.01;-0.08;-0.06;0.29
8.983;-0.11;-0.06;1.02;-0.08;-0.06;0.29
8.984;-0.11;-0.06;1.02;-0.08;-0.05;0.32
8.987;-0.11;-0.05;1.02;-0.08;-0.05;0.32
8.998;-0.11;-0.05;1.02;-0.07;-0.03;0.34
9.001;-0.11;-0.04;1.02;-0.07;-0.03;0.34
9.002;-0.11;-0.04;1.02;-0.07;-0.02;0.36
9.008;-0.12;-0.03;1.02;-0.07;-0.02;0.36
9.011;-0.12;-0.03;1.02;-0.07;0.0;0.38
9.016;-0.11;-0.02;1.02;-0.07;0.0;0.38
9.021;-0.11;-0.02;1.02;-0.07;0.01;0.4
9.026;-0.11;-0.01;1.01;-0.07;0.01;0.4
9.03;-0.11;-0.01;1.01;-0.07;0.02;0.41
9.037;-0.11;-0.01;1.0;-0.07;0.02;0.41
9.04;-0.11;-0.01;1.0;-0.07;0.02;0.43
9.046;-0.11;-0.02;0.99;-0.07;0.02;0.43
9.051;-0.11;-0.02;0.99;-0.08;0.02;0.44
9.056;-0.1;-0.02;0.98;-0.08;0.02;0.44
9.061;-0.1;-0.02;0.98;-0.08;0.0;0.46
9.067;-0.09;-0.03;0.96;-0.08;0.0;0.46
9.088;-0.09;-0.03;0.96;-0.09;-0.02;0.48
9.091;-0.08;-0.04;0.95;-0.09;-0.02;0.48
9.093;-0.08;-0.04;0.95;-0.1;-0.05;0.51
9.098;-0.08;-0.05;0.95;-0.1;-0.05;0.51
9.1;-0.08;-0.05;0.95;-0.11;-0.08;0.54
9.102;-0.09;-0.06;0.96;-0.11;-0.08;0.54
9.103;-0.09;-0.06;0.96;-0.12;-0.1;0.58
9.109;-0.1;-0.08;0.97;-0.12;-0.1;0.58
9.111;-0.1;-0.08;0.97;-0.13;-0.1;0.63
9.116;-0.1;-0.09;0.98;-0.13;-0.1;0.63
9.121;-0.1;-0.09;0.98;-0.13;-0.1;0.67
9.126;-0.1;-0.11;0.99;-0.13;-0.1;0.67
9.13;-0.1;-0.11;0.99;-0.14;-0.1;0.73
9.137;-0.1;-0.12;0.99;-0.14;-0.1;0.73
9.14;-0.1;-0.12;0.99;-0.14;-0.09;0.78
9.146;-0.09;-0.14;1.0;-0.14;-0.09;0.78
9.151;-0.09;-0.14;1.0;-0.15;-0.08;0.83
9.156;-0.09;-0.15;0.99;-0.15;-0.08;0.83
9.16;-0.09;-0.15;0.99;-0.15;-0.08;0.88
9.167;-0.08;-0.15;0.99;-0.15;-0.08;0.88
9.183;-0.08;-0.15;0.99;-0.15;-0.08;0.93
9.185;-0.06;-0.16;0.96;-0.15;-0.08;0.93
9.186;-0.06;-0.16;0.96;-0.16;-0.09;0.99
9.187;-0.05;-0.17;0.95;-0.16;-0.09;0.99
9.191;-0.05;-0.17;0.95;-0.16;-0.11;1.04
9.196;-0.04;-0.17;0.93;-0.16;-0.11;1.04
9.201;-0.04;-0.17;0.93;-0.17;-0.13;1.09
9.207;-0.03;-0.17;0.91;-0.17;-0.13;1.09
9.211;-0.03;-0.17;0.91;-0.17;-0.16;1.15
9.216;-0.03;-0.18;0.9;-0.17;-0.16;1.15
9.22;-0.03;-0.18;0.9;-0.17;-0.2;1.2
9.226;-0.03;-0.18;0.9;-0.17;-0.2;1.2
9.23;-0.03;-0.18;0.9;-0.16;-0.23;1.26
9.237;-0.04;-0.19;0.9;-0.16;-0.23;1.26
9.24;-0.04;-0.19;0.9;-0.16;-0.26;1.32
9.246;-0.05;-0.19;0.92;-0.16;-0.26;1.32
9.251;-0.05;-0.19;0.92;-0.15;-0.28;1.37
9.257;-0.06;-0.18;0.94;-0.15;-0.28;1.37
9.26;-0.06;-0.18;0.94;-0.14;-0.29;1.42
9.267;-0.07;-0.18;0.96;-0.14;-0.29;1.42
9.283;-0.07;-0.18;0.96;-0.12;-0.29;1.47
9.286;-0.07;-0.17;0.98;-0.12;-0.29;1.47
9.288;-0.07;-0.17;0.98;-0.1;-0.29;1.5
9.291;-0.07;-0.15;1.0;-0.1;-0.29;1.5
9.292;-0.07;-0.15;1.0;-0.08;-0.28;1.53
9.296;-0.07;-0.13;1.01;-0.08;-0.28;1.53
9.301;-0.07;-0.13;1.01;-0.06;-0.28;1.54
9.306;-0.07;-0.11;1.03;-0.06;-0.28;1.54
9.311;-0.07;-0.11;1.03;-0.06;-0.27;1.54
9.317;-0.07;-0.09;1.06;-0.06;-0.27;1.54
9.32;-0.07;-0.09;1.06;-0.06;-0.27;1.54
9.326;-0.07;-0.08;1.08;-0.06;-0.27;1.54
9.331;-0.07;-0.08;1.08;-0.06;-0.26;1.53
9.336;-0.08;-0.06;1.09;-0.06;-0.26;1.53
9.34;-0.08;-0.06;1.09;-0.06;-0.25;1.52
9.346;-0.08;-0.05;1.1;-0.06;-0.25;1.52
9.351;-0.08;-0.05;1.1;-0.05;-0.21;1.51
9.356;-0.08;-0.04;1.08;-0.05;-0.21;1.51
9.36;-0.08;-0.04;1.08;-0.03;-0.16;1.5
9.366;-0.07;-0.04;1.04;-0.03;-0.16;1.5
9.383;-0.07;-0.04;1.04;-0.01;-0.1;1.49
9.385;-0.06;-0.03;1.0;-0.01;-0.1;1.49
9.387;-0.06;-0.03;1.0;0.01;-0.07;1.48
9.388;-0.06;-0.03;0.97;0.01;-0.07;1.48
9.39;-0.06;-0.03;0.97;0.03;-0.05;1.45
9.397;-0.07;-0.03;0.96;0.03;-0.05;1.45
9.4;-0.07;-0.03;0.96;0.05;-0.06;1.43
9.407;-0.08;-0.03;0.97;0.05;-0.06;1.43
9.411;-0.08;-0.03;0.97;0.07;-0.07;1.4
9.416;-0.1;-0.04;0.99;0.07;-0.07;1.4
9.421;-0.1;-0.04;0.99;0.09;-0.07;1.38
9.426;-0.12;-0.06;1.01;0.09;-0.07;1.38
9.431;-0.12;-0.06;1.01;0.11;-0.06;1.36
9.436;-0.14;-0.08;1.05;0.11;-0.06;1.36
9.441;-0.14;-0.08;1.05;0.12;-0.04;1.35
9.446;-0.13;-0.11;1.08;0.12;-0.04;1.35
9.452;-0.13;-0.11;1.08;0.13;0.0;1.35
9.456;-0.12;-0.14;1.1;0.13;0.0;1.35
9.46;-0.12;-0.14;1.1;0.14;0.05;1.35
9.466;-0.1;-0.15;1.11;0.14;0.05;1.35
9.486;-0.1;-0.15;1.11;0.14;0.1;1.35
9.488;-0.09;-0.16;1.1;0.14;0.1;1.35
9.489;-0.09;-0.16;1.1;0.12;0.12;1.34
9.491;-0.11;-0.15;1.12;0.12;0.12;1.34
9.492;-0.11;-0.15;1.12;0.08;0.11;1.32
9.497;-0.12;-0.13;1.15;0.08;0.11;1.32
9.501;-0.12;-0.13;1.15;0.04;0.13;1.32
9.506;-0.11;-0.1;1.17;0.04;0.13;1.32
9.511;-0.11;-0.1;1.17;0.0;0.16;1.32
9.516;-0.07;-0.07;1.16;0.0;0.16;1.32
9.522;-0.07;-0.07;1.16;-0.05;0.21;1.35
9.528;-0.02;-0.07;1.12;-0.05;0.21;1.35
9.53;-0.02;-0.07;1.12;-0.12;0.24;1.39
9.536;0.01;-0.09;1.08;-0.12;0.24;1.39
9.54;0.01;-0.09;1.08;-0.19;0.24;1.44
9.546;0.02;-0.11;1.01;-0.19;0.24;1.44
9.552;0.02;-0.11;1.01;-0.24;0.24;1.52
9.556;0.04;-0.13;0.94;-0.24;0.24;1.52
9.56;0.04;-0.13;0.94;-0.28;0.28;1.54
9.566;0.06;-0.12;0.85;-0.28;0.28;1.54
9.571;0.06;-0.12;0.85;-0.25;0.3;1.53
9.576;0.09;-0.07;0.77;-0.25;0.3;1.53
9.581;0.09;-0.07;0.77;-0.21;0.3;1.51
9.599;0.11;-0.01;0.71;-0.21;0.3;1.51
9.602;0.11;-0.01;0.71;-0.17;0.27;1.46
9.603;0.12;0.06;0.66;-0.17;0.27;1.46
9.605;0.12;0.06;0.66;-0.14;0.19;1.4
9.608;0.12;0.1;0.64;-0.14;0.19;1.4
9.612;0.12;0.1;0.64;-0.15;0.06;1.35
9.616;0.1;0.11;0.67;-0.15;0.06;1.35
9.621;0.1;0.11;0.67;-0.18;-0.09;1.34
9.626;0.05;0.08;0.75;-0.18;-0.09;1.34
9.63;0.05;0.08;0.75;-0.21;-0.26;1.39
9.636;0.02;0.03;0.87;-0.21;-0.26;1.39
9.64;0.02;0.03;0.87;-0.23;-0.4;1.46
9.647;0.01;-0.02;1.03;-0.23;-0.4;1.46
9.652;0.01;-0.02;1.03;-0.22;-0.45;1.54
9.657;-0.02;-0.07;1.17;-0.22;-0.45;1.54
9.661;-0.02;-0.07;1.17;-0.2;-0.42;1.61
9.667;-0.05;-0.11;1.27;-0.2;-0.42;1.61
9.671;-0.05;-0.11;1.27;-0.17;-0.34;1.66
9.677;-0.08;-0.14;1.33;-0.17;-0.34;1.66
9.681;-0.08;-0.14;1.33;-0.11;-0.22;1.71
9.7;-0.09;-0.15;1.33;-0.11;-0.22;1.71
9.702;-0.09;-0.15;1.33;-0.06;-0.08;1.74
9.703;-0.08;-0.13;1.3;-0.06;-0.08;1.74
9.704;-0.08;-0.13;1.3;-0.03;0.06;1.76
9.711;-0.06;-0.05;1.14;-0.03;0.06;1.76
9.712;-0.06;-0.05;1.14;-0.01;0.16;1.76
9.721;-0.06;-0.05;1.14;-0.01;0.23;1.75
9.726;-0.04;-0.02;1.06;-0.01;0.23;1.75
9.731;-0.04;-0.02;1.06;-0.02;0.24;1.76
9.737;-0.02;0.01;1.0;-0.02;0.24;1.76
9.741;-0.02;0.01;1.0;-0.03;0.21;1.77
9.747;-0.01;0.04;0.95;-0.03;0.21;1.77
9.752;-0.01;0.04;0.95;-0.03;0.15;1.78
9.756;0.01;0.08;0.93;-0.03;0.15;1.78
9.761;0.01;0.08;0.93;-0.03;0.08;1.79
9.767;0.01;0.1;0.91;-0.03;0.08;1.79
9.772;0.01;0.1;0.91;-0.02;0.0;1.8
9.776;0.0;0.12;0.92;-0.02;0.0;1.8
9.78;0.0;0.12;0.92;-0.02;-0.06;1.81
9.799;-0.02;0.14;0.94;-0.02;-0.06;1.81
9.802;-0.02;0.14;0.94;-0.03;-0.1;1.81
9.803;-0.04;0.14;0.96;-0.03;-0.1;1.81
9.803;-0.04;0.14;0.96;-0.04;-0.1;1.8
9.807;-0.05;0.12;0.97;-0.04;-0.1;1.8
9.811;-0.05;0.12;0.97;-0.06;-0.09;1.79
9.818;-0.06;0.05;0.98;-0.06;-0.09;1.79
9.82;-0.06;0.05;0.98;-0.08;-0.07;1.78
9.826;-0.07;0.0;0.98;-0.08;-0.07;1.78
9.831;-0.07;0.0;0.98;-0.11;-0.07;1.78
9.838;-0.07;-0.04;0.97;-0.11;-0.07;1.78
9.84;-0.07;-0.04;0.97;-0.14;-0.06;1.79
9.846;-0.08;-0.08;0.96;-0.14;-0.06;1.79
9.852;-0.08;-0.08;0.96;-0.18;-0.06;1.81
9.856;-0.08;-0.11;0.96;-0.18;-0.06;1.81
9.86;-0.08;-0.11;0.96;-0.21;-0.07;1.84
9.866;-0.09;-0.14;0.96;-0.21;-0.07;1.84
9.871;-0.09;-0.14;0.96;-0.24;-0.08;1.87
9.876;-0.09;-0.15;0.96;-0.24;-0.08;1.87
9.881;-0.09;-0.15;0.96;-0.27;-0.08;1.92
9.896;-0.08;-0.15;0.97;-0.27;-0.08;1.92
9.898;-0.08;-0.15;0.97;-0.29;-0.08;1.97
9.9;-0.08;-0.15;0.98;-0.29;-0.08;1.97
9.901;-0.08;-0.15;0.98;-0.31;-0.08;2.02
9.915;-0.06;-0.13;0.99;-0.31;-0.08;2.02
9.917;-0.06;-0.13;0.99;-0.33;-0.06;2.07
9.918;-0.05;-0.09;1.0;-0.33;-0.06;2.07
9.921;-0.05;-0.09;1.0;-0.34;-0.05;2.11
9.927;-0.03;-0.06;1.01;-0.34;-0.05;2.11
9.931;-0.03;-0.06;1.01;-0.35;-0.03;2.14
9.937;-0.02;-0.02;1.01;-0.35;-0.03;2.14
9.94;-0.02;-0.02;1.01;-0.35;-0.02;2.15
9.946;-0.01;0.01;0.99;-0.35;-0.02;2.15
9.951;-0.01;0.01;0.99;-0.35;-0.02;2.16
9.956;0.0;0.03;0.97;-0.35;-0.02;2.16
9.96;0.0;0.03;0.97;-0.34;-0.04;2.15
9.968;0.01;0.05;0.96;-0.34;-0.04;2.15
9.97;0.01;0.05;0.96;-0.34;-0.06;2.14
9.976;0.01;0.07;0.93;-0.34;-0.06;2.14
9.98;0.01;0.07;0.93;-0.33;-0.08;2.11
9.996;0.03;0.1;0.93;-0.33;-0.08;2.11
9.998;0.03;0.1;0.93;-0.31;-0.12;2.09
10.0;0.02;0.1;0.92;-0.31;-0.12;2.09
10.001;0.02;0.1;0.92;-0.29;-0.15;2.06
10.014;0.0;0.09;0.93;-0.29;-0.15;2.06
10.018;0.0;0.09;0.93;-0.28;-0.18;2.04
10.018;-0.03;0.06;0.96;-0.28;-0.18;2.04
10.021;-0.03;0.06;0.96;-0.27;-0.2;2.03
10.026;-0.07;0.03;0.99;-0.27;-0.2;2.03
10.031;-0.07;0.03;0.99;-0.27;-0.19;2.06
10.037;-0.1;0.01;1.03;-0.27;-0.19;2.06
10.041;-0.1;0.01;1.03;-0.29;-0.14;2.1
10.047;-0.12;0.0;1.05;-0.29;-0.14;2.1
10.051;-0.12;0.0;1.05;-0.31;-0.07;2.14
10.057;-0.13;-0.01;1.06;-0.31;-0.07;2.14
10.06;-0.13;-0.01;1.06;-0.34;0.0;2.18
10.082;-0.12;-0.01;1.07;-0.34;0.0;2.18
10.083;-0.12;-0.01;1.07;-0.36;0.06;2.21
10.084;-0.11;-0.02;1.07;-0.36;0.06;2.21
10.087;-0.11;-0.02;1.07;-0.39;0.11;2.23
10.088;-0.1;-0.02;1.07;-0.39;0.11;2.23
10.091;-0.1;-0.02;1.07;-0.4;0.14;2.24
10.096;-0.07;-0.03;1.07;-0.4;0.14;2.24
10.103;-0.07;-0.03;1.07;-0.41;0.15;2.24
10.106;-0.02;-0.03;1.08;-0.41;0.15;2.24
10.111;-0.02;-0.03;1.08;-0.4;0.14;2.25
10.117;0.02;-0.03;1.08;-0.4;0.14;2.25
10.122;0.02;-0.03;1.08;-0.36;0.1;2.25
10.127;0.03;-0.02;1.11;-0.36;0.1;2.25
10.131;0.03;-0.02;1.11;-0.3;0.03;2.23
10.138;0.01;0.0;1.15;-0.3;0.03;2.23
10.141;0.01;0.0;1.15;-0.2;-0.05;2.19
10.147;-0.01;0.04;1.16;-0.2;-0.05;2.19
10.153;-0.01;0.04;1.16;-0.07;-0.08;2.13
10.157;-0.02;0.08;1.11;-0.07;-0.08;2.13
10.161;-0.02;0.08;1.11;0.04;-0.04;2.06
10.168;-0.01;0.11;1.01;0.04;-0.04;2.06
10.171;-0.01;0.11;1.01;0.12;0.03;1.99
10.176;0.01;0.12;0.9;0.12;0.03;1.99
10.18;0.01;0.12;0.9;0.14;0.1;1.91
10.202;0.04;0.1;0.79;0.14;0.1;1.91
10.204;0.04;0.1;0.79;0.11;0.14;1.81
10.205;0.08;0.06;0.69;0.11;0.14;1.81
10.208;0.08;0.06;0.69;-0.05;0.02;1.78
10.209;0.1;0.0;0.64;-0.05;0.02;1.78
10.211;0.1;0.0;0.64;-0.14;-0.14;1.78
10.223;0.1;-0.08;0.65;-0.14;-0.14;1.78
10.225;0.1;-0.08;0.65;-0.2;-0.33;1.79
10.226;0.05;-0.18;0.74;-0.2;-0.33;1.79
10.231;0.05;-0.18;0.74;-0.25;-0.48;1.83
10.236;-0.02;-0.26;0.87;-0.25;-0.48;1.83
10.241;-0.02;-0.26;0.87;-0.26;-0.56;1.89
10.247;-0.06;-0.31;1.01;-0.26;-0.56;1.89
10.252;-0.06;-0.31;1.01;-0.25;-0.54;1.95
10.257;-0.09;-0.33;1.12;-0.25;-0.54;1.95
10.26;-0.09;-0.33;1.12;-0.23;-0.47;1.99
10.267;-0.09;-0.32;1.19;-0.23;-0.47;1.99
10.271;-0.09;-0.32;1.19;-0.21;-0.36;2.02
10.276;-0.07;-0.26;1.23;-0.21;-0.36;2.02
10.282;-0.07;-0.26;1.23;-0.18;-0.24;2.02
10.304;-0.05;-0.2;1.22;-0.18;-0.24;2.02
10.307;-0.05;-0.2;1.22;-0.16;-0.14;2.01
10.308;-0.03;-0.15;1.18;-0.16;-0.14;2.01
10.31;-0.03;-0.15;1.18;-0.15;-0.08;2.0
10.311;-0.02;-0.12;1.13;-0.15;-0.08;2.0
10.312;-0.02;-0.12;1.13;-0.15;-0.05;1.99
10.318;-0.02;-0.1;1.08;-0.15;-0.05;1.99
10.324;-0.02;-0.1;1.08;-0.16;-0.04;1.98
10.326;-0.02;-0.1;1.02;-0.16;-0.04;1.98
10.331;-0.02;-0.1;1.02;-0.18;-0.05;1.98
10.336;-0.02;-0.1;0.97;-0.18;-0.05;1.98
10.34;-0.02;-0.1;0.97;-0.2;-0.08;2.0
10.346;-0.02;-0.1;0.94;-0.2;-0.08;2.0
10.351;-0.02;-0.1;0.94;-0.23;-0.12;2.02
10.356;-0.01;-0.11;0.92;-0.23;-0.12;2.02
10.361;-0.01;-0.11;0.92;-0.25;-0.17;2.05
10.367;-0.01;-0.12;0.91;-0.25;-0.17;2.05
10.372;-0.01;-0.12;0.91;-0.27;-0.21;2.09
10.377;-0.02;-0.13;0.91;-0.27;-0.21;2.09
10.381;-0.02;-0.13;0.91;-0.27;-0.24;2.12
10.395;-0.02;-0.15;0.9;-0.27;-0.24;2.12
10.397;-0.02;-0.15;0.9;-0.27;-0.25;2.14
10.398;-0.03;-0.17;0.9;-0.27;-0.25;2.14
10.417;-0.03;-0.17;0.9;-0.26;-0.25;2.16
10.419;-0.02;-0.19;0.89;-0.26;-0.25;2.16
10.42;-0.02;-0.19;0.89;-0.25;-0.26;2.18
10.421;-0.01;-0.19;0.88;-0.25;-0.26;2.18
10.423;-0.01;-0.19;0.88;-0.24;-0.27;2.19
10.427;0.01;-0.19;0.89;-0.24;-0.27;2.19
10.43;0.01;-0.19;0.89;-0.24;-0.32;2.2
10.436;0.03;-0.18;0.91;-0.24;-0.32;2.2
10.44;0.03;-0.18;0.91;-0.22;-0.38;2.19
10.447;0.03;-0.16;0.96;-0.22;-0.38;2.19
10.451;0.03;-0.16;0.96;-0.2;-0.42;2.18
10.457;0.02;-0.13;1.02;-0.2;-0.42;2.18
10.461;0.02;-0.13;1.02;-0.17;-0.42;2.16
10.47;0.0;-0.11;1.09;-0.17;-0.42;2.16
10.471;0.0;-0.11;1.09;-0.13;-0.39;2.15
10.477;0.0;-0.08;1.1;-0.13;-0.39;2.15
10.481;0.0;-0.08;1.1;-0.11;-0.33;2.14
10.495;0.0;-0.07;1.08;-0.11;-0.33;2.14
10.497;0.0;-0.07;1.08;-0.1;-0.25;2.13
10.498;0.01;-0.07;1.07;-0.1;-0.25;2.13
10.513;0.01;-0.07;1.07;-0.1;-0.2;2.12
10.515;0.02;-0.07;1.05;-0.1;-0.2;2.12
10.516;0.02;-0.07;1.05;-0.1;-0.16;2.11
10.518;0.02;-0.08;1.04;-0.1;-0.16;2.11
10.524;0.02;-0.08;1.04;-0.1;-0.14;2.1
10.527;0.02;-0.09;1.03;-0.1;-0.14;2.1
10.532;0.02;-0.09;1.03;-0.09;-0.14;2.09
10.538;0.02;-0.12;1.02;-0.09;-0.14;2.09
10.54;0.02;-0.12;1.02;-0.09;-0.14;2.07
10.546;0.03;-0.15;1.0;-0.09;-0.14;2.07
10.554;0.03;-0.15;1.0;-0.08;-0.14;2.07
10.556;0.03;-0.17;0.98;-0.08;-0.14;2.07
10.561;0.03;-0.17;0.98;-0.08;-0.14;2.07
10.57;0.03;-0.19;0.96;-0.08;-0.14;2.07
10.572;0.03;-0.19;0.96;-0.07;-0.14;2.08
10.576;0.03;-0.2;0.96;-0.07;-0.14;2.08
10.58;0.03;-0.2;0.96;-0.08;-0.15;2.09
10.599;0.02;-0.2;0.96;-0.08;-0.15;2.09
10.601;0.02;-0.2;0.96;-0.08;-0.16;2.1
10.602;0.02;-0.19;0.97;-0.08;-0.16;2.1
10.603;0.02;-0.19;0.97;-0.08;-0.16;2.12
10.606;0.01;-0.17;0.98;-0.08;-0.16;2.12
10.611;0.01;-0.17;0.98;-0.08;-0.16;2.13
10.626;0.01;-0.15;1.0;-0.08;-0.16;2.13
10.628;0.01;-0.15;1.0;-0.09;-0.15;2.14
10.628;0.01;-0.13;1.03;-0.09;-0.15;2.14
10.631;0.01;-0.13;1.03;-0.09;-0.14;2.14
10.636;0.01;-0.11;1.05;-0.09;-0.14;2.14
10.64;0.01;-0.11;1.05;-0.08;-0.12;2.12
10.646;0.01;-0.09;1.06;-0.08;-0.12;2.12
10.65;0.01;-0.09;1.06;-0.08;-0.1;2.11
10.656;0.02;-0.08;1.07;-0.08;-0.1;2.11
10.66;0.02;-0.08;1.07;-0.07;-0.07;2.08
10.675;0.03;-0.07;1.07;-0.07;-0.07;2.08
10.677;0.03;-0.07;1.07;-0.06;-0.05;2.05
10.678;0.05;-0.07;1.08;-0.06;-0.05;2.05
10.68;0.05;-0.07;1.08;-0.06;-0.03;2.01
10.694;0.08;-0.07;1.09;-0.06;-0.03;2.01
10.697;0.08;-0.07;1.09;-0.06;-0.01;1.97
10.701;0.11;-0.07;1.09;-0.06;-0.01;1.97
10.703;0.11;-0.07;1.09;-0.07;-0.02;1.93
10.711;0.12;-0.08;1.11;-0.07;-0.02;1.93
10.713;0.12;-0.08;1.11;-0.11;-0.06;1.91
10.721;0.08;-0.1;1.14;-0.11;-0.06;1.91
10.723;0.08;-0.1;1.14;-0.16;-0.12;1.9
10.726;0.01;-0.12;1.17;-0.16;-0.12;1.9
10.73;0.01;-0.12;1.17;-0.21;-0.12;1.89
10.736;-0.04;-0.12;1.15;-0.21;-0.12;1.89
10.74;-0.04;-0.12;1.15;-0.22;-0.04;1.91
10.746;-0.05;-0.1;1.07;-0.22;-0.04;1.91
10.752;-0.05;-0.1;1.07;-0.21;0.08;1.94
10.756;-0.03;-0.08;0.97;-0.21;0.08;1.94
10.761;-0.03;-0.08;0.97;-0.2;0.18;1.96
10.769;0.0;-0.07;0.89;-0.2;0.18;1.96
10.771;0.0;-0.07;0.89;-0.2;0.23;1.96
10.776;0.03;-0.06;0.84;-0.2;0.23;1.96
10.78;0.03;-0.06;0.84;-0.21;0.21;1.94
10.793;0.06;-0.07;0.82;-0.21;0.21;1.94
10.794;0.06;-0.07;0.82;-0.22;0.15;1.91
10.796;0.07;-0.08;0.82;-0.22;0.15;1.91
10.814;0.07;-0.08;0.82;-0.24;0.06;1.87
10.816;0.07;-0.09;0.83;-0.24;0.06;1.87
10.817;0.07;-0.09;0.83;-0.26;-0.03;1.84
10.818;0.06;-0.1;0.86;-0.26;-0.03;1.84
10.82;0.06;-0.1;0.86;-0.28;-0.1;1.82
10.826;0.04;-0.11;0.9;-0.28;-0.1;1.82
10.831;0.04;-0.11;0.9;-0.3;-0.13;1.81
10.837;0.03;-0.1;0.93;-0.3;-0.13;1.81
10.841;0.03;-0.1;0.93;-0.32;-0.13;1.83
10.846;0.02;-0.09;0.97;-0.32;-0.13;1.83
10.85;0.02;-0.09;0.97;-0.33;-0.12;1.88
10.856;0.01;-0.07;1.01;-0.33;-0.12;1.88
10.86;0.01;-0.07;1.01;-0.31;-0.12;1.92
10.882;0.0;-0.05;1.06;-0.31;-0.12;1.92
10.884;0.0;-0.05;1.06;-0.28;-0.12;1.96
10.884;-0.01;-0.03;1.11;-0.28;-0.12;1.96
10.885;-0.01;-0.03;1.11;-0.24;-0.12;2.0
10.89;-0.03;0.03;1.17;-0.24;-0.12;2.0
10.891;-0.03;0.03;1.17;-0.19;-0.11;2.04
10.903;-0.03;0.03;1.17;-0.15;-0.09;2.07
10.906;-0.03;0.06;1.17;-0.15;-0.09;2.07
10.91;-0.03;0.06;1.17;-0.12;-0.06;2.08
10.916;-0.03;0.08;1.16;-0.12;-0.06;2.08
10.92;-0.03;0.08;1.16;-0.1;-0.02;2.07
10.926;-0.03;0.1;1.14;-0.1;-0.02;2.07
10.93;-0.03;0.1;1.14;-0.08;0.01;2.04
10.936;-0.03;0.1;1.13;-0.08;0.01;2.04
10.94;-0.03;0.1;1.13;-0.07;0.05;2.01
10.946;-0.02;0.09;1.11;-0.07;0.05;2.01
10.95;-0.02;0.09;1.11;-0.06;0.09;1.97
10.956;-0.02;0.07;1.08;-0.06;0.09;1.97
10.96;-0.02;0.07;1.08;-0.06;0.12;1.94
10.976;-0.03;0.06;1.05;-0.06;0.12;1.94
10.978;-0.03;0.06;1.05;-0.06;0.13;1.91
10.978;-0.04;0.05;1.03;-0.06;0.13;1.91
10.98;-0.04;0.05;1.03;-0.06;0.15;1.88
10.99;-0.06;0.03;1.01;-0.06;0.15;1.88
10.991;-0.06;0.03;1.01;-0.06;0.17;1.87
11.004;-0.08;0.02;0.95;-0.06;0.17;1.87
11.005;-0.08;0.02;0.95;-0.06;0.19;1.88
11.007;-0.09;0.01;0.95;-0.06;0.19;1.88
11.01;-0.09;0.01;0.95;-0.08;0.19;1.89
11.016;-0.09;-0.01;0.93;-0.08;0.19;1.89
11.02;-0.09;-0.01;0.93;-0.1;0.17;1.91
11.026;-0.1;-0.03;0.91;-0.1;0.17;1.91
11.032;-0.1;-0.03;0.91;-0.13;0.14;1.94
11.037;-0.11;-0.06;0.91;-0.13;0.14;1.94
11.04;-0.11;-0.06;0.91;-0.16;0.11;1.99
11.046;-0.11;-0.09;0.91;-0.16;0.11;1.99
11.05;-0.11;-0.09;0.91;-0.2;0.08;2.05
11.056;-0.11;-0.12;0.92;-0.2;0.08;2.05
11.061;-0.11;-0.12;0.92;-0.23;0.05;2.11
11.077;-0.1;-0.14;0.93;-0.23;0.05;2.11
11.078;-0.1;-0.14;0.93;-0.27;0.03;2.18
11.079;-0.09;-0.16;0.94;-0.27;0.03;2.18
11.081;-0.09;-0.16;0.94;-0.29;0.01;2.25
11.104;-0.07;-0.17;0.95;-0.29;0.01;2.25
11.106;-0.07;-0.17;0.95;-0.32;0.0;2.31
11.107;-0.04;-0.17;0.98;-0.32;0.0;2.31
11.108;-0.04;-0.17;0.98;-0.34;-0.01;2.36
11.109;-0.04;-0.17;0.98;-0.34;-0.01;2.36
11.11;-0.04;-0.17;0.98;-0.35;-0.02;2.39
11.116;-0.01;-0.14;1.01;-0.35;-0.02;2.39
11.12;-0.01;-0.14;1.01;-0.36;-0.02;2.42
11.126;0.0;-0.1;1.02;-0.36;-0.02;2.42
11.132;0.0;-0.1;1.02;-0.35;-0.01;2.44
11.136;0.01;-0.07;1.01;-0.35;-0.01;2.44
11.14;0.01;-0.07;1.01;-0.33;0.01;2.46
11.146;0.02;-0.03;0.99;-0.33;0.01;2.46
11.152;0.02;-0.03;0.99;-0.31;0.02;2.46
11.156;0.02;0.01;0.96;-0.31;0.02;2.46
11.161;0.02;0.01;0.96;-0.29;0.02;2.46
11.167;0.04;0.05;0.93;-0.29;0.02;2.46
11.17;0.04;0.05;0.93;-0.27;0.01;2.46
11.176;0.05;0.09;0.9;-0.27;0.01;2.46
11.192;0.05;0.09;0.9;-0.24;-0.02;2.44
11.194;0.04;0.1;0.87;-0.24;-0.02;2.44
11.195;0.04;0.1;0.87;-0.22;-0.06;2.42
11.197;0.02;0.09;0.85;-0.22;-0.06;2.42
11.214;0.02;0.09;0.85;-0.21;-0.11;2.42
11.22;0.0;0.07;0.84;-0.21;-0.11;2.42
11.222;0.0;0.07;0.84;-0.2;-0.15;2.43
11.223;-0.03;0.02;0.84;-0.2;-0.15;2.43
11.223;-0.03;0.02;0.84;-0.23;-0.17;2.46
11.228;-0.05;-0.03;0.86;-0.23;-0.17;2.46
11.235;-0.05;-0.03;0.86;-0.29;-0.18;2.49
11.236;-0.06;-0.06;0.9;-0.29;-0.18;2.49
11.24;-0.06;-0.06;0.9;-0.35;-0.18;2.54
11.246;-0.06;-0.09;0.97;-0.35;-0.18;2.54
11.251;-0.06;-0.09;0.97;-0.4;-0.19;2.59
11.256;-0.05;-0.08;1.03;-0.4;-0.19;2.59
11.26;-0.05;-0.08;1.03;-0.43;-0.19;2.63
11.279;-0.04;-0.07;1.1;-0.43;-0.19;2.63
11.281;-0.04;-0.07;1.1;-0.43;-0.2;2.65
11.283;-0.03;-0.04;1.14;-0.43;-0.2;2.65
11.284;-0.03;-0.04;1.14;-0.41;-0.2;2.65
11.286;0.0;-0.01;1.16;-0.41;-0.2;2.65
11.29;0.0;-0.01;1.16;-0.38;-0.19;2.65
11.296;0.05;0.01;1.15;-0.38;-0.19;2.65
11.304;0.05;0.01;1.15;-0.34;-0.19;2.64
11.306;0.12;0.03;1.13;-0.34;-0.19;2.64
11.31;0.12;0.03;1.13;-0.3;-0.21;2.64
11.317;0.15;0.04;1.11;-0.3;-0.21;2.64
11.32;0.15;0.04;1.11;-0.25;-0.28;2.6
11.328;0.12;0.05;1.13;-0.25;-0.28;2.6
11.337;0.12;0.05;1.13;-0.19;-0.37;2.53
11.338;0.07;0.08;1.14;-0.19;-0.37;2.53
11.34;0.07;0.08;1.14;-0.1;-0.41;2.45
11.346;0.03;0.11;1.1;-0.1;-0.41;2.45
11.35;0.03;0.11;1.1;-0.02;-0.38;2.36
11.356;0.02;0.11;1.02;-0.02;-0.38;2.36
11.361;0.02;0.11;1.02;0.03;-0.3;2.27
11.379;0.02;0.07;0.91;0.03;-0.3;2.27
11.381;0.02;0.07;0.91;0.03;-0.2;2.17
11.382;0.02;0.02;0.81;0.03;-0.2;2.17
11.383;0.02;0.02;0.81;-0.01;-0.15;2.1
11.386;0.03;-0.05;0.74;-0.01;-0.15;2.1
11.391;0.03;-0.05;0.74;-0.07;-0.17;2.05
11.396;0.02;-0.11;0.72;-0.07;-0.17;2.05
11.402;0.02;-0.11;0.72;-0.13;-0.26;2.04
11.406;0.0;-0.16;0.73;-0.13;-0.26;2.04
11.41;0.0;-0.16;0.73;-0.17;-0.39;2.04
11.417;-0.02;-0.18;0.78;-0.17;-0.39;2.04
11.421;-0.02;-0.18;0.78;-0.21;-0.51;2.06
11.427;-0.04;-0.19;0.83;-0.21;-0.51;2.06
11.434;-0.04;-0.19;0.83;-0.22;-0.61;2.09
11.436;-0.06;-0.19;0.9;-0.22;-0.61;2.09
11.44;-0.06;-0.19;0.9;-0.22;-0.68;2.11
11.446;-0.06;-0.17;0.98;-0.22;-0.68;2.11
11.45;-0.06;-0.17;0.98;-0.2;-0.71;2.13
11.456;-0.06;-0.16;1.05;-0.2;-0.71;2.13
11.46;-0.06;-0.16;1.05;-0.17;-0.71;2.14
11.479;-0.05;-0.15;1.1;-0.17;-0.71;2.14
11.481;-0.05;-0.15;1.1;-0.14;-0.68;2.15
11.482;-0.06;-0.14;1.14;-0.14;-0.68;2.15
11.483;-0.06;-0.14;1.14;-0.12;-0.63;2.14
11.486;-0.06;-0.14;1.17;-0.12;-0.63;2.14
11.491;-0.06;-0.14;1.17;-0.12;-0.51;2.14
11.496;-0.07;-0.15;1.18;-0.12;-0.51;2.14
11.502;-0.07;-0.15;1.18;-0.12;-0.43;2.15
11.507;-0.08;-0.15;1.17;-0.12;-0.43;2.15
11.51;-0.08;-0.15;1.17;-0.13;-0.36;2.16
11.517;-0.08;-0.14;1.13;-0.13;-0.36;2.16
11.52;-0.08;-0.14;1.13;-0.14;-0.3;2.17
11.526;-0.07;-0.13;1.09;-0.14;-0.3;2.17
11.532;-0.07;-0.13;1.09;-0.15;-0.27;2.16
11.538;-0.06;-0.12;1.05;-0.15;-0.27;2.16
11.54;-0.06;-0.12;1.05;-0.16;-0.26;2.15
11.546;-0.05;-0.11;1.01;-0.16;-0.26;2.15
11.55;-0.05;-0.11;1.01;-0.16;-0.26;2.14
11.556;-0.05;-0.1;0.98;-0.16;-0.26;2.14
11.56;-0.05;-0.1;0.98;-0.16;-0.27;2.12
11.578;-0.05;-0.1;0.96;-0.16;-0.27;2.12
11.579;-0.05;-0.1;0.96;-0.15;-0.28;2.11
11.581;-0.06;-0.09;0.96;-0.15;-0.28;2.11
11.582;-0.06;-0.09;0.96;-0.14;-0.29;2.1
11.586;-0.06;-0.08;0.95;-0.14;-0.29;2.1
11.59;-0.06;-0.08;0.95;-0.13;-0.3;2.09
11.598;-0.06;-0.08;0.95;-0.13;-0.3;2.09
11.601;-0.06;-0.08;0.95;-0.12;-0.3;2.08
11.606;-0.07;-0.07;0.96;-0.12;-0.3;2.08
11.61;-0.07;-0.07;0.96;-0.1;-0.3;2.07
11.616;-0.07;-0.06;0.98;-0.1;-0.3;2.07
11.621;-0.07;-0.06;0.98;-0.08;-0.29;2.06
11.626;-0.08;-0.06;0.99;-0.08;-0.29;2.06
11.632;-0.08;-0.06;0.99;-0.06;-0.26;2.05
11.636;-0.09;-0.07;1.01;-0.06;-0.26;2.05
11.64;-0.09;-0.07;1.01;-0.04;-0.23;2.04
11.646;-0.08;-0.09;1.01;-0.04;-0.23;2.04
11.65;-0.08;-0.09;1.01;-0.03;-0.2;2.03
11.656;-0.08;-0.1;1.01;-0.03;-0.2;2.03
11.66;-0.08;-0.1;1.01;-0.02;-0.17;2.01
11.676;-0.07;-0.11;1.0;-0.02;-0.17;2.01
11.678;-0.07;-0.11;1.0;-0.02;-0.15;1.99
11.679;-0.07;-0.12;1.01;-0.02;-0.15;1.99
11.692;-0.07;-0.12;1.01;-0.02;-0.12;1.96
11.694;-0.06;-0.14;1.01;-0.02;-0.12;1.96
11.695;-0.06;-0.14;1.01;-0.02;-0.11;1.94
11.704;-0.06;-0.15;1.01;-0.02;-0.11;1.94
11.705;-0.06;-0.15;1.01;-0.02;-0.09;1.94
11.707;-0.05;-0.16;1.01;-0.02;-0.09;1.94
11.711;-0.05;-0.16;1.01;-0.02;-0.08;1.93
11.716;-0.05;-0.17;1.02;-0.02;-0.08;1.93
11.721;-0.05;-0.17;1.02;-0.01;-0.08;1.94
11.726;-0.05;-0.18;1.02;-0.01;-0.08;1.94
11.735;-0.05;-0.18;1.02;0.0;-0.07;1.95
11.736;-0.05;-0.19;1.01;0.0;-0.07;1.95
11.74;-0.05;-0.19;1.01;0.01;-0.06;1.97
11.747;-0.05;-0.2;1.0;0.01;-0.06;1.97
11.75;-0.05;-0.2;1.0;0.01;-0.05;1.99
11.756;-0.04;-0.2;0.96;0.01;-0.05;1.99
11.76;-0.04;-0.2;0.96;0.02;-0.04;2.02
11.781;-0.02;-0.18;0.94;0.02;-0.04;2.02
11.783;-0.02;-0.18;0.94;0.02;-0.04;2.05
11.785;-0.02;-0.17;0.92;0.02;-0.04;2.05
11.786;-0.02;-0.17;0.92;0.01;-0.05;2.08
11.787;-0.02;-0.18;0.91;0.01;-0.05;2.08
11.791;-0.02;-0.18;0.91;0.01;-0.07;2.11
11.803;-0.02;-0.18;0.91;0.01;-0.07;2.11
11.805;-0.02;-0.18;0.91;-0.01;-0.09;2.13
11.807;-0.02;-0.18;0.93;-0.01;-0.09;2.13
11.816;-0.01;-0.17;0.95;-0.01;-0.09;2.13
11.82;-0.01;-0.17;0.95;-0.02;-0.12;2.16
11.827;0.0;-0.16;0.99;-0.02;-0.12;2.16
11.832;0.0;-0.16;0.99;-0.01;-0.12;2.17
11.836;0.04;-0.14;1.03;-0.01;-0.12;2.17
11.84;0.04;-0.14;1.03;0.0;-0.11;2.17
11.847;0.08;-0.14;1.07;0.0;-0.11;2.17
11.851;0.08;-0.14;1.07;0.0;-0.11;2.17
11.856;0.11;-0.12;1.12;0.0;-0.11;2.17
11.86;0.11;-0.12;1.12;-0.03;-0.12;2.16
11.878;0.11;-0.1;1.18;-0.03;-0.12;2.16
11.88;0.11;-0.1;1.18;-0.08;-0.16;2.15
11.881;0.06;-0.12;1.25;-0.08;-0.16;2.15
11.883;0.06;-0.12;1.25;-0.14;-0.17;2.14
11.896;0.02;-0.13;1.28;-0.14;-0.17;2.14
11.899;0.02;-0.13;1.28;-0.17;-0.1;2.14
11.901;0.0;-0.12;1.25;-0.17;-0.1;2.14
11.903;0.0;-0.12;1.25;-0.17;0.06;2.16
11.907;0.0;-0.09;1.16;-0.17;0.06;2.16
11.911;0.0;-0.09;1.16;-0.15;0.24;2.17
11.916;0.02;-0.06;1.05;-0.15;0.24;2.17
11.92;0.02;-0.06;1.05;-0.13;0.37;2.17
11.926;0.04;-0.02;0.97;-0.13;0.37;2.17
11.932;0.04;-0.02;0.97;-0.11;0.44;2.13
11.937;0.06;0.02;0.91;-0.11;0.44;2.13
11.94;0.06;0.02;0.91;-0.12;0.44;2.07
11.948;0.07;0.04;0.89;-0.12;0.44;2.07
11.95;0.07;0.04;0.89;-0.13;0.38;1.98
11.956;0.08;0.06;0.89;-0.13;0.38;1.98
11.96;0.08;0.06;0.89;-0.15;0.29;1.88
11.966;0.08;0.07;0.91;-0.15;0.29;1.88
11.971;0.08;0.07;0.91;-0.16;0.19;1.78
11.976;0.06;0.08;0.93;-0.16;0.19;1.78
11.995;0.06;0.08;0.93;-0.17;0.11;1.7
11.997;0.04;0.08;0.96;-0.17;0.11;1.7
11.998;0.04;0.08;0.96;-0.18;0.06;1.64
11.999;0.03;0.08;0.99;-0.18;0.06;1.64
12.001;0.03;0.08;0.99;-0.18;0.04;1.61
12.007;0.03;0.07;1.01;-0.18;0.04;1.61
12.011;0.03;0.07;1.01;-0.17;0.03;1.6
12.016;0.04;0.05;1.03;-0.17;0.03;1.6
12.02;0.04;0.05;1.03;-0.15;0.02;1.59
12.027;0.04;0.03;1.06;-0.15;0.02;1.59
12.031;0.04;0.03;1.06;-0.12;0.0;1.59
12.036;0.05;0.0;1.07;-0.12;0.0;1.59
12.041;0.05;0.0;1.07;-0.07;-0.02;1.58
12.048;0.05;-0.02;1.08;-0.07;-0.02;1.58
12.051;0.05;-0.02;1.08;-0.01;-0.04;1.58
12.056;0.05;-0.02;1.07;-0.01;-0.04;1.58
12.06;0.05;-0.02;1.07;0.04;-0.06;1.57
12.067;0.05;0.0;1.04;0.04;-0.06;1.57
12.07;0.05;0.0;1.04;0.09;-0.07;1.56
12.076;0.05;0.02;1.02;0.09;-0.07;1.56
12.097;0.05;0.02;1.02;0.11;-0.08;1.53
12.102;0.05;0.05;1.01;0.11;-0.08;1.53
12.103;0.05;0.05;1.01;0.12;-0.08;1.5
12.104;0.04;0.07;0.99;0.12;-0.08;1.5
12.105;0.04;0.07;0.99;0.11;-0.07;1.46
12.111;0.03;0.1;1.0;0.11;-0.07;1.46
12.125;0.03;0.1;1.0;0.08;-0.07;1.42
12.126;0.01;0.12;1.0;0.08;-0.07;1.42
12.128;0.01;0.12;1.0;0.06;-0.05;1.37
12.13;0.0;0.14;1.0;0.06;-0.05;1.37
12.131;0.0;0.14;1.0;0.05;-0.03;1.26
12.138;0.0;0.16;1.0;0.05;-0.03;1.26
12.14;0.0;0.16;1.0;0.05;-0.02;1.22
12.147;0.0;0.18;1.0;0.05;-0.02;1.22
12.151;0.0;0.18;1.0;0.07;-0.04;1.18
12.156;-0.01;0.2;1.0;0.07;-0.04;1.18
12.16;-0.01;0.2;1.0;0.1;-0.06;1.13
12.166;-0.03;0.21;0.99;0.1;-0.06;1.13
12.17;-0.03;0.21;0.99;0.12;-0.07;1.09
12.176;-0.04;0.21;0.97;0.12;-0.07;1.09
12.191;-0.04;0.21;0.97;0.12;-0.07;1.05
12.193;-0.06;0.18;0.94;0.12;-0.07;1.05
12.195;-0.06;0.18;0.94;0.12;-0.09;1.01
12.2;-0.06;0.15;0.91;0.12;-0.09;1.01
12.201;-0.06;0.15;0.91;0.11;-0.11;0.99
12.215;-0.07;0.12;0.88;0.11;-0.11;0.99
12.217;-0.07;0.12;0.88;0.09;-0.15;0.96
12.218;-0.07;0.08;0.86;0.09;-0.15;0.96
12.22;-0.07;0.08;0.86;0.07;-0.2;0.95
12.226;-0.08;0.04;0.86;0.07;-0.2;0.95
12.231;-0.08;0.04;0.86;0.04;-0.25;0.94
12.236;-0.08;0.0;0.88;0.04;-0.25;0.94
12.24;-0.08;0.0;0.88;0.02;-0.29;0.94
12.248;-0.09;-0.03;0.91;0.02;-0.29;0.94
12.25;-0.09;-0.03;0.91;0.0;-0.32;0.95
12.256;-0.1;-0.05;0.95;0.0;-0.32;0.95
12.26;-0.1;-0.05;0.95;-0.01;-0.32;0.96
12.267;-0.12;-0.05;0.98;-0.01;-0.32;0.96
12.27;-0.12;-0.05;0.98;-0.01;-0.3;0.96
12.276;-0.12;-0.03;1.01;-0.01;-0.3;0.96
12.291;-0.12;-0.03;1.01;-0.01;-0.27;0.96
12.293;-0.13;0.0;1.03;-0.01;-0.27;0.96
12.294;-0.13;0.0;1.03;-0.01;-0.24;0.95
12.307;-0.13;0.04;1.04;-0.01;-0.24;0.95
12.309;-0.13;0.04;1.04;0.0;-0.22;0.93
12.31;-0.13;0.09;1.04;0.0;-0.22;0.93
12.311;-0.13;0.09;1.04;0.01;-0.21;0.89
12.322;-0.13;0.14;1.04;0.01;-0.21;0.89
12.323;-0.13;0.14;1.04;0.03;-0.2;0.85
12.328;-0.13;0.17;1.03;0.03;-0.2;0.85
12.333;-0.13;0.17;1.03;0.05;-0.2;0.79
12.336;-0.13;0.2;1.01;0.05;-0.2;0.79
12.34;-0.13;0.2;1.01;0.07;-0.2;0.74
12.351;-0.13;0.21;0.99;0.07;-0.2;0.74
12.352;-0.13;0.21;0.99;0.08;-0.2;0.68
12.356;-0.14;0.21;0.96;0.08;-0.2;0.68
12.361;-0.14;0.21;0.96;0.1;-0.2;0.62
12.367;-0.14;0.2;0.93;0.1;-0.2;0.62
12.37;-0.14;0.2;0.93;0.1;-0.22;0.57
12.376;-0.15;0.19;0.9;0.1;-0.22;0.57
12.39;-0.15;0.19;0.9;0.1;-0.24;0.52
12.392;-0.15;0.16;0.88;0.1;-0.24;0.52
12.392;-0.15;0.16;0.88;0.1;-0.27;0.48
12.411;-0.16;0.14;0.89;0.1;-0.27;0.48
12.412;-0.16;0.14;0.89;0.1;-0.3;0.44
12.413;-0.17;0.1;0.93;0.1;-0.3;0.44
12.414;-0.17;0.1;0.93;0.1;-0.32;0.4
12.417;-0.18;0.1;0.94;0.1;-0.32;0.4
12.421;-0.18;0.1;0.94;0.1;-0.32;0.37
12.426;-0.18;0.1;0.96;0.1;-0.32;0.37
12.431;-0.18;0.1;0.96;0.1;-0.31;0.34
12.437;-0.19;0.1;0.97;0.1;-0.31;0.34
12.44;-0.19;0.1;0.97;0.09;-0.3;0.32
12.449;-0.19;0.09;0.99;0.09;-0.3;0.32
12.451;-0.19;0.09;0.99;0.09;-0.27;0.29
12.456;-0.2;0.08;1.0;0.09;-0.27;0.29
12.46;-0.2;0.08;1.0;0.07;-0.25;0.28
12.468;-0.21;0.07;1.01;0.07;-0.25;0.28
12.471;-0.21;0.07;1.01;0.05;-0.21;0.28
12.476;-0.21;0.06;1.02;0.05;-0.21;0.28
12.493;-0.21;0.06;1.02;0.03;-0.17;0.28
12.495;-0.22;0.05;1.03;0.03;-0.17;0.28
12.496;-0.22;0.05;1.03;0.01;-0.13;0.29
12.497;-0.22;0.04;1.02;0.01;-0.13;0.29
12.511;-0.22;0.04;1.02;-0.01;-0.07;0.3
12.513;-0.22;0.02;1.01;-0.01;-0.07;0.3
12.514;-0.22;0.02;1.01;-0.03;-0.01;0.32
12.517;-0.22;0.0;1.0;-0.03;-0.01;0.32
12.52;-0.22;0.0;1.0;-0.05;0.03;0.33
12.526;-0.21;-0.02;0.99;-0.05;0.03;0.33
12.532;-0.21;-0.02;0.99;-0.06;0.07;0.36
12.536;-0.22;-0.05;0.98;-0.06;0.07;0.36
12.541;-0.22;-0.05;0.98;-0.07;0.08;0.39
12.548;-0.22;-0.07;0.98;-0.07;0.08;0.39
12.551;-0.22;-0.07;0.98;-0.07;0.09;0.42
12.556;-0.23;-0.07;0.98;-0.07;0.09;0.42
12.56;-0.23;-0.07;0.98;-0.06;0.1;0.47
12.566;-0.23;-0.06;0.99;-0.06;0.1;0.47
12.571;-0.23;-0.06;0.99;-0.05;0.11;0.51
12.576;-0.22;-0.03;1.0;-0.05;0.11;0.51
12.594;-0.22;-0.03;1.0;-0.04;0.14;0.55
12.596;-0.17;0.01;1.0;-0.04;0.14;0.55
12.598;-0.17;0.01;1.0;-0.03;0.17;0.58
12.598;-0.07;0.1;1.04;-0.03;0.17;0.58
12.6;-0.07;0.1;1.04;-0.02;0.19;0.58
12.607;0.06;0.21;1.07;-0.02;0.19;0.58
12.611;0.06;0.21;1.07;0.0;0.2;0.55
12.617;0.14;0.28;1.09;0.0;0.2;0.55
12.62;0.14;0.28;1.09;0.04;0.15;0.48
12.627;0.1;0.28;1.12;0.04;0.15;0.48
12.631;0.1;0.28;1.12;0.08;0.03;0.38
12.637;-0.02;0.26;1.23;0.08;0.03;0.38
12.64;-0.02;0.26;1.23;0.1;-0.1;0.29
12.648;-0.12;0.24;1.36;0.1;-0.1;0.29
12.651;-0.12;0.24;1.36;0.12;-0.13;0.23
12.656;-0.17;0.21;1.45;0.12;-0.13;0.23
12.66;-0.17;0.21;1.45;0.12;-0.03;0.16
12.666;-0.18;0.14;1.48;0.12;-0.03;0.16
12.67;-0.18;0.14;1.48;0.1;0.16;0.1
12.676;-0.16;0.06;1.44;0.1;0.16;0.1
12.697;-0.16;0.06;1.44;0.05;0.38;0.07
12.698;-0.11;-0.01;1.35;0.05;0.38;0.07
12.701;-0.11;-0.01;1.35;-0.01;0.54;0.06
12.702;-0.05;-0.08;1.25;-0.01;0.54;0.06
12.703;-0.05;-0.08;1.25;-0.06;0.6;0.08
12.707;-0.02;-0.13;1.16;-0.06;0.6;0.08
12.71;-0.02;-0.13;1.16;-0.09;0.58;0.12
12.717;0.01;-0.16;1.08;-0.09;0.58;0.12
12.721;0.01;-0.16;1.08;-0.09;0.52;0.2
12.726;0.04;-0.16;1.01;-0.09;0.52;0.2
12.731;0.04;-0.16;1.01;-0.07;0.44;0.29
12.736;0.06;-0.14;0.95;-0.07;0.44;0.29
12.741;0.06;-0.14;0.95;-0.06;0.38;0.38
12.747;0.07;-0.13;0.89;-0.06;0.38;0.38
12.75;0.07;-0.13;0.89;-0.05;0.32;0.42
12.756;0.07;-0.11;0.85;-0.05;0.32;0.42
12.761;0.07;-0.11;0.85;-0.04;0.28;0.44
12.766;0.07;-0.1;0.82;-0.04;0.28;0.44
12.77;0.07;-0.1;0.82;-0.02;0.25;0.43
12.776;0.07;-0.09;0.78;-0.02;0.25;0.43
12.791;0.07;-0.09;0.78;0.02;0.22;0.36
12.792;0.06;-0.07;0.75;0.02;0.22;0.36
12.794;0.06;-0.07;0.75;0.0;0.09;0.29
12.811;0.04;-0.05;0.73;0.0;0.09;0.29
12.812;0.04;-0.05;0.73;-0.02;-0.01;0.21
12.813;0.01;-0.02;0.75;-0.02;-0.01;0.21
12.814;0.01;-0.02;0.75;-0.04;-0.14;0.12
12.816;-0.03;0.01;0.79;-0.04;-0.14;0.12
12.82;-0.03;0.01;0.79;-0.05;-0.25;0.05
12.827;-0.06;0.05;0.86;-0.05;-0.25;0.05
12.833;-0.06;0.05;0.86;-0.06;-0.33;-0.01
12.837;-0.08;0.07;0.94;-0.06;-0.33;-0.01
12.841;-0.08;0.07;0.94;-0.09;-0.36;-0.05
12.85;-0.07;0.08;1.01;-0.09;-0.36;-0.05
12.851;-0.07;0.08;1.01;-0.12;-0.35;-0.06
12.856;-0.06;0.06;1.06;-0.12;-0.35;-0.06
12.86;-0.06;0.06;1.06;-0.15;-0.3;-0.05
12.867;-0.06;0.03;1.08;-0.15;-0.3;-0.05
12.87;-0.06;0.03;1.08;-0.17;-0.22;-0.02
12.877;-0.06;0.0;1.08;-0.17;-0.22;-0.02
12.894;-0.06;0.0;1.08;-0.18;-0.1;0.02
12.896;-0.06;-0.04;1.05;-0.18;-0.1;0.02
12.898;-0.06;-0.04;1.05;-0.19;-0.1;0.07
12.898;-0.05;-0.09;0.97;-0.19;-0.1;0.07
12.901;-0.05;-0.09;0.97;-0.2;0.09;0.11
12.906;-0.04;-0.12;0.9;-0.2;0.09;0.11
12.911;-0.04;-0.12;0.9;-0.2;0.14;0.14
12.917;-0.03;-0.15;0.82;-0.2;0.14;0.14
12.921;-0.03;-0.15;0.82;-0.22;0.12;0.16
12.926;-0.02;-0.16;0.77;-0.22;0.12;0.16
12.931;-0.02;-0.16;0.77;-0.23;0.07;0.16
12.937;-0.03;-0.17;0.74;-0.23;0.07;0.16
12.941;-0.03;-0.17;0.74;-0.25;0.0;0.16
12.948;-0.04;-0.16;0.74;-0.25;0.0;0.16
12.951;-0.04;-0.16;0.74;-0.26;-0.07;0.15
12.956;-0.05;-0.14;0.74;-0.26;-0.07;0.15
12.961;-0.05;-0.14;0.74;-0.26;-0.14;0.13
12.967;-0.06;-0.12;0.75;-0.26;-0.14;0.13
12.971;-0.06;-0.12;0.75;-0.26;-0.2;0.11
12.977;-0.07;-0.1;0.79;-0.26;-0.2;0.11
12.999;-0.07;-0.1;0.79;-0.25;-0.24;0.09
13.001;-0.09;-0.08;0.83;-0.25;-0.24;0.09
13.003;-0.09;-0.08;0.83;-0.23;-0.27;0.08
13.004;-0.11;-0.07;0.88;-0.23;-0.27;0.08
13.006;-0.11;-0.07;0.88;-0.21;-0.28;0.07
13.008;-0.13;-0.05;0.93;-0.21;-0.28;0.07
13.011;-0.13;-0.05;0.93;-0.18;-0.26;0.07
13.019;-0.14;-0.03;0.96;-0.18;-0.26;0.07
13.021;-0.14;-0.03;0.96;-0.14;-0.24;0.06
13.027;-0.15;-0.02;0.97;-0.14;-0.24;0.06
13.031;-0.15;-0.02;0.97;-0.11;-0.21;0.05
13.037;-0.15;-0.02;0.95;-0.11;-0.21;0.05
13.042;-0.15;-0.02;0.95;-0.07;-0.19;0.04
13.046;-0.15;0.0;0.95;-0.07;-0.19;0.04
13.051;-0.15;0.0;0.95;-0.04;-0.18;0.02
13.056;-0.14;0.0;0.96;-0.04;-0.18;0.02
13.061;-0.14;0.0;0.96;-0.02;-0.18;-0.01
13.068;-0.14;-0.02;0.98;-0.02;-0.18;-0.01
13.07;-0.14;-0.02;0.98;0.0;-0.18;-0.04
13.076;-0.16;-0.04;1.02;0.0;-0.18;-0.04
13.082;-0.16;-0.04;1.02;0.03;-0.17;-0.07
13.086;-0.17;-0.06;1.06;0.03;-0.17;-0.07
13.091;-0.17;-0.06;1.06;0.07;-0.14;-0.1
13.108;-0.18;-0.07;1.08;0.07;-0.14;-0.1
13.11;-0.18;-0.07;1.08;0.11;-0.11;-0.12
13.111;-0.18;-0.07;1.08;0.11;-0.11;-0.12
13.112;-0.18;-0.07;1.08;0.14;-0.06;-0.13
13.129;-0.17;-0.06;1.06;0.14;-0.06;-0.13
13.131;-0.17;-0.06;1.06;0.16;-0.01;-0.14
13.132;-0.17;-0.06;1.04;0.16;-0.01;-0.14
13.133;-0.17;-0.06;1.04;0.17;0.02;-0.14
13.137;-0.17;-0.07;1.03;0.17;0.02;-0.14
13.14;-0.17;-0.07;1.03;0.16;0.02;-0.15
13.148;-0.2;-0.09;1.06;0.16;0.02;-0.15
13.15;-0.2;-0.09;1.06;0.14;0.01;-0.15
13.156;-0.25;-0.11;1.11;0.14;0.01;-0.15
13.162;-0.25;-0.11;1.11;0.11;0.0;-0.15
13.166;-0.3;-0.13;1.16;0.11;0.0;-0.15
13.171;-0.3;-0.13;1.16;0.08;0.0;-0.15
13.177;-0.36;-0.13;1.21;0.08;0.0;-0.15
13.182;-0.36;-0.13;1.21;0.05;0.04;-0.14
13.186;-0.4;-0.13;1.22;0.05;0.04;-0.14
13.19;-0.4;-0.13;1.22;0.02;0.11;-0.12
13.211;-0.42;-0.12;1.21;0.02;0.11;-0.12
13.212;-0.42;-0.12;1.21;0.0;0.22;-0.1
13.213;-0.42;-0.12;1.18;0.0;0.22;-0.1
13.214;-0.42;-0.12;1.18;-0.02;0.33;-0.09
13.216;-0.35;-0.14;1.15;-0.02;0.33;-0.09
13.221;-0.35;-0.14;1.15;-0.05;0.4;-0.08
13.227;-0.24;-0.19;1.16;-0.05;0.4;-0.08
13.235;-0.24;-0.19;1.16;-0.1;0.44;-0.06
13.238;-0.13;-0.26;1.16;-0.1;0.44;-0.06
13.24;-0.13;-0.26;1.16;-0.16;0.4;0.0
13.249;-0.07;-0.26;1.2;-0.16;0.4;0.0
13.251;-0.07;-0.26;1.2;-0.23;0.25;0.06
13.257;-0.07;-0.24;1.3;-0.23;0.25;0.06
13.262;-0.07;-0.24;1.3;-0.26;0.02;0.11
13.266;-0.09;-0.23;1.41;-0.26;0.02;0.11
13.27;-0.09;-0.23;1.41;-0.28;-0.12;0.16
13.276;-0.11;-0.21;1.49;-0.28;-0.12;0.16
13.283;-0.11;-0.21;1.49;-0.3;-0.11;0.2
13.286;-0.09;-0.2;1.52;-0.3;-0.11;0.2
13.29;-0.09;-0.2;1.52;-0.29;0.05;0.25
13.309;-0.02;-0.18;1.45;-0.29;0.05;0.25
13.311;-0.02;-0.18;1.45;-0.24;0.29;0.33
13.312;0.08;-0.13;1.29;-0.24;0.29;0.33
13.313;0.08;-0.13;1.29;-0.17;0.5;0.42
13.316;0.17;-0.05;1.12;-0.17;0.5;0.42
13.32;0.17;-0.05;1.12;-0.12;0.61;0.46
13.327;0.25;0.04;0.98;-0.12;0.61;0.46
13.333;0.25;0.04;0.98;-0.08;0.63;0.43
13.336;0.32;0.13;0.88;-0.08;0.63;0.43
13.341;0.32;0.13;0.88;-0.05;0.58;0.35
13.347;0.37;0.2;0.79;-0.05;0.58;0.35
13.351;0.37;0.2;0.79;-0.03;0.5;0.22
13.356;0.38;0.26;0.71;-0.03;0.5;0.22
13.362;0.38;0.26;0.71;-0.03;0.42;0.07
13.367;0.37;0.3;0.64;-0.03;0.42;0.07
13.371;0.37;0.3;0.64;-0.05;0.32;-0.08
13.377;0.3;0.31;0.6;-0.05;0.32;-0.08
13.38;0.3;0.31;0.6;-0.09;0.19;-0.22
13.386;0.21;0.29;0.63;-0.09;0.19;-0.22
13.391;0.21;0.29;0.63;-0.14;0.02;-0.33
13.409;0.11;0.24;0.72;-0.14;0.02;-0.33
13.411;0.11;0.24;0.72;-0.17;-0.13;-0.38
13.412;0.02;0.16;0.83;-0.17;-0.13;-0.38
13.413;0.02;0.16;0.83;-0.18;-0.24;-0.37
13.417;-0.05;0.07;0.95;-0.18;-0.24;-0.37
13.421;-0.05;0.07;0.95;-0.15;-0.29;-0.29
13.426;-0.11;-0.02;1.03;-0.15;-0.29;-0.29
13.431;-0.11;-0.02;1.03;-0.03;-0.27;-0.05
13.436;-0.13;-0.1;1.07;-0.03;-0.27;-0.05
13.44;-0.13;-0.1;1.07;0.03;-0.17;0.08
13.446;-0.12;-0.18;1.11;0.03;-0.17;0.08
13.451;-0.12;-0.18;1.11;0.07;-0.13;0.17
13.457;-0.11;-0.24;1.12;0.07;-0.13;0.17
13.462;-0.11;-0.24;1.12;0.09;-0.08;0.23
13.466;-0.08;-0.26;1.13;0.09;-0.08;0.23
13.47;-0.08;-0.26;1.13;0.11;-0.02;0.25
13.476;-0.06;-0.24;1.11;0.11;-0.02;0.25
13.482;-0.06;-0.24;1.11;0.11;0.04;0.24
13.487;-0.04;-0.19;1.06;0.11;0.04;0.24
13.49;-0.04;-0.19;1.06;0.11;0.1;0.21
13.505;-0.03;-0.14;1.0;0.11;0.1;0.21
13.507;-0.03;-0.14;1.0;0.1;0.16;0.17
13.508;-0.03;-0.09;0.91;0.1;0.16;0.17
13.528;-0.03;-0.09;0.91;0.07;0.2;0.14
13.53;-0.04;-0.03;0.84;0.07;0.2;0.14
13.531;-0.04;-0.03;0.84;0.04;0.21;0.12
13.532;-0.05;0.02;0.78;0.04;0.21;0.12
13.533;-0.05;0.02;0.78;0.04;0.19;0.13
13.537;-0.06;0.06;0.76;0.04;0.19;0.13
13.541;-0.06;0.06;0.76;0.05;0.16;0.15
13.547;-0.08;0.09;0.72;0.05;0.16;0.15
13.55;-0.08;0.09;0.72;0.07;0.09;0.19
13.557;-0.12;0.1;0.74;0.07;0.09;0.19
13.562;-0.12;0.1;0.74;0.11;0.03;0.25
13.567;-0.13;0.11;0.75;0.11;0.03;0.25
13.57;-0.13;0.11;0.75;0.15;-0.05;0.3
13.577;-0.14;0.11;0.79;0.15;-0.05;0.3
13.581;-0.14;0.11;0.79;0.18;-0.1;0.33
13.586;-0.16;0.11;0.8;0.18;-0.1;0.33
13.591;-0.16;0.11;0.8;0.2;-0.16;0.35
13.615;-0.15;0.1;0.84;0.2;-0.16;0.35
13.617;-0.15;0.1;0.84;0.2;-0.18;0.35
13.618;-0.15;0.1;0.85;0.2;-0.18;0.35
13.619;-0.15;0.1;0.85;0.19;-0.19;0.31
13.621;-0.15;0.09;0.88;0.19;-0.19;0.31
13.622;-0.15;0.09;0.88;0.16;-0.17;0.26
13.635;-0.15;0.08;0.89;0.16;-0.17;0.26
13.638;-0.15;0.08;0.89;0.12;-0.14;0.21
13.639;-0.16;0.07;0.9;0.12;-0.14;0.21
13.641;-0.16;0.07;0.9;0.08;-0.1;0.16
13.648;-0.17;0.06;0.9;0.08;-0.1;0.16
13.651;-0.17;0.06;0.9;0.05;-0.05;0.12
13.656;-0.18;0.05;0.89;0.05;-0.05;0.12
13.662;-0.18;0.05;0.89;0.02;-0.02;0.09
13.666;-0.19;0.06;0.88;0.02;-0.02;0.09
13.671;-0.19;0.06;0.88;0.0;0.01;0.08
13.681;-0.19;0.06;0.85;0.0;0.01;0.08
13.683;-0.19;0.06;0.85;-0.02;0.01;0.09
13.686;-0.19;0.07;0.83;-0.02;0.01;0.09
13.69;-0.19;0.07;0.83;-0.02;0.0;0.1
13.714;-0.18;0.06;0.81;-0.02;0.0;0.1
13.716;-0.18;0.06;0.81;-0.03;-0.05;0.12
13.718;-0.18;0.03;0.85;-0.03;-0.05;0.12
13.719;-0.18;0.03;0.85;-0.05;-0.1;0.14
13.72;-0.18;0.01;0.88;-0.05;-0.1;0.14
13.721;-0.18;0.01;0.88;-0.06;-0.15;0.17
13.733;-0.18;-0.01;0.94;-0.06;-0.15;0.17
13.734;-0.18;-0.01;0.94;-0.08;-0.18;0.18
13.736;-0.18;-0.03;1.01;-0.08;-0.18;0.18
13.741;-0.18;-0.03;1.01;-0.1;-0.19;0.19
13.746;-0.17;-0.05;1.07;-0.1;-0.19;0.19
13.75;-0.17;-0.05;1.07;-0.12;-0.17;0.18
13.756;-0.17;-0.04;1.14;-0.12;-0.17;0.18
13.761;-0.17;-0.04;1.14;-0.15;-0.14;0.15
13.766;-0.17;-0.02;1.19;-0.15;-0.14;0.15
13.77;-0.17;-0.02;1.19;-0.16;-0.09;0.11
13.779;-0.2;0.01;1.23;-0.16;-0.09;0.11
13.781;-0.2;0.01;1.23;-0.16;-0.04;0.06
13.786;-0.25;0.04;1.26;-0.16;-0.04;0.06
13.791;-0.25;0.04;1.26;-0.14;0.01;0.02
13.808;-0.32;0.06;1.26;-0.14;0.01;0.02
13.811;-0.32;0.06;1.26;-0.1;0.06;-0.01
13.811;-0.39;0.07;1.24;-0.1;0.06;-0.01
13.812;-0.39;0.07;1.24;-0.06;0.1;-0.02
13.817;-0.45;0.06;1.21;-0.06;0.1;-0.02
13.82;-0.45;0.06;1.21;-0.02;0.15;-0.01
13.828;-0.49;0.05;1.18;-0.02;0.15;-0.01
13.831;-0.49;0.05;1.18;0.01;0.21;0.02
13.836;-0.5;0.03;1.13;0.01;0.21;0.02
13.84;-0.5;0.03;1.13;0.03;0.28;0.05
13.847;-0.48;0.02;1.1;0.03;0.28;0.05
13.85;-0.48;0.02;1.1;0.04;0.33;0.09
13.858;-0.39;0.03;1.11;0.04;0.33;0.09
13.862;-0.39;0.03;1.11;0.05;0.34;0.13
13.869;-0.2;0.11;1.19;0.05;0.34;0.13
13.871;-0.2;0.11;1.19;0.09;0.33;0.15
13.882;0.01;0.25;1.32;0.09;0.33;0.15
13.883;0.01;0.25;1.32;0.16;0.26;0.13
13.888;0.12;0.26;1.4;0.16;0.26;0.13
13.89;0.12;0.26;1.4;0.25;0.12;0.06
13.915;0.09;0.19;1.53;0.25;0.12;0.06
13.917;0.09;0.19;1.53;0.31;-0.08;-0.03
13.919;0.04;0.11;1.65;0.31;-0.08;-0.03
13.92;0.04;0.11;1.65;0.36;-0.19;-0.08
13.922;0.05;0.06;1.67;0.36;-0.19;-0.08
13.923;0.05;0.06;1.67;0.41;-0.12;-0.08
13.938;0.13;0.07;1.6;0.41;-0.12;-0.08
13.941;0.13;0.07;1.6;0.41;0.09;-0.08
13.943;0.23;0.08;1.42;0.41;0.09;-0.08
13.944;0.23;0.08;1.42;0.35;0.38;-0.11
13.952;0.28;0.05;1.17;0.35;0.38;-0.11
13.954;0.28;0.05;1.17;0.28;0.65;-0.17
13.957;0.31;0.01;0.94;0.28;0.65;-0.17
13.966;0.31;0.01;0.94;0.21;0.82;-0.23
13.972;0.31;-0.04;0.77;0.21;0.82;-0.23
13.976;0.31;-0.04;0.77;0.17;0.87;-0.25
13.978;0.25;-0.09;0.61;0.17;0.87;-0.25
13.983;0.25;-0.09;0.61;0.2;0.8;-0.21
13.987;0.19;-0.16;0.48;0.2;0.8;-0.21
13.991;0.19;-0.16;0.48;0.27;0.58;-0.1
14.011;0.16;-0.25;0.43;0.27;0.58;-0.1
14.013;0.16;-0.25;0.43;0.27;0.28;0.02
14.014;0.1;-0.33;0.48;0.27;0.28;0.02
14.015;0.1;-0.33;0.48;0.21;-0.02;0.06
14.017;-0.02;-0.38;0.59;0.21;-0.02;0.06
14.02;-0.02;-0.38;0.59;0.12;-0.3;0.03
14.029;-0.13;-0.25;0.76;0.12;-0.3;0.03
14.031;-0.13;-0.25;0.76;0.04;-0.49;0.03
14.036;-0.17;-0.09;0.93;0.04;-0.49;0.03
14.04;-0.17;-0.09;0.93;0.0;-0.54;0.09
14.047;-0.17;0.05;1.01;0.0;-0.54;0.09
14.05;-0.17;0.05;1.01;-0.02;-0.46;0.12
14.056;-0.13;0.15;1.1;-0.02;-0.46;0.12
14.06;-0.13;0.15;1.1;-0.04;-0.37;0.09
14.066;-0.11;0.22;1.14;-0.04;-0.37;0.09
14.07;-0.11;0.22;1.14;-0.08;-0.27;0.02
14.077;-0.08;0.26;1.14;-0.08;-0.27;0.02
14.08;-0.08;0.26;1.14;-0.22;-0.16;-0.13
14.086;-0.04;0.24;1.15;-0.22;-0.16;-0.13
14.09;-0.04;0.24;1.15;-0.26;-0.07;-0.22
14.096;-0.04;0.17;1.13;-0.26;-0.07;-0.22
14.1;-0.04;0.17;1.13;-0.23;0.06;-0.26
14.106;-0.03;0.1;1.05;-0.23;0.06;-0.26
14.12;-0.03;0.1;1.05;-0.18;0.17;-0.28
14.122;-0.02;0.05;0.95;-0.18;0.17;-0.28
14.123;-0.02;0.05;0.95;-0.13;0.24;-0.3
14.126;-0.01;0.0;0.84;-0.13;0.24;-0.3
14.13;-0.01;0.0;0.84;-0.1;0.27;-0.33
14.136;-0.02;-0.03;0.73;-0.1;0.27;-0.33
14.14;-0.02;-0.03;0.73;-0.1;0.24;-0.36
14.146;-0.03;-0.07;0.65;-0.1;0.24;-0.36
14.15;-0.03;-0.07;0.65;-0.12;0.19;-0.39
14.156;-0.08;-0.09;0.6;-0.12;0.19;-0.39
14.16;-0.08;-0.09;0.6;-0.15;0.11;-0.4
14.166;-0.1;-0.12;0.58;-0.15;0.11;-0.4
14.17;-0.1;-0.12;0.58;-0.19;0.03;-0.39
14.177;-0.13;-0.15;0.58;-0.19;0.03;-0.39
14.18;-0.13;-0.15;0.58;-0.23;-0.05;-0.37
14.186;-0.16;-0.18;0.61;-0.23;-0.05;-0.37
14.19;-0.16;-0.18;0.61;-0.24;-0.14;-0.32
14.196;-0.17;-0.19;0.65;-0.24;-0.14;-0.32
14.2;-0.17;-0.19;0.65;-0.24;-0.22;-0.27
14.206;-0.17;-0.19;0.71;-0.24;-0.22;-0.27
14.219;-0.17;-0.19;0.71;-0.22;-0.29;-0.22
14.221;-0.17;-0.18;0.76;-0.22;-0.29;-0.22
14.222;-0.17;-0.18;0.76;-0.18;-0.34;-0.18
14.235;-0.17;-0.16;0.8;-0.18;-0.34;-0.18
14.237;-0.17;-0.16;0.8;-0.12;-0.37;-0.15
14.237;-0.15;-0.13;0.82;-0.12;-0.37;-0.15
14.241;-0.15;-0.13;0.82;-0.07;-0.39;-0.13
14.249;-0.15;-0.1;0.84;-0.07;-0.39;-0.13
14.25;-0.15;-0.1;0.84;-0.03;-0.4;-0.12
14.257;-0.13;-0.06;0.86;-0.03;-0.4;-0.12
14.261;-0.13;-0.06;0.86;0.01;-0.4;-0.12
14.266;-0.12;-0.01;0.89;0.01;-0.4;-0.12
14.27;-0.12;-0.01;0.89;0.05;-0.39;-0.13
14.276;-0.11;0.03;0.93;0.05;-0.39;-0.13
14.28;-0.11;0.03;0.93;0.08;-0.38;-0.16
14.286;-0.11;0.07;0.99;0.08;-0.38;-0.16
14.29;-0.11;0.07;0.99;0.11;-0.36;-0.2
14.306;-0.12;0.08;1.07;0.11;-0.36;-0.2
14.31;-0.12;0.08;1.07;0.13;-0.32;-0.24
14.311;-0.14;0.08;1.14;0.13;-0.32;-0.24
14.313;-0.14;0.08;1.14;0.13;-0.25;-0.29
14.317;-0.15;0.07;1.22;0.13;-0.25;-0.29
14.321;-0.15;0.07;1.22;0.13;-0.15;-0.33
14.327;-0.16;0.04;1.27;0.13;-0.15;-0.33
14.33;-0.16;0.04;1.27;0.14;-0.05;-0.33
14.336;-0.16;0.01;1.3;0.14;-0.05;-0.33
14.34;-0.16;0.01;1.3;0.14;0.03;-0.32
14.346;-0.19;-0.1;1.25;0.14;0.03;-0.32
14.351;-0.19;-0.1;1.25;0.13;0.08;-0.31
14.356;-0.23;-0.14;1.23;0.13;0.08;-0.31
14.36;-0.23;-0.14;1.23;0.11;0.1;-0.29
14.367;-0.31;-0.18;1.22;0.11;0.1;-0.29
14.37;-0.31;-0.18;1.22;0.08;0.12;-0.28
14.378;-0.39;-0.2;1.23;0.08;0.12;-0.28
14.38;-0.39;-0.2;1.23;0.05;0.13;-0.25
14.387;-0.45;-0.2;1.21;0.05;0.13;-0.25
14.391;-0.45;-0.2;1.21;0.02;0.18;-0.21
14.396;-0.49;-0.18;1.18;0.02;0.18;-0.21
14.401;-0.49;-0.18;1.18;0.0;0.25;-0.17
14.406;-0.5;-0.15;1.14;0.0;0.25;-0.17
14.424;-0.5;-0.15;1.14;-0.01;0.32;-0.14
14.425;-0.48;-0.11;1.09;-0.01;0.32;-0.14
14.427;-0.48;-0.11;1.09;-0.04;0.38;-0.13
14.434;-0.42;-0.08;1.08;-0.04;0.38;-0.13
14.435;-0.42;-0.08;1.08;-0.06;0.41;-0.15
14.455;-0.07;-0.14;1.1;-0.06;0.41;-0.15
14.457;-0.07;-0.14;1.1;-0.1;0.33;-0.16
14.458;0.05;-0.15;1.17;-0.1;0.33;-0.16
14.464;0.05;-0.15;1.17;-0.17;0.14;-0.15
14.467;0.07;-0.17;1.31;-0.17;0.14;-0.15
14.47;0.07;-0.17;1.31;-0.23;-0.1;-0.14
14.476;0.03;-0.22;1.44;-0.23;-0.1;-0.14
14.48;0.03;-0.22;1.44;-0.3;-0.24;-0.11
14.486;-0.02;-0.22;1.51;-0.3;-0.24;-0.11
14.49;-0.02;-0.22;1.51;-0.37;-0.22;-0.06
14.504;-0.05;-0.21;1.52;-0.37;-0.22;-0.06
14.507;-0.05;-0.21;1.52;-0.4;-0.05;0.03
14.508;-0.01;-0.2;1.44;-0.4;-0.05;0.03
14.527;-0.01;-0.2;1.44;-0.36;0.21;0.14
14.529;0.06;-0.17;1.27;-0.36;0.21;0.14
14.531;0.06;-0.17;1.27;-0.27;0.48;0.27
14.532;0.17;-0.09;1.07;-0.27;0.48;0.27
14.532;0.17;-0.09;1.07;-0.21;0.66;0.35
14.536;0.26;0.0;0.89;-0.21;0.66;0.35
14.54;0.26;0.0;0.89;-0.18;0.73;0.36
14.546;0.33;0.09;0.72;-0.18;0.73;0.36
14.551;0.33;0.09;0.72;-0.17;0.69;0.31
14.556;0.35;0.18;0.58;-0.17;0.69;0.31
14.56;0.35;0.18;0.58;-0.19;0.55;0.22
14.566;0.35;0.27;0.5;-0.19;0.55;0.22
14.571;0.35;0.27;0.5;-0.25;0.32;0.11
14.577;0.29;0.32;0.53;-0.25;0.32;0.11
14.581;0.29;0.32;0.53;-0.32;0.07;-0.04
14.586;0.19;0.34;0.61;-0.32;0.07;-0.04
14.59;0.19;0.34;0.61;-0.36;-0.17;-0.17
14.604;0.09;0.31;0.76;-0.36;-0.17;-0.17
14.606;0.09;0.31;0.76;-0.32;-0.39;-0.27
14.607;0.0;0.25;0.91;-0.32;-0.39;-0.27
14.633;0.0;0.25;0.91;-0.25;-0.49;-0.31
14.635;-0.09;0.15;1.04;-0.25;-0.49;-0.31
14.636;-0.09;0.15;1.04;-0.14;-0.48;-0.29
14.638;-0.14;0.05;1.13;-0.14;-0.48;-0.29
14.64;-0.14;0.05;1.13;-0.04;-0.4;-0.22
14.643;-0.17;-0.05;1.2;-0.04;-0.4;-0.22
14.646;-0.17;-0.05;1.2;0.06;-0.3;-0.12
14.647;-0.17;-0.13;1.21;0.06;-0.3;-0.12
14.651;-0.17;-0.13;1.21;0.14;-0.2;0.01
14.656;-0.15;-0.19;1.21;0.14;-0.2;0.01
14.66;-0.15;-0.19;1.21;0.19;-0.12;0.12
14.667;-0.12;-0.21;1.16;0.19;-0.12;0.12
14.67;-0.12;-0.21;1.16;0.21;-0.03;0.19
14.677;-0.1;-0.21;1.09;0.21;-0.03;0.19
14.68;-0.1;-0.21;1.09;0.2;0.05;0.22
14.686;-0.09;-0.18;0.99;0.2;0.05;0.22
14.691;-0.09;-0.18;0.99;0.18;0.14;0.21
14.707;-0.07;-0.15;0.87;0.18;0.14;0.21
14.71;-0.07;-0.15;0.87;0.14;0.21;0.19
14.711;-0.07;-0.11;0.78;0.14;0.21;0.19
14.713;-0.07;-0.11;0.78;0.1;0.25;0.16
14.716;-0.06;-0.09;0.72;0.1;0.25;0.16
14.721;-0.06;-0.09;0.72;0.03;0.25;0.17
14.73;-0.07;-0.04;0.66;0.03;0.25;0.17
14.732;-0.07;-0.04;0.66;0.02;0.16;0.21
14.736;-0.08;-0.02;0.65;0.02;0.16;0.21
14.741;-0.08;-0.02;0.65;0.04;0.08;0.25
14.746;-0.11;0.0;0.65;0.04;0.08;0.25
14.75;-0.11;0.0;0.65;0.07;0.0;0.3
14.756;-0.14;0.03;0.69;0.07;0.0;0.3
14.762;-0.14;0.03;0.69;0.1;-0.07;0.35
14.766;-0.17;0.07;0.74;0.1;-0.07;0.35
14.77;-0.17;0.07;0.74;0.13;-0.11;0.39
14.776;-0.19;0.12;0.79;0.13;-0.11;0.39
14.78;-0.19;0.12;0.79;0.15;-0.13;0.42
14.786;-0.21;0.16;0.82;0.15;-0.13;0.42
14.79;-0.21;0.16;0.82;0.16;-0.12;0.42
14.809;-0.22;0.18;0.84;0.16;-0.12;0.42
14.811;-0.22;0.18;0.84;0.15;-0.11;0.41
14.812;-0.21;0.18;0.84;0.15;-0.11;0.41
14.813;-0.21;0.18;0.84;0.14;-0.11;0.37
14.817;-0.2;0.18;0.81;0.14;-0.11;0.37
14.821;-0.2;0.18;0.81;0.11;-0.12;0.32
14.831;-0.19;0.15;0.78;0.11;-0.12;0.32
14.833;-0.19;0.15;0.78;0.08;-0.14;0.25
14.836;-0.18;0.12;0.76;0.08;-0.14;0.25
14.841;-0.18;0.12;0.76;0.04;-0.18;0.2
14.846;-0.18;0.08;0.76;0.04;-0.18;0.2
14.851;-0.18;0.08;0.76;0.0;-0.21;0.16
14.856;-0.19;0.04;0.77;0.0;-0.21;0.16
14.863;-0.19;0.04;0.77;-0.03;-0.25;0.15
14.866;-0.19;0.01;0.81;-0.03;-0.25;0.15
14.87;-0.19;0.01;0.81;-0.06;-0.27;0.16
14.877;-0.23;-0.02;0.87;-0.06;-0.27;0.16
14.881;-0.23;-0.02;0.87;-0.08;-0.27;0.2
14.887;-0.24;-0.05;0.94;-0.08;-0.27;0.2
14.891;-0.24;-0.05;0.94;-0.09;-0.24;0.25
14.915;-0.26;-0.07;1.01;-0.09;-0.24;0.25
14.918;-0.26;-0.07;1.01;-0.11;-0.19;0.31
14.919;-0.26;-0.09;1.07;-0.11;-0.19;0.31
14.921;-0.26;-0.09;1.07;-0.12;-0.14;0.36
14.923;-0.25;-0.11;1.12;-0.12;-0.14;0.36
14.924;-0.25;-0.11;1.12;-0.15;-0.08;0.39
14.927;-0.22;-0.11;1.14;-0.15;-0.08;0.39
14.938;-0.22;-0.11;1.14;-0.17;-0.04;0.36
14.943;-0.18;-0.06;1.16;-0.17;-0.04;0.36
14.944;-0.18;-0.06;1.16;-0.18;-0.02;0.3
14.947;-0.18;0.01;1.16;-0.18;-0.02;0.3
14.952;-0.18;0.01;1.16;-0.17;-0.02;0.22
14.956;-0.23;0.08;1.18;-0.17;-0.02;0.22
14.964;-0.23;0.08;1.18;-0.14;-0.03;0.14
14.967;-0.3;0.13;1.2;-0.14;-0.03;0.14
14.97;-0.3;0.13;1.2;-0.1;-0.01;0.08
14.978;-0.39;0.16;1.21;-0.1;-0.01;0.08
14.981;-0.39;0.16;1.21;-0.06;0.04;0.03
14.987;-0.47;0.16;1.24;-0.06;0.04;0.03
14.99;-0.47;0.16;1.24;-0.02;0.13;0.02
14.997;-0.51;0.13;1.27;-0.02;0.13;0.02
15.0;-0.51;0.13;1.27;0.02;0.24;0.03
15.006;-0.4;0.18;1.35;0.02;0.24;0.03
15.029;-0.4;0.18;1.35;0.08;0.35;0.07
15.031;-0.15;0.34;1.49;0.08;0.35;0.07
15.032;-0.15;0.34;1.49;0.19;0.38;0.09
15.033;0.07;0.39;1.54;0.19;0.38;0.09
15.034;0.07;0.39;1.54;0.36;0.32;0.03
15.036;0.11;0.31;1.59;0.36;0.32;0.03
15.051;0.11;0.31;1.59;0.48;0.17;-0.11
15.053;0.01;0.18;1.68;0.48;0.17;-0.11
15.058;0.01;0.18;1.68;0.56;-0.01;-0.23
15.059;-0.07;0.08;1.69;0.56;-0.01;-0.23
15.067;-0.07;0.08;1.69;0.63;-0.01;-0.27
15.069;-0.07;0.04;1.58;0.63;-0.01;-0.27
15.071;-0.07;0.04;1.58;0.63;0.17;-0.27
15.079;0.01;0.03;1.4;0.63;0.17;-0.27
15.081;0.01;0.03;1.4;0.54;0.43;-0.3
15.086;0.1;0.02;1.19;0.54;0.43;-0.3
15.092;0.1;0.02;1.19;0.41;0.68;-0.36
15.096;0.17;-0.05;0.97;0.41;0.68;-0.36
15.1;0.17;-0.05;0.97;0.29;0.86;-0.41
15.106;0.21;-0.12;0.86;0.29;0.86;-0.41
15.122;0.21;-0.12;0.86;0.22;0.94;-0.41
15.126;0.19;-0.18;0.53;0.22;0.94;-0.41
15.127;0.19;-0.18;0.53;0.21;0.92;-0.34
15.129;0.18;-0.23;0.48;0.21;0.92;-0.34
15.131;0.18;-0.23;0.48;0.21;0.63;-0.17
15.14;0.18;-0.23;0.48;0.24;0.28;0.03
15.147;0.16;-0.44;0.43;0.24;0.28;0.03
15.151;0.16;-0.44;0.43;0.29;-0.03;0.14
15.156;0.08;-0.47;0.48;0.29;-0.03;0.14
15.16;0.08;-0.47;0.48;0.3;-0.31;0.21
15.167;0.0;-0.31;0.66;0.3;-0.31;0.21
15.17;0.0;-0.31;0.66;0.25;-0.57;0.24
15.178;-0.09;-0.04;0.89;0.25;-0.57;0.24
15.18;-0.09;-0.04;0.89;0.2;-0.69;0.25
15.186;0.0;-0.03;0.87;0.2;-0.69;0.25
15.195;0.0;-0.03;0.87;0.18;-0.67;0.19
15.197;-0.06;0.11;1.03;0.18;-0.67;0.19
15.2;-0.06;0.11;1.03;0.07;-0.6;0.05
15.208;-0.08;0.21;1.09;0.07;-0.6;0.05
15.227;-0.08;0.21;1.09;0.0;-0.49;-0.05
15.23;-0.07;0.27;1.11;0.0;-0.49;-0.05
15.231;-0.07;0.27;1.11;-0.03;-0.42;-0.12
15.232;-0.08;0.32;1.11;-0.03;-0.42;-0.12
15.233;-0.08;0.32;1.11;-0.11;-0.39;-0.18
15.236;-0.07;0.29;1.12;-0.11;-0.39;-0.18
15.249;-0.07;0.29;1.12;-0.22;-0.34;-0.24
15.251;-0.08;0.23;1.11;-0.22;-0.34;-0.24
15.252;-0.08;0.23;1.11;-0.27;-0.22;-0.29
15.257;-0.07;0.17;1.02;-0.27;-0.22;-0.29
15.262;-0.07;0.17;1.02;-0.25;-0.07;-0.3
15.266;-0.05;0.13;0.92;-0.25;-0.07;-0.3
15.271;-0.05;0.13;0.92;-0.21;0.07;-0.31
15.276;-0.01;0.1;0.81;-0.21;0.07;-0.31
15.28;-0.01;0.1;0.81;-0.16;0.15;-0.32
15.287;0.0;0.06;0.7;-0.16;0.15;-0.32
15.305;0.0;0.06;0.7;-0.12;0.19;-0.36
15.308;0.02;0.02;0.61;-0.12;0.19;-0.36
15.309;0.02;0.02;0.61;-0.1;0.17;-0.42
15.31;0.01;-0.03;0.58;-0.1;0.17;-0.42
15.311;0.01;-0.03;0.58;-0.11;0.08;-0.48
15.316;-0.03;-0.07;0.59;-0.11;0.08;-0.48
15.321;-0.03;-0.07;0.59;-0.13;-0.04;-0.54
15.331;-0.08;-0.1;0.62;-0.13;-0.04;-0.54
15.332;-0.08;-0.1;0.62;-0.14;-0.16;-0.58
15.337;-0.12;-0.15;0.68;-0.14;-0.16;-0.58
15.342;-0.12;-0.15;0.68;-0.14;-0.25;-0.6
15.346;-0.17;-0.2;0.74;-0.14;-0.25;-0.6
15.35;-0.17;-0.2;0.74;-0.16;-0.32;-0.62
15.357;-0.21;-0.24;0.81;-0.16;-0.32;-0.62
15.361;-0.21;-0.24;0.81;-0.17;-0.37;-0.6
15.366;-0.22;-0.25;0.85;-0.17;-0.37;-0.6
15.371;-0.22;-0.25;0.85;-0.12;-0.41;-0.56
15.376;-0.23;-0.24;0.9;-0.12;-0.41;-0.56
15.381;-0.23;-0.24;0.9;-0.08;-0.41;-0.51
15.386;-0.23;-0.21;0.94;-0.08;-0.41;-0.51
15.407;-0.23;-0.21;0.94;-0.04;-0.39;-0.44
15.409;-0.22;-0.16;0.95;-0.04;-0.39;-0.44
15.41;-0.22;-0.16;0.95;0.0;-0.36;-0.38
15.411;-0.22;-0.11;0.96;0.0;-0.36;-0.38
15.412;-0.22;-0.11;0.96;0.03;-0.32;-0.32
15.417;-0.22;-0.06;0.98;0.03;-0.32;-0.32
15.42;-0.22;-0.06;0.98;0.04;-0.27;-0.27
15.431;-0.22;-0.03;1.0;0.04;-0.27;-0.27
15.432;-0.22;-0.03;1.0;0.04;-0.21;-0.23
15.437;-0.22;-0.01;1.03;0.04;-0.21;-0.23
15.441;-0.22;-0.01;1.03;0.04;-0.14;-0.21
15.446;-0.22;-0.02;1.07;0.04;-0.14;-0.21
15.45;-0.22;-0.02;1.07;0.02;-0.08;-0.21
15.456;-0.21;-0.03;1.13;0.02;-0.08;-0.21
15.461;-0.21;-0.03;1.13;0.01;-0.01;-0.22
15.466;-0.21;-0.04;1.2;0.01;-0.01;-0.22
15.47;-0.21;-0.04;1.2;0.03;0.04;-0.21
15.476;-0.21;-0.04;1.26;0.03;0.04;-0.21
15.481;-0.21;-0.04;1.26;0.07;0.1;-0.2
15.486;-0.22;-0.05;1.27;0.07;0.1;-0.2
15.501;-0.22;-0.05;1.27;0.12;0.14;-0.19
15.503;-0.24;-0.07;1.24;0.12;0.14;-0.19
15.503;-0.24;-0.07;1.24;0.16;0.17;-0.17
15.523;-0.29;-0.1;1.2;0.16;0.17;-0.17
15.525;-0.29;-0.1;1.2;0.18;0.17;-0.15
15.527;-0.34;-0.12;1.16;0.18;0.17;-0.15
15.528;-0.34;-0.12;1.16;0.17;0.16;-0.14
15.529;-0.41;-0.12;1.12;0.17;0.16;-0.14
15.53;-0.41;-0.12;1.12;0.15;0.16;-0.13
15.536;-0.47;-0.1;1.11;0.15;0.16;-0.13
15.543;-0.47;-0.1;1.11;0.14;0.19;-0.13
15.546;-0.53;-0.06;1.11;0.14;0.19;-0.13
15.55;-0.53;-0.06;1.11;0.13;0.25;-0.13
15.558;-0.51;-0.03;1.15;0.13;0.25;-0.13
15.56;-0.51;-0.03;1.15;0.12;0.32;-0.12
15.566;-0.4;-0.03;1.21;0.12;0.32;-0.12
15.57;-0.4;-0.03;1.21;0.08;0.37;-0.09
15.577;-0.21;-0.12;1.28;0.08;0.37;-0.09
15.58;-0.21;-0.12;1.28;-0.03;0.33;-0.05
15.586;-0.04;-0.14;1.36;-0.03;0.33;-0.05
15.6;-0.04;-0.14;1.36;-0.13;0.16;-0.04
15.602;0.0;-0.18;1.49;-0.13;0.16;-0.04
15.602;0.0;-0.18;1.49;-0.2;0.0;-0.01
15.619;0.05;-0.19;1.57;-0.2;0.0;-0.01
15.621;0.05;-0.19;1.57;-0.32;0.0;0.02
15.622;0.0;-0.15;1.59;-0.32;0.0;0.02
15.626;0.0;-0.15;1.59;-0.39;0.14;0.04
15.627;-0.04;-0.14;1.56;-0.39;0.14;0.04
15.631;-0.04;-0.14;1.56;-0.39;0.39;0.1
15.636;0.09;-0.16;1.25;-0.39;0.39;0.1
15.645;0.09;-0.16;1.25;-0.33;0.66;0.18
15.649;0.19;-0.13;1.02;-0.33;0.66;0.18
15.651;0.19;-0.13;1.02;-0.27;0.86;0.24
15.657;0.3;-0.07;0.78;-0.27;0.86;0.24
15.66;0.3;-0.07;0.78;-0.24;0.94;0.25
15.666;0.38;-0.01;0.6;-0.24;0.94;0.25
15.67;0.38;-0.01;0.6;-0.26;0.88;0.21
15.676;0.38;0.09;0.43;-0.26;0.88;0.21
15.68;0.38;0.09;0.43;-0.29;0.65;0.14
15.686;0.34;0.18;0.37;-0.29;0.65;0.14
15.702;0.34;0.18;0.37;-0.31;0.31;0.04
15.703;0.24;0.23;0.47;-0.31;0.31;0.04
15.704;0.24;0.23;0.47;-0.35;-0.08;-0.08
15.721;0.16;0.24;0.61;-0.35;-0.08;-0.08
15.723;0.16;0.24;0.61;-0.35;-0.41;-0.19
15.724;0.01;0.19;0.82;-0.35;-0.41;-0.19
15.725;0.01;0.19;0.82;-0.33;-0.62;-0.26
15.726;-0.11;0.11;1.01;-0.33;-0.62;-0.26
15.73;-0.11;0.11;1.01;-0.26;-0.67;-0.24
15.736;-0.19;0.02;1.14;-0.26;-0.67;-0.24
15.744;-0.19;0.02;1.14;-0.15;-0.59;-0.14
15.746;-0.22;-0.08;1.2;-0.15;-0.59;-0.14
15.75;-0.22;-0.08;1.2;-0.06;-0.44;0.0
15.757;-0.23;-0.14;1.25;-0.06;-0.44;0.0
15.76;-0.23;-0.14;1.25;0.03;-0.3;0.17
15.766;-0.19;-0.18;1.24;0.03;-0.3;0.17
15.77;-0.19;-0.18;1.24;0.12;-0.18;0.33
15.776;-0.14;-0.19;1.21;0.12;-0.18;0.33
15.78;-0.14;-0.19;1.21;0.17;-0.08;0.42
15.786;-0.08;-0.16;1.14;0.17;-0.08;0.42
15.802;-0.08;-0.16;1.14;0.18;0.02;0.45
15.804;-0.04;-0.13;1.06;0.18;0.02;0.45
15.805;-0.04;-0.13;1.06;0.18;0.11;0.42
15.807;-0.02;-0.1;0.95;0.18;0.11;0.42
15.824;-0.02;-0.1;0.95;0.17;0.2;0.36
15.825;-0.02;-0.1;0.83;0.17;0.2;0.36
15.827;-0.02;-0.1;0.83;0.16;0.27;0.3
15.828;-0.02;-0.08;0.73;0.16;0.27;0.3
15.831;-0.02;-0.08;0.73;0.13;0.29;0.25
15.836;-0.02;-0.05;0.65;0.13;0.29;0.25
15.844;-0.02;-0.05;0.65;0.1;0.27;0.22
15.846;-0.03;-0.01;0.61;0.1;0.27;0.22
15.85;-0.03;-0.01;0.61;0.08;0.2;0.22
15.858;-0.09;-0.01;0.58;0.08;0.2;0.22
15.86;-0.09;-0.01;0.58;0.07;0.1;0.25
15.866;-0.12;0.01;0.6;0.07;0.1;0.25
15.871;-0.12;0.01;0.6;0.07;-0.03;0.31
15.877;-0.16;0.03;0.69;0.07;-0.03;0.31
15.88;-0.16;0.03;0.69;0.08;-0.13;0.36
15.886;-0.21;0.05;0.74;0.08;-0.13;0.36
15.903;-0.21;0.05;0.74;0.09;-0.18;0.42
15.904;-0.24;0.08;0.81;0.09;-0.18;0.42
15.906;-0.24;0.08;0.81;0.11;-0.21;0.46
15.907;-0.25;0.11;0.85;0.11;-0.21;0.46
15.925;-0.25;0.11;0.85;0.13;-0.2;0.5
15.927;-0.23;0.13;0.86;0.13;-0.2;0.5
15.928;-0.23;0.13;0.86;0.16;-0.18;0.52
15.929;-0.2;0.14;0.82;0.16;-0.18;0.52
15.931;-0.2;0.14;0.82;0.17;-0.16;0.51
15.936;-0.17;0.12;0.77;0.17;-0.16;0.51
15.941;-0.17;0.12;0.77;0.17;-0.17;0.48
15.946;-0.14;0.09;0.72;0.17;-0.17;0.48
15.951;-0.14;0.09;0.72;0.13;-0.2;0.43
15.959;-0.14;0.05;0.7;0.13;-0.2;0.43
15.961;-0.14;0.05;0.7;0.08;-0.25;0.38
15.966;-0.14;0.0;0.71;0.08;-0.25;0.38
15.971;-0.14;0.0;0.71;0.02;-0.31;0.34
15.976;-0.16;-0.06;0.74;0.02;-0.31;0.34
15.98;-0.16;-0.06;0.74;-0.04;-0.36;0.33
15.986;-0.19;-0.1;0.81;-0.04;-0.36;0.33
16.005;-0.19;-0.1;0.81;-0.1;-0.4;0.35
16.008;-0.21;-0.12;0.89;-0.1;-0.4;0.35
16.01;-0.21;-0.12;0.89;-0.15;-0.4;0.4
16.011;-0.23;-0.08;1.0;-0.15;-0.4;0.4
16.012;-0.23;-0.08;1.0;-0.19;-0.37;0.5
16.017;-0.22;-0.03;1.1;-0.19;-0.37;0.5
16.021;-0.22;-0.03;1.1;-0.16;-0.28;0.53
16.033;-0.21;0.03;1.19;-0.16;-0.28;0.53
16.035;-0.21;0.03;1.19;-0.12;-0.21;0.53
16.036;-0.22;0.07;1.25;-0.12;-0.21;0.53
16.044;-0.22;0.07;1.25;-0.09;-0.13;0.51
16.047;-0.23;0.1;1.26;-0.09;-0.13;0.51
16.051;-0.23;0.1;1.26;-0.07;-0.06;0.46
16.058;-0.25;0.14;1.26;-0.07;-0.06;0.46
16.061;-0.25;0.14;1.26;-0.07;-0.01;0.38
16.066;-0.27;0.18;1.26;-0.07;-0.01;0.38
16.07;-0.27;0.18;1.26;-0.06;0.05;0.27
16.076;-0.31;0.21;1.25;-0.06;0.05;0.27
16.08;-0.31;0.21;1.25;-0.03;0.1;0.15
16.086;-0.36;0.21;1.22;-0.03;0.1;0.15
16.102;-0.36;0.21;1.22;-0.01;0.16;0.04
16.103;-0.42;0.18;1.17;-0.01;0.16;0.04
16.104;-0.42;0.18;1.17;0.0;0.2;-0.03
16.123;-0.46;0.13;1.1;0.0;0.2;-0.03
16.125;-0.46;0.13;1.1;0.0;0.23;-0.06
16.126;-0.49;0.08;1.05;0.0;0.23;-0.06
16.127;-0.49;0.08;1.05;-0.01;0.24;-0.04
16.128;-0.47;0.05;1.06;-0.01;0.24;-0.04
16.13;-0.47;0.05;1.06;-0.01;0.21;0.02
16.136;-0.32;0.08;1.19;-0.01;0.21;0.02
16.14;-0.32;0.08;1.19;0.07;0.15;0.07
16.146;-0.12;0.23;1.39;0.07;0.15;0.07
16.15;-0.12;0.23;1.39;0.2;0.05;0.05
16.158;-0.01;0.27;1.52;0.2;0.05;0.05
16.16;-0.01;0.27;1.52;0.3;-0.08;-0.06
16.166;-0.01;0.2;1.66;0.3;-0.08;-0.06
16.171;-0.01;0.2;1.66;0.36;-0.11;-0.15
16.177;-0.1;0.1;1.79;0.36;-0.11;-0.15
16.18;-0.1;0.1;1.79;0.45;0.0;-0.15
16.187;-0.06;0.08;1.8;0.45;0.0;-0.15
16.203;-0.06;0.08;1.8;0.49;0.26;-0.16
16.204;0.08;0.12;1.67;0.49;0.26;-0.16
16.207;0.08;0.12;1.67;0.46;0.57;-0.23
16.208;0.21;0.12;1.43;0.46;0.57;-0.23
16.227;0.21;0.12;1.43;0.36;0.81;-0.31
16.228;0.29;0.07;1.14;0.36;0.81;-0.31
16.229;0.29;0.07;1.14;0.25;0.92;-0.38
16.231;0.32;-0.01;0.91;0.25;0.92;-0.38
16.232;0.32;-0.01;0.91;0.18;0.92;-0.39
16.236;0.32;-0.1;0.73;0.18;0.92;-0.39
16.241;0.32;-0.1;0.73;0.16;0.78;-0.31
16.246;0.26;-0.18;0.59;0.16;0.78;-0.31
16.252;0.26;-0.18;0.59;0.2;0.5;-0.14
16.257;0.18;-0.28;0.49;0.2;0.5;-0.14
16.26;0.18;-0.28;0.49;0.2;0.16;0.03
16.266;0.12;-0.4;0.49;0.2;0.16;0.03
16.27;0.12;-0.4;0.49;0.18;-0.14;0.13
16.276;0.03;-0.49;0.63;0.18;-0.14;0.13
16.28;0.03;-0.49;0.63;0.13;-0.4;0.16
16.286;-0.18;-0.35;0.81;0.13;-0.4;0.16
16.303;-0.18;-0.35;0.81;0.06;-0.58;0.16
16.305;-0.2;-0.05;1.01;0.06;-0.58;0.16
16.309;-0.2;-0.05;1.01;0.05;-0.59;0.21
16.31;-0.15;-0.01;0.99;0.05;-0.59;0.21
16.311;-0.15;-0.01;0.99;0.05;-0.49;0.18
16.316;-0.11;0.15;1.08;0.05;-0.49;0.18
16.321;-0.11;0.15;1.08;-0.01;-0.35;0.12
16.331;-0.09;0.26;1.05;-0.01;-0.35;0.12
16.332;-0.09;0.26;1.05;-0.01;-0.21;0.05
16.337;-0.05;0.32;1.01;-0.01;-0.21;0.05
16.341;-0.05;0.32;1.01;-0.07;-0.21;-0.02
16.346;0.01;0.33;1.0;-0.07;-0.21;-0.02
16.351;0.01;0.33;1.0;-0.19;-0.23;-0.11
16.357;0.0;0.28;1.01;-0.19;-0.23;-0.11
16.36;0.0;0.28;1.01;-0.3;-0.18;-0.22
16.366;0.01;0.25;0.95;-0.3;-0.18;-0.22
16.37;0.01;0.25;0.95;-0.32;-0.09;-0.3
16.376;0.02;0.21;0.87;-0.32;-0.09;-0.3
16.38;0.02;0.21;0.87;-0.27;-0.01;-0.33
16.386;0.03;0.17;0.77;-0.27;-0.01;-0.33
16.404;0.03;0.17;0.77;-0.21;0.05;-0.37
16.409;0.02;0.12;0.68;-0.21;0.05;-0.37
16.411;0.02;0.12;0.68;-0.16;0.06;-0.43
16.411;0.0;0.07;0.61;-0.16;0.06;-0.43
16.412;0.0;0.07;0.61;-0.15;0.03;-0.49
16.416;-0.03;-0.01;0.58;-0.15;0.03;-0.49
16.421;-0.03;-0.01;0.58;-0.15;-0.03;-0.55
16.429;-0.07;-0.07;0.56;-0.15;-0.03;-0.55
16.431;-0.07;-0.07;0.56;-0.15;-0.12;-0.58
16.437;-0.11;-0.16;0.59;-0.15;-0.12;-0.58
16.443;-0.11;-0.16;0.59;-0.19;-0.21;-0.61
16.447;-0.16;-0.24;0.66;-0.19;-0.21;-0.61
16.451;-0.16;-0.24;0.66;-0.22;-0.3;-0.62
16.458;-0.19;-0.28;0.75;-0.22;-0.3;-0.62
16.46;-0.19;-0.28;0.75;-0.24;-0.37;-0.59
16.466;-0.21;-0.29;0.83;-0.24;-0.37;-0.59
16.472;-0.21;-0.29;0.83;-0.21;-0.42;-0.53
16.476;-0.22;-0.29;0.89;-0.21;-0.42;-0.53
16.48;-0.22;-0.29;0.89;-0.18;-0.44;-0.48
16.486;-0.22;-0.27;0.93;-0.18;-0.44;-0.48
16.506;-0.22;-0.27;0.93;-0.13;-0.45;-0.41
16.508;-0.22;-0.24;0.95;-0.13;-0.45;-0.41
16.51;-0.22;-0.24;0.95;-0.08;-0.43;-0.34
16.511;-0.22;-0.21;0.96;-0.08;-0.43;-0.34
16.513;-0.22;-0.21;0.96;-0.03;-0.4;-0.27
16.516;-0.21;-0.17;0.97;-0.03;-0.4;-0.27
16.521;-0.21;-0.17;0.97;0.0;-0.35;-0.2
16.529;-0.2;-0.12;0.97;0.0;-0.35;-0.2
16.531;-0.2;-0.12;0.97;0.02;-0.3;-0.14
16.536;-0.19;-0.06;0.98;0.02;-0.3;-0.14
16.543;-0.19;-0.06;0.98;0.03;-0.25;-0.1
16.547;-0.17;0.0;1.0;0.03;-0.25;-0.1
16.551;-0.17;0.0;1.0;0.04;-0.22;-0.08
16.557;-0.16;0.04;1.03;0.04;-0.22;-0.08
16.561;-0.16;0.04;1.03;0.06;-0.2;-0.09
16.566;-0.17;0.06;1.1;0.06;-0.2;-0.09
16.571;-0.17;0.06;1.1;0.07;-0.19;-0.12
16.576;-0.18;0.05;1.17;0.07;-0.19;-0.12
16.58;-0.18;0.05;1.17;0.1;-0.16;-0.16
16.587;-0.2;0.03;1.23;0.1;-0.16;-0.16
16.6;-0.2;0.03;1.23;0.13;-0.12;-0.18
16.602;-0.2;-0.01;1.28;0.13;-0.12;-0.18
16.606;-0.2;-0.01;1.28;0.16;-0.05;-0.18
16.608;-0.22;-0.06;1.27;0.16;-0.05;-0.18
16.611;-0.22;-0.06;1.27;0.2;0.01;-0.15
16.624;-0.25;-0.13;1.25;0.2;0.01;-0.15
16.627;-0.25;-0.13;1.25;0.2;0.06;-0.13
16.628;-0.31;-0.21;1.25;0.2;0.06;-0.13
16.63;-0.31;-0.21;1.25;0.18;0.08;-0.1
16.637;-0.38;-0.23;1.23;0.18;0.08;-0.1
16.641;-0.38;-0.23;1.23;0.14;0.12;-0.06
16.646;-0.44;-0.21;1.22;0.14;0.12;-0.06
16.651;-0.44;-0.21;1.22;0.1;0.17;-0.02
16.656;-0.48;-0.18;1.18;0.1;0.17;-0.02
16.661;-0.48;-0.18;1.18;0.03;0.32;0.02
16.666;-0.51;-0.13;1.15;0.03;0.32;0.02
16.675;-0.51;-0.13;1.15;-0.01;0.4;0.0
16.678;-0.49;-0.11;1.13;-0.01;0.4;0.0
16.68;-0.49;-0.11;1.13;-0.05;0.48;-0.01
16.687;-0.36;-0.08;1.14;-0.05;0.48;-0.01
16.692;-0.36;-0.08;1.14;-0.08;0.5;0.0
16.696;-0.12;-0.09;1.14;-0.08;0.5;0.0
16.7;-0.12;-0.09;1.14;-0.12;0.35;0.02
16.717;0.06;-0.08;1.15;-0.12;0.35;0.02
16.719;0.06;-0.08;1.15;-0.18;0.07;0.01
16.72;0.12;-0.09;1.3;-0.18;0.07;0.01
16.721;0.12;-0.09;1.3;-0.24;-0.18;0.0
16.74;0.12;-0.13;1.46;-0.24;-0.18;0.0
16.742;0.12;-0.13;1.46;-0.33;-0.25;0.02
16.743;0.06;-0.11;1.57;-0.33;-0.25;0.02
16.744;0.06;-0.11;1.57;-0.39;-0.11;0.05
16.746;0.0;-0.11;1.59;-0.39;-0.11;0.05
16.75;0.0;-0.11;1.59;-0.39;0.16;0.11
16.756;0.01;-0.13;1.49;-0.39;0.16;0.11
16.76;0.01;-0.13;1.49;-0.33;0.47;0.19
16.766;0.08;-0.12;1.31;-0.33;0.47;0.19
16.775;0.08;-0.12;1.31;-0.27;0.72;0.24
16.781;0.17;-0.06;1.07;-0.27;0.72;0.24
16.782;0.17;-0.06;1.07;-0.24;0.86;0.24
16.787;0.25;0.02;0.82;-0.24;0.86;0.24
16.791;0.25;0.02;0.82;-0.24;0.84;0.19
16.796;0.31;0.09;0.61;-0.24;0.84;0.19
16.8;0.31;0.09;0.61;-0.28;0.67;0.11
16.818;0.35;0.18;0.44;-0.28;0.67;0.11
16.819;0.35;0.18;0.44;-0.33;0.38;0.0
16.82;0.33;0.26;0.38;-0.33;0.38;0.0
16.822;0.33;0.26;0.38;-0.38;0.05;-0.12
16.845;0.24;0.3;0.45;-0.38;0.05;-0.12
16.847;0.24;0.3;0.45;-0.39;-0.24;-0.21
16.848;0.12;0.29;0.59;-0.39;-0.24;-0.21
16.849;0.12;0.29;0.59;-0.33;-0.46;-0.26
16.85;0.02;0.24;0.76;-0.33;-0.46;-0.26
16.851;0.02;0.24;0.76;-0.23;-0.53;-0.25
16.856;-0.08;0.13;0.93;-0.23;-0.53;-0.25
16.86;-0.08;0.13;0.93;-0.12;-0.48;-0.19
16.866;-0.16;0.02;1.05;-0.12;-0.48;-0.19
16.872;-0.16;0.02;1.05;-0.02;-0.4;-0.09
16.876;-0.16;-0.08;1.13;-0.02;-0.4;-0.09
16.881;-0.16;-0.08;1.13;0.06;-0.33;0.02
16.886;-0.21;-0.16;1.24;0.06;-0.33;0.02
16.892;-0.21;-0.16;1.24;0.14;-0.23;0.14
16.896;-0.16;-0.2;1.28;0.14;-0.23;0.14
16.9;-0.16;-0.2;1.28;0.18;-0.13;0.23
16.906;-0.14;-0.23;1.28;0.18;-0.13;0.23
16.91;-0.14;-0.23;1.28;0.18;-0.01;0.26
16.916;-0.11;-0.21;1.23;0.18;-0.01;0.26
16.932;-0.11;-0.21;1.23;0.16;0.13;0.26
16.934;-0.09;-0.17;0.99;0.16;0.13;0.26
16.935;-0.09;-0.17;0.99;0.11;0.25;0.21
16.956;-0.06;-0.08;0.84;0.11;0.25;0.21
16.957;-0.06;-0.08;0.84;0.07;0.33;0.16
16.958;-0.05;-0.04;0.73;0.07;0.33;0.16
16.959;-0.05;-0.04;0.73;0.03;0.35;0.13
16.96;-0.05;-0.02;0.64;0.03;0.35;0.13
16.961;-0.05;-0.02;0.64;0.0;0.32;0.12
16.967;-0.06;0.01;0.57;0.0;0.32;0.12
16.971;-0.06;0.01;0.57;-0.01;0.23;0.15
16.977;-0.09;0.02;0.59;-0.01;0.23;0.15
16.981;-0.09;0.02;0.59;0.01;0.1;0.2
16.988;-0.12;0.04;0.6;0.01;0.1;0.2
16.991;-0.12;0.04;0.6;0.04;-0.02;0.29
16.996;-0.14;0.04;0.69;0.04;-0.02;0.29
17.0;-0.14;0.04;0.69;0.08;-0.13;0.37
17.006;-0.18;0.06;0.73;0.08;-0.13;0.37
17.01;-0.18;0.06;0.73;0.11;-0.18;0.45
17.016;-0.19;0.09;0.8;0.11;-0.18;0.45
17.043;-0.19;0.09;0.8;0.12;-0.22;0.49
17.044;-0.19;0.11;0.83;0.12;-0.22;0.49
17.045;-0.19;0.11;0.83;0.12;-0.23;0.51
17.046;-0.18;0.12;0.84;0.12;-0.23;0.51
17.048;-0.18;0.12;0.84;0.11;-0.22;0.49
17.048;-0.16;0.11;0.83;0.11;-0.22;0.49
17.05;-0.16;0.11;0.83;0.08;-0.21;0.45
17.065;-0.15;0.1;0.8;0.08;-0.21;0.45
17.067;-0.15;0.1;0.8;0.04;-0.21;0.4
17.068;-0.14;0.08;0.78;0.04;-0.21;0.4
17.071;-0.14;0.08;0.78;0.0;-0.23;0.34
17.079;-0.15;0.05;0.78;0.0;-0.23;0.34
17.082;-0.15;0.05;0.78;-0.04;-0.26;0.28
17.093;-0.17;0.02;0.8;-0.04;-0.26;0.28
17.094;-0.17;0.02;0.8;-0.07;-0.28;0.26
17.096;-0.2;-0.02;0.84;-0.07;-0.28;0.26
17.1;-0.2;-0.02;0.84;-0.09;-0.29;0.26
17.117;-0.22;-0.06;0.9;-0.09;-0.29;0.26
17.118;-0.22;-0.06;0.9;-0.11;-0.27;0.29
17.12;-0.24;-0.08;0.98;-0.11;-0.27;0.29
17.122;-0.24;-0.08;0.98;-0.13;-0.24;0.34
17.139;-0.25;-0.09;1.05;-0.13;-0.24;0.34
17.141;-0.25;-0.09;1.05;-0.14;-0.19;0.39
17.142;-0.25;-0.07;1.11;-0.14;-0.19;0.39
17.144;-0.25;-0.07;1.11;-0.14;-0.14;0.42
17.146;-0.23;-0.04;1.18;-0.14;-0.14;0.42
17.15;-0.23;-0.04;1.18;-0.13;-0.1;0.42
17.156;-0.22;-0.01;1.2;-0.13;-0.1;0.42
17.16;-0.22;-0.01;1.2;-0.12;-0.07;0.4
17.167;-0.21;0.03;1.19;-0.12;-0.07;0.4
17.171;-0.21;0.03;1.19;-0.11;-0.03;0.36
17.176;-0.22;0.08;1.17;-0.11;-0.03;0.36
17.18;-0.22;0.08;1.17;-0.1;-0.01;0.3
17.19;-0.25;0.12;1.16;-0.1;-0.01;0.3
17.191;-0.25;0.12;1.16;-0.09;0.0;0.24
17.196;-0.31;0.15;1.16;-0.09;0.0;0.24
17.2;-0.31;0.15;1.16;-0.08;0.0;0.17
17.207;-0.37;0.17;1.18;-0.08;0.0;0.17
17.211;-0.37;0.17;1.18;-0.05;0.01;0.1
17.216;-0.43;0.16;1.19;-0.05;0.01;0.1
17.229;-0.43;0.16;1.19;0.0;0.06;0.05
17.231;-0.47;0.14;1.18;0.0;0.06;0.05
17.232;-0.47;0.14;1.18;0.04;0.12;0.02
17.253;-0.5;0.1;1.16;0.04;0.12;0.02
17.255;-0.5;0.1;1.16;0.08;0.19;0.02
17.256;-0.47;0.07;1.17;0.08;0.19;0.02
17.257;-0.47;0.07;1.17;0.12;0.27;0.05
17.258;-0.33;0.11;1.23;0.12;0.27;0.05
17.261;-0.33;0.11;1.23;0.14;0.33;0.11
17.267;-0.05;0.22;1.39;0.14;0.33;0.11
17.271;-0.05;0.22;1.39;0.21;0.29;0.15
17.277;0.12;0.22;1.46;0.21;0.29;0.15
17.28;0.12;0.22;1.46;0.31;0.18;0.12
17.287;0.12;0.14;1.62;0.31;0.18;0.12
17.29;0.12;0.14;1.62;0.38;-0.01;0.02
17.296;0.03;0.07;1.73;0.38;-0.01;0.02
17.3;0.03;0.07;1.73;0.56;-0.13;-0.05
17.32;0.01;0.03;1.69;0.56;-0.13;-0.05
17.322;0.01;0.03;1.69;0.59;0.1;-0.07
17.323;0.06;0.05;1.58;0.59;0.1;-0.07
17.323;0.06;0.05;1.58;0.55;0.39;-0.13
17.326;0.14;0.07;1.36;0.55;0.39;-0.13
17.33;0.14;0.07;1.36;0.47;0.66;-0.21
17.341;0.19;0.02;1.11;0.47;0.66;-0.21
17.343;0.19;0.02;1.11;0.38;0.83;-0.27
17.346;0.22;-0.05;0.88;0.38;0.83;-0.27
17.351;0.22;-0.05;0.88;0.31;0.87;-0.3
17.356;0.22;-0.15;0.71;0.31;0.87;-0.3
17.36;0.22;-0.15;0.71;0.29;0.84;-0.25
17.367;0.2;-0.25;0.58;0.29;0.84;-0.25
17.373;0.2;-0.25;0.58;0.26;0.58;-0.13
17.378;0.09;-0.33;0.43;0.26;0.58;-0.13
17.38;0.09;-0.33;0.43;0.2;0.19;0.06
17.387;0.07;-0.42;0.51;0.2;0.19;0.06
17.39;0.07;-0.42;0.51;0.17;-0.13;0.17
17.396;0.0;-0.51;0.59;0.17;-0.13;0.17
17.4;0.0;-0.51;0.59;0.13;-0.35;0.23
17.406;-0.08;-0.49;0.7;0.13;-0.35;0.23
17.41;-0.08;-0.49;0.7;0.09;-0.47;0.31
17.416;-0.12;-0.29;0.83;0.09;-0.47;0.31
17.435;-0.12;-0.29;0.83;0.06;-0.48;0.35
17.439;-0.12;-0.09;0.91;0.06;-0.48;0.35
17.44;-0.12;-0.09;0.91;0.04;-0.44;0.32
17.442;-0.09;0.06;0.97;0.04;-0.44;0.32
17.443;-0.09;0.06;0.97;0.0;-0.38;0.23
17.446;-0.06;0.18;0.98;0.0;-0.38;0.23
17.453;-0.06;0.18;0.98;-0.02;-0.36;0.13
17.464;-0.03;0.26;1.04;-0.02;-0.36;0.13
17.466;-0.03;0.26;1.04;-0.05;-0.32;0.03
17.467;-0.03;0.25;1.01;-0.05;-0.32;0.03
17.474;-0.03;0.25;1.01;-0.12;-0.27;-0.07
17.477;-0.06;0.3;1.01;-0.12;-0.27;-0.07
17.481;-0.06;0.3;1.01;-0.16;-0.23;-0.11
17.488;-0.05;0.28;1.02;-0.16;-0.23;-0.11
17.49;-0.05;0.28;1.02;-0.16;-0.12;-0.16
17.496;-0.06;0.23;0.99;-0.16;-0.12;-0.16
17.5;-0.06;0.23;0.99;-0.13;-0.02;-0.18
17.524;-0.05;0.19;0.89;-0.13;-0.02;-0.18
17.526;-0.05;0.19;0.89;-0.1;0.05;-0.21
17.528;-0.05;0.14;0.82;-0.1;0.05;-0.21
17.529;-0.05;0.14;0.82;-0.08;0.08;-0.24
17.53;-0.03;0.11;0.74;-0.08;0.08;-0.24
17.531;-0.03;0.11;0.74;-0.06;0.07;-0.29
17.545;-0.02;0.06;0.69;-0.06;0.07;-0.29
17.547;-0.02;0.06;0.69;-0.07;0.03;-0.36
17.547;-0.06;0.0;0.65;-0.07;0.03;-0.36
17.55;-0.06;0.0;0.65;-0.09;-0.03;-0.43
17.556;-0.08;-0.05;0.63;-0.09;-0.03;-0.43
17.56;-0.08;-0.05;0.63;-0.12;-0.11;-0.49
17.566;-0.11;-0.11;0.66;-0.12;-0.11;-0.49
17.572;-0.11;-0.11;0.66;-0.16;-0.17;-0.52
17.576;-0.19;-0.21;0.74;-0.16;-0.17;-0.52
17.58;-0.19;-0.21;0.74;-0.18;-0.22;-0.52
17.587;-0.22;-0.24;0.81;-0.18;-0.22;-0.52
17.59;-0.22;-0.24;0.81;-0.19;-0.27;-0.51
17.596;-0.23;-0.25;0.85;-0.19;-0.27;-0.51
17.6;-0.23;-0.25;0.85;-0.17;-0.3;-0.47
17.607;-0.23;-0.25;0.87;-0.17;-0.3;-0.47
17.61;-0.23;-0.25;0.87;-0.13;-0.31;-0.41
17.616;-0.22;-0.23;0.88;-0.13;-0.31;-0.41
17.636;-0.22;-0.23;0.88;-0.08;-0.3;-0.35
17.638;-0.2;-0.19;0.86;-0.08;-0.3;-0.35
17.639;-0.2;-0.19;0.86;-0.03;-0.29;-0.29
17.639;-0.18;-0.13;0.85;-0.03;-0.29;-0.29
17.641;-0.18;-0.13;0.85;0.0;-0.28;-0.24
17.646;-0.15;-0.08;0.86;0.0;-0.28;-0.24
17.65;-0.15;-0.08;0.86;0.02;-0.28;-0.21
17.663;-0.13;-0.02;0.89;0.02;-0.28;-0.21
17.664;-0.13;-0.02;0.89;0.04;-0.29;-0.2
17.666;-0.12;0.02;0.96;0.04;-0.29;-0.2
17.676;-0.12;0.02;0.96;0.05;-0.31;-0.2
17.678;-0.14;0.05;1.05;0.05;-0.31;-0.2
17.68;-0.14;0.05;1.05;0.08;-0.32;-0.21
17.687;-0.18;0.05;1.16;0.08;-0.32;-0.21
17.69;-0.18;0.05;1.16;0.11;-0.3;-0.22
17.696;-0.22;0.04;1.26;0.11;-0.3;-0.22
17.7;-0.22;0.04;1.26;0.14;-0.23;-0.25
17.713;-0.26;0.0;1.33;0.14;-0.23;-0.25
17.715;-0.26;0.0;1.33;0.15;-0.11;-0.27
17.717;-0.29;-0.04;1.36;0.15;-0.11;-0.27
17.734;-0.29;-0.04;1.36;0.16;0.02;-0.26
17.736;-0.3;-0.1;1.33;0.16;0.02;-0.26
17.737;-0.3;-0.1;1.33;0.17;0.14;-0.24
17.738;-0.32;-0.16;1.25;0.17;0.14;-0.24
17.74;-0.32;-0.16;1.25;0.15;0.22;-0.2
17.746;-0.38;-0.22;1.2;0.15;0.22;-0.2
17.75;-0.38;-0.22;1.2;0.11;0.26;-0.17
17.757;-0.43;-0.25;1.16;0.11;0.26;-0.17
17.761;-0.43;-0.25;1.16;0.05;0.27;-0.13
17.766;-0.46;-0.25;1.11;0.05;0.27;-0.13
17.771;-0.46;-0.25;1.11;0.01;0.28;-0.09
17.776;-0.48;-0.2;1.08;0.01;0.28;-0.09
17.78;-0.48;-0.2;1.08;-0.03;0.3;-0.07
17.787;-0.5;-0.14;1.05;-0.03;0.3;-0.07
17.79;-0.5;-0.14;1.05;-0.06;0.33;-0.06
17.796;-0.44;-0.09;1.04;-0.06;0.33;-0.06
17.8;-0.44;-0.09;1.04;-0.08;0.35;-0.06
17.807;-0.3;-0.07;1.07;-0.08;0.35;-0.06
17.81;-0.3;-0.07;1.07;-0.09;0.35;-0.05
17.816;-0.09;-0.12;1.09;-0.09;0.35;-0.05
17.834;-0.09;-0.12;1.09;-0.1;0.29;-0.02
17.835;0.0;-0.13;1.2;-0.1;0.29;-0.02
17.838;0.0;-0.13;1.2;-0.18;0.09;0.01
17.838;0.01;-0.11;1.42;-0.18;0.09;0.01
17.841;0.01;-0.11;1.42;-0.27;-0.17;0.03
17.847;-0.03;-0.13;1.59;-0.27;-0.17;0.03
17.851;-0.03;-0.13;1.59;-0.33;-0.32;0.05
17.857;-0.07;-0.11;1.69;-0.33;-0.32;0.05
17.861;-0.07;-0.11;1.69;-0.41;-0.26;0.07
17.867;-0.06;-0.12;1.67;-0.41;-0.26;0.07
17.873;-0.06;-0.12;1.67;-0.45;-0.02;0.12
17.877;0.03;-0.17;1.52;-0.45;-0.02;0.12
17.88;0.03;-0.17;1.52;-0.42;0.27;0.2
17.887;0.13;-0.16;1.29;-0.42;0.27;0.2
17.89;0.13;-0.16;1.29;-0.36;0.52;0.3
17.896;0.24;-0.1;1.07;-0.36;0.52;0.3
17.9;0.24;-0.1;1.07;-0.32;0.66;0.34
17.906;0.31;-0.01;0.89;-0.32;0.66;0.34
17.911;0.31;-0.01;0.89;-0.28;0.67;0.31
17.916;0.35;0.08;0.73;-0.28;0.67;0.31
17.939;0.35;0.08;0.73;-0.24;0.6;0.24
17.942;0.35;0.16;0.59;-0.24;0.6;0.24
17.943;0.35;0.16;0.59;-0.22;0.47;0.13
17.944;0.32;0.22;0.51;-0.22;0.47;0.13
17.946;0.32;0.22;0.51;-0.25;0.31;0.01
17.947;0.24;0.26;0.49;-0.25;0.31;0.01
17.951;0.24;0.26;0.49;-0.31;0.12;-0.23
17.964;0.13;0.25;0.56;-0.31;0.12;-0.23
17.968;0.13;0.25;0.56;-0.3;-0.25;-0.29
17.97;0.04;0.22;0.65;-0.3;-0.25;-0.29
17.971;0.04;0.22;0.65;-0.26;-0.35;-0.28
17.976;-0.05;0.16;0.79;-0.26;-0.35;-0.28
17.98;-0.05;0.16;0.79;-0.2;-0.35;-0.23
18.0;-0.12;0.07;0.89;-0.2;-0.35;-0.23
18.002;-0.12;0.07;0.89;-0.12;-0.32;-0.14
18.006;-0.16;-0.01;0.99;-0.12;-0.32;-0.14
18.007;-0.16;-0.01;0.99;-0.04;-0.29;-0.04
18.008;-0.17;-0.08;1.06;-0.04;-0.29;-0.04
18.01;-0.17;-0.08;1.06;0.04;-0.26;0.08
18.016;-0.17;-0.12;1.15;0.04;-0.26;0.08
18.025;-0.17;-0.12;1.15;0.12;-0.21;0.18
18.027;-0.13;-0.16;1.16;0.12;-0.21;0.18
18.031;-0.13;-0.16;1.16;0.15;-0.17;0.21
18.039;-0.12;-0.19;1.16;0.15;-0.17;0.21
18.04;-0.12;-0.19;1.16;0.15;-0.1;0.22
18.05;-0.12;-0.19;1.16;0.13;-0.01;0.21
18.056;-0.09;-0.15;1.05;0.13;-0.01;0.21
18.06;-0.09;-0.15;1.05;0.1;0.09;0.19
18.066;-0.08;-0.12;0.95;0.1;0.09;0.19
18.07;-0.08;-0.12;0.95;0.05;0.16;0.16
18.076;-0.07;-0.08;0.85;0.05;0.16;0.16
18.08;-0.07;-0.08;0.85;0.0;0.2;0.16
18.087;-0.07;-0.04;0.75;0.0;0.2;0.16
18.091;-0.07;-0.04;0.75;-0.04;0.19;0.16
18.096;-0.08;-0.02;0.68;-0.04;0.19;0.16
18.102;-0.08;-0.02;0.68;-0.05;0.13;0.18
18.106;-0.09;0.02;0.66;-0.05;0.13;0.18
18.111;-0.09;0.02;0.66;-0.04;0.07;0.23
18.116;-0.11;0.04;0.66;-0.04;0.07;0.23
18.131;-0.11;0.04;0.66;0.0;-0.01;0.29
18.132;-0.13;0.05;0.65;0.0;-0.01;0.29
18.136;-0.13;0.05;0.65;0.03;-0.11;0.33
18.137;-0.14;0.06;0.72;0.03;-0.11;0.33
18.156;-0.14;0.06;0.72;0.06;-0.17;0.37
18.159;-0.16;0.08;0.73;0.06;-0.17;0.37
18.161;-0.16;0.08;0.73;0.09;-0.24;0.4
18.162;-0.17;0.09;0.76;0.09;-0.24;0.4
18.163;-0.17;0.09;0.76;0.1;-0.29;0.41
18.166;-0.17;0.09;0.76;0.1;-0.29;0.41
18.172;-0.17;0.09;0.76;0.11;-0.33;0.4
18.177;-0.17;0.08;0.77;0.11;-0.33;0.4
18.181;-0.17;0.08;0.77;0.09;-0.37;0.39
18.187;-0.17;0.06;0.76;0.09;-0.37;0.39
18.19;-0.17;0.06;0.76;0.05;-0.41;0.37
18.197;-0.18;0.02;0.77;0.05;-0.41;0.37
18.215;-0.18;0.02;0.77;0.0;-0.44;0.37
18.217;-0.19;-0.02;0.8;0.0;-0.44;0.37
18.218;-0.19;-0.02;0.8;-0.05;-0.46;0.37
18.219;-0.24;-0.11;0.93;-0.05;-0.46;0.37
18.24;-0.24;-0.11;0.93;-0.11;-0.45;0.39
18.242;-0.25;-0.13;1.01;-0.11;-0.45;0.39
18.242;-0.25;-0.13;1.01;-0.16;-0.4;0.44
18.243;-0.26;-0.12;1.08;-0.16;-0.4;0.44
18.244;-0.26;-0.12;1.08;-0.19;-0.31;0.49
18.246;-0.26;-0.08;1.14;-0.19;-0.31;0.49
18.251;-0.26;-0.08;1.14;-0.2;-0.2;0.54
18.256;-0.25;-0.03;1.18;-0.2;-0.2;0.54
18.261;-0.25;-0.03;1.18;-0.18;-0.1;0.57
18.267;-0.24;0.01;1.19;-0.18;-0.1;0.57
18.271;-0.24;0.01;1.19;-0.14;-0.01;0.59
18.277;-0.23;0.03;1.19;-0.14;-0.01;0.59
18.281;-0.23;0.03;1.19;-0.11;0.04;0.58
18.3;-0.21;0.06;1.16;-0.11;0.04;0.58
18.303;-0.21;0.06;1.16;-0.1;0.08;0.55
18.304;-0.19;0.1;1.14;-0.1;0.08;0.55
18.306;-0.19;0.1;1.14;-0.1;0.11;0.47
18.308;-0.2;0.14;1.12;-0.1;0.11;0.47
18.31;-0.2;0.14;1.12;-0.11;0.11;0.36
18.317;-0.25;0.18;1.1;-0.11;0.11;0.36
18.331;-0.25;0.18;1.1;-0.1;0.1;0.23
18.333;-0.33;0.18;1.09;-0.1;0.1;0.23
18.335;-0.33;0.18;1.09;-0.07;0.08;0.12
18.337;-0.42;0.16;1.08;-0.07;0.08;0.12
18.344;-0.42;0.16;1.08;-0.03;0.08;0.04
18.347;-0.48;0.11;1.06;-0.03;0.08;0.04
18.351;-0.48;0.11;1.06;0.0;0.1;0.0
18.356;-0.51;0.06;1.08;0.0;0.1;0.0
18.36;-0.51;0.06;1.08;0.02;0.14;0.01
18.366;-0.41;0.05;1.17;0.02;0.14;0.01
18.372;-0.41;0.05;1.17;0.03;0.19;0.06
18.376;-0.19;0.17;1.35;0.03;0.19;0.06
18.38;-0.19;0.17;1.35;0.07;0.23;0.11
18.386;0.06;0.28;1.54;0.07;0.23;0.11
18.39;0.06;0.28;1.54;0.19;0.18;0.11
18.396;0.1;0.26;1.71;0.19;0.18;0.11
18.401;0.1;0.26;1.71;0.34;0.06;0.02
18.419;0.04;0.18;1.85;0.34;0.06;0.02
18.421;0.04;0.18;1.85;0.46;-0.06;-0.11
18.422;-0.04;0.06;1.84;0.46;-0.06;-0.11
18.423;-0.04;0.06;1.84;0.58;-0.07;-0.21
18.427;-0.03;0.01;1.73;0.58;-0.07;-0.21
18.431;-0.03;0.01;1.73;0.67;0.04;-0.22
18.447;0.05;0.0;1.53;0.67;0.04;-0.22
18.449;0.05;0.0;1.53;0.68;0.27;-0.22
18.45;0.14;-0.01;1.24;0.68;0.27;-0.22
18.455;0.14;-0.01;1.24;0.61;0.54;-0.26
18.457;0.2;-0.05;0.99;0.61;0.54;-0.26
18.461;0.2;-0.05;0.99;0.48;0.76;-0.32
18.467;0.21;-0.12;0.76;0.48;0.76;-0.32
18.471;0.21;-0.12;0.76;0.36;0.9;-0.37
18.477;0.2;-0.18;0.59;0.36;0.9;-0.37
18.481;0.2;-0.18;0.59;0.27;0.94;-0.36
18.498;0.19;-0.25;0.49;0.27;0.94;-0.36
18.5;0.19;-0.25;0.49;0.24;0.8;-0.27
18.506;0.16;-0.33;0.28;0.24;0.8;-0.27
18.507;0.16;-0.33;0.28;0.25;0.59;-0.14
18.508;0.09;-0.42;0.3;0.25;0.59;-0.14
18.524;0.09;-0.42;0.3;0.22;0.17;-0.01
18.526;-0.01;-0.46;0.46;0.22;0.17;-0.01
18.527;-0.01;-0.46;0.46;0.18;-0.29;0.1
18.528;-0.12;-0.36;0.68;0.18;-0.29;0.1
18.53;-0.12;-0.36;0.68;0.16;-0.6;0.2
18.537;-0.14;-0.19;0.9;0.16;-0.6;0.2
18.54;-0.14;-0.19;0.9;0.14;-0.73;0.33
18.546;-0.15;0.02;1.09;0.14;-0.73;0.33
18.551;-0.15;0.02;1.09;0.12;-0.68;0.38
18.556;-0.1;0.03;1.08;0.12;-0.68;0.38
18.561;-0.1;0.03;1.08;0.07;-0.55;0.33
18.567;-0.07;0.15;1.21;0.07;-0.55;0.33
18.571;-0.07;0.15;1.21;-0.04;-0.46;0.26
18.576;-0.05;0.24;1.22;-0.04;-0.46;0.26
18.58;-0.05;0.24;1.22;-0.09;-0.33;0.17
18.586;-0.03;0.28;1.19;-0.09;-0.33;0.17
18.591;-0.03;0.28;1.19;-0.24;-0.09;-0.09
18.596;-0.03;0.26;1.15;-0.24;-0.09;-0.09
18.62;-0.03;0.26;1.15;-0.25;0.05;-0.19
18.622;-0.04;0.21;1.07;-0.25;0.05;-0.19
18.623;-0.04;0.21;1.07;-0.21;0.16;-0.23
18.624;-0.02;0.18;0.96;-0.21;0.16;-0.23
18.625;-0.02;0.18;0.96;-0.16;0.23;-0.27
18.626;-0.01;0.14;0.81;-0.16;0.23;-0.27
18.631;-0.01;0.14;0.81;-0.12;0.25;-0.31
18.65;0.0;0.1;0.71;-0.12;0.25;-0.31
18.652;0.0;0.1;0.71;-0.1;0.23;-0.36
18.652;0.0;0.07;0.6;-0.1;0.23;-0.36
18.653;0.0;0.07;0.6;-0.1;0.14;-0.42
18.656;0.01;0.02;0.55;-0.1;0.14;-0.42
18.66;0.01;0.02;0.55;-0.12;0.05;-0.46
18.667;-0.05;-0.03;0.5;-0.12;0.05;-0.46
18.672;-0.05;-0.03;0.5;-0.14;-0.06;-0.48
18.676;-0.06;-0.07;0.49;-0.14;-0.06;-0.48
18.681;-0.06;-0.07;0.49;-0.18;-0.18;-0.5
18.686;-0.07;-0.11;0.53;-0.18;-0.18;-0.5
18.69;-0.07;-0.11;0.53;-0.21;-0.3;-0.5
18.696;-0.1;-0.14;0.6;-0.21;-0.3;-0.5
18.719;-0.1;-0.14;0.6;-0.23;-0.41;-0.48
18.722;-0.13;-0.16;0.71;-0.23;-0.41;-0.48
18.723;-0.13;-0.16;0.71;-0.21;-0.48;-0.46
18.724;-0.16;-0.19;0.81;-0.21;-0.48;-0.46
18.726;-0.16;-0.19;0.81;-0.18;-0.52;-0.45
18.727;-0.18;-0.19;0.91;-0.18;-0.52;-0.45
18.731;-0.18;-0.19;0.91;-0.12;-0.53;-0.42
18.748;-0.19;-0.18;0.97;-0.12;-0.53;-0.42
18.751;-0.19;-0.18;0.97;-0.04;-0.51;-0.39
18.752;-0.21;-0.15;1.01;-0.04;-0.51;-0.39
18.753;-0.21;-0.15;1.01;0.03;-0.48;-0.36
18.762;-0.21;-0.12;1.02;0.03;-0.48;-0.36
18.764;-0.21;-0.12;1.02;0.09;-0.43;-0.33
18.766;-0.23;-0.08;1.03;0.09;-0.43;-0.33
18.774;-0.23;-0.08;1.03;0.12;-0.36;-0.31
18.777;-0.24;-0.06;1.04;0.12;-0.36;-0.31
18.78;-0.24;-0.06;1.04;0.13;-0.29;-0.3
18.786;-0.26;-0.04;1.06;0.13;-0.29;-0.3
18.791;-0.26;-0.04;1.06;0.12;-0.2;-0.29
18.797;-0.26;-0.04;1.09;0.12;-0.2;-0.29
18.824;-0.26;-0.04;1.09;0.09;-0.11;-0.28
18.827;-0.26;-0.05;1.11;0.09;-0.11;-0.28
18.829;-0.26;-0.05;1.11;0.06;-0.02;-0.29
18.831;-0.26;-0.06;1.16;0.06;-0.02;-0.29
18.833;-0.26;-0.06;1.16;0.03;0.08;-0.29
18.835;-0.25;-0.07;1.18;0.03;0.08;-0.29
18.836;-0.25;-0.07;1.18;0.02;0.16;-0.29
18.837;-0.23;-0.07;1.2;0.02;0.16;-0.29
18.855;-0.23;-0.07;1.2;0.05;0.22;-0.28
18.857;-0.21;-0.07;1.18;0.05;0.22;-0.28
18.858;-0.21;-0.07;1.18;0.1;0.22;-0.25
18.859;-0.2;-0.09;1.1;0.1;0.22;-0.25
18.86;-0.2;-0.09;1.1;0.16;0.18;-0.23
18.869;-0.28;-0.13;1.07;0.16;0.18;-0.23
18.871;-0.28;-0.13;1.07;0.2;0.11;-0.21
18.876;-0.36;-0.15;1.11;0.2;0.11;-0.21
18.88;-0.36;-0.15;1.11;0.21;0.03;-0.19
18.887;-0.45;-0.14;1.12;0.21;0.03;-0.19
18.89;-0.45;-0.14;1.12;0.2;0.03;-0.16
18.896;-0.5;-0.11;1.15;0.2;0.03;-0.16
18.913;-0.5;-0.11;1.15;0.17;0.07;-0.15
18.915;-0.52;-0.08;1.18;0.17;0.07;-0.15
18.917;-0.52;-0.08;1.18;0.14;0.18;-0.15
18.918;-0.44;-0.06;1.19;0.14;0.18;-0.15
18.937;-0.44;-0.06;1.19;0.11;0.3;-0.16
18.939;-0.29;-0.1;1.2;0.11;0.3;-0.16
18.94;-0.29;-0.1;1.2;0.06;0.4;-0.15
18.941;-0.08;-0.16;1.19;0.06;0.4;-0.15
18.942;-0.08;-0.16;1.19;-0.03;0.38;-0.11
18.946;0.01;-0.13;1.31;-0.03;0.38;-0.11
18.951;0.01;-0.13;1.31;-0.15;0.18;-0.08
18.956;0.06;-0.17;1.49;-0.15;0.18;-0.08
18.96;0.06;-0.17;1.49;-0.24;-0.03;-0.06
18.968;0.05;-0.15;1.59;-0.24;-0.03;-0.06
18.971;0.05;-0.15;1.59;-0.32;-0.12;-0.03
18.976;-0.01;-0.15;1.61;-0.32;-0.12;-0.03
18.981;-0.01;-0.15;1.61;-0.4;-0.02;0.0
18.987;-0.02;-0.18;1.53;-0.4;-0.02;0.0
18.991;-0.02;-0.18;1.53;-0.43;0.21;0.04
18.996;0.05;-0.19;1.35;-0.43;0.21;0.04
19.011;0.05;-0.19;1.35;-0.39;0.49;0.13
19.013;0.14;-0.14;1.14;-0.39;0.49;0.13
19.014;0.14;-0.14;1.14;-0.32;0.7;0.21
19.045;0.23;-0.05;0.94;-0.32;0.7;0.21
19.047;0.23;-0.05;0.94;-0.26;0.81;0.23
19.048;0.3;0.05;0.77;-0.26;0.81;0.23
19.049;0.3;0.05;0.77;-0.21;0.81;0.21
19.051;0.34;0.15;0.63;-0.21;0.81;0.21
19.052;0.34;0.15;0.63;-0.18;0.74;0.16
19.053;0.35;0.25;0.51;-0.18;0.74;0.16
19.054;0.35;0.25;0.51;-0.19;0.55;0.06
19.058;0.28;0.31;0.52;-0.19;0.55;0.06
19.062;0.28;0.31;0.52;-0.24;0.29;-0.08
19.068;0.15;0.32;0.59;-0.24;0.29;-0.08
19.07;0.15;0.32;0.59;-0.25;-0.02;-0.25
19.076;0.02;0.3;0.74;-0.25;-0.02;-0.25
19.08;0.02;0.3;0.74;-0.21;-0.3;-0.38
19.086;-0.05;0.24;0.89;-0.21;-0.3;-0.38
19.09;-0.05;0.24;0.89;-0.18;-0.44;-0.42
19.096;-0.13;0.12;1.03;-0.18;-0.44;-0.42
19.112;-0.13;0.12;1.03;-0.12;-0.46;-0.41
19.114;-0.18;0.0;1.1;-0.12;-0.46;-0.41
19.114;-0.18;0.0;1.1;-0.05;-0.38;-0.35
19.136;-0.2;-0.11;1.17;-0.05;-0.38;-0.35
19.138;-0.2;-0.11;1.17;0.02;-0.27;-0.24
19.139;-0.2;-0.17;1.22;0.02;-0.27;-0.24
19.14;-0.2;-0.17;1.22;0.1;-0.16;-0.09
19.141;-0.15;-0.22;1.21;0.1;-0.16;-0.09
19.142;-0.15;-0.22;1.21;0.18;-0.05;0.05
19.146;-0.11;-0.23;1.17;0.18;-0.05;0.05
19.153;-0.11;-0.23;1.17;0.21;0.06;0.14
19.156;-0.07;-0.21;1.09;0.21;0.06;0.14
19.161;-0.07;-0.21;1.09;0.21;0.14;0.16
19.168;-0.05;-0.16;0.99;0.21;0.14;0.16
19.17;-0.05;-0.16;0.99;0.18;0.22;0.14
19.176;-0.04;-0.11;0.88;0.18;0.22;0.14
19.18;-0.04;-0.11;0.88;0.13;0.29;0.09
19.187;-0.03;-0.07;0.76;0.13;0.29;0.09
19.191;-0.03;-0.07;0.76;0.08;0.33;0.05
19.196;-0.03;-0.03;0.65;0.08;0.33;0.05
19.201;-0.03;-0.03;0.65;0.03;0.33;0.03
19.206;-0.04;0.0;0.59;0.03;0.33;0.03
19.211;-0.04;0.0;0.59;-0.02;0.28;0.04
19.23;-0.06;0.02;0.55;-0.02;0.28;0.04
19.231;-0.06;0.02;0.55;-0.04;0.19;0.06
19.232;-0.1;0.03;0.59;-0.04;0.19;0.06
19.233;-0.1;0.03;0.59;-0.04;0.06;0.11
19.255;-0.14;0.05;0.62;-0.04;0.06;0.11
19.256;-0.14;0.05;0.62;-0.03;-0.04;0.26
19.257;-0.16;0.07;0.73;-0.03;-0.04;0.26
19.258;-0.16;0.07;0.73;0.04;-0.17;0.31
19.259;-0.2;0.1;0.77;0.04;-0.17;0.31
19.26;-0.2;0.1;0.77;0.06;-0.19;0.34
19.27;-0.22;0.12;0.83;0.06;-0.19;0.34
19.271;-0.22;0.12;0.83;0.08;-0.18;0.36
19.276;-0.23;0.12;0.84;0.08;-0.18;0.36
19.28;-0.23;0.12;0.84;0.08;-0.17;0.35
19.286;-0.23;0.11;0.83;0.08;-0.17;0.35
19.29;-0.23;0.11;0.83;0.07;-0.17;0.32
19.296;-0.22;0.1;0.81;0.07;-0.17;0.32
19.311;-0.22;0.1;0.81;0.04;-0.18;0.28
19.312;-0.21;0.08;0.79;0.04;-0.18;0.28
19.313;-0.21;0.08;0.79;0.01;-0.19;0.24
19.336;-0.21;0.06;0.79;0.01;-0.19;0.24
19.338;-0.21;0.06;0.79;-0.03;-0.21;0.2
19.339;-0.22;0.02;0.8;-0.03;-0.21;0.2
19.339;-0.22;0.02;0.8;-0.06;-0.22;0.19
19.34;-0.24;-0.02;0.83;-0.06;-0.22;0.19
19.342;-0.24;-0.02;0.83;-0.1;-0.22;0.19
19.346;-0.25;-0.04;0.87;-0.1;-0.22;0.19
19.351;-0.25;-0.04;0.87;-0.12;-0.19;0.22
19.356;-0.26;-0.05;0.92;-0.12;-0.19;0.22
19.36;-0.26;-0.05;0.92;-0.13;-0.15;0.25
19.367;-0.26;-0.04;0.98;-0.13;-0.15;0.25
19.37;-0.26;-0.04;0.98;-0.13;-0.11;0.29
19.376;-0.25;-0.03;1.03;-0.13;-0.11;0.29
19.382;-0.25;-0.03;1.03;-0.11;-0.08;0.33
19.386;-0.23;-0.02;1.07;-0.11;-0.08;0.33
19.39;-0.23;-0.02;1.07;-0.09;-0.07;0.34
19.396;-0.22;-0.02;1.09;-0.09;-0.07;0.34
19.41;-0.22;-0.02;1.09;-0.07;-0.07;0.33
19.412;-0.2;0.0;1.11;-0.07;-0.07;0.33
19.413;-0.2;0.0;1.11;-0.07;-0.06;0.29
19.441;-0.21;0.04;1.1;-0.07;-0.06;0.29
19.443;-0.21;0.04;1.1;-0.06;-0.05;0.22
19.444;-0.25;0.09;1.13;-0.06;-0.05;0.22
19.445;-0.25;0.09;1.13;-0.04;-0.05;0.14
19.446;-0.29;0.14;1.16;-0.04;-0.05;0.14
19.448;-0.29;0.14;1.16;0.0;-0.04;0.05
19.449;-0.36;0.16;1.17;0.0;-0.04;0.05
19.451;-0.36;0.16;1.17;0.03;-0.02;-0.02
19.456;-0.43;0.17;1.2;0.03;-0.02;-0.02
19.46;-0.43;0.17;1.2;0.07;0.04;-0.07
19.466;-0.48;0.15;1.2;0.07;0.04;-0.07
19.471;-0.48;0.15;1.2;0.08;0.12;-0.09
19.477;-0.52;0.1;1.17;0.08;0.12;-0.09
19.481;-0.52;0.1;1.17;0.09;0.18;-0.07
19.486;-0.51;0.07;1.19;0.09;0.18;-0.07
19.49;-0.51;0.07;1.19;0.11;0.22;-0.01
19.496;-0.37;0.1;1.28;0.11;0.22;-0.01
19.515;-0.37;0.1;1.28;0.18;0.19;0.06
19.517;-0.13;0.24;1.44;0.18;0.19;0.06
19.518;-0.13;0.24;1.44;0.32;0.08;0.06
19.519;-0.02;0.17;1.7;0.32;0.08;0.06
19.521;-0.02;0.17;1.7;0.41;-0.07;-0.02
19.527;-0.1;0.07;1.83;0.41;-0.07;-0.02
19.531;-0.1;0.07;1.83;0.48;-0.13;-0.1
19.55;-0.1;0.04;1.8;0.48;-0.13;-0.1
19.552;-0.1;0.04;1.8;0.58;-0.01;-0.1
19.554;-0.02;0.06;1.64;0.58;-0.01;-0.1
19.555;-0.02;0.06;1.64;0.6;0.24;-0.12
19.557;0.07;0.08;1.39;0.6;0.24;-0.12
19.562;0.07;0.08;1.39;0.52;0.52;-0.2
19.569;0.12;0.05;1.13;0.52;0.52;-0.2
19.571;0.12;0.05;1.13;0.41;0.73;-0.3
19.577;0.14;-0.04;0.87;0.41;0.73;-0.3
19.581;0.14;-0.04;0.87;0.29;0.84;-0.36
19.587;0.14;-0.12;0.68;0.29;0.84;-0.36
19.59;0.14;-0.12;0.68;0.2;0.83;-0.36
19.596;0.13;-0.21;0.51;0.2;0.83;-0.36
19.603;0.13;-0.21;0.51;0.17;0.71;-0.26
19.606;0.11;-0.31;0.4;0.17;0.71;-0.26
19.61;0.11;-0.31;0.4;0.18;0.45;-0.08
19.631;0.1;-0.39;0.36;0.18;0.45;-0.08
19.632;0.1;-0.39;0.36;0.19;0.14;0.14
19.633;0.07;-0.45;0.44;0.19;0.14;0.14
19.634;0.07;-0.45;0.44;0.21;-0.14;0.31
19.654;0.02;-0.44;0.55;0.21;-0.14;0.31
19.656;0.02;-0.44;0.55;0.25;-0.4;0.42
19.658;-0.06;-0.27;0.75;0.25;-0.4;0.42
19.659;-0.06;-0.27;0.75;0.25;-0.61;0.48
19.66;-0.1;-0.11;0.94;0.25;-0.61;0.48
19.662;-0.1;-0.11;0.94;0.24;-0.69;0.51
19.668;-0.13;0.11;1.08;0.24;-0.69;0.51
19.671;-0.13;0.11;1.08;0.23;-0.65;0.46
19.677;-0.13;0.12;1.15;0.23;-0.65;0.46
19.681;-0.13;0.12;1.15;0.19;-0.59;0.34
19.687;-0.13;0.23;1.22;0.19;-0.59;0.34
19.691;-0.13;0.23;1.22;0.05;-0.4;0.16
19.696;-0.1;0.34;1.21;0.05;-0.4;0.16
19.713;-0.1;0.34;1.21;-0.04;-0.3;0.04
19.715;-0.07;0.34;1.15;-0.04;-0.3;0.04
19.719;-0.07;0.34;1.15;-0.15;-0.21;-0.07
19.72;-0.06;0.28;1.1;-0.15;-0.21;-0.07
19.722;-0.06;0.28;1.1;-0.25;-0.1;-0.21
19.738;-0.07;0.23;1.03;-0.25;-0.1;-0.21
19.739;-0.07;0.23;1.03;-0.26;0.0;-0.29
19.741;-0.04;0.19;0.91;-0.26;0.0;-0.29
19.742;-0.04;0.19;0.91;-0.2;0.09;-0.31
19.747;-0.02;0.14;0.79;-0.2;0.09;-0.31
19.751;-0.02;0.14;0.79;-0.13;0.14;-0.34
19.757;-0.02;0.08;0.69;-0.13;0.14;-0.34
19.761;-0.02;0.08;0.69;-0.07;0.16;-0.37
19.767;-0.02;0.03;0.6;-0.07;0.16;-0.37
19.771;-0.02;0.03;0.6;-0.05;0.13;-0.41
19.776;-0.03;-0.04;0.54;-0.05;0.13;-0.41
19.781;-0.03;-0.04;0.54;-0.04;0.07;-0.45
19.786;-0.06;-0.08;0.56;-0.04;0.07;-0.45
19.791;-0.06;-0.08;0.56;-0.05;-0.01;-0.48
19.796;-0.08;-0.15;0.6;-0.05;-0.01;-0.48
19.813;-0.08;-0.15;0.6;-0.08;-0.12;-0.49
19.815;-0.12;-0.2;0.64;-0.08;-0.12;-0.49
19.817;-0.12;-0.2;0.64;-0.11;-0.22;-0.48
19.818;-0.14;-0.22;0.7;-0.11;-0.22;-0.48
19.837;-0.14;-0.22;0.7;-0.14;-0.32;-0.45
19.838;-0.17;-0.22;0.81;-0.14;-0.32;-0.45
19.839;-0.17;-0.22;0.81;-0.15;-0.39;-0.42
19.84;-0.19;-0.2;0.88;-0.15;-0.39;-0.42
19.841;-0.19;-0.2;0.88;-0.15;-0.43;-0.39
19.846;-0.21;-0.16;0.93;-0.15;-0.43;-0.39
19.851;-0.21;-0.16;0.93;-0.13;-0.45;-0.35
19.857;-0.22;-0.12;0.97;-0.13;-0.45;-0.35
19.86;-0.22;-0.12;0.97;-0.09;-0.44;-0.32
19.87;-0.23;-0.07;0.99;-0.09;-0.44;-0.32
19.871;-0.23;-0.07;0.99;-0.06;-0.41;-0.3
19.876;-0.23;-0.03;0.98;-0.06;-0.41;-0.3
19.881;-0.23;-0.03;0.98;0.0;-0.35;-0.26
19.886;-0.23;0.01;0.98;0.0;-0.35;-0.26
19.89;-0.23;0.01;0.98;0.0;-0.28;-0.26
19.896;-0.23;0.03;0.96;0.0;-0.28;-0.26
19.913;-0.23;0.03;0.96;0.0;-0.14;-0.27
19.916;-0.22;0.05;0.95;0.0;-0.14;-0.27
19.917;-0.22;0.05;0.95;0.01;-0.09;-0.28
19.919;-0.21;0.06;0.97;0.01;-0.09;-0.28
19.921;-0.21;0.06;0.97;0.01;-0.06;-0.29
19.926;-0.21;0.06;0.99;0.01;-0.06;-0.29
19.931;-0.21;0.06;0.99;0.03;-0.05;-0.31
19.938;-0.2;0.06;1.03;0.03;-0.05;-0.31
19.94;-0.2;0.06;1.03;0.04;-0.03;-0.34
19.946;-0.21;0.04;1.07;0.04;-0.03;-0.34
19.953;-0.21;0.04;1.07;0.07;0.0;-0.34
19.957;-0.2;0.02;1.1;0.07;0.0;-0.34
19.96;-0.2;0.02;1.1;0.1;0.0;-0.33
19.969;-0.2;-0.02;1.11;0.1;0.0;-0.33
19.97;-0.2;-0.02;1.11;0.13;-0.02;-0.3
19.976;-0.2;-0.08;1.12;0.13;-0.02;-0.3
19.981;-0.2;-0.08;1.12;0.15;-0.04;-0.27
19.987;-0.29;-0.15;1.14;0.15;-0.04;-0.27
19.991;-0.29;-0.15;1.14;0.15;-0.06;-0.23
19.997;-0.35;-0.19;1.16;0.15;-0.06;-0.23
20.017;-0.35;-0.19;1.16;0.14;-0.05;-0.18
20.019;-0.42;-0.2;1.2;0.14;-0.05;-0.18
20.021;-0.42;-0.2;1.2;0.12;0.0;-0.14
20.022;-0.48;-0.17;1.2;0.12;0.0;-0.14
20.023;-0.48;-0.17;1.2;0.08;0.07;-0.12
20.027;-0.53;-0.14;1.22;0.08;0.07;-0.12
20.031;-0.53;-0.14;1.22;0.03;0.19;-0.11
20.04;-0.54;-0.11;1.23;0.03;0.19;-0.11
20.042;-0.54;-0.11;1.23;-0.02;0.32;-0.1
20.048;-0.48;-0.1;1.22;-0.02;0.32;-0.1
20.051;-0.48;-0.1;1.22;-0.06;0.4;-0.06
20.057;-0.32;-0.14;1.23;-0.06;0.4;-0.06
20.063;-0.32;-0.14;1.23;-0.14;0.37;0.02
20.067;-0.11;-0.2;1.21;-0.14;0.37;0.02
20.07;-0.11;-0.2;1.21;-0.26;0.15;0.11
20.077;-0.03;-0.16;1.33;-0.26;0.15;0.11
20.083;-0.03;-0.16;1.33;-0.33;-0.1;0.16
20.087;0.03;-0.15;1.5;-0.33;-0.1;0.16
20.091;0.03;-0.15;1.5;-0.38;-0.19;0.19
20.099;0.0;-0.1;1.58;-0.38;-0.19;0.19
20.102;0.0;-0.1;1.58;-0.43;-0.11;0.2
20.107;-0.02;-0.07;1.59;-0.43;-0.11;0.2
20.111;-0.02;-0.07;1.59;-0.43;0.09;0.21
20.129;-0.03;-0.09;1.52;-0.43;0.09;0.21
20.135;-0.03;-0.09;1.52;-0.38;0.33;0.25
20.136;0.03;-0.12;1.36;-0.38;0.33;0.25
20.137;0.03;-0.12;1.36;-0.32;0.55;0.29
20.138;0.11;-0.11;1.16;-0.32;0.55;0.29
20.141;0.11;-0.11;1.16;-0.28;0.7;0.3
20.146;0.19;-0.05;0.94;-0.28;0.7;0.3
20.152;0.19;-0.05;0.94;-0.25;0.74;0.27
20.156;0.32;0.11;0.57;-0.25;0.74;0.27
20.16;0.32;0.11;0.57;-0.24;0.67;0.2
20.166;0.34;0.19;0.45;-0.24;0.67;0.2
20.17;0.34;0.19;0.45;-0.26;0.48;0.1
20.176;0.3;0.24;0.42;-0.26;0.48;0.1
20.186;0.3;0.24;0.42;-0.32;0.23;-0.02
20.187;0.2;0.26;0.5;-0.32;0.23;-0.02
20.191;0.2;0.26;0.5;-0.34;-0.06;-0.14
20.196;0.08;0.22;0.65;-0.34;-0.06;-0.14
20.202;0.08;0.22;0.65;-0.33;-0.32;-0.23
20.206;0.01;0.16;0.82;-0.33;-0.32;-0.23
20.21;0.01;0.16;0.82;-0.29;-0.46;-0.26
20.231;-0.07;0.07;0.96;-0.29;-0.46;-0.26
20.237;-0.07;0.07;0.96;-0.24;-0.49;-0.22
20.238;-0.12;-0.02;1.08;-0.24;-0.49;-0.22
20.24;-0.12;-0.02;1.08;-0.17;-0.44;-0.14
20.241;-0.15;-0.1;1.16;-0.17;-0.44;-0.14
20.242;-0.15;-0.1;1.16;-0.11;-0.34;-0.03
20.247;-0.16;-0.16;1.22;-0.11;-0.34;-0.03
20.253;-0.16;-0.16;1.22;-0.03;-0.25;0.1
20.257;-0.14;-0.21;1.23;-0.03;-0.25;0.1
20.261;-0.14;-0.21;1.23;0.05;-0.17;0.23
20.266;-0.11;-0.23;1.21;0.05;-0.17;0.23
20.271;-0.11;-0.23;1.21;0.09;-0.08;0.31
20.276;-0.08;-0.22;1.15;0.09;-0.08;0.31
20.282;-0.08;-0.22;1.15;0.1;-0.01;0.36
20.286;-0.06;-0.2;1.06;0.1;-0.01;0.36
20.291;-0.06;-0.2;1.06;0.1;0.06;0.37
20.296;-0.05;-0.15;0.95;0.1;0.06;0.37
20.301;-0.05;-0.15;0.95;0.07;0.12;0.36
20.315;-0.04;-0.11;0.85;0.07;0.12;0.36
20.317;-0.04;-0.11;0.85;0.04;0.17;0.33
20.318;-0.03;-0.06;0.76;0.04;0.17;0.33
20.321;-0.03;-0.06;0.76;0.0;0.17;0.31
20.326;-0.03;-0.03;0.69;0.0;0.17;0.31
20.341;-0.03;-0.03;0.69;0.0;0.15;0.3
20.343;-0.04;0.01;0.66;0.0;0.15;0.3
20.343;-0.04;0.01;0.66;-0.06;0.08;0.3
20.348;-0.04;0.06;0.65;-0.06;0.08;0.3
20.352;-0.04;0.06;0.65;-0.07;-0.01;0.33
20.357;-0.12;0.05;0.7;-0.07;-0.01;0.33
20.36;-0.12;0.05;0.7;-0.05;-0.1;0.35
20.366;-0.12;0.09;0.73;-0.05;-0.1;0.35
20.37;-0.12;0.09;0.73;-0.02;-0.21;0.41
20.376;-0.15;0.11;0.82;-0.02;-0.21;0.41
20.382;-0.15;0.11;0.82;0.01;-0.28;0.43
20.386;-0.17;0.14;0.87;0.01;-0.28;0.43
20.39;-0.17;0.14;0.87;0.03;-0.32;0.44
20.396;-0.19;0.16;0.92;0.03;-0.32;0.44
20.401;-0.19;0.16;0.92;0.06;-0.34;0.44
20.406;-0.2;0.16;0.93;0.06;-0.34;0.44
20.41;-0.2;0.16;0.93;0.08;-0.32;0.42
20.428;-0.19;0.15;0.93;0.08;-0.32;0.42
20.431;-0.19;0.15;0.93;0.1;-0.29;0.38
20.432;-0.18;0.12;0.91;0.1;-0.29;0.38
20.433;-0.18;0.12;0.91;0.09;-0.25;0.33
20.436;-0.18;0.08;0.88;0.09;-0.25;0.33
20.441;-0.18;0.08;0.88;0.07;-0.21;0.27
20.446;-0.18;0.03;0.85;0.07;-0.21;0.27
20.455;-0.18;0.03;0.85;0.04;-0.19;0.22
20.457;-0.19;0.0;0.84;0.04;-0.19;0.22
20.461;-0.19;0.0;0.84;0.0;-0.17;0.18
20.467;-0.19;-0.02;0.82;0.0;-0.17;0.18
20.47;-0.19;-0.02;0.82;-0.03;-0.16;0.17
20.476;-0.2;-0.06;0.81;-0.03;-0.16;0.17
20.483;-0.2;-0.06;0.81;-0.05;-0.16;0.19
20.487;-0.2;-0.09;0.82;-0.05;-0.16;0.19
20.491;-0.2;-0.09;0.82;-0.07;-0.17;0.23
20.498;-0.21;-0.1;0.86;-0.07;-0.17;0.23
20.501;-0.21;-0.1;0.86;-0.1;-0.18;0.28
20.507;-0.21;-0.1;0.89;-0.1;-0.18;0.28
20.511;-0.21;-0.1;0.89;-0.12;-0.2;0.35
20.525;-0.21;-0.09;0.97;-0.12;-0.2;0.35
20.527;-0.21;-0.09;0.97;-0.12;-0.22;0.42
20.528;-0.21;-0.07;1.01;-0.12;-0.22;0.42
20.556;-0.21;-0.07;1.01;-0.11;-0.22;0.51
20.558;-0.2;-0.06;1.08;-0.11;-0.22;0.51
20.559;-0.2;-0.06;1.08;-0.11;-0.19;0.51
20.559;-0.2;-0.04;1.12;-0.11;-0.19;0.51
20.561;-0.2;-0.04;1.12;-0.14;-0.14;0.47
20.563;-0.19;-0.01;1.15;-0.14;-0.14;0.47
20.57;-0.19;-0.01;1.15;-0.17;-0.08;0.4
20.571;-0.21;0.04;1.17;-0.17;-0.08;0.4
20.572;-0.21;0.04;1.17;-0.18;-0.04;0.32
20.577;-0.24;0.08;1.19;-0.18;-0.04;0.32
20.587;-0.24;0.08;1.19;-0.17;0.0;0.24
20.589;-0.3;0.11;1.2;-0.17;0.0;0.24
20.591;-0.3;0.11;1.2;-0.14;0.04;0.18
20.597;-0.38;0.13;1.2;-0.14;0.04;0.18
20.602;-0.38;0.13;1.2;-0.09;0.1;0.14
20.606;-0.45;0.14;1.19;-0.09;0.1;0.14
20.61;-0.45;0.14;1.19;-0.05;0.17;0.12
20.625;-0.5;0.11;1.17;-0.05;0.17;0.12
20.627;-0.5;0.11;1.17;0.0;0.25;0.13
20.63;-0.5;0.09;1.15;0.0;0.25;0.13
20.631;-0.5;0.09;1.15;0.04;0.31;0.17
20.652;-0.44;0.09;1.22;0.04;0.31;0.17
20.654;-0.44;0.09;1.22;0.11;0.35;0.23
20.654;-0.19;0.2;1.33;0.11;0.35;0.23
20.655;-0.19;0.2;1.33;0.23;0.3;0.21
20.657;0.04;0.3;1.43;0.23;0.3;0.21
20.661;0.04;0.3;1.43;0.35;0.13;0.1
20.667;0.07;0.24;1.56;0.35;0.13;0.1
20.671;0.07;0.24;1.56;0.48;-0.08;-0.04
20.676;-0.03;0.13;1.69;0.48;-0.08;-0.04
20.68;-0.03;0.13;1.69;0.62;-0.17;-0.12
20.686;-0.12;0.03;1.73;0.62;-0.17;-0.12
20.691;-0.12;0.03;1.73;0.73;-0.09;-0.13
20.698;-0.11;0.0;1.69;0.73;-0.09;-0.13
20.701;-0.11;0.0;1.69;0.74;0.16;-0.16
20.707;-0.04;0.03;1.54;0.74;0.16;-0.16
20.711;-0.04;0.03;1.54;0.64;0.47;-0.23
20.717;0.07;0.06;1.31;0.64;0.47;-0.23
20.72;0.07;0.06;1.31;0.5;0.73;-0.33
20.726;0.15;0.05;1.07;0.5;0.73;-0.33
20.742;0.15;0.05;1.07;0.36;0.88;-0.41
20.744;0.18;-0.03;0.85;0.36;0.88;-0.41
20.745;0.18;-0.03;0.85;0.27;0.9;-0.4
20.747;0.2;-0.11;0.67;0.27;0.9;-0.4
20.771;0.2;-0.11;0.67;0.22;0.78;-0.31
20.772;0.22;-0.18;0.53;0.22;0.78;-0.31
20.773;0.22;-0.18;0.53;0.19;0.55;-0.16
20.774;0.19;-0.27;0.43;0.19;0.55;-0.16
20.775;0.19;-0.27;0.43;0.17;0.26;0.01
20.776;0.13;-0.37;0.37;0.17;0.26;0.01
20.783;0.13;-0.37;0.37;0.15;-0.11;0.18
20.787;0.04;-0.44;0.67;0.15;-0.11;0.18
20.791;0.04;-0.44;0.67;0.14;-0.39;0.3
20.796;-0.07;-0.42;0.67;0.14;-0.39;0.3
20.801;-0.07;-0.42;0.67;0.14;-0.54;0.39
20.807;-0.12;-0.11;1.06;0.14;-0.54;0.39
20.811;-0.12;-0.11;1.06;0.13;-0.52;0.42
20.827;-0.1;0.08;1.16;0.13;-0.52;0.42
20.828;-0.1;0.08;1.16;0.12;-0.39;0.34
20.83;-0.05;0.09;1.1;0.12;-0.39;0.34
20.831;-0.05;0.09;1.1;0.09;-0.28;0.19
20.853;-0.05;0.18;1.16;0.09;-0.28;0.19
20.855;-0.05;0.18;1.16;-0.01;-0.16;0.03
20.856;-0.05;0.23;1.11;-0.01;-0.16;0.03
20.858;-0.05;0.23;1.11;-0.05;-0.06;-0.09
20.859;-0.05;0.24;1.05;-0.05;-0.06;-0.09
20.861;-0.05;0.24;1.05;-0.09;-0.01;-0.18
20.866;-0.04;0.22;0.99;-0.09;-0.01;-0.18
20.87;-0.04;0.22;0.99;-0.13;0.02;-0.26
20.876;-0.05;0.17;0.93;-0.13;0.02;-0.26
20.884;-0.05;0.17;0.93;-0.15;0.05;-0.31
20.886;-0.06;0.12;0.86;-0.15;0.05;-0.31
20.89;-0.06;0.12;0.86;-0.12;0.08;-0.32
20.896;-0.06;0.08;0.76;-0.12;0.08;-0.32
20.902;-0.06;0.08;0.76;-0.08;0.08;-0.3
20.906;-0.06;0.05;0.69;-0.08;0.08;-0.3
20.91;-0.06;0.05;0.69;-0.04;0.07;-0.29
20.925;-0.05;0.01;0.64;-0.04;0.07;-0.29
20.927;-0.05;0.01;0.64;-0.02;0.04;-0.29
20.928;-0.08;-0.02;0.61;-0.02;0.04;-0.29
20.954;-0.08;-0.02;0.61;-0.01;-0.01;-0.31
20.956;-0.09;-0.08;0.6;-0.01;-0.01;-0.31
20.958;-0.09;-0.08;0.6;-0.01;-0.08;-0.32
20.958;-0.1;-0.12;0.64;-0.01;-0.08;-0.32
20.96;-0.1;-0.12;0.64;-0.03;-0.14;-0.33
20.961;-0.13;-0.16;0.68;-0.03;-0.14;-0.33
20.964;-0.13;-0.16;0.68;-0.07;-0.2;-0.33
20.967;-0.16;-0.21;0.73;-0.07;-0.2;-0.33
20.97;-0.16;-0.21;0.73;-0.12;-0.26;-0.33
20.976;-0.18;-0.24;0.8;-0.12;-0.26;-0.33
20.984;-0.18;-0.24;0.8;-0.17;-0.32;-0.33
20.986;-0.18;-0.26;0.86;-0.17;-0.32;-0.33
20.99;-0.18;-0.26;0.86;-0.21;-0.35;-0.31
21.001;-0.18;-0.25;0.9;-0.21;-0.35;-0.31
21.003;-0.18;-0.25;0.9;-0.21;-0.37;-0.28
21.006;-0.18;-0.21;0.92;-0.21;-0.37;-0.28
21.011;-0.18;-0.21;0.92;-0.18;-0.36;-0.24
21.025;-0.18;-0.16;0.93;-0.18;-0.36;-0.24
21.027;-0.18;-0.16;0.93;-0.13;-0.34;-0.19
21.028;-0.17;-0.1;0.92;-0.13;-0.34;-0.19
21.032;-0.17;-0.1;0.92;-0.08;-0.32;-0.15
21.051;-0.17;-0.05;0.91;-0.08;-0.32;-0.15
21.053;-0.17;-0.05;0.91;-0.03;-0.32;-0.11
21.054;-0.17;0.01;0.91;-0.03;-0.32;-0.11
21.055;-0.17;0.01;0.91;0.01;-0.31;-0.09
21.057;-0.17;0.05;0.94;0.01;-0.31;-0.09
21.062;-0.17;0.05;0.94;0.03;-0.31;-0.09
21.066;-0.19;0.09;0.97;0.03;-0.31;-0.09
21.07;-0.19;0.09;0.97;0.04;-0.3;-0.11
21.076;-0.21;0.09;1.02;0.04;-0.3;-0.11
21.084;-0.21;0.09;1.02;0.05;-0.28;-0.14
21.086;-0.23;0.07;1.07;0.05;-0.28;-0.14
21.091;-0.23;0.07;1.07;0.06;-0.25;-0.17
21.098;-0.25;0.02;1.13;0.06;-0.25;-0.17
21.101;-0.25;0.02;1.13;0.06;-0.19;-0.22
21.106;-0.26;-0.02;1.19;0.06;-0.19;-0.22
21.111;-0.26;-0.02;1.19;0.06;-0.11;-0.25
21.133;-0.26;-0.05;1.22;0.06;-0.11;-0.25
21.134;-0.26;-0.05;1.22;0.07;-0.02;-0.26
21.135;-0.26;-0.08;1.23;0.07;-0.02;-0.26
21.136;-0.26;-0.08;1.23;0.09;0.06;-0.26
21.138;-0.28;-0.09;1.22;0.09;0.06;-0.26
21.141;-0.28;-0.09;1.22;0.13;0.12;-0.25
21.157;-0.31;-0.12;1.19;0.13;0.12;-0.25
21.159;-0.31;-0.12;1.19;0.18;0.15;-0.23
21.16;-0.33;-0.15;1.15;0.18;0.15;-0.23
21.161;-0.33;-0.15;1.15;0.22;0.15;-0.19
21.168;-0.37;-0.16;1.12;0.22;0.15;-0.19
21.171;-0.37;-0.16;1.12;0.23;0.14;-0.15
21.176;-0.4;-0.14;1.1;0.23;0.14;-0.15
21.181;-0.4;-0.14;1.1;0.18;0.12;-0.1
21.186;-0.44;-0.11;1.1;0.18;0.12;-0.1
21.19;-0.44;-0.11;1.1;0.15;0.16;-0.11
21.198;-0.46;-0.07;1.1;0.15;0.16;-0.11
21.2;-0.46;-0.07;1.1;0.12;0.2;-0.14
21.206;-0.43;-0.05;1.11;0.12;0.2;-0.14
21.21;-0.43;-0.05;1.11;0.08;0.23;-0.18
21.224;-0.34;-0.04;1.18;0.08;0.23;-0.18
21.226;-0.34;-0.04;1.18;0.02;0.23;-0.19
21.227;-0.22;-0.11;1.21;0.02;0.23;-0.19
21.251;-0.22;-0.11;1.21;-0.07;0.12;-0.17
21.252;-0.09;-0.14;1.31;-0.07;0.12;-0.17
21.253;-0.09;-0.14;1.31;-0.16;-0.06;-0.12
21.254;-0.01;-0.16;1.47;-0.16;-0.06;-0.12
21.255;-0.01;-0.16;1.47;-0.25;-0.15;-0.08
21.257;-0.01;-0.2;1.59;-0.25;-0.15;-0.08
21.26;-0.01;-0.2;1.59;-0.37;-0.08;-0.04
21.267;-0.05;-0.21;1.65;-0.37;-0.08;-0.04
21.271;-0.05;-0.21;1.65;-0.44;0.11;0.02
21.276;-0.08;-0.22;1.62;-0.44;0.11;0.02
21.283;-0.08;-0.22;1.62;-0.43;0.37;0.11
21.286;-0.06;-0.23;1.48;-0.43;0.37;0.11
21.29;-0.06;-0.23;1.48;-0.38;0.62;0.21
21.298;0.02;-0.22;1.27;-0.38;0.62;0.21
21.3;0.02;-0.22;1.27;-0.33;0.78;0.29
21.306;0.11;-0.16;1.04;-0.33;0.78;0.29
21.311;0.11;-0.16;1.04;-0.31;0.83;0.31
21.334;0.22;-0.08;0.84;-0.31;0.83;0.31
21.336;0.22;-0.08;0.84;-0.3;0.77;0.27
21.337;0.29;0.01;0.66;-0.3;0.77;0.27
21.338;0.29;0.01;0.66;-0.32;0.63;0.19
21.339;0.33;0.1;0.52;-0.32;0.63;0.19
21.34;0.33;0.1;0.52;-0.37;0.43;0.09
21.365;0.33;0.19;0.43;-0.37;0.43;0.09
21.366;0.33;0.19;0.43;-0.42;0.17;-0.04
21.367;0.3;0.27;0.44;-0.42;0.17;-0.04
21.368;0.3;0.27;0.44;-0.44;-0.11;-0.16
21.369;0.19;0.3;0.55;-0.44;-0.11;-0.16
21.371;0.19;0.3;0.55;-0.42;-0.32;-0.24
21.376;0.07;0.27;0.72;-0.42;-0.32;-0.24
21.381;0.07;0.27;0.72;-0.34;-0.43;-0.25
21.387;-0.02;0.23;0.92;-0.34;-0.43;-0.25
21.391;-0.02;0.23;0.92;-0.21;-0.43;-0.21
21.397;-0.11;0.15;1.07;-0.21;-0.43;-0.21
21.4;-0.11;0.15;1.07;-0.07;-0.34;-0.12
21.406;-0.18;0.06;1.19;-0.07;-0.34;-0.12
21.411;-0.18;0.06;1.19;0.05;-0.22;0.0
21.417;-0.21;-0.03;1.26;0.05;-0.22;0.0
21.421;-0.21;-0.03;1.26;0.15;-0.1;0.12
21.427;-0.2;-0.1;1.26;0.15;-0.1;0.12
21.447;-0.2;-0.1;1.26;0.21;0.02;0.23
21.448;-0.19;-0.16;1.28;0.21;0.02;0.23
21.45;-0.19;-0.16;1.28;0.23;0.14;0.3
21.451;-0.16;-0.19;1.11;0.23;0.14;0.3
21.452;-0.16;-0.19;1.11;0.19;0.26;0.31
21.457;-0.09;-0.14;0.99;0.19;0.26;0.31
21.46;-0.09;-0.14;0.99;0.14;0.36;0.28
21.482;-0.07;-0.11;0.86;0.14;0.36;0.28
21.484;-0.07;-0.11;0.86;0.06;0.43;0.22
21.485;-0.05;-0.09;0.74;0.06;0.43;0.22
21.487;-0.05;-0.09;0.74;-0.02;0.45;0.14
21.487;-0.05;-0.06;0.67;-0.02;0.45;0.14
21.491;-0.05;-0.06;0.67;-0.09;0.41;0.09
21.497;-0.06;-0.03;0.62;-0.09;0.41;0.09
21.501;-0.06;-0.03;0.62;-0.13;0.34;0.07
21.506;-0.08;-0.01;0.59;-0.13;0.34;0.07
21.511;-0.08;-0.01;0.59;-0.12;0.24;0.1
21.516;-0.11;-0.01;0.61;-0.12;0.24;0.1
21.52;-0.11;-0.01;0.61;-0.09;0.11;0.16
21.526;-0.14;0.0;0.64;-0.09;0.11;0.16
21.55;-0.14;0.0;0.64;-0.05;-0.01;0.24
21.553;-0.17;0.01;0.7;-0.05;-0.01;0.24
21.554;-0.17;0.01;0.7;-0.01;-0.1;0.32
21.555;-0.2;0.04;0.76;-0.01;-0.1;0.32
21.558;-0.2;0.04;0.76;0.03;-0.16;0.39
21.56;-0.21;0.06;0.8;0.03;-0.16;0.39
21.567;-0.21;0.06;0.8;0.05;-0.2;0.45
21.568;-0.22;0.08;0.82;0.05;-0.2;0.45
21.575;-0.22;0.08;0.82;0.05;-0.22;0.47
21.579;-0.22;0.1;0.83;0.05;-0.22;0.47
21.587;-0.22;0.1;0.83;0.04;-0.24;0.47
21.588;-0.21;0.11;0.83;0.04;-0.24;0.47
21.591;-0.21;0.11;0.83;0.02;-0.26;0.45
21.599;-0.21;0.1;0.81;0.02;-0.26;0.45
21.601;-0.21;0.1;0.81;-0.01;-0.26;0.43
21.606;-0.2;0.07;0.81;-0.01;-0.26;0.43
21.611;-0.2;0.07;0.81;-0.04;-0.27;0.4
21.625;-0.2;0.04;0.81;-0.04;-0.27;0.4
21.627;-0.2;0.04;0.81;-0.08;-0.28;0.37
21.628;-0.22;-0.01;0.83;-0.08;-0.28;0.37
21.654;-0.22;-0.01;0.83;-0.1;-0.28;0.36
21.656;-0.23;-0.05;0.85;-0.1;-0.28;0.36
21.658;-0.23;-0.05;0.85;-0.13;-0.28;0.35
21.659;-0.25;-0.09;0.89;-0.13;-0.28;0.35
21.663;-0.25;-0.09;0.89;-0.16;-0.26;0.36
21.663;-0.28;-0.1;0.93;-0.16;-0.26;0.36
21.664;-0.28;-0.1;0.93;-0.2;-0.23;0.38
21.667;-0.26;-0.07;1.0;-0.2;-0.23;0.38
21.671;-0.26;-0.07;1.0;-0.22;-0.2;0.4
21.676;-0.22;-0.02;1.05;-0.22;-0.2;0.4
21.682;-0.22;-0.02;1.05;-0.21;-0.16;0.41
21.686;-0.19;0.02;1.09;-0.21;-0.16;0.41
21.691;-0.19;0.02;1.09;-0.18;-0.14;0.4
21.697;-0.18;0.05;1.11;-0.18;-0.14;0.4
21.701;-0.18;0.05;1.11;-0.14;-0.14;0.38
21.707;-0.19;0.06;1.1;-0.14;-0.14;0.38
21.711;-0.19;0.06;1.1;-0.11;-0.14;0.37
21.725;-0.21;0.06;1.1;-0.11;-0.14;0.37
21.726;-0.21;0.06;1.1;-0.11;-0.15;0.35
21.727;-0.26;0.07;1.11;-0.11;-0.15;0.35
21.754;-0.26;0.07;1.11;-0.12;-0.14;0.32
21.756;-0.33;0.06;1.15;-0.12;-0.14;0.32
21.758;-0.33;0.06;1.15;-0.14;-0.12;0.27
21.759;-0.4;0.05;1.18;-0.14;-0.12;0.27
21.76;-0.4;0.05;1.18;-0.15;-0.06;0.22
21.762;-0.46;0.03;1.18;-0.15;-0.06;0.22
21.763;-0.46;0.03;1.18;-0.15;0.03;0.17
21.766;-0.51;0.0;1.15;-0.15;0.03;0.17
21.77;-0.51;0.0;1.15;-0.15;0.13;0.13
21.776;-0.54;-0.01;1.11;-0.15;0.13;0.13
21.782;-0.54;-0.01;1.11;-0.15;0.22;0.13
21.787;-0.52;-0.02;1.13;-0.15;0.22;0.13
21.791;-0.52;-0.02;1.13;-0.14;0.29;0.17
21.799;-0.38;0.05;1.24;-0.14;0.29;0.17
21.801;-0.38;0.05;1.24;-0.08;0.32;0.23
21.806;-0.15;0.21;1.37;-0.08;0.32;0.23
21.812;-0.15;0.21;1.37;0.05;0.28;0.28
21.816;-0.01;0.23;1.44;0.05;0.28;0.28
21.821;-0.01;0.23;1.44;0.34;0.11;0.15
21.826;-0.03;0.18;1.62;0.34;0.11;0.15
21.842;-0.03;0.18;1.62;0.45;-0.22;0.06
21.845;-0.11;0.1;1.73;0.45;-0.22;0.06
21.847;-0.11;0.1;1.73;0.54;-0.12;0.02
21.848;-0.12;0.06;1.69;0.54;-0.12;0.02
21.868;-0.12;0.06;1.69;0.56;0.12;0.0
21.87;-0.03;0.07;1.56;0.56;0.12;0.0
21.871;-0.03;0.07;1.56;0.5;0.42;-0.06
21.872;0.08;0.11;1.32;0.5;0.42;-0.06
21.873;0.08;0.11;1.32;0.41;0.65;-0.16
21.876;0.17;0.1;1.05;0.41;0.65;-0.16
21.88;0.17;0.1;1.05;0.32;0.75;-0.23
21.887;0.22;0.03;0.82;0.32;0.75;-0.23
21.891;0.22;0.03;0.82;0.26;0.72;-0.26
21.899;0.22;-0.04;0.66;0.26;0.72;-0.26
21.901;0.22;-0.04;0.66;0.25;0.6;-0.2
21.907;0.24;-0.12;0.62;0.25;0.6;-0.2
21.913;0.24;-0.12;0.62;0.31;0.41;-0.08
21.916;0.16;-0.21;0.41;0.31;0.41;-0.08
21.92;0.16;-0.21;0.41;0.31;0.03;0.06
21.926;0.12;-0.32;0.46;0.31;0.03;0.06
21.945;0.12;-0.32;0.46;0.29;-0.31;0.16
21.946;0.07;-0.38;0.56;0.29;-0.31;0.16
21.949;0.07;-0.38;0.56;0.26;-0.56;0.17
21.95;-0.07;-0.37;0.75;0.26;-0.56;0.17
21.951;-0.07;-0.37;0.75;0.23;-0.68;0.21
21.956;-0.16;-0.21;0.99;0.23;-0.68;0.21
21.967;-0.16;-0.21;0.99;0.2;-0.64;0.23
21.969;-0.17;0.02;1.15;0.2;-0.64;0.23
21.971;-0.17;0.02;1.15;0.16;-0.48;0.16
21.976;-0.16;0.09;1.22;0.16;-0.48;0.16
21.981;-0.16;0.09;1.22;0.07;-0.28;0.02
21.987;-0.14;0.2;1.26;0.07;-0.28;0.02
21.991;-0.14;0.2;1.26;-0.01;-0.14;-0.11
21.998;-0.07;0.3;1.27;-0.01;-0.14;-0.11
22.0;-0.07;0.3;1.27;-0.07;-0.03;-0.25
22.006;-0.05;0.35;1.18;-0.07;-0.03;-0.25
22.012;-0.05;0.35;1.18;-0.17;0.07;-0.39
22.016;-0.03;0.34;1.08;-0.17;0.07;-0.39
22.02;-0.03;0.34;1.08;-0.25;0.15;-0.52
22.026;-0.02;0.26;0.99;-0.25;0.15;-0.52
22.043;-0.02;0.26;0.99;-0.24;0.21;-0.58
22.045;-0.01;0.2;0.9;-0.24;0.21;-0.58
22.046;-0.01;0.2;0.9;-0.19;0.24;-0.58
22.047;0.02;0.15;0.79;-0.19;0.24;-0.58
22.05;0.02;0.15;0.79;-0.12;0.23;-0.58
22.056;0.03;0.11;0.66;-0.12;0.23;-0.58
22.074;0.03;0.11;0.66;-0.07;0.16;-0.59
22.077;0.05;0.07;0.58;-0.07;0.16;-0.59
22.078;0.05;0.07;0.58;-0.04;0.05;-0.61
22.079;0.02;0.03;0.54;-0.04;0.05;-0.61
22.081;0.02;0.03;0.54;-0.03;-0.11;-0.64
22.086;0.0;-0.03;0.54;-0.03;-0.11;-0.64
22.09;0.0;-0.03;0.54;-0.02;-0.27;-0.66
22.106;-0.11;-0.15;0.69;-0.02;-0.27;-0.66
22.108;-0.11;-0.15;0.69;-0.02;-0.4;-0.68
22.109;-0.17;-0.21;0.8;-0.02;-0.4;-0.68
22.134;-0.17;-0.21;0.8;-0.04;-0.49;-0.7
22.136;-0.23;-0.26;0.9;-0.04;-0.49;-0.7
22.137;-0.23;-0.26;0.9;-0.06;-0.51;-0.7
22.138;-0.27;-0.28;0.98;-0.06;-0.51;-0.7
22.139;-0.27;-0.28;0.98;-0.07;-0.48;-0.68
22.14;-0.28;-0.28;1.03;-0.07;-0.48;-0.68
22.141;-0.28;-0.28;1.03;-0.08;-0.41;-0.65
22.146;-0.28;-0.27;1.03;-0.08;-0.41;-0.65
22.151;-0.28;-0.27;1.03;-0.06;-0.31;-0.6
22.156;-0.25;-0.24;0.99;-0.06;-0.31;-0.6
22.162;-0.25;-0.24;0.99;-0.04;-0.24;-0.54
22.166;-0.23;-0.21;0.94;-0.04;-0.24;-0.54
22.17;-0.23;-0.21;0.94;-0.01;-0.18;-0.47
22.176;-0.2;-0.17;0.87;-0.01;-0.18;-0.47
22.182;-0.2;-0.17;0.87;0.02;-0.13;-0.41
22.186;-0.18;-0.13;0.81;0.02;-0.13;-0.41
22.191;-0.18;-0.13;0.81;0.05;-0.1;-0.34
22.196;-0.18;-0.09;0.77;0.05;-0.1;-0.34
22.2;-0.18;-0.09;0.77;0.06;-0.09;-0.3
22.206;-0.17;-0.06;0.75;0.06;-0.09;-0.3
22.223;-0.17;-0.06;0.75;0.06;-0.1;-0.27
22.224;-0.17;-0.03;0.77;0.06;-0.1;-0.27
22.226;-0.17;-0.03;0.77;0.06;-0.12;-0.25
22.227;-0.18;-0.01;0.82;0.06;-0.12;-0.25
22.249;-0.18;-0.01;0.82;0.07;-0.15;-0.24
22.25;-0.2;0.0;0.9;0.07;-0.15;-0.24
22.251;-0.2;0.0;0.9;0.09;-0.18;-0.24
22.252;-0.21;-0.01;0.99;0.09;-0.18;-0.24
22.253;-0.21;-0.01;0.99;0.11;-0.2;-0.24
22.256;-0.21;-0.03;1.07;0.11;-0.2;-0.24
22.264;-0.21;-0.03;1.07;0.13;-0.19;-0.24
22.266;-0.2;-0.05;1.13;0.13;-0.19;-0.24
22.27;-0.2;-0.05;1.13;0.16;-0.17;-0.21
22.276;-0.21;-0.08;1.18;0.16;-0.17;-0.21
22.281;-0.21;-0.08;1.18;0.19;-0.15;-0.16
22.286;-0.26;-0.12;1.21;0.19;-0.15;-0.16
22.29;-0.26;-0.12;1.21;0.2;-0.14;-0.12
22.297;-0.32;-0.18;1.25;0.2;-0.14;-0.12
22.301;-0.32;-0.18;1.25;0.19;-0.13;-0.08
22.306;-0.39;-0.22;1.28;0.19;-0.13;-0.08
22.325;-0.39;-0.22;1.28;0.16;-0.09;-0.04
22.327;-0.46;-0.22;1.3;0.16;-0.09;-0.04
22.328;-0.46;-0.22;1.3;0.1;-0.02;0.0
22.329;-0.5;-0.19;1.3;0.1;-0.02;0.0
22.331;-0.5;-0.19;1.3;0.03;0.08;0.03
22.336;-0.53;-0.16;1.26;0.03;0.08;0.03
22.341;-0.53;-0.16;1.26;-0.03;0.22;0.06
22.361;-0.51;-0.12;1.18;-0.03;0.22;0.06
22.363;-0.51;-0.12;1.18;-0.09;0.36;0.07
22.364;-0.47;-0.08;1.11;-0.09;0.36;0.07
22.365;-0.47;-0.08;1.11;-0.13;0.45;0.06
22.367;-0.38;-0.06;1.1;-0.13;0.45;0.06
22.371;-0.38;-0.06;1.1;-0.15;0.47;0.04
22.377;-0.24;-0.09;1.11;-0.15;0.47;0.04
22.383;-0.24;-0.09;1.11;-0.17;0.44;0.04
22.386;-0.09;-0.12;1.13;-0.17;0.44;0.04
22.391;-0.09;-0.12;1.13;-0.21;0.31;0.06
22.397;-0.03;-0.09;1.26;-0.21;0.31;0.06
22.401;-0.03;-0.09;1.26;-0.27;0.06;0.07
22.406;-0.04;-0.09;1.44;-0.27;0.06;0.07
22.412;-0.04;-0.09;1.44;-0.3;-0.17;0.08
22.416;-0.07;-0.11;1.56;-0.3;-0.17;0.08
22.421;-0.07;-0.11;1.56;-0.35;-0.25;0.1
22.427;-0.1;-0.14;1.63;-0.35;-0.25;0.1
22.445;-0.1;-0.14;1.63;-0.41;-0.13;0.12
22.448;-0.08;-0.18;1.59;-0.41;-0.13;0.12
22.45;-0.08;-0.18;1.59;-0.43;0.11;0.17
22.451;0.01;-0.18;1.41;-0.43;0.11;0.17
22.452;0.01;-0.18;1.41;-0.39;0.41;0.26
22.457;0.1;-0.13;1.19;-0.39;0.41;0.26
22.478;0.1;-0.13;1.19;-0.34;0.64;0.31
22.48;0.2;-0.04;0.99;-0.34;0.64;0.31
22.482;0.2;-0.04;0.99;-0.26;0.77;0.27
22.483;0.28;0.06;0.8;-0.26;0.77;0.27
22.484;0.28;0.06;0.8;-0.23;0.73;0.19
22.486;0.34;0.15;0.64;-0.23;0.73;0.19
22.49;0.34;0.15;0.64;-0.23;0.57;0.07
22.498;0.36;0.24;0.52;-0.23;0.57;0.07
22.5;0.36;0.24;0.52;-0.27;0.35;-0.08
22.506;0.34;0.31;0.49;-0.27;0.35;-0.08
22.515;0.34;0.31;0.49;-0.28;0.05;-0.22
22.518;0.23;0.33;0.51;-0.28;0.05;-0.22
22.52;0.23;0.33;0.51;-0.24;-0.26;-0.35
22.552;0.11;0.33;0.64;-0.24;-0.26;-0.35
22.554;0.11;0.33;0.64;-0.22;-0.44;-0.4
22.555;0.01;0.27;0.81;-0.22;-0.44;-0.4
22.556;0.01;0.27;0.81;-0.15;-0.49;-0.4
22.556;-0.09;0.15;0.97;-0.15;-0.49;-0.4
22.557;-0.09;0.15;0.97;-0.06;-0.45;-0.33
22.559;-0.17;0.04;1.09;-0.06;-0.45;-0.33
22.564;-0.17;0.04;1.09;0.02;-0.34;-0.22
22.587;-0.2;-0.07;1.17;0.02;-0.34;-0.22
22.588;-0.2;-0.07;1.17;0.1;-0.22;-0.09
22.589;-0.2;-0.14;1.21;0.1;-0.22;-0.09
22.59;-0.2;-0.14;1.21;0.17;-0.12;0.03
22.591;-0.2;-0.2;1.23;0.17;-0.12;0.03
22.592;-0.2;-0.2;1.23;0.21;-0.02;0.11
22.598;-0.15;-0.22;1.21;0.21;-0.02;0.11
22.6;-0.15;-0.22;1.21;0.21;0.06;0.13
22.606;-0.12;-0.22;1.15;0.21;0.06;0.13
22.611;-0.12;-0.22;1.15;0.18;0.14;0.12
22.626;-0.1;-0.19;1.07;0.18;0.14;0.12
22.631;-0.1;-0.19;1.07;0.14;0.22;0.08
22.631;-0.08;-0.15;0.96;0.14;0.22;0.08
22.632;-0.08;-0.15;0.96;0.09;0.28;0.04
22.636;-0.07;-0.11;0.84;0.09;0.28;0.04
22.641;-0.07;-0.11;0.84;0.03;0.31;0.02
22.652;-0.07;-0.09;0.74;0.03;0.31;0.02
22.654;-0.07;-0.09;0.74;-0.02;0.28;0.02
22.656;-0.08;-0.06;0.66;-0.02;0.28;0.02
22.662;-0.08;-0.06;0.66;-0.05;0.22;0.06
22.666;-0.08;-0.02;0.63;-0.05;0.22;0.06
22.67;-0.08;-0.02;0.63;-0.05;0.14;0.12
22.678;-0.13;0.01;0.58;-0.05;0.14;0.12
22.681;-0.13;0.01;0.58;-0.03;0.0;0.2
22.686;-0.13;0.04;0.62;-0.03;0.0;0.2
22.69;-0.13;0.04;0.62;0.01;-0.1;0.26
22.697;-0.17;0.05;0.67;0.01;-0.1;0.26
22.7;-0.17;0.05;0.67;0.05;-0.19;0.31
22.706;-0.19;0.08;0.74;0.05;-0.19;0.31
22.728;-0.19;0.08;0.74;0.09;-0.26;0.35
22.73;-0.2;0.1;0.78;0.09;-0.26;0.35
22.732;-0.2;0.1;0.78;0.11;-0.31;0.36
22.733;-0.2;0.12;0.82;0.11;-0.31;0.36
22.735;-0.2;0.12;0.82;0.12;-0.34;0.35
22.736;-0.2;0.12;0.84;0.12;-0.34;0.35
22.74;-0.2;0.12;0.84;0.12;-0.35;0.31
22.759;-0.19;0.09;0.84;0.12;-0.35;0.31
22.761;-0.19;0.09;0.84;0.09;-0.35;0.26
22.762;-0.19;0.07;0.84;0.09;-0.35;0.26
22.763;-0.19;0.07;0.84;0.06;-0.34;0.21
22.766;-0.2;0.05;0.84;0.06;-0.34;0.21
22.771;-0.2;0.05;0.84;0.02;-0.33;0.16
22.78;-0.22;0.02;0.84;0.02;-0.33;0.16
22.782;-0.22;0.02;0.84;-0.01;-0.32;0.12
22.786;-0.24;-0.01;0.86;-0.01;-0.32;0.12
22.79;-0.24;-0.01;0.86;-0.04;-0.3;0.11
22.796;-0.26;-0.03;0.87;-0.04;-0.3;0.11
22.8;-0.26;-0.03;0.87;-0.06;-0.27;0.12
22.806;-0.28;-0.06;0.89;-0.06;-0.27;0.12
22.814;-0.28;-0.06;0.89;-0.07;-0.24;0.16
22.816;-0.28;-0.07;0.93;-0.07;-0.24;0.16
22.82;-0.28;-0.07;0.93;-0.09;-0.22;0.22
22.838;-0.27;-0.07;0.97;-0.09;-0.22;0.22
22.839;-0.27;-0.07;0.97;-0.1;-0.19;0.29
22.839;-0.25;-0.06;1.01;-0.1;-0.19;0.29
22.84;-0.25;-0.06;1.01;-0.1;-0.17;0.35
22.868;-0.23;-0.05;1.05;-0.1;-0.17;0.35
22.87;-0.23;-0.05;1.05;-0.11;-0.16;0.39
22.87;-0.21;-0.04;1.12;-0.11;-0.16;0.39
22.871;-0.21;-0.04;1.12;-0.11;-0.15;0.4
22.872;-0.2;-0.01;1.15;-0.11;-0.15;0.4
22.872;-0.2;-0.01;1.15;-0.12;-0.14;0.39
22.88;-0.19;0.02;1.19;-0.12;-0.14;0.39
22.882;-0.19;0.02;1.19;-0.13;-0.12;0.33
22.886;-0.23;0.07;1.22;-0.13;-0.12;0.33
22.89;-0.23;0.07;1.22;-0.13;-0.09;0.26
22.896;-0.29;0.11;1.25;-0.13;-0.09;0.26
22.9;-0.29;0.11;1.25;-0.12;-0.04;0.18
22.906;-0.37;0.15;1.25;-0.12;-0.04;0.18
22.926;-0.37;0.15;1.25;-0.09;0.02;0.11
22.928;-0.46;0.15;1.24;-0.09;0.02;0.11
22.93;-0.46;0.15;1.24;-0.05;0.1;0.06
22.931;-0.52;0.12;1.2;-0.05;0.1;0.06
22.932;-0.52;0.12;1.2;-0.01;0.19;0.03
22.938;-0.55;0.07;1.14;-0.01;0.19;0.03
22.94;-0.55;0.07;1.14;0.02;0.29;0.03
22.955;-0.54;0.03;1.1;0.02;0.29;0.03
22.957;-0.54;0.03;1.1;0.04;0.37;0.07
22.958;-0.42;0.02;1.13;0.04;0.37;0.07
22.968;-0.42;0.02;1.13;0.06;0.42;0.14
22.97;-0.19;0.13;1.23;0.06;0.42;0.14
22.971;-0.19;0.13;1.23;0.1;0.4;0.21
22.979;-0.01;0.18;1.29;0.1;0.4;0.21
22.981;-0.01;0.18;1.29;0.2;0.27;0.21
22.986;-0.05;0.18;1.5;0.2;0.27;0.21
22.99;-0.05;0.18;1.5;0.3;0.02;0.15
22.996;-0.09;0.09;1.65;0.3;0.02;0.15
23.0;-0.09;0.09;1.65;0.42;-0.12;0.05
23.006;-0.1;0.02;1.68;0.42;-0.12;0.05
23.023;-0.1;0.02;1.68;0.56;-0.14;0.03
23.024;-0.03;0.05;1.63;0.56;-0.14;0.03
23.028;-0.03;0.05;1.63;0.66;-0.01;0.04
23.029;0.1;0.1;1.48;0.66;-0.01;0.04
23.03;0.1;0.1;1.48;0.67;0.22;0.0
23.036;0.2;0.1;1.26;0.67;0.22;0.0
23.04;0.2;0.1;1.26;0.6;0.46;-0.08
23.051;0.24;0.03;1.02;0.6;0.46;-0.08
23.053;0.24;0.03;1.02;0.51;0.61;-0.17
23.056;0.25;-0.07;0.84;0.51;0.61;-0.17
23.062;0.25;-0.07;0.84;0.41;0.66;-0.22
23.066;0.23;-0.16;0.73;0.41;0.66;-0.22
23.07;0.23;-0.16;0.73;0.34;0.62;-0.2
23.076;0.2;-0.23;0.62;0.34;0.62;-0.2
23.08;0.2;-0.23;0.62;0.32;0.51;-0.12
23.086;0.12;-0.32;0.54;0.32;0.51;-0.12
23.09;0.12;-0.32;0.54;0.31;0.3;0.01
23.096;0.03;-0.38;0.54;0.31;0.3;0.01
23.1;0.03;-0.38;0.54;0.27;0.02;0.14
23.107;-0.04;-0.43;0.64;0.27;0.02;0.14
23.123;-0.04;-0.43;0.64;0.19;-0.21;0.23
23.125;-0.13;-0.37;0.76;0.19;-0.21;0.23
23.127;-0.13;-0.37;0.76;0.1;-0.37;0.28
23.127;-0.17;-0.19;0.9;0.1;-0.37;0.28
23.152;-0.17;-0.19;0.9;0.07;-0.39;0.29
23.154;-0.16;-0.02;0.99;0.07;-0.39;0.29
23.155;-0.16;-0.02;0.99;0.05;-0.3;0.24
23.156;-0.12;0.13;1.05;0.05;-0.3;0.24
23.157;-0.12;0.13;1.05;0.03;-0.22;0.13
23.158;-0.08;0.15;1.02;0.03;-0.22;0.13
23.167;-0.08;0.15;1.02;-0.04;-0.14;0.0
23.168;-0.07;0.23;1.05;-0.04;-0.14;0.0
23.17;-0.07;0.23;1.05;-0.07;-0.12;-0.09
23.178;-0.05;0.27;1.02;-0.07;-0.12;-0.09
23.18;-0.05;0.27;1.02;-0.11;-0.1;-0.17
23.186;-0.04;0.28;0.98;-0.11;-0.1;-0.17
23.19;-0.04;0.28;0.98;-0.15;-0.07;-0.25
23.196;-0.04;0.25;0.95;-0.15;-0.07;-0.25
23.2;-0.04;0.25;0.95;-0.14;-0.01;-0.31
23.206;-0.05;0.19;0.91;-0.14;-0.01;-0.31
23.228;-0.05;0.19;0.91;-0.1;0.04;-0.33
23.229;-0.06;0.16;0.84;-0.1;0.04;-0.33
23.23;-0.06;0.16;0.84;-0.05;0.07;-0.35
23.231;-0.06;0.12;0.76;-0.05;0.07;-0.35
23.232;-0.06;0.12;0.76;-0.02;0.07;-0.38
23.236;-0.06;0.08;0.69;-0.02;0.07;-0.38
23.24;-0.06;0.08;0.69;-0.01;0.04;-0.43
23.261;-0.05;0.02;0.65;-0.01;0.04;-0.43
23.262;-0.05;0.02;0.65;-0.01;-0.02;-0.49
23.263;-0.11;-0.03;0.63;-0.01;-0.02;-0.49
23.263;-0.11;-0.03;0.63;-0.03;-0.09;-0.52
23.266;-0.12;-0.08;0.63;-0.03;-0.09;-0.52
23.27;-0.12;-0.08;0.63;-0.07;-0.16;-0.55
23.279;-0.14;-0.13;0.66;-0.07;-0.16;-0.55
23.281;-0.14;-0.13;0.66;-0.11;-0.22;-0.57
23.286;-0.17;-0.17;0.69;-0.11;-0.22;-0.57
23.291;-0.17;-0.17;0.69;-0.15;-0.28;-0.57
23.296;-0.2;-0.2;0.74;-0.15;-0.28;-0.57
23.3;-0.2;-0.2;0.74;-0.18;-0.33;-0.55
23.307;-0.21;-0.23;0.79;-0.18;-0.33;-0.55
23.324;-0.21;-0.23;0.79;-0.18;-0.37;-0.51
23.328;-0.23;-0.23;0.86;-0.18;-0.37;-0.51
23.329;-0.23;-0.23;0.86;-0.15;-0.39;-0.46
23.33;-0.23;-0.23;0.9;-0.15;-0.39;-0.46
23.33;-0.23;-0.23;0.9;-0.1;-0.4;-0.4
23.337;-0.22;-0.2;0.94;-0.1;-0.4;-0.4
23.34;-0.22;-0.2;0.94;-0.04;-0.39;-0.34
23.348;-0.22;-0.16;0.95;-0.04;-0.39;-0.34
23.351;-0.22;-0.16;0.95;0.01;-0.36;-0.28
23.357;-0.22;-0.12;0.96;0.01;-0.36;-0.28
23.361;-0.22;-0.12;0.96;0.04;-0.32;-0.24
23.366;-0.22;-0.06;0.96;0.04;-0.32;-0.24
23.37;-0.22;-0.06;0.96;0.07;-0.27;-0.22
23.376;-0.21;-0.03;0.96;0.07;-0.27;-0.22
23.38;-0.21;-0.03;0.96;0.08;-0.23;-0.22
23.386;-0.21;-0.01;1.01;0.08;-0.23;-0.22
23.392;-0.21;-0.01;1.01;0.08;-0.19;-0.22
23.396;-0.22;0.0;1.06;0.08;-0.19;-0.22
23.4;-0.22;0.0;1.06;0.09;-0.15;-0.23
23.407;-0.23;-0.01;1.11;0.09;-0.15;-0.23
23.429;-0.23;-0.01;1.11;0.08;-0.1;-0.24
23.43;-0.25;-0.01;1.16;0.08;-0.1;-0.24
23.431;-0.25;-0.01;1.16;0.09;-0.05;-0.25
23.432;-0.25;-0.01;1.18;0.09;-0.05;-0.25
23.433;-0.25;-0.01;1.18;0.1;0.01;-0.24
23.436;-0.24;-0.03;1.18;0.1;0.01;-0.24
23.44;-0.24;-0.03;1.18;0.13;0.05;-0.22
23.459;-0.24;-0.07;1.15;0.13;0.05;-0.22
23.465;-0.24;-0.07;1.15;0.17;0.06;-0.19
23.467;-0.28;-0.11;1.13;0.17;0.06;-0.19
23.468;-0.28;-0.11;1.13;0.18;0.05;-0.18
23.468;-0.35;-0.15;1.13;0.18;0.05;-0.18
23.47;-0.35;-0.15;1.13;0.18;0.01;-0.18
23.476;-0.43;-0.16;1.14;0.18;0.01;-0.18
23.48;-0.43;-0.16;1.14;0.16;0.0;-0.17
23.486;-0.5;-0.14;1.17;0.16;0.0;-0.17
23.491;-0.5;-0.14;1.17;0.15;0.03;-0.17
23.496;-0.55;-0.11;1.18;0.15;0.03;-0.17
23.5;-0.55;-0.11;1.18;0.13;0.09;-0.16
23.507;-0.58;-0.07;1.19;0.13;0.09;-0.16
23.522;-0.58;-0.07;1.19;0.1;0.19;-0.17
23.524;-0.5;-0.04;1.2;0.1;0.19;-0.17
23.525;-0.5;-0.04;1.2;0.07;0.3;-0.18
23.551;-0.33;-0.1;1.18;0.07;0.3;-0.18
23.553;-0.33;-0.1;1.18;0.05;0.39;-0.17
23.554;-0.18;-0.18;1.19;0.05;0.39;-0.17
23.555;-0.18;-0.18;1.19;-0.02;0.36;-0.14
23.556;-0.05;-0.22;1.26;-0.02;0.36;-0.14
23.559;-0.05;-0.22;1.26;-0.14;0.21;-0.09
23.562;0.02;-0.25;1.43;-0.14;0.21;-0.09
23.567;0.02;-0.25;1.43;-0.24;-0.03;-0.04
23.568;0.02;-0.25;1.58;-0.24;-0.03;-0.04
23.57;0.02;-0.25;1.58;-0.33;-0.16;0.01
23.584;-0.03;-0.22;1.63;-0.33;-0.16;0.01
23.585;-0.03;-0.22;1.63;-0.41;-0.1;0.06
23.586;-0.05;-0.2;1.6;-0.41;-0.1;0.06
23.592;-0.05;-0.2;1.6;-0.45;0.09;0.12
23.596;-0.01;-0.22;1.45;-0.45;0.09;0.12
23.6;-0.01;-0.22;1.45;-0.42;0.37;0.22
23.607;0.06;-0.18;1.24;-0.42;0.37;0.22
23.623;0.06;-0.18;1.24;-0.37;0.62;0.31
23.625;0.15;-0.09;1.0;-0.37;0.62;0.31
23.627;0.15;-0.09;1.0;-0.33;0.8;0.37
23.627;0.24;0.0;0.79;-0.33;0.8;0.37
23.63;0.24;0.0;0.79;-0.3;0.83;0.37
23.636;0.31;0.09;0.61;-0.3;0.83;0.37
23.64;0.31;0.09;0.61;-0.29;0.73;0.33
23.652;0.33;0.2;0.49;-0.29;0.73;0.33
23.653;0.33;0.2;0.49;-0.32;0.52;0.26
23.656;0.31;0.29;0.46;-0.32;0.52;0.26
23.662;0.31;0.29;0.46;-0.36;0.25;0.14
23.666;0.21;0.33;0.53;-0.36;0.25;0.14
23.67;0.21;0.33;0.53;-0.41;-0.03;0.0
23.676;0.09;0.3;0.7;-0.41;-0.03;0.0
23.68;0.09;0.3;0.7;-0.38;-0.3;-0.13
23.686;-0.01;0.22;0.87;-0.38;-0.3;-0.13
23.69;-0.01;0.22;0.87;-0.31;-0.46;-0.22
23.696;-0.11;0.11;1.03;-0.31;-0.46;-0.22
23.7;-0.11;0.11;1.03;-0.21;-0.48;-0.22
23.725;-0.19;-0.01;1.13;-0.21;-0.48;-0.22
23.726;-0.19;-0.01;1.13;-0.09;-0.39;-0.15
23.728;-0.22;-0.11;1.17;-0.09;-0.39;-0.15
23.73;-0.22;-0.11;1.17;0.0;-0.27;-0.03
23.731;-0.22;-0.18;1.21;0.0;-0.27;-0.03
23.732;-0.22;-0.18;1.21;0.08;-0.16;0.13
23.736;-0.19;-0.23;1.2;0.08;-0.16;0.13
23.756;-0.19;-0.23;1.2;0.14;-0.05;0.29
23.758;-0.15;-0.25;1.15;0.14;-0.05;0.29
23.759;-0.15;-0.25;1.15;0.15;0.02;0.4
23.76;-0.11;-0.22;1.08;0.15;0.02;0.4
23.761;-0.11;-0.22;1.08;0.14;0.09;0.45
23.766;-0.08;-0.17;0.99;0.14;0.09;0.45
23.77;-0.08;-0.17;0.99;0.07;0.2;0.4
23.776;-0.06;-0.12;0.88;0.07;0.2;0.4
23.781;-0.06;-0.12;0.88;0.03;0.23;0.33
23.786;-0.05;-0.08;0.77;0.03;0.23;0.33
23.795;-0.05;-0.08;0.77;-0.01;0.22;0.27
23.796;-0.06;-0.03;0.69;-0.01;0.22;0.27
23.801;-0.06;-0.03;0.69;-0.05;0.19;0.24
23.806;-0.05;-0.01;0.61;-0.05;0.19;0.24
23.811;-0.05;-0.01;0.61;-0.07;0.11;0.23
23.817;-0.08;0.02;0.57;-0.07;0.11;0.23
23.82;-0.08;0.02;0.57;-0.08;0.01;0.26
23.837;-0.11;0.04;0.59;-0.08;0.01;0.26
23.839;-0.11;0.04;0.59;-0.05;-0.09;0.32
23.84;-0.12;0.06;0.63;-0.05;-0.09;0.32
23.841;-0.12;0.06;0.63;-0.02;-0.18;0.38
23.866;-0.17;0.08;0.69;-0.02;-0.18;0.38
23.868;-0.17;0.08;0.69;0.01;-0.25;0.43
23.869;-0.19;0.1;0.76;0.01;-0.25;0.43
23.871;-0.19;0.1;0.76;0.04;-0.29;0.47
23.872;-0.22;0.12;0.81;0.04;-0.29;0.47
23.873;-0.22;0.12;0.81;0.05;-0.32;0.48
23.879;-0.23;0.13;0.85;0.05;-0.32;0.48
23.881;-0.23;0.13;0.85;0.06;-0.33;0.47
23.887;-0.23;0.14;0.86;0.06;-0.33;0.47
23.893;-0.23;0.14;0.86;0.05;-0.33;0.45
23.896;-0.22;0.15;0.85;0.05;-0.33;0.45
23.9;-0.22;0.15;0.85;0.04;-0.32;0.4
23.906;-0.21;0.13;0.83;0.04;-0.32;0.4
23.911;-0.21;0.13;0.83;0.01;-0.32;0.35
23.916;-0.2;0.1;0.8;0.01;-0.32;0.35
23.92;-0.2;0.1;0.8;-0.01;-0.32;0.31
23.945;-0.21;0.07;0.79;-0.01;-0.32;0.31
23.947;-0.21;0.07;0.79;-0.04;-0.33;0.29
23.948;-0.21;0.03;0.8;-0.04;-0.33;0.29
23.95;-0.21;0.03;0.8;-0.06;-0.33;0.28
23.951;-0.23;-0.03;0.8;-0.06;-0.33;0.28
23.953;-0.23;-0.03;0.8;-0.09;-0.32;0.29
23.957;-0.25;-0.08;0.86;-0.09;-0.32;0.29
23.978;-0.25;-0.08;0.86;-0.12;-0.31;0.32
23.98;-0.27;-0.11;0.92;-0.12;-0.31;0.32
23.981;-0.27;-0.11;0.92;-0.15;-0.28;0.35
23.982;-0.25;-0.08;1.0;-0.15;-0.28;0.35
23.984;-0.25;-0.08;1.0;-0.16;-0.26;0.37
23.986;-0.22;-0.03;1.08;-0.16;-0.26;0.37
23.992;-0.22;-0.03;1.08;-0.15;-0.25;0.36
23.997;-0.21;0.01;1.14;-0.15;-0.25;0.36
24.0;-0.21;0.01;1.14;-0.12;-0.23;0.36
24.007;-0.21;0.04;1.18;-0.12;-0.23;0.36
24.011;-0.21;0.04;1.18;-0.09;-0.22;0.35
24.016;-0.21;0.06;1.19;-0.09;-0.22;0.35
24.02;-0.21;0.06;1.19;-0.09;-0.19;0.32
24.041;-0.23;0.1;1.17;-0.09;-0.19;0.32
24.043;-0.23;0.1;1.17;-0.11;-0.16;0.26
24.045;-0.32;0.15;1.19;-0.11;-0.16;0.26
24.046;-0.32;0.15;1.19;-0.11;-0.12;0.17
24.05;-0.39;0.13;1.2;-0.11;-0.12;0.17
24.051;-0.39;0.13;1.2;-0.09;-0.06;0.08
24.067;-0.39;0.13;1.2;-0.07;0.02;0.02
24.071;-0.54;0.05;1.19;-0.07;0.02;0.02
24.072;-0.54;0.05;1.19;-0.04;0.12;-0.01
24.078;-0.55;0.0;1.19;-0.04;0.12;-0.01
24.08;-0.55;0.0;1.19;0.0;0.23;0.02
24.086;-0.46;-0.02;1.24;0.0;0.23;0.02
24.093;-0.46;-0.02;1.24;0.03;0.34;0.09
24.097;-0.19;0.07;1.39;0.03;0.34;0.09
24.1;-0.19;0.07;1.39;0.09;0.39;0.16
24.106;0.07;0.2;1.46;0.09;0.39;0.16
24.112;0.07;0.2;1.46;0.2;0.35;0.14
24.116;0.11;0.17;1.55;0.2;0.35;0.14
24.121;0.11;0.17;1.55;0.33;0.14;0.05
24.136;0.02;0.08;1.68;0.33;0.14;0.05
24.138;0.02;0.08;1.68;0.45;-0.09;-0.04
24.139;-0.05;0.02;1.72;0.45;-0.09;-0.04
24.141;-0.05;0.02;1.72;0.58;-0.18;-0.05
24.167;-0.02;0.05;1.71;0.58;-0.18;-0.05
24.169;-0.02;0.05;1.71;0.65;-0.08;-0.03
24.17;0.06;0.1;1.52;0.65;-0.08;-0.03
24.171;0.06;0.1;1.52;0.63;0.21;-0.08
24.172;0.15;0.11;1.27;0.63;0.21;-0.08
24.174;0.15;0.11;1.27;0.54;0.53;-0.17
24.178;0.19;0.05;0.99;0.54;0.53;-0.17
24.181;0.19;0.05;0.99;0.41;0.76;-0.27
24.186;0.22;-0.03;0.78;0.41;0.76;-0.27
24.192;0.22;-0.03;0.78;0.3;0.87;-0.33
24.196;0.23;-0.11;0.63;0.3;0.87;-0.33
24.2;0.23;-0.11;0.63;0.22;0.83;-0.31
24.208;0.2;-0.21;0.49;0.22;0.83;-0.31
24.211;0.2;-0.21;0.49;0.21;0.67;-0.2
24.216;0.13;-0.32;0.41;0.21;0.67;-0.2
24.22;0.13;-0.32;0.41;0.21;0.33;-0.04
24.239;0.05;-0.43;0.46;0.21;0.33;-0.04
24.242;0.05;-0.43;0.46;0.18;-0.03;0.12
24.242;-0.05;-0.49;0.6;0.18;-0.03;0.12
24.243;-0.05;-0.49;0.6;0.17;-0.31;0.22
24.246;-0.13;-0.39;0.79;0.17;-0.31;0.22
24.251;-0.13;-0.39;0.79;0.14;-0.53;0.3
24.256;-0.16;-0.19;0.98;0.14;-0.53;0.3
24.272;-0.16;-0.19;0.98;0.11;-0.58;0.37
24.277;-0.14;0.05;1.09;0.11;-0.58;0.37
24.278;-0.14;0.05;1.09;0.1;-0.49;0.38
24.279;-0.1;0.12;1.12;0.1;-0.49;0.38
24.281;-0.1;0.12;1.12;0.09;-0.38;0.3
24.286;-0.07;0.18;1.15;0.09;-0.38;0.3
24.292;-0.07;0.18;1.15;0.02;-0.24;0.13
24.296;-0.04;0.27;1.15;0.02;-0.24;0.13
24.301;-0.04;0.27;1.15;-0.04;-0.11;-0.02
24.309;-0.02;0.32;1.07;-0.04;-0.11;-0.02
24.311;-0.02;0.32;1.07;-0.07;-0.06;-0.13
24.316;-0.01;0.29;1.03;-0.07;-0.06;-0.13
24.32;-0.01;0.29;1.03;-0.15;-0.01;-0.24
24.338;-0.02;0.23;0.97;-0.15;-0.01;-0.24
24.342;-0.02;0.23;0.97;-0.2;0.06;-0.34
24.343;-0.03;0.18;0.91;-0.2;0.06;-0.34
24.345;-0.03;0.18;0.91;-0.18;0.12;-0.37
24.347;-0.02;0.14;0.82;-0.18;0.12;-0.37
24.351;-0.02;0.14;0.82;-0.13;0.17;-0.35
24.374;0.0;0.1;0.73;-0.13;0.17;-0.35
24.377;0.0;0.1;0.73;-0.08;0.18;-0.35
24.378;0.01;0.07;0.66;-0.08;0.18;-0.35
24.379;0.01;0.07;0.66;-0.06;0.15;-0.38
24.381;-0.01;0.02;0.63;-0.06;0.15;-0.38
24.384;-0.01;0.02;0.63;-0.05;0.08;-0.43
24.394;-0.03;-0.01;0.61;-0.05;0.08;-0.43
24.396;-0.03;-0.01;0.61;-0.05;-0.01;-0.48
24.403;-0.03;-0.01;0.61;-0.06;-0.12;-0.54
24.408;-0.11;-0.11;0.68;-0.06;-0.12;-0.54
24.411;-0.11;-0.11;0.68;-0.08;-0.2;-0.64
24.416;-0.16;-0.16;0.74;-0.08;-0.2;-0.64
24.42;-0.16;-0.16;0.74;-0.12;-0.32;-0.65
24.437;-0.19;-0.2;0.79;-0.12;-0.32;-0.65
24.439;-0.19;-0.2;0.79;-0.12;-0.36;-0.64
24.44;-0.21;-0.22;0.84;-0.12;-0.36;-0.64
24.441;-0.21;-0.22;0.84;-0.1;-0.38;-0.61
24.482;-0.22;-0.23;0.87;-0.1;-0.38;-0.61
24.484;-0.22;-0.23;0.87;-0.07;-0.39;-0.55
24.485;-0.22;-0.22;0.89;-0.07;-0.39;-0.55
24.487;-0.22;-0.22;0.89;-0.02;-0.38;-0.48
24.488;-0.22;-0.2;0.9;-0.02;-0.38;-0.48
24.49;-0.22;-0.2;0.9;0.03;-0.36;-0.4
24.492;-0.21;-0.16;0.91;0.03;-0.36;-0.4
24.493;-0.21;-0.16;0.91;0.06;-0.33;-0.34
24.494;-0.22;-0.11;0.92;0.06;-0.33;-0.34
24.496;-0.22;-0.11;0.92;0.08;-0.29;-0.3
24.499;-0.22;-0.07;0.94;0.08;-0.29;-0.3
24.501;-0.22;-0.07;0.94;0.09;-0.24;-0.27
24.517;-0.21;-0.03;0.97;0.09;-0.24;-0.27
24.519;-0.21;-0.03;0.97;0.1;-0.19;-0.27
24.521;-0.21;0.0;1.01;0.1;-0.19;-0.27
24.522;-0.21;0.0;1.01;0.1;-0.14;-0.26
24.543;-0.21;0.01;1.05;0.1;-0.14;-0.26
24.545;-0.21;0.01;1.05;0.1;-0.09;-0.27
24.547;-0.2;-0.01;1.1;0.1;-0.09;-0.27
24.548;-0.2;-0.01;1.1;0.09;-0.04;-0.28
24.549;-0.21;-0.04;1.14;0.09;-0.04;-0.28
24.552;-0.21;-0.04;1.14;0.09;0.01;-0.29
24.557;-0.22;-0.05;1.17;0.09;0.01;-0.29
24.58;-0.22;-0.05;1.17;0.09;0.05;-0.27
24.582;-0.23;-0.07;1.19;0.09;0.05;-0.27
24.586;-0.23;-0.07;1.19;0.12;0.08;-0.23
24.588;-0.24;-0.12;1.18;0.12;0.08;-0.23
24.591;-0.24;-0.12;1.18;0.13;0.08;-0.19
24.591;-0.29;-0.17;1.17;0.13;0.08;-0.19
24.592;-0.29;-0.17;1.17;0.12;0.07;-0.15
24.597;-0.36;-0.23;1.17;0.12;0.07;-0.15
24.601;-0.36;-0.23;1.17;0.09;0.08;-0.1
24.609;-0.45;-0.26;1.18;0.09;0.08;-0.1
24.612;-0.45;-0.26;1.18;0.07;0.13;-0.05
24.616;-0.52;-0.24;1.17;0.07;0.13;-0.05
24.62;-0.52;-0.24;1.17;0.04;0.22;0.0
24.638;-0.57;-0.19;1.15;0.04;0.22;0.0
24.64;-0.57;-0.19;1.15;0.0;0.33;0.02
24.642;-0.56;-0.12;1.1;0.0;0.33;0.02
24.642;-0.56;-0.12;1.1;-0.03;0.41;0.03
24.646;-0.49;-0.06;1.05;-0.03;0.41;0.03
24.651;-0.49;-0.06;1.05;-0.07;0.44;0.02
24.668;-0.37;-0.06;1.11;-0.07;0.44;0.02
24.669;-0.37;-0.06;1.11;-0.12;0.41;0.05
24.671;-0.14;-0.18;1.08;-0.12;0.41;0.05
24.672;-0.14;-0.18;1.08;-0.26;0.21;0.07
24.679;0.04;-0.06;1.43;-0.26;0.21;0.07
24.681;0.04;-0.06;1.43;-0.34;-0.06;0.08
24.686;0.06;-0.05;1.61;-0.34;-0.06;0.08
24.694;0.06;-0.05;1.61;-0.36;-0.24;0.1
24.696;0.02;-0.03;1.65;-0.36;-0.24;0.1
24.7;0.02;-0.03;1.65;-0.4;-0.21;0.12
24.708;-0.02;-0.05;1.61;-0.4;-0.21;0.12
24.71;-0.02;-0.05;1.61;-0.45;-0.04;0.11
24.716;0.01;-0.09;1.5;-0.45;-0.04;0.11
24.721;0.01;-0.09;1.5;-0.44;0.22;0.14
24.741;0.09;-0.1;1.29;-0.44;0.22;0.14
24.743;0.09;-0.1;1.29;-0.39;0.5;0.2
24.744;0.18;-0.04;1.05;-0.39;0.5;0.2
24.745;0.18;-0.04;1.05;-0.35;0.72;0.23
24.747;0.27;0.03;0.84;-0.35;0.72;0.23
24.751;0.27;0.03;0.84;-0.32;0.82;0.22
24.768;0.34;0.12;0.65;-0.32;0.82;0.22
24.771;0.34;0.12;0.65;-0.31;0.77;0.17
24.772;0.37;0.22;0.52;-0.31;0.77;0.17
24.773;0.37;0.22;0.52;-0.33;0.59;0.08
24.784;0.34;0.3;0.47;-0.33;0.59;0.08
24.785;0.34;0.3;0.47;-0.37;0.3;-0.05
24.787;0.21;0.31;0.55;-0.37;0.3;-0.05
24.795;0.21;0.31;0.55;-0.4;-0.04;-0.22
24.798;0.12;0.29;0.69;-0.4;-0.04;-0.22
24.8;0.12;0.29;0.69;-0.39;-0.32;-0.35
24.808;-0.02;0.2;0.87;-0.39;-0.32;-0.35
24.81;-0.02;0.2;0.87;-0.33;-0.51;-0.44
24.816;-0.13;0.08;1.02;-0.33;-0.51;-0.44
24.82;-0.13;0.08;1.02;-0.23;-0.56;-0.43
24.838;-0.21;-0.04;1.12;-0.23;-0.56;-0.43
24.84;-0.21;-0.04;1.12;-0.12;-0.49;-0.34
24.842;-0.23;-0.14;1.16;-0.12;-0.49;-0.34
24.843;-0.23;-0.14;1.16;-0.02;-0.38;-0.21
24.847;-0.25;-0.21;1.23;-0.02;-0.38;-0.21
24.851;-0.25;-0.21;1.23;0.07;-0.26;-0.04
24.867;-0.22;-0.28;1.22;0.07;-0.26;-0.04
24.87;-0.22;-0.28;1.22;0.16;-0.14;0.14
24.871;-0.18;-0.3;1.2;0.16;-0.14;0.14
24.872;-0.18;-0.3;1.2;0.2;-0.04;0.26
24.879;-0.13;-0.28;1.13;0.2;-0.04;0.26
24.881;-0.13;-0.28;1.13;0.2;0.05;0.34
24.886;-0.08;-0.23;1.03;0.2;0.05;0.34
24.893;-0.08;-0.23;1.03;0.19;0.12;0.37
24.897;-0.06;-0.18;0.93;0.19;0.12;0.37
24.901;-0.06;-0.18;0.93;0.14;0.19;0.34
24.91;-0.05;-0.13;0.82;0.14;0.19;0.34
24.911;-0.05;-0.13;0.82;0.1;0.24;0.31
24.916;-0.03;-0.08;0.71;0.1;0.24;0.31
24.92;-0.03;-0.08;0.71;0.05;0.25;0.27
24.933;-0.03;-0.05;0.63;0.05;0.25;0.27
24.935;-0.03;-0.05;0.63;0.0;0.23;0.25
24.936;-0.05;-0.02;0.59;0.0;0.23;0.25
24.962;-0.05;-0.02;0.59;-0.04;0.16;0.25
24.963;-0.1;0.01;0.58;-0.04;0.16;0.25
24.964;-0.1;0.01;0.58;-0.04;0.05;0.29
24.965;-0.11;0.04;0.63;-0.04;0.05;0.29
24.966;-0.11;0.04;0.63;-0.01;-0.07;0.35
24.967;-0.17;0.07;0.69;-0.01;-0.07;0.35
24.97;-0.17;0.07;0.69;0.02;-0.15;0.4
24.976;-0.2;0.1;0.78;0.02;-0.15;0.4
24.98;-0.2;0.1;0.78;0.05;-0.22;0.44
24.986;-0.23;0.14;0.85;0.05;-0.22;0.44
24.994;-0.23;0.14;0.85;0.08;-0.24;0.46
24.997;-0.24;0.17;0.89;0.08;-0.24;0.46
25.0;-0.24;0.17;0.89;0.1;-0.25;0.47
25.009;-0.24;0.18;0.9;0.1;-0.25;0.47
25.011;-0.24;0.18;0.9;0.12;-0.23;0.46
25.016;-0.22;0.18;0.88;0.12;-0.23;0.46
25.021;-0.22;0.18;0.88;0.11;-0.2;0.43
25.041;-0.2;0.16;0.86;0.11;-0.2;0.43
25.043;-0.2;0.16;0.86;0.09;-0.19;0.38
25.044;-0.2;0.13;0.84;0.09;-0.19;0.38
25.045;-0.2;0.13;0.84;0.05;-0.19;0.33
25.047;-0.2;0.09;0.82;0.05;-0.19;0.33
25.05;-0.2;0.09;0.82;0.01;-0.18;0.27
25.078;-0.21;0.05;0.81;0.01;-0.18;0.27
25.081;-0.21;0.05;0.81;-0.06;-0.17;0.19
25.082;-0.22;0.01;0.81;-0.06;-0.17;0.19
25.087;-0.22;0.01;0.81;-0.08;-0.16;0.19
25.089;-0.23;-0.02;0.83;-0.08;-0.16;0.19
25.091;-0.23;-0.02;0.83;-0.1;-0.16;0.21
25.092;-0.24;-0.05;0.85;-0.1;-0.16;0.21
25.093;-0.24;-0.05;0.85;-0.11;-0.15;0.26
25.097;-0.24;-0.05;0.9;-0.11;-0.15;0.26
25.101;-0.24;-0.05;0.9;-0.11;-0.15;0.3
25.108;-0.22;-0.04;0.95;-0.11;-0.15;0.3
25.11;-0.22;-0.04;0.95;-0.09;-0.17;0.34
25.116;-0.21;-0.03;1.02;-0.09;-0.17;0.34
25.12;-0.21;-0.03;1.02;-0.08;-0.18;0.36
25.134;-0.18;-0.03;1.08;-0.08;-0.18;0.36
25.136;-0.18;-0.03;1.08;-0.08;-0.17;0.37
25.138;-0.17;-0.04;1.12;-0.08;-0.17;0.37
25.165;-0.17;-0.04;1.12;-0.1;-0.15;0.34
25.167;-0.17;-0.01;1.18;-0.1;-0.15;0.34
25.168;-0.17;-0.01;1.18;-0.11;-0.11;0.29
25.169;-0.2;0.03;1.21;-0.11;-0.11;0.29
25.17;-0.2;0.03;1.21;-0.1;-0.07;0.22
25.174;-0.26;0.08;1.24;-0.1;-0.07;0.22
25.175;-0.26;0.08;1.24;-0.08;0.0;0.14
25.177;-0.35;0.12;1.26;-0.08;0.0;0.14
25.181;-0.35;0.12;1.26;-0.04;0.08;0.08
25.186;-0.43;0.14;1.25;-0.04;0.08;0.08
25.19;-0.43;0.14;1.25;0.0;0.18;0.04
25.196;-0.52;0.13;1.22;0.0;0.18;0.04
25.2;-0.52;0.13;1.22;0.03;0.29;0.03
25.207;-0.56;0.1;1.18;0.03;0.29;0.03
25.21;-0.56;0.1;1.18;0.06;0.38;0.05
25.216;-0.54;0.07;1.15;0.06;0.38;0.05
25.22;-0.54;0.07;1.15;0.08;0.45;0.11
25.226;-0.4;0.08;1.21;0.08;0.45;0.11
25.23;-0.4;0.08;1.21;0.14;0.46;0.16
25.236;-0.16;0.22;1.31;0.14;0.46;0.16
25.255;-0.16;0.22;1.31;0.26;0.31;0.13
25.258;0.03;0.24;1.38;0.26;0.31;0.13
25.259;0.03;0.24;1.38;0.38;0.1;0.03
25.262;-0.03;0.19;1.55;0.38;0.1;0.03
25.263;-0.03;0.19;1.55;0.5;-0.05;-0.07
25.266;-0.05;0.1;1.65;0.5;-0.05;-0.07
25.271;-0.05;0.1;1.65;0.62;-0.07;-0.08
25.292;-0.06;0.05;1.72;0.62;-0.07;-0.08
25.293;-0.06;0.05;1.72;0.68;0.1;-0.09
25.294;0.01;0.09;1.66;0.68;0.1;-0.09
25.295;0.01;0.09;1.66;0.64;0.39;-0.16
25.296;0.12;0.12;1.46;0.64;0.39;-0.16
25.3;0.12;0.12;1.46;0.53;0.63;-0.26
25.307;0.17;0.08;1.22;0.53;0.63;-0.26
25.311;0.17;0.08;1.22;0.41;0.75;-0.33
25.316;0.18;-0.02;0.98;0.41;0.75;-0.33
25.321;0.18;-0.02;0.98;0.31;0.75;-0.34
25.328;0.16;-0.2;0.72;0.31;0.75;-0.34
25.331;0.16;-0.2;0.72;0.27;0.66;-0.27
25.338;0.11;-0.3;0.62;0.27;0.66;-0.27
25.355;0.11;-0.3;0.62;0.28;0.47;-0.12
25.357;0.08;-0.41;0.54;0.28;0.47;-0.12
25.359;0.08;-0.41;0.54;0.29;0.19;0.05
25.36;0.03;-0.52;0.61;0.29;0.19;0.05
25.361;0.03;-0.52;0.61;0.25;-0.09;0.16
25.366;-0.06;-0.52;0.71;0.25;-0.09;0.16
25.371;-0.06;-0.52;0.71;0.24;-0.31;0.22
25.385;-0.11;-0.32;0.86;0.24;-0.31;0.22
25.387;-0.11;-0.32;0.86;0.21;-0.43;0.28
25.388;-0.11;-0.1;0.97;0.21;-0.43;0.28
25.393;-0.11;-0.1;0.97;0.17;-0.43;0.31
25.398;-0.1;0.06;1.03;0.17;-0.43;0.31
25.4;-0.1;0.06;1.03;0.13;-0.35;0.24
25.422;-0.07;0.21;1.04;0.13;-0.35;0.24
25.423;-0.07;0.21;1.04;0.08;-0.24;0.13
25.424;-0.01;0.21;1.03;0.08;-0.24;0.13
25.425;-0.01;0.21;1.03;0.04;-0.16;0.01
25.427;-0.07;0.29;0.99;0.04;-0.16;0.01
25.43;-0.07;0.29;0.99;-0.03;-0.07;-0.13
25.436;-0.05;0.34;0.93;-0.03;-0.07;-0.13
25.456;-0.05;0.34;0.93;-0.09;-0.08;-0.19
25.458;-0.05;0.31;0.91;-0.09;-0.08;-0.19
25.459;-0.05;0.31;0.91;-0.16;-0.08;-0.24
25.459;-0.07;0.24;0.88;-0.16;-0.08;-0.24
25.461;-0.07;0.24;0.88;-0.18;-0.06;-0.28
25.466;-0.07;0.18;0.82;-0.18;-0.06;-0.28
25.472;-0.07;0.18;0.82;-0.15;-0.03;-0.29
25.477;-0.05;0.13;0.76;-0.15;-0.03;-0.29
25.481;-0.05;0.13;0.76;-0.1;-0.03;-0.28
25.486;-0.04;0.08;0.72;-0.1;-0.03;-0.28
25.491;-0.04;0.08;0.72;-0.04;-0.03;-0.29
25.496;-0.04;0.04;0.69;-0.04;-0.03;-0.29
25.5;-0.04;0.04;0.69;0.0;-0.06;-0.33
25.507;-0.05;-0.03;0.7;0.0;-0.06;-0.33
25.51;-0.05;-0.03;0.7;0.04;-0.11;-0.37
25.516;-0.09;-0.09;0.69;0.04;-0.11;-0.37
25.521;-0.09;-0.09;0.69;0.04;-0.17;-0.42
25.536;-0.12;-0.17;0.72;0.04;-0.17;-0.42
25.538;-0.12;-0.17;0.72;0.02;-0.24;-0.47
25.539;-0.17;-0.23;0.76;0.02;-0.24;-0.47
25.54;-0.17;-0.23;0.76;-0.02;-0.29;-0.5
25.547;-0.22;-0.28;0.81;-0.02;-0.29;-0.5
25.55;-0.22;-0.28;0.81;-0.08;-0.32;-0.52
25.572;-0.26;-0.3;0.85;-0.08;-0.32;-0.52
25.574;-0.26;-0.3;0.85;-0.14;-0.33;-0.5
25.575;-0.27;-0.31;0.89;-0.14;-0.33;-0.5
25.58;-0.27;-0.31;0.89;-0.17;-0.31;-0.46
25.582;-0.28;-0.28;0.9;-0.17;-0.31;-0.46
25.583;-0.28;-0.28;0.9;-0.18;-0.29;-0.4
25.587;-0.26;-0.24;0.9;-0.18;-0.29;-0.4
25.593;-0.26;-0.24;0.9;-0.17;-0.28;-0.33
25.596;-0.24;-0.19;0.88;-0.17;-0.28;-0.33
25.601;-0.24;-0.19;0.88;-0.15;-0.27;-0.26
25.606;-0.21;-0.13;0.86;-0.15;-0.27;-0.26
25.611;-0.21;-0.13;0.86;-0.12;-0.26;-0.19
25.617;-0.18;-0.08;0.83;-0.12;-0.26;-0.19
25.621;-0.18;-0.08;0.83;-0.1;-0.25;-0.14
25.635;-0.16;-0.02;0.82;-0.1;-0.25;-0.14
25.636;-0.16;-0.02;0.82;-0.08;-0.24;-0.11
25.638;-0.14;0.02;0.83;-0.08;-0.24;-0.11
25.666;-0.14;0.02;0.83;-0.07;-0.25;-0.11
25.668;-0.14;0.05;0.87;-0.07;-0.25;-0.11
25.668;-0.14;0.05;0.87;-0.05;-0.26;-0.13
25.67;-0.14;0.08;0.93;-0.05;-0.26;-0.13
25.671;-0.14;0.08;0.93;-0.02;-0.27;-0.16
25.672;-0.17;0.09;1.01;-0.02;-0.27;-0.16
25.673;-0.17;0.09;1.01;0.01;-0.26;-0.2
25.679;-0.19;0.08;1.1;0.01;-0.26;-0.2
25.68;-0.19;0.08;1.1;0.05;-0.25;-0.23
25.686;-0.21;0.06;1.18;0.05;-0.25;-0.23
25.692;-0.21;0.06;1.18;0.09;-0.21;-0.26
25.696;-0.22;0.03;1.22;0.09;-0.21;-0.26
25.7;-0.22;0.03;1.22;0.15;-0.1;-0.25
25.706;-0.22;-0.02;1.24;0.15;-0.1;-0.25
25.71;-0.22;-0.02;1.24;0.18;-0.07;-0.21
25.716;-0.24;-0.08;1.24;0.18;-0.07;-0.21
25.721;-0.24;-0.08;1.24;0.18;-0.06;-0.17
25.739;-0.31;-0.16;1.22;0.18;-0.06;-0.17
25.742;-0.31;-0.16;1.22;0.16;-0.05;-0.13
25.743;-0.37;-0.22;1.22;0.16;-0.05;-0.13
25.744;-0.37;-0.22;1.22;0.12;-0.01;-0.09
25.747;-0.43;-0.24;1.21;0.12;-0.01;-0.09
25.751;-0.43;-0.24;1.21;0.08;0.04;-0.05
25.775;-0.48;-0.22;1.21;0.08;0.04;-0.05
25.777;-0.48;-0.22;1.21;0.04;0.11;-0.04
25.778;-0.51;-0.18;1.19;0.04;0.11;-0.04
25.779;-0.51;-0.18;1.19;0.0;0.21;-0.04
25.779;-0.51;-0.13;1.15;0.0;0.21;-0.04
25.781;-0.51;-0.13;1.15;-0.04;0.3;-0.06
25.786;-0.5;-0.07;1.1;-0.04;0.3;-0.06
25.792;-0.5;-0.07;1.1;-0.05;0.35;-0.09
25.796;-0.44;-0.02;1.09;-0.05;0.35;-0.09
25.8;-0.44;-0.02;1.09;-0.04;0.36;-0.11
25.807;-0.3;0.01;1.1;-0.04;0.36;-0.11
25.811;-0.3;0.01;1.1;-0.04;0.3;-0.1
25.816;-0.14;-0.03;1.1;-0.04;0.3;-0.1
25.837;-0.14;-0.03;1.1;-0.1;0.11;-0.1
25.84;-0.01;-0.07;1.16;-0.1;0.11;-0.1
25.842;-0.01;-0.07;1.16;-0.17;-0.13;-0.09
25.843;0.03;-0.13;1.33;-0.17;-0.13;-0.09
25.844;0.03;-0.13;1.33;-0.25;-0.26;-0.06
25.847;0.01;-0.19;1.5;-0.25;-0.26;-0.06
25.851;0.01;-0.19;1.5;-0.34;-0.21;-0.01
25.869;-0.02;-0.21;1.56;-0.34;-0.21;-0.01
25.872;-0.02;-0.21;1.56;-0.41;-0.02;0.06
25.875;-0.03;-0.23;1.52;-0.41;-0.02;0.06
25.88;-0.03;-0.23;1.52;-0.43;0.22;0.15
25.881;0.01;-0.24;1.39;-0.43;0.22;0.15
25.882;0.01;-0.24;1.39;-0.42;0.44;0.24
25.886;0.09;-0.21;1.2;-0.42;0.44;0.24
25.892;0.09;-0.21;1.2;-0.39;0.56;0.3
25.896;0.18;-0.14;1.02;-0.39;0.56;0.3
25.9;0.18;-0.14;1.02;-0.36;0.6;0.31
25.906;0.26;-0.05;0.86;-0.36;0.6;0.31
25.91;0.26;-0.05;0.86;-0.33;0.56;0.28
25.917;0.31;0.05;0.72;-0.33;0.56;0.28
25.934;0.31;0.05;0.72;-0.32;0.44;0.22
25.935;0.33;0.16;0.6;-0.32;0.44;0.22
25.937;0.33;0.16;0.6;-0.34;0.26;0.12
25.938;0.3;0.27;0.53;-0.34;0.26;0.12
25.965;0.3;0.27;0.53;-0.36;0.03;0.0
25.967;0.21;0.34;0.56;-0.36;0.03;0.0
25.968;0.21;0.34;0.56;-0.37;-0.19;-0.12
25.968;0.12;0.35;0.67;-0.37;-0.19;-0.12
25.97;0.12;0.35;0.67;-0.33;-0.36;-0.21
25.971;0.02;0.33;0.81;-0.33;-0.36;-0.21
25.972;0.02;0.33;0.81;-0.26;-0.44;-0.23
25.978;-0.12;0.17;1.05;-0.26;-0.44;-0.23
25.98;-0.12;0.17;1.05;-0.16;-0.41;-0.2
25.992;-0.17;0.05;1.12;-0.16;-0.41;-0.2
25.993;-0.17;0.05;1.12;-0.07;-0.33;-0.14
25.996;-0.18;-0.05;1.15;-0.07;-0.33;-0.14
26.001;-0.18;-0.05;1.15;0.0;-0.24;-0.05
26.006;-0.17;-0.13;1.18;0.0;-0.24;-0.05
26.011;-0.17;-0.13;1.18;0.07;-0.16;0.05
26.017;-0.13;-0.15;1.17;0.07;-0.16;0.05
26.038;-0.13;-0.15;1.17;0.11;-0.08;0.14
26.039;-0.11;-0.19;1.14;0.11;-0.08;0.14
26.041;-0.11;-0.19;1.14;0.12;0.0;0.18
26.042;-0.08;-0.2;1.07;0.12;0.0;0.18
26.043;-0.08;-0.2;1.07;0.11;0.07;0.17
26.046;-0.06;-0.18;0.98;0.11;0.07;0.17
26.05;-0.06;-0.18;0.98;0.08;0.12;0.14
26.068;-0.05;-0.14;0.87;0.08;0.12;0.14
26.07;-0.05;-0.14;0.87;0.04;0.16;0.09
26.071;-0.05;-0.11;0.76;0.04;0.16;0.09
26.075;-0.05;-0.11;0.76;0.0;0.18;0.05
26.077;-0.04;-0.08;0.7;0.0;0.18;0.05
26.08;-0.04;-0.08;0.7;-0.04;0.16;0.02
26.088;-0.07;-0.06;0.65;-0.04;0.16;0.02
26.09;-0.07;-0.06;0.65;-0.07;0.12;0.02
26.096;-0.1;-0.04;0.65;-0.07;0.12;0.02
26.101;-0.1;-0.04;0.65;-0.07;0.05;0.07
26.107;-0.13;-0.01;0.68;-0.07;0.05;0.07
26.11;-0.13;-0.01;0.68;-0.04;-0.03;0.15
26.116;-0.16;0.02;0.72;-0.04;-0.03;0.15
26.122;-0.16;0.02;0.72;0.0;-0.11;0.25
26.126;-0.2;0.04;0.78;0.0;-0.11;0.25
26.13;-0.2;0.04;0.78;0.04;-0.17;0.34
26.137;-0.22;0.08;0.84;0.04;-0.17;0.34
26.151;-0.22;0.08;0.84;0.08;-0.22;0.42
26.153;-0.23;0.11;0.88;0.08;-0.22;0.42
26.154;-0.23;0.11;0.88;0.11;-0.25;0.47
26.179;-0.23;0.11;0.88;0.13;-0.25;0.48
26.181;-0.23;0.13;0.9;0.13;-0.25;0.48
26.182;-0.23;0.13;0.9;0.13;-0.24;0.46
26.183;-0.19;0.15;0.87;0.13;-0.24;0.46
26.184;-0.19;0.15;0.87;0.11;-0.21;0.4
26.192;-0.18;0.13;0.83;0.11;-0.21;0.4
26.193;-0.18;0.13;0.83;0.08;-0.19;0.33
26.196;-0.18;0.1;0.8;0.08;-0.19;0.33
26.201;-0.18;0.1;0.8;0.05;-0.17;0.26
26.207;-0.18;0.05;0.77;0.05;-0.17;0.26
26.211;-0.18;0.05;0.77;0.01;-0.15;0.2
26.216;-0.19;0.01;0.76;0.01;-0.15;0.2
26.238;-0.19;0.01;0.76;-0.02;-0.16;0.18
26.239;-0.2;-0.02;0.78;-0.02;-0.16;0.18
26.241;-0.2;-0.02;0.78;-0.05;-0.17;0.18
26.242;-0.21;-0.05;0.83;-0.05;-0.17;0.18
26.243;-0.21;-0.05;0.83;-0.08;-0.19;0.22
26.247;-0.22;-0.07;0.89;-0.08;-0.19;0.22
26.251;-0.22;-0.07;0.89;-0.11;-0.19;0.27
26.268;-0.23;-0.07;0.98;-0.11;-0.19;0.27
26.27;-0.23;-0.07;0.98;-0.13;-0.18;0.33
26.27;-0.23;-0.05;1.06;-0.13;-0.18;0.33
26.271;-0.23;-0.05;1.06;-0.13;-0.16;0.38
26.279;-0.21;-0.04;1.13;-0.13;-0.16;0.38
26.281;-0.21;-0.04;1.13;-0.12;-0.14;0.43
26.29;-0.18;-0.02;1.16;-0.12;-0.14;0.43
26.292;-0.18;-0.02;1.16;-0.11;-0.12;0.43
26.296;-0.15;0.01;1.16;-0.11;-0.12;0.43
26.3;-0.15;0.01;1.16;-0.12;-0.1;0.4
26.306;-0.16;0.07;1.16;-0.12;-0.1;0.4
26.311;-0.16;0.07;1.16;-0.12;-0.08;0.33
26.317;-0.21;0.14;1.17;-0.12;-0.08;0.33
26.339;-0.21;0.14;1.17;-0.1;-0.08;0.23
26.342;-0.3;0.17;1.2;-0.1;-0.08;0.23
26.343;-0.3;0.17;1.2;-0.07;-0.07;0.13
26.344;-0.4;0.18;1.22;-0.07;-0.07;0.13
26.346;-0.4;0.18;1.22;-0.02;-0.02;0.05
26.348;-0.49;0.17;1.23;-0.02;-0.02;0.05
26.351;-0.49;0.17;1.23;0.05;0.06;-0.04
26.37;-0.55;0.12;1.22;0.05;0.06;-0.04
26.372;-0.55;0.12;1.22;0.07;0.29;-0.03
26.374;-0.52;0.04;1.17;0.07;0.29;-0.03
26.375;-0.52;0.04;1.17;0.08;0.36;0.03
26.376;-0.49;0.08;1.25;0.08;0.36;0.03
26.38;-0.49;0.08;1.25;0.14;0.45;0.08
26.387;-0.27;0.15;1.34;0.14;0.45;0.08
26.391;-0.27;0.15;1.34;0.24;0.4;0.07
26.397;-0.04;0.25;1.42;0.24;0.4;0.07
26.4;-0.04;0.25;1.42;0.37;0.25;-0.01
26.407;0.05;0.24;1.48;0.37;0.25;-0.01
26.411;0.05;0.24;1.48;0.48;0.06;-0.12
26.416;0.03;0.15;1.58;0.48;0.06;-0.12
26.421;0.03;0.15;1.58;0.58;-0.03;-0.19
26.426;-0.07;0.04;1.64;0.58;-0.03;-0.19
26.43;-0.07;0.04;1.64;0.64;0.03;-0.17
26.454;-0.09;0.01;1.62;0.64;0.03;-0.17
26.455;-0.09;0.01;1.62;0.63;0.25;-0.16
26.457;-0.02;0.05;1.5;0.63;0.25;-0.16
26.458;-0.02;0.05;1.5;0.54;0.52;-0.21
26.46;0.07;0.08;1.29;0.54;0.52;-0.21
26.461;0.07;0.08;1.29;0.43;0.73;-0.29
26.466;0.13;0.04;1.08;0.43;0.73;-0.29
26.486;0.13;0.04;1.08;0.34;0.84;-0.33
26.488;0.17;-0.05;0.87;0.34;0.84;-0.33
26.489;0.17;-0.05;0.87;0.27;0.84;-0.32
26.49;0.2;-0.14;0.73;0.27;0.84;-0.32
26.491;0.2;-0.14;0.73;0.25;0.72;-0.24
26.497;0.17;-0.23;0.6;0.25;0.72;-0.24
26.5;0.17;-0.23;0.6;0.26;0.44;-0.05
26.506;0.14;-0.3;0.5;0.26;0.44;-0.05
26.51;0.14;-0.3;0.5;0.26;0.1;0.15
26.516;0.12;-0.41;0.52;0.26;0.1;0.15
26.536;0.12;-0.41;0.52;0.28;-0.19;0.26
26.538;0.03;-0.49;0.6;0.28;-0.19;0.26
26.539;0.03;-0.49;0.6;0.28;-0.42;0.32
26.541;-0.05;-0.44;0.73;0.28;-0.42;0.32
26.542;-0.05;-0.44;0.73;0.23;-0.53;0.35
26.546;-0.11;-0.25;0.91;0.23;-0.53;0.35
26.55;-0.11;-0.25;0.91;0.17;-0.5;0.33
26.572;-0.14;-0.05;1.03;0.17;-0.5;0.33
26.574;-0.14;-0.05;1.03;0.12;-0.38;0.23
26.575;-0.12;0.11;1.09;0.12;-0.38;0.23
26.575;-0.12;0.11;1.09;0.07;-0.28;0.09
26.58;-0.08;0.21;1.11;0.07;-0.28;0.09
26.581;-0.08;0.21;1.11;-0.02;-0.17;-0.08
26.59;-0.07;0.21;1.1;-0.02;-0.17;-0.08
26.592;-0.07;0.21;1.1;-0.12;-0.08;-0.21
26.596;-0.09;0.29;1.07;-0.12;-0.08;-0.21
26.601;-0.09;0.29;1.07;-0.21;-0.07;-0.26
26.607;-0.08;0.29;0.97;-0.21;-0.07;-0.26
26.61;-0.08;0.29;0.97;-0.25;-0.04;-0.3
26.616;-0.09;0.24;0.87;-0.25;-0.04;-0.3
26.637;-0.09;0.24;0.87;-0.23;0.02;-0.3
26.639;-0.06;0.15;0.78;-0.23;0.02;-0.3
26.64;-0.06;0.15;0.78;-0.18;0.06;-0.27
26.641;-0.02;0.11;0.68;-0.18;0.06;-0.27
26.642;-0.02;0.11;0.68;-0.12;0.07;-0.25
26.646;0.0;0.07;0.59;-0.12;0.07;-0.25
26.651;0.0;0.07;0.59;-0.07;0.04;-0.26
26.675;0.0;0.04;0.55;-0.07;0.04;-0.26
26.677;0.0;0.04;0.55;-0.05;-0.04;-0.31
26.678;0.0;-0.01;0.53;-0.05;-0.04;-0.31
26.679;0.0;-0.01;0.53;-0.05;-0.15;-0.37
26.679;-0.04;-0.06;0.57;-0.05;-0.15;-0.37
26.681;-0.04;-0.06;0.57;-0.07;-0.27;-0.43
26.691;-0.1;-0.1;0.64;-0.07;-0.27;-0.43
26.693;-0.1;-0.1;0.64;-0.1;-0.39;-0.49
26.696;-0.16;-0.15;0.72;-0.1;-0.39;-0.49
26.7;-0.16;-0.15;0.72;-0.13;-0.47;-0.51
26.707;-0.21;-0.18;0.82;-0.13;-0.47;-0.51
26.711;-0.21;-0.18;0.82;-0.16;-0.52;-0.51
26.716;-0.24;-0.2;0.92;-0.16;-0.52;-0.51
26.734;-0.24;-0.2;0.92;-0.18;-0.53;-0.5
26.736;-0.26;-0.21;0.98;-0.18;-0.53;-0.5
26.737;-0.26;-0.21;0.98;-0.17;-0.5;-0.47
26.738;-0.27;-0.21;1.02;-0.17;-0.5;-0.47
26.741;-0.27;-0.21;1.02;-0.14;-0.44;-0.44
26.747;-0.26;-0.21;1.02;-0.14;-0.44;-0.44
26.75;-0.26;-0.21;1.02;-0.09;-0.38;-0.39
26.767;-0.24;-0.2;0.99;-0.09;-0.38;-0.39
26.768;-0.24;-0.2;0.99;-0.04;-0.32;-0.33
26.77;-0.23;-0.18;0.95;-0.04;-0.32;-0.33
26.771;-0.23;-0.18;0.95;0.0;-0.26;-0.27
26.778;-0.21;-0.15;0.91;0.0;-0.26;-0.27
26.78;-0.21;-0.15;0.91;0.03;-0.21;-0.2
26.79;-0.2;-0.12;0.88;0.03;-0.21;-0.2
26.791;-0.2;-0.12;0.88;0.04;-0.17;-0.15
26.796;-0.2;-0.08;0.88;0.04;-0.17;-0.15
26.8;-0.2;-0.08;0.88;0.04;-0.14;-0.11
26.806;-0.2;-0.05;0.9;0.04;-0.14;-0.11
26.811;-0.2;-0.05;0.9;0.04;-0.12;-0.09
26.816;-0.2;-0.03;0.95;0.04;-0.12;-0.09
26.834;-0.2;-0.03;0.95;0.05;-0.11;-0.08
26.837;-0.2;-0.01;1.02;0.05;-0.11;-0.08
26.839;-0.2;-0.01;1.02;0.07;-0.11;-0.1
26.84;-0.2;-0.01;1.09;0.07;-0.11;-0.1
26.842;-0.2;-0.01;1.09;0.1;-0.09;-0.13
26.847;-0.19;-0.02;1.15;0.1;-0.09;-0.13
26.851;-0.19;-0.02;1.15;0.14;-0.06;-0.14
26.865;-0.18;-0.03;1.18;0.14;-0.06;-0.14
26.868;-0.18;-0.03;1.18;0.17;-0.04;-0.12
26.872;-0.2;-0.06;1.18;0.17;-0.04;-0.12
26.874;-0.2;-0.06;1.18;0.2;-0.04;-0.08
26.878;-0.25;-0.12;1.18;0.2;-0.04;-0.08
26.883;-0.25;-0.12;1.18;0.2;-0.07;-0.04
26.891;-0.32;-0.17;1.2;0.2;-0.07;-0.04
26.893;-0.32;-0.17;1.2;0.15;-0.1;-0.01
26.896;-0.41;-0.2;1.24;0.15;-0.1;-0.01
26.9;-0.41;-0.2;1.24;0.08;-0.09;0.01
26.907;-0.48;-0.19;1.27;0.08;-0.09;0.01
26.91;-0.48;-0.19;1.27;0.0;-0.02;0.02
26.916;-0.53;-0.16;1.28;0.0;-0.02;0.02
26.921;-0.53;-0.16;1.28;-0.06;0.12;0.01
26.927;-0.54;-0.12;1.26;-0.06;0.12;0.01
26.93;-0.54;-0.12;1.26;-0.11;0.32;0.01
26.948;-0.45;-0.08;1.23;-0.11;0.32;0.01
26.951;-0.45;-0.08;1.23;-0.15;0.49;0.0
26.954;-0.3;-0.07;1.22;-0.15;0.49;0.0
26.957;-0.3;-0.07;1.22;-0.16;0.6;0.02
26.959;-0.09;-0.09;1.16;-0.16;0.6;0.02
26.975;-0.09;-0.09;1.16;-0.18;0.57;0.06
26.977;0.04;-0.06;1.23;-0.18;0.57;0.06
26.978;0.04;-0.06;1.23;-0.25;0.34;0.08
26.979;0.08;-0.06;1.39;-0.25;0.34;0.08
26.98;0.08;-0.06;1.39;-0.3;0.03;0.07
26.989;0.05;-0.03;1.51;-0.3;0.03;0.07
26.99;0.05;-0.03;1.51;-0.42;-0.16;0.06
26.996;-0.02;-0.03;1.57;-0.42;-0.16;0.06
27.0;-0.02;-0.03;1.57;-0.46;0.04;0.05
27.006;-0.06;-0.07;1.55;-0.46;0.04;0.05
27.011;-0.06;-0.07;1.55;-0.42;0.31;0.11
27.016;-0.02;-0.13;1.43;-0.42;0.31;0.11
27.035;-0.02;-0.13;1.43;-0.35;0.57;0.19
27.037;0.06;-0.12;1.21;-0.35;0.57;0.19
27.038;0.06;-0.12;1.21;-0.29;0.73;0.22
27.04;0.16;-0.05;0.97;-0.29;0.73;0.22
27.042;0.16;-0.05;0.97;-0.25;0.75;0.19
27.046;0.26;0.04;0.78;-0.25;0.75;0.19
27.051;0.26;0.04;0.78;-0.22;0.65;0.11
27.065;0.33;0.13;0.64;-0.22;0.65;0.11
27.067;0.33;0.13;0.64;-0.21;0.48;-0.02
27.068;0.38;0.22;0.51;-0.21;0.48;-0.02
27.077;0.38;0.22;0.51;-0.23;0.23;-0.18
27.082;0.35;0.28;0.45;-0.23;0.23;-0.18
27.083;0.35;0.28;0.45;-0.26;-0.05;-0.34
27.088;0.26;0.3;0.5;-0.26;-0.05;-0.34
27.09;0.26;0.3;0.5;-0.27;-0.3;-0.47
27.096;0.14;0.26;0.64;-0.27;-0.3;-0.47
27.1;0.14;0.26;0.64;-0.24;-0.47;-0.52
27.106;0.04;0.2;0.8;-0.24;-0.47;-0.52
27.111;0.04;0.2;0.8;-0.17;-0.54;-0.5
27.116;-0.08;0.09;0.96;-0.17;-0.54;-0.5
27.134;-0.08;0.09;0.96;-0.08;-0.5;-0.4
27.136;-0.16;-0.02;1.09;-0.08;-0.5;-0.4
27.137;-0.16;-0.02;1.09;0.01;-0.41;-0.23
27.138;-0.19;-0.11;1.17;0.01;-0.41;-0.23
27.14;-0.19;-0.11;1.17;0.1;-0.31;-0.05
27.147;-0.24;-0.17;1.26;0.1;-0.31;-0.05
27.151;-0.24;-0.17;1.26;0.18;-0.19;0.14
27.162;-0.18;-0.2;1.26;0.18;-0.19;0.14
27.163;-0.18;-0.2;1.26;0.22;-0.09;0.25
27.166;-0.15;-0.22;1.24;0.22;-0.09;0.25
27.172;-0.15;-0.22;1.24;0.21;0.01;0.29
27.176;-0.11;-0.2;1.18;0.21;0.01;0.29
27.18;-0.11;-0.2;1.18;0.18;0.11;0.27
27.187;-0.08;-0.15;1.09;0.18;0.11;0.27
27.191;-0.08;-0.15;1.09;0.13;0.21;0.22
27.196;-0.06;-0.1;0.96;0.13;0.21;0.22
27.2;-0.06;-0.1;0.96;0.08;0.27;0.15
27.207;-0.05;-0.08;0.83;0.08;0.27;0.15
27.211;-0.05;-0.08;0.83;0.02;0.28;0.09
27.216;-0.03;-0.04;0.73;0.02;0.28;0.09
27.223;-0.03;-0.04;0.73;-0.04;0.25;0.05
27.226;-0.02;0.0;0.64;-0.04;0.25;0.05
27.23;-0.02;0.0;0.64;-0.07;0.17;0.03
27.248;-0.05;0.01;0.62;-0.07;0.17;0.03
27.25;-0.05;0.01;0.62;-0.07;0.08;0.06
27.252;-0.09;0.03;0.6;-0.07;0.08;0.06
27.252;-0.09;0.03;0.6;-0.04;-0.05;0.13
27.279;-0.11;0.05;0.63;-0.04;-0.05;0.13
27.28;-0.11;0.05;0.63;-0.01;-0.16;0.19
27.281;-0.19;0.1;0.78;-0.01;-0.16;0.19
27.282;-0.19;0.1;0.78;0.03;-0.22;0.24
27.283;-0.21;0.12;0.84;0.03;-0.22;0.24
27.285;-0.21;0.12;0.84;0.07;-0.26;0.29
27.287;-0.22;0.13;0.88;0.07;-0.26;0.29
27.292;-0.22;0.13;0.88;0.1;-0.27;0.31
27.296;-0.22;0.14;0.89;0.1;-0.27;0.31
27.302;-0.22;0.14;0.89;0.1;-0.25;0.3
27.306;-0.2;0.15;0.88;0.1;-0.25;0.3
27.311;-0.2;0.15;0.88;0.1;-0.22;0.27
27.316;-0.17;0.14;0.84;0.1;-0.22;0.27
27.335;-0.17;0.14;0.84;0.08;-0.18;0.22
27.338;-0.16;0.11;0.81;0.08;-0.18;0.22
27.339;-0.16;0.11;0.81;0.05;-0.17;0.15
27.341;-0.16;0.07;0.77;0.05;-0.17;0.15
27.343;-0.16;0.07;0.77;0.01;-0.16;0.09
27.347;-0.16;0.03;0.74;0.01;-0.16;0.09
27.35;-0.16;0.03;0.74;0.01;-0.17;0.05
27.363;-0.17;-0.01;0.73;0.01;-0.17;0.05
27.365;-0.17;-0.01;0.73;-0.07;-0.19;0.03
27.367;-0.17;-0.04;0.73;-0.07;-0.19;0.03
27.378;-0.17;-0.04;0.73;-0.1;-0.21;0.04
27.379;-0.19;-0.08;0.77;-0.1;-0.21;0.04
27.382;-0.19;-0.08;0.77;-0.14;-0.25;0.08
27.394;-0.21;-0.11;0.84;-0.14;-0.25;0.08
27.396;-0.21;-0.11;0.84;-0.17;-0.28;0.15
27.398;-0.21;-0.1;0.94;-0.17;-0.28;0.15
27.401;-0.21;-0.1;0.94;-0.2;-0.29;0.23
27.407;-0.2;-0.09;1.05;-0.2;-0.29;0.23
27.411;-0.2;-0.09;1.05;-0.21;-0.29;0.3
27.416;-0.2;-0.07;1.15;-0.21;-0.29;0.3
27.433;-0.2;-0.07;1.15;-0.2;-0.27;0.35
27.435;-0.19;-0.06;1.21;-0.2;-0.27;0.35
27.438;-0.19;-0.06;1.21;-0.17;-0.24;0.37
27.439;-0.18;-0.05;1.23;-0.17;-0.24;0.37
27.44;-0.18;-0.05;1.23;-0.16;-0.18;0.37
27.446;-0.18;-0.02;1.21;-0.16;-0.18;0.37
27.46;-0.18;-0.02;1.21;-0.16;-0.12;0.33
27.462;-0.2;0.04;1.19;-0.16;-0.12;0.33
27.463;-0.2;0.04;1.19;-0.16;-0.08;0.26
27.467;-0.26;0.09;1.17;-0.16;-0.08;0.26
27.471;-0.26;0.09;1.17;-0.15;-0.04;0.17
27.476;-0.34;0.13;1.17;-0.15;-0.04;0.17
27.48;-0.34;0.13;1.17;-0.12;0.0;0.09
27.486;-0.43;0.15;1.16;-0.12;0.0;0.09
27.491;-0.43;0.15;1.16;-0.09;0.04;0.02
27.496;-0.49;0.15;1.15;-0.09;0.04;0.02
27.505;-0.49;0.15;1.15;-0.05;0.09;-0.02
27.507;-0.51;0.12;1.15;-0.05;0.09;-0.02
27.51;-0.51;0.12;1.15;-0.02;0.14;-0.03
27.517;-0.45;0.1;1.18;-0.02;0.14;-0.03
27.521;-0.45;0.1;1.18;0.02;0.21;-0.01
27.526;-0.28;0.15;1.3;0.02;0.21;-0.01
27.53;-0.28;0.15;1.3;0.07;0.24;0.04
27.547;-0.06;0.23;1.42;0.07;0.24;0.04
27.548;-0.06;0.23;1.42;0.17;0.22;0.06
27.55;0.01;0.21;1.51;0.17;0.22;0.06
27.551;0.01;0.21;1.51;0.29;0.09;0.01
27.575;-0.05;0.13;1.64;0.29;0.09;0.01
27.577;-0.05;0.13;1.64;0.4;-0.05;-0.08
27.578;-0.15;0.02;1.74;0.4;-0.05;-0.08
27.579;-0.15;0.02;1.74;0.5;-0.11;-0.14
27.585;-0.16;-0.05;1.72;0.5;-0.11;-0.14
27.588;-0.16;-0.05;1.72;0.59;-0.01;-0.11
27.589;-0.1;-0.04;1.61;0.59;-0.01;-0.11
27.59;-0.1;-0.04;1.61;0.6;0.23;-0.09
27.596;0.01;0.02;1.39;0.6;0.23;-0.09
27.605;0.01;0.02;1.39;0.51;0.54;-0.14
27.608;0.09;0.02;1.17;0.51;0.54;-0.14
27.61;0.09;0.02;1.17;0.38;0.78;-0.22
27.616;0.15;-0.03;0.95;0.38;0.78;-0.22
27.62;0.15;-0.03;0.95;0.28;0.91;-0.27
27.626;0.18;-0.11;0.76;0.28;0.91;-0.27
27.63;0.18;-0.11;0.76;0.2;0.93;-0.26
27.647;0.18;-0.19;0.62;0.2;0.93;-0.26
27.648;0.18;-0.19;0.62;0.15;0.59;0.0
27.649;0.17;-0.27;0.48;0.15;0.59;0.0
27.651;0.17;-0.27;0.48;0.14;0.28;0.19
27.675;0.16;-0.36;0.44;0.14;0.28;0.19
27.677;0.16;-0.36;0.44;0.15;0.0;0.35
27.678;0.11;-0.44;0.47;0.15;0.0;0.35
27.678;0.11;-0.44;0.47;0.19;-0.27;0.45
27.679;0.01;-0.44;0.57;0.19;-0.27;0.45
27.68;0.01;-0.44;0.57;0.2;-0.47;0.51
27.688;-0.02;-0.33;0.74;0.2;-0.47;0.51
27.69;-0.02;-0.33;0.74;0.18;-0.56;0.52
27.697;-0.06;-0.17;0.94;0.18;-0.56;0.52
27.702;-0.06;-0.17;0.94;0.15;-0.5;0.47
27.706;-0.07;-0.03;1.06;0.15;-0.5;0.47
27.71;-0.07;-0.03;1.06;0.12;-0.4;0.34
27.718;-0.07;0.13;1.09;0.12;-0.4;0.34
27.721;-0.07;0.13;1.09;0.04;-0.32;0.16
27.726;-0.08;0.09;1.11;0.04;-0.32;0.16
27.73;-0.08;0.09;1.11;-0.07;-0.19;0.02
27.747;-0.09;0.17;1.15;-0.07;-0.19;0.02
27.748;-0.09;0.17;1.15;-0.11;-0.14;-0.04
27.749;-0.09;0.24;1.1;-0.11;-0.14;-0.04
27.754;-0.09;0.24;1.1;-0.16;-0.12;-0.09
27.778;-0.09;0.25;1.07;-0.16;-0.12;-0.09
27.781;-0.09;0.25;1.07;-0.2;-0.08;-0.14
27.782;-0.09;0.2;1.03;-0.2;-0.08;-0.14
27.783;-0.09;0.2;1.03;-0.19;-0.01;-0.15
27.784;-0.09;0.14;0.97;-0.19;-0.01;-0.15
27.786;-0.09;0.14;0.97;-0.15;0.04;-0.11
27.788;-0.07;0.1;0.88;-0.15;0.04;-0.11
27.791;-0.07;0.1;0.88;-0.11;0.06;-0.09
27.796;-0.04;0.07;0.79;-0.11;0.06;-0.09
27.802;-0.04;0.07;0.79;-0.08;0.05;-0.1
27.806;-0.01;0.03;0.72;-0.08;0.05;-0.1
27.814;-0.01;0.03;0.72;-0.06;0.02;-0.14
27.816;0.0;-0.01;0.66;-0.06;0.02;-0.14
27.821;0.0;-0.01;0.66;-0.06;-0.05;-0.19
27.826;-0.02;-0.04;0.61;-0.06;-0.05;-0.19
27.83;-0.02;-0.04;0.61;-0.08;-0.14;-0.24
27.85;-0.03;-0.08;0.62;-0.08;-0.14;-0.24
27.852;-0.03;-0.08;0.62;-0.1;-0.21;-0.29
27.853;-0.05;-0.11;0.65;-0.1;-0.21;-0.29
27.854;-0.05;-0.11;0.65;-0.13;-0.27;-0.34
27.856;-0.1;-0.14;0.67;-0.13;-0.27;-0.34
27.86;-0.1;-0.14;0.67;-0.16;-0.33;-0.36
27.88;-0.13;-0.16;0.71;-0.16;-0.33;-0.36
27.882;-0.13;-0.16;0.71;-0.18;-0.38;-0.36
27.883;-0.16;-0.19;0.75;-0.18;-0.38;-0.36
27.884;-0.16;-0.19;0.75;-0.19;-0.41;-0.35
27.892;-0.19;-0.19;0.81;-0.19;-0.41;-0.35
27.894;-0.19;-0.19;0.81;-0.18;-0.44;-0.32
27.896;-0.2;-0.19;0.86;-0.18;-0.44;-0.32
27.907;-0.2;-0.19;0.86;-0.15;-0.44;-0.27
27.909;-0.21;-0.18;0.91;-0.15;-0.44;-0.27
27.911;-0.21;-0.18;0.91;-0.09;-0.43;-0.21
27.917;-0.21;-0.13;0.92;-0.09;-0.43;-0.21
27.92;-0.21;-0.13;0.92;-0.05;-0.4;-0.16
27.926;-0.21;-0.1;0.92;-0.05;-0.4;-0.16
27.931;-0.21;-0.1;0.92;0.0;-0.36;-0.12
27.947;-0.2;-0.07;0.92;0.0;-0.36;-0.12
27.948;-0.2;-0.07;0.92;0.03;-0.31;-0.09
27.949;-0.19;-0.03;0.92;0.03;-0.31;-0.09
27.953;-0.19;-0.03;0.92;0.05;-0.27;-0.07
27.974;-0.19;0.01;0.95;0.05;-0.27;-0.07
27.976;-0.19;0.01;0.95;0.07;-0.25;-0.08
27.978;-0.18;0.03;0.99;0.07;-0.25;-0.08
27.978;-0.18;0.03;0.99;0.09;-0.24;-0.11
27.979;-0.18;0.04;1.06;0.09;-0.24;-0.11
27.981;-0.18;0.04;1.06;0.11;-0.23;-0.14
27.987;-0.2;0.04;1.14;0.11;-0.23;-0.14
27.99;-0.2;0.04;1.14;0.13;-0.21;-0.19
27.996;-0.2;0.02;1.21;0.13;-0.21;-0.19
28.001;-0.2;0.02;1.21;0.14;-0.18;-0.22
28.007;-0.2;0.0;1.26;0.14;-0.18;-0.22
28.01;-0.2;0.0;1.26;0.16;-0.12;-0.23
28.018;-0.19;-0.04;1.27;0.16;-0.12;-0.23
28.02;-0.19;-0.04;1.27;0.19;-0.05;-0.2
28.026;-0.22;-0.09;1.25;0.19;-0.05;-0.2
28.031;-0.22;-0.09;1.25;0.21;0.0;-0.17
28.047;-0.28;-0.15;1.24;0.21;0.0;-0.17
28.048;-0.28;-0.15;1.24;0.2;0.03;-0.14
28.05;-0.36;-0.17;1.22;0.2;0.03;-0.14
28.051;-0.36;-0.17;1.22;0.18;0.07;-0.1
28.076;-0.44;-0.17;1.22;0.18;0.07;-0.1
28.078;-0.44;-0.17;1.22;0.14;0.12;-0.08
28.079;-0.49;-0.13;1.2;0.14;0.12;-0.08
28.08;-0.49;-0.13;1.2;0.1;0.21;-0.07
28.084;-0.52;-0.09;1.17;0.1;0.21;-0.07
28.085;-0.52;-0.09;1.17;0.08;0.32;-0.07
28.088;-0.5;-0.06;1.13;0.08;0.32;-0.07
28.09;-0.5;-0.06;1.13;0.06;0.42;-0.08
28.096;-0.38;-0.04;1.1;0.06;0.42;-0.08
28.103;-0.38;-0.04;1.1;0.03;0.5;-0.1
28.106;-0.17;-0.09;1.08;0.03;0.5;-0.1
28.11;-0.17;-0.09;1.08;0.0;0.5;-0.08
28.118;-0.03;-0.16;1.12;0.0;0.5;-0.08
28.12;-0.03;-0.16;1.12;-0.1;0.37;-0.05
28.126;0.01;-0.12;1.29;-0.1;0.37;-0.05
28.131;0.01;-0.12;1.29;-0.23;0.1;-0.04
28.144;0.03;-0.13;1.5;-0.23;0.1;-0.04
28.145;0.03;-0.13;1.5;-0.29;-0.14;-0.02
28.147;-0.03;-0.13;1.62;-0.29;-0.14;-0.02
28.174;-0.03;-0.13;1.62;-0.35;-0.21;0.02
28.176;-0.07;-0.14;1.66;-0.35;-0.21;0.02
28.177;-0.07;-0.14;1.66;-0.44;-0.07;0.03
28.178;-0.03;-0.18;1.6;-0.44;-0.07;0.03
28.179;-0.03;-0.18;1.6;-0.45;0.2;0.08
28.183;0.07;-0.2;1.39;-0.45;0.2;0.08
28.184;0.07;-0.2;1.39;-0.41;0.52;0.17
28.188;0.18;-0.16;1.14;-0.41;0.52;0.17
28.19;0.18;-0.16;1.14;-0.35;0.77;0.24
28.196;0.28;-0.08;0.93;-0.35;0.77;0.24
28.204;0.28;-0.08;0.93;-0.31;0.86;0.25
28.207;0.37;0.02;0.75;-0.31;0.86;0.25
28.211;0.37;0.02;0.75;-0.28;0.83;0.22
28.219;0.4;0.12;0.61;-0.28;0.83;0.22
28.221;0.4;0.12;0.61;-0.27;0.69;0.14
28.226;0.38;0.22;0.52;-0.27;0.69;0.14
28.231;0.38;0.22;0.52;-0.29;0.48;0.03
28.25;0.28;0.26;0.56;-0.29;0.48;0.03
28.252;0.28;0.26;0.56;-0.31;0.2;-0.12
28.253;0.19;0.3;0.58;-0.31;0.2;-0.12
28.254;0.19;0.3;0.58;-0.29;-0.09;-0.26
28.256;0.07;0.3;0.72;-0.29;-0.09;-0.26
28.26;0.07;0.3;0.72;-0.28;-0.31;-0.35
28.284;-0.03;0.22;0.88;-0.28;-0.31;-0.35
28.286;-0.03;0.22;0.88;-0.25;-0.44;-0.38
28.287;-0.12;0.1;1.03;-0.25;-0.44;-0.38
28.289;-0.12;0.1;1.03;-0.17;-0.47;-0.34
28.29;-0.17;-0.01;1.12;-0.17;-0.47;-0.34
28.291;-0.17;-0.01;1.12;0.02;-0.4;-0.11
28.296;-0.2;-0.1;1.16;0.02;-0.4;-0.11
28.3;-0.2;-0.1;1.16;0.11;-0.21;0.04
28.306;-0.19;-0.15;1.22;0.11;-0.21;0.04
28.311;-0.19;-0.15;1.22;0.19;-0.1;0.17
28.331;-0.14;-0.18;1.2;0.19;-0.1;0.17
28.333;-0.14;-0.18;1.2;0.22;-0.01;0.22
28.334;-0.11;-0.19;1.16;0.22;-0.01;0.22
28.335;-0.11;-0.19;1.16;0.21;0.09;0.22
28.336;-0.06;-0.18;1.09;0.21;0.09;0.22
28.34;-0.06;-0.18;1.09;0.2;0.16;0.18
28.346;-0.04;-0.15;1.0;0.2;0.16;0.18
28.362;-0.04;-0.15;1.0;0.15;0.23;0.12
28.364;-0.03;-0.12;0.89;0.15;0.23;0.12
28.365;-0.03;-0.12;0.89;0.09;0.28;0.06
28.367;-0.02;-0.08;0.77;0.09;0.28;0.06
28.374;-0.02;-0.08;0.77;0.03;0.28;0.01
28.376;-0.04;-0.06;0.68;0.03;0.28;0.01
28.381;-0.04;-0.06;0.68;-0.03;0.23;-0.01
28.387;-0.05;-0.03;0.63;-0.03;0.23;-0.01
28.39;-0.05;-0.03;0.63;-0.06;0.17;0.01
28.396;-0.08;0.0;0.62;-0.06;0.17;0.01
28.4;-0.08;0.0;0.62;-0.06;0.09;0.05
28.406;-0.14;0.02;0.64;-0.06;0.09;0.05
28.41;-0.14;0.02;0.64;-0.04;0.0;0.11
28.418;-0.17;0.06;0.72;-0.04;0.0;0.11
28.42;-0.17;0.06;0.72;0.0;-0.05;0.17
28.426;-0.23;0.09;0.79;0.0;-0.05;0.17
28.43;-0.23;0.09;0.79;0.04;-0.09;0.22
28.448;-0.26;0.13;0.86;0.04;-0.09;0.22
28.449;-0.26;0.13;0.86;0.08;-0.09;0.25
28.451;-0.28;0.15;0.9;0.08;-0.09;0.25
28.451;-0.28;0.15;0.9;0.1;-0.06;0.25
28.456;-0.28;0.16;0.92;0.1;-0.06;0.25
28.46;-0.28;0.16;0.92;0.11;-0.02;0.24
28.479;-0.25;0.16;0.9;0.11;-0.02;0.24
28.48;-0.25;0.16;0.9;0.1;0.01;0.19
28.482;-0.22;0.16;0.86;0.1;0.01;0.19
28.482;-0.22;0.16;0.86;0.07;0.03;0.12
28.489;-0.2;0.14;0.81;0.07;0.03;0.12
28.491;-0.2;0.14;0.81;0.04;0.04;0.04
28.496;-0.19;0.11;0.76;0.04;0.04;0.04
28.501;-0.19;0.11;0.76;0.01;0.03;-0.03
28.506;-0.18;0.07;0.72;0.01;0.03;-0.03
28.511;-0.18;0.07;0.72;-0.01;0.01;-0.07
28.519;-0.19;0.02;0.68;-0.01;0.01;-0.07
28.521;-0.19;0.02;0.68;-0.03;-0.03;-0.07
28.526;-0.2;-0.02;0.65;-0.03;-0.03;-0.07
28.531;-0.2;-0.02;0.65;-0.05;-0.1;-0.02
28.548;-0.2;-0.07;0.68;-0.05;-0.1;-0.02
28.549;-0.2;-0.07;0.68;-0.07;-0.18;0.05
28.55;-0.22;-0.11;0.74;-0.07;-0.18;0.05
28.551;-0.22;-0.11;0.74;-0.09;-0.24;0.13
28.556;-0.24;-0.14;0.95;-0.09;-0.24;0.13
28.56;-0.24;-0.14;0.95;-0.1;-0.27;0.23
28.576;-0.2;-0.14;1.07;-0.1;-0.27;0.23
28.578;-0.2;-0.14;1.07;-0.1;-0.28;0.3
28.586;-0.16;-0.09;1.15;-0.1;-0.28;0.3
28.587;-0.16;-0.09;1.15;-0.1;-0.27;0.33
28.589;-0.16;-0.03;1.2;-0.1;-0.27;0.33
28.592;-0.16;-0.03;1.2;-0.09;-0.22;0.31
28.606;-0.18;0.06;1.22;-0.09;-0.22;0.31
28.608;-0.18;0.06;1.22;-0.07;-0.17;0.25
28.611;-0.18;0.06;1.22;-0.03;-0.13;0.18
28.622;-0.33;0.2;1.25;-0.03;-0.13;0.18
28.624;-0.33;0.2;1.25;0.03;-0.09;0.1
28.627;-0.43;0.23;1.28;0.03;-0.09;0.1
28.631;-0.43;0.23;1.28;0.09;-0.03;0.04
28.652;-0.52;0.21;1.3;0.09;-0.03;0.04
28.654;-0.52;0.21;1.3;0.14;0.05;-0.02
28.656;-0.56;0.15;1.27;0.14;0.05;-0.02
28.657;-0.56;0.15;1.27;0.17;0.16;-0.06
28.661;-0.56;0.15;1.27;0.17;0.29;-0.05
28.692;-0.55;0.06;1.2;0.17;0.29;-0.05
28.693;-0.55;0.06;1.2;0.17;0.29;-0.05
28.694;-0.55;0.06;1.2;0.17;0.4;0.0
28.695;-0.41;0.06;1.21;0.17;0.4;0.0
28.696;-0.41;0.06;1.21;0.16;0.46;0.07
28.697;-0.17;0.15;1.28;0.16;0.46;0.07
28.699;-0.17;0.15;1.28;0.17;0.44;0.12
28.701;0.01;0.2;1.33;0.17;0.44;0.12
28.703;0.01;0.2;1.33;0.24;0.3;0.1
28.706;0.04;0.17;1.47;0.24;0.3;0.1
28.71;0.04;0.17;1.47;0.32;0.06;0.01
28.729;-0.02;0.12;1.61;0.32;0.06;0.01
28.731;-0.02;0.12;1.61;0.43;-0.13;-0.06
28.732;-0.05;0.09;1.7;0.43;-0.13;-0.06
28.734;-0.05;0.09;1.7;0.55;-0.18;-0.07
28.761;-0.04;0.11;1.67;0.55;-0.18;-0.07
28.763;-0.04;0.11;1.67;0.62;-0.06;-0.08
28.764;0.03;0.13;1.54;0.62;-0.06;-0.08
28.765;0.03;0.13;1.54;0.59;0.2;-0.16
28.767;0.1;0.11;1.33;0.59;0.2;-0.16
28.768;0.1;0.11;1.33;0.51;0.5;-0.26
28.769;0.17;0.03;1.09;0.51;0.5;-0.26
28.77;0.17;0.03;1.09;0.42;0.73;-0.34
28.776;0.2;-0.07;0.87;0.42;0.73;-0.34
28.78;0.2;-0.07;0.87;0.33;0.84;-0.38
28.786;0.21;-0.16;0.73;0.33;0.84;-0.38
28.79;0.21;-0.16;0.73;0.26;0.83;-0.36
28.796;0.14;-0.23;0.57;0.26;0.83;-0.36
28.8;0.14;-0.23;0.57;0.24;0.7;-0.27
28.806;0.15;-0.34;0.57;0.24;0.7;-0.27
28.81;0.15;-0.34;0.57;0.22;0.39;-0.08
28.82;0.07;-0.48;0.54;0.22;0.39;-0.08
28.821;0.07;-0.48;0.54;0.28;0.12;0.06
28.827;-0.01;-0.57;0.57;0.28;0.12;0.06
28.83;-0.01;-0.57;0.57;0.31;-0.12;0.17
28.836;-0.07;-0.54;0.68;0.31;-0.12;0.17
28.841;-0.07;-0.54;0.68;0.28;-0.33;0.23
28.846;-0.12;-0.35;0.84;0.28;-0.33;0.23
28.861;-0.12;-0.35;0.84;0.23;-0.46;0.27
28.862;-0.14;-0.16;0.93;0.23;-0.46;0.27
28.863;-0.14;-0.16;0.93;0.17;-0.48;0.28
28.886;-0.12;0.1;1.0;0.17;-0.48;0.28
28.888;-0.12;0.1;1.0;0.11;-0.44;0.23
28.888;-0.12;0.1;1.0;0.05;-0.38;0.14
28.889;-0.13;0.13;1.06;0.05;-0.38;0.14
28.891;-0.13;0.13;1.06;-0.08;-0.2;0.0
28.896;-0.11;0.26;1.06;-0.08;-0.2;0.0
28.913;-0.11;0.26;1.06;-0.14;-0.14;-0.04
28.914;-0.11;0.3;1.03;-0.14;-0.14;-0.04
28.915;-0.11;0.3;1.03;-0.17;-0.15;-0.05
28.917;-0.11;0.27;1.03;-0.17;-0.15;-0.05
28.92;-0.11;0.27;1.03;-0.19;-0.11;-0.09
28.926;-0.12;0.23;0.98;-0.19;-0.11;-0.09
28.93;-0.12;0.23;0.98;-0.16;-0.04;-0.08
28.936;-0.12;0.19;0.91;-0.16;-0.04;-0.08
28.94;-0.12;0.19;0.91;-0.02;0.07;-0.06
28.946;-0.09;0.15;0.81;-0.02;0.07;-0.06
28.962;-0.09;0.15;0.81;0.03;0.09;-0.09
28.964;-0.07;0.1;0.72;0.03;0.09;-0.09
28.965;-0.07;0.1;0.72;0.04;0.08;-0.15
28.993;-0.05;0.04;0.65;0.04;0.08;-0.15
28.995;-0.05;0.04;0.65;0.02;0.04;-0.23
28.996;-0.05;-0.01;0.59;0.02;0.04;-0.23
28.997;-0.05;-0.01;0.59;-0.01;-0.03;-0.31
28.998;-0.08;-0.06;0.58;-0.01;-0.03;-0.31
28.999;-0.08;-0.06;0.58;-0.06;-0.1;-0.39
28.999;-0.11;-0.12;0.58;-0.06;-0.1;-0.39
29.005;-0.11;-0.12;0.58;-0.12;-0.17;-0.44
29.007;-0.14;-0.18;0.6;-0.12;-0.17;-0.44
29.01;-0.14;-0.18;0.6;-0.17;-0.25;-0.47
29.02;-0.18;-0.22;0.65;-0.17;-0.25;-0.47
29.022;-0.18;-0.22;0.65;-0.2;-0.32;-0.45
29.026;-0.22;-0.23;0.73;-0.2;-0.32;-0.45
29.03;-0.22;-0.23;0.73;-0.2;-0.37;-0.42
29.046;-0.24;-0.22;0.8;-0.2;-0.37;-0.42
29.047;-0.24;-0.22;0.8;-0.18;-0.4;-0.37
29.048;-0.26;-0.2;0.86;-0.18;-0.4;-0.37
29.051;-0.26;-0.2;0.86;-0.14;-0.41;-0.32
29.056;-0.25;-0.17;0.89;-0.14;-0.41;-0.32
29.06;-0.25;-0.17;0.89;-0.09;-0.4;-0.26
29.073;-0.24;-0.12;0.91;-0.09;-0.4;-0.26
29.075;-0.24;-0.12;0.91;-0.06;-0.37;-0.21
29.076;-0.21;-0.08;0.92;-0.06;-0.37;-0.21
29.08;-0.21;-0.08;0.92;-0.03;-0.34;-0.18
29.086;-0.18;-0.04;0.93;-0.03;-0.34;-0.18
29.09;-0.18;-0.04;0.93;-0.01;-0.31;-0.17
29.096;-0.15;0.01;0.94;-0.01;-0.31;-0.17
29.101;-0.15;0.01;0.94;0.0;-0.28;-0.19
29.106;-0.14;0.04;0.98;0.0;-0.28;-0.19
29.11;-0.14;0.04;0.98;0.02;-0.24;-0.21
29.116;-0.15;0.07;1.04;0.02;-0.24;-0.21
29.12;-0.15;0.07;1.04;0.05;-0.19;-0.25
29.126;-0.17;0.11;1.13;0.05;-0.19;-0.25
29.142;-0.17;0.11;1.13;0.1;-0.12;-0.29
29.143;-0.18;0.12;1.21;0.1;-0.12;-0.29
29.144;-0.18;0.12;1.21;0.14;-0.03;-0.34
29.173;-0.21;0.11;1.26;0.14;-0.03;-0.34
29.174;-0.21;0.11;1.26;0.18;0.07;-0.38
29.175;-0.24;0.07;1.28;0.18;0.07;-0.38
29.177;-0.24;0.07;1.28;0.2;0.17;-0.38
29.178;-0.26;-0.01;1.26;0.2;0.17;-0.38
29.178;-0.26;-0.01;1.26;0.2;0.22;-0.36
29.18;-0.3;-0.11;1.21;0.2;0.22;-0.36
29.183;-0.3;-0.11;1.21;0.16;0.24;-0.34
29.186;-0.36;-0.22;1.17;0.16;0.24;-0.34
29.191;-0.36;-0.22;1.17;0.1;0.22;-0.31
29.201;-0.5;-0.31;1.16;0.1;0.22;-0.31
29.203;-0.5;-0.31;1.16;0.05;0.21;-0.25
29.206;-0.53;-0.31;1.13;0.05;0.21;-0.25
29.21;-0.53;-0.31;1.13;0.01;0.21;-0.19
29.218;-0.54;-0.21;1.11;0.01;0.21;-0.19
29.22;-0.54;-0.21;1.11;-0.03;0.24;-0.15
29.226;-0.51;-0.15;1.09;-0.03;0.24;-0.15
29.232;-0.51;-0.15;1.09;-0.06;0.29;-0.13
29.236;-0.42;-0.11;1.11;-0.06;0.29;-0.13
29.24;-0.42;-0.11;1.11;-0.07;0.34;-0.12
29.246;-0.24;-0.11;1.12;-0.07;0.34;-0.12
29.264;-0.24;-0.11;1.12;-0.06;0.34;-0.1
29.267;-0.16;-0.14;1.17;-0.06;0.34;-0.1
29.268;-0.16;-0.14;1.17;-0.09;0.26;-0.08
29.269;-0.03;-0.16;1.33;-0.09;0.26;-0.08
29.272;-0.03;-0.16;1.33;-0.16;0.1;-0.08
29.276;0.01;-0.17;1.49;-0.16;0.1;-0.08
29.28;0.01;-0.17;1.49;-0.22;-0.08;-0.08
29.292;-0.01;-0.18;1.63;-0.22;-0.08;-0.08
29.294;-0.01;-0.18;1.63;-0.28;-0.13;-0.07
29.297;-0.03;-0.16;1.61;-0.28;-0.13;-0.07
29.306;-0.03;-0.16;1.61;-0.35;-0.03;-0.03
29.308;-0.04;-0.19;1.51;-0.35;-0.03;-0.03
29.31;-0.04;-0.19;1.51;-0.4;0.18;0.05
29.317;0.01;-0.22;1.35;-0.4;0.18;0.05
29.32;0.01;-0.22;1.35;-0.41;0.4;0.14
29.326;0.09;-0.2;1.14;-0.41;0.4;0.14
29.34;0.09;-0.2;1.14;-0.4;0.58;0.24
29.341;0.17;-0.15;0.95;-0.4;0.58;0.24
29.342;0.17;-0.15;0.95;-0.4;0.68;0.29
29.346;0.24;-0.08;0.77;-0.4;0.68;0.29
29.371;0.24;-0.08;0.77;-0.39;0.69;0.32
29.373;0.28;0.0;0.61;-0.39;0.69;0.32
29.374;0.28;0.0;0.61;-0.41;0.61;0.31
29.375;0.29;0.11;0.5;-0.41;0.61;0.31
29.376;0.29;0.11;0.5;-0.46;0.47;0.28
29.377;0.25;0.2;0.47;-0.46;0.47;0.28
29.383;0.25;0.2;0.47;-0.5;0.24;0.21
29.386;0.15;0.24;0.54;-0.5;0.24;0.21
29.39;0.15;0.24;0.54;-0.5;-0.01;0.14
29.397;0.05;0.22;0.68;-0.5;-0.01;0.14
29.4;0.05;0.22;0.68;-0.46;-0.24;0.07
29.406;-0.05;0.16;0.86;-0.46;-0.24;0.07
29.41;-0.05;0.16;0.86;-0.38;-0.42;0.06
29.416;-0.13;0.08;1.02;-0.38;-0.42;0.06
29.42;-0.13;0.08;1.02;-0.25;-0.49;0.1
29.426;-0.18;0.0;1.14;-0.25;-0.49;0.1
29.45;-0.18;0.0;1.14;-0.13;-0.46;0.17
29.452;-0.22;-0.06;1.24;-0.13;-0.46;0.17
29.453;-0.22;-0.06;1.24;-0.02;-0.37;0.26
29.454;-0.21;-0.12;1.29;-0.02;-0.37;0.26
29.455;-0.21;-0.12;1.29;0.07;-0.25;0.36
29.456;-0.2;-0.16;1.28;0.07;-0.25;0.36
29.46;-0.2;-0.16;1.28;0.12;-0.11;0.44
29.478;-0.17;-0.15;1.22;0.12;-0.11;0.44
29.479;-0.17;-0.15;1.22;0.12;0.02;0.48
29.48;-0.14;-0.11;1.13;0.12;0.02;0.48
29.482;-0.14;-0.11;1.13;0.1;0.14;0.48
29.491;-0.11;-0.08;0.98;0.1;0.14;0.48
29.493;-0.11;-0.08;0.98;0.06;0.25;0.44
29.496;-0.08;-0.05;0.83;0.06;0.25;0.44
29.503;-0.08;-0.05;0.83;0.0;0.32;0.38
29.506;-0.05;-0.03;0.7;0.0;0.32;0.38
29.511;-0.05;-0.03;0.7;-0.06;0.34;0.31
29.517;-0.07;-0.01;0.6;-0.06;0.34;0.31
29.52;-0.07;-0.01;0.6;-0.12;0.31;0.26
29.526;-0.06;0.01;0.53;-0.12;0.31;0.26
29.544;-0.06;0.01;0.53;-0.15;0.22;0.26
29.548;-0.07;0.02;0.5;-0.15;0.22;0.26
29.548;-0.07;0.02;0.5;-0.16;0.1;0.28
29.549;-0.09;0.02;0.5;-0.16;0.1;0.28
29.575;-0.09;0.02;0.5;-0.14;-0.05;0.32
29.577;-0.12;0.04;0.57;-0.14;-0.05;0.32
29.578;-0.12;0.04;0.57;-0.11;-0.2;0.37
29.579;-0.14;0.05;0.66;-0.11;-0.2;0.37
29.579;-0.14;0.05;0.66;-0.07;-0.31;0.45
29.582;-0.18;0.05;0.75;-0.07;-0.31;0.45
29.583;-0.18;0.05;0.75;-0.04;-0.4;0.46
29.59;-0.21;0.08;0.85;-0.04;-0.4;0.46
29.591;-0.21;0.08;0.85;0.0;-0.46;0.47
29.596;-0.24;0.09;0.92;0.0;-0.46;0.47
29.6;-0.24;0.09;0.92;0.02;-0.45;0.47
29.606;-0.26;0.1;0.96;0.02;-0.45;0.47
29.611;-0.26;0.1;0.96;0.02;-0.41;0.46
29.618;-0.27;0.08;0.99;0.02;-0.41;0.46
29.621;-0.27;0.08;0.99;0.02;-0.36;0.45
29.626;-0.28;0.06;0.98;0.02;-0.36;0.45
29.633;-0.28;0.06;0.98;0.0;-0.31;0.44
29.637;-0.28;0.03;0.96;0.0;-0.31;0.44
29.641;-0.28;0.03;0.96;-0.04;-0.25;0.43
29.647;-0.28;0.0;0.94;-0.04;-0.25;0.43
29.664;-0.28;0.0;0.94;-0.09;-0.19;0.42
29.666;-0.27;-0.03;0.91;-0.09;-0.19;0.42
29.667;-0.27;-0.03;0.91;-0.14;-0.13;0.43
29.668;-0.27;-0.05;0.88;-0.14;-0.13;0.43
29.67;-0.27;-0.05;0.88;-0.19;-0.08;0.45
29.676;-0.27;-0.06;0.87;-0.19;-0.08;0.45
29.694;-0.27;-0.06;0.87;-0.22;-0.05;0.47
29.698;-0.25;-0.05;0.85;-0.22;-0.05;0.47
29.699;-0.25;-0.05;0.85;-0.24;-0.04;0.48
29.702;-0.18;0.01;0.87;-0.24;-0.04;0.48
29.703;-0.18;0.01;0.87;-0.22;-0.07;0.44
29.707;-0.13;0.06;0.91;-0.22;-0.07;0.44
29.71;-0.13;0.06;0.91;-0.17;-0.14;0.39
29.72;-0.1;0.1;0.94;-0.17;-0.14;0.39
29.722;-0.1;0.1;0.94;-0.1;-0.23;0.33
29.726;-0.1;0.13;0.99;-0.1;-0.23;0.33
29.743;-0.1;0.13;0.99;-0.06;-0.29;0.26
29.745;-0.14;0.15;1.01;-0.06;-0.29;0.26
29.747;-0.14;0.15;1.01;-0.05;-0.3;0.18
29.748;-0.22;0.15;1.04;-0.05;-0.3;0.18
29.774;-0.22;0.15;1.04;-0.06;-0.29;0.09
29.776;-0.32;0.12;1.1;-0.06;-0.29;0.09
29.778;-0.32;0.12;1.1;-0.06;-0.22;0.02
29.779;-0.42;0.06;1.15;-0.06;-0.22;0.02
29.783;-0.42;0.06;1.15;-0.06;-0.13;-0.02
29.785;-0.51;-0.02;1.18;-0.06;-0.13;-0.02
29.786;-0.51;-0.02;1.18;-0.07;-0.01;-0.01
29.787;-0.58;-0.09;1.19;-0.07;-0.01;-0.01
29.791;-0.58;-0.09;1.19;-0.08;0.12;0.03
29.799;-0.62;-0.15;1.19;-0.08;0.12;0.03
29.802;-0.62;-0.15;1.19;-0.08;0.26;0.12
29.806;-0.59;-0.17;1.21;-0.08;0.26;0.12
29.811;-0.59;-0.17;1.21;-0.07;0.37;0.22
29.816;-0.38;-0.08;1.29;-0.07;0.37;0.22
29.82;-0.38;-0.08;1.29;0.02;0.39;0.28
29.826;-0.11;0.08;1.43;0.02;0.39;0.28
29.845;-0.11;0.08;1.43;0.18;0.29;0.24
29.848;0.01;0.13;1.49;0.18;0.29;0.24
29.849;0.01;0.13;1.49;0.31;0.06;0.16
29.851;-0.11;0.06;1.64;0.31;0.06;0.16
29.852;-0.11;0.06;1.64;0.43;-0.11;0.12
29.857;-0.12;0.05;1.63;0.43;-0.11;0.12
29.861;-0.12;0.05;1.63;0.51;-0.09;0.12
29.885;-0.03;0.11;1.52;0.51;-0.09;0.12
29.886;-0.03;0.11;1.52;0.53;0.11;0.13
29.887;0.06;0.15;1.32;0.53;0.11;0.13
29.889;0.06;0.15;1.32;0.47;0.37;0.08
29.89;0.11;0.12;1.06;0.47;0.37;0.08
29.893;0.11;0.12;1.06;0.37;0.57;0.01
29.899;0.14;0.05;0.84;0.37;0.57;0.01
29.903;0.14;0.05;0.84;0.28;0.63;-0.07
29.91;0.17;-0.03;0.69;0.28;0.63;-0.07
29.912;0.17;-0.03;0.69;0.22;0.6;-0.11
29.918;0.16;-0.11;0.59;0.22;0.6;-0.11
29.92;0.16;-0.11;0.59;0.19;0.49;-0.11
29.926;0.12;-0.19;0.59;0.19;0.49;-0.11
29.946;0.12;-0.19;0.59;0.2;0.3;-0.05
29.948;0.08;-0.24;0.46;0.2;0.3;-0.05
29.949;0.08;-0.24;0.46;0.26;0.07;0.04
29.95;0.03;-0.26;0.59;0.26;0.07;0.04
29.952;0.03;-0.26;0.59;0.29;-0.28;0.13
29.961;-0.02;-0.26;0.72;0.29;-0.28;0.13
29.963;-0.02;-0.26;0.72;0.29;-0.56;0.16
29.985;-0.12;-0.15;0.91;0.29;-0.56;0.16
29.987;-0.12;-0.15;0.91;0.23;-0.7;0.1
29.987;-0.17;0.01;1.05;0.23;-0.7;0.1
29.988;-0.17;0.01;1.05;0.17;-0.7;0.07
29.989;-0.18;0.12;1.14;0.17;-0.7;0.07
29.99;-0.18;0.12;1.14;0.14;-0.63;0.02
29.998;-0.17;0.19;1.2;0.14;-0.63;0.02
30.001;-0.17;0.19;1.2;0.09;-0.54;-0.06
30.007;-0.13;0.23;1.24;0.09;-0.54;-0.06
30.012;-0.13;0.23;1.24;0.02;-0.43;-0.14
30.019;-0.13;0.25;1.21;0.02;-0.43;-0.14
30.021;-0.13;0.25;1.21;-0.06;-0.3;-0.23
30.027;-0.13;0.21;1.18;-0.06;-0.3;-0.23
30.031;-0.13;0.21;1.18;-0.15;-0.2;-0.31
30.036;-0.13;0.14;1.1;-0.15;-0.2;-0.31
30.04;-0.13;0.14;1.1;-0.21;-0.06;-0.38
30.066;-0.1;0.09;0.99;-0.21;-0.06;-0.38
30.068;-0.1;0.09;0.99;-0.21;0.09;-0.39
30.069;-0.06;0.05;0.87;-0.21;0.09;-0.39
30.071;-0.06;0.05;0.87;-0.18;0.21;-0.38
30.072;-0.02;0.01;0.73;-0.18;0.21;-0.38
30.073;-0.02;0.01;0.73;-0.13;0.28;-0.38
30.077;0.01;-0.02;0.62;-0.13;0.28;-0.38
30.104;0.01;-0.02;0.62;-0.1;0.29;-0.41
30.109;0.01;-0.05;0.52;-0.1;0.29;-0.41
30.112;0.01;-0.05;0.52;-0.08;0.22;-0.44
30.114;0.03;-0.09;0.47;-0.08;0.22;-0.44
30.115;0.03;-0.09;0.47;-0.06;0.08;-0.48
30.117;0.01;-0.12;0.46;-0.06;0.08;-0.48
30.119;0.01;-0.12;0.46;-0.06;-0.08;-0.53
30.12;-0.03;-0.14;0.49;-0.06;-0.08;-0.53
30.121;-0.03;-0.14;0.49;-0.07;-0.25;-0.57
30.127;-0.07;-0.15;0.56;-0.07;-0.25;-0.57
30.153;-0.07;-0.15;0.56;-0.09;-0.39;-0.6
30.155;-0.12;-0.15;0.65;-0.09;-0.39;-0.6
30.157;-0.12;-0.15;0.65;-0.1;-0.5;-0.61
30.158;-0.15;-0.14;0.76;-0.1;-0.5;-0.61
30.16;-0.15;-0.14;0.76;-0.1;-0.57;-0.61
30.162;-0.18;-0.13;0.84;-0.1;-0.57;-0.61
30.163;-0.18;-0.13;0.84;-0.08;-0.59;-0.61
30.182;-0.2;-0.11;0.92;-0.08;-0.59;-0.61
30.183;-0.2;-0.11;0.92;-0.05;-0.58;-0.58
30.187;-0.21;-0.1;0.96;-0.05;-0.58;-0.58
30.188;-0.21;-0.1;0.96;0.0;-0.56;-0.54
30.188;-0.22;-0.08;0.99;0.0;-0.56;-0.54
30.191;-0.22;-0.08;0.99;0.06;-0.52;-0.5
30.196;-0.22;-0.05;1.01;0.06;-0.52;-0.5
30.2;-0.22;-0.05;1.01;0.11;-0.46;-0.46
30.206;-0.22;-0.03;1.02;0.11;-0.46;-0.46
30.21;-0.22;-0.03;1.02;0.16;-0.4;-0.43
30.216;-0.23;-0.01;1.03;0.16;-0.4;-0.43
30.22;-0.23;-0.01;1.03;0.19;-0.34;-0.41
30.226;-0.23;0.0;1.05;0.19;-0.34;-0.41
30.234;-0.23;0.0;1.05;0.24;-0.27;-0.39
30.236;-0.23;-0.02;1.07;0.24;-0.27;-0.39
30.24;-0.23;-0.02;1.07;0.24;-0.15;-0.4
30.262;-0.22;-0.06;1.11;0.24;-0.15;-0.4
30.263;-0.22;-0.06;1.11;0.21;-0.09;-0.42
30.263;-0.22;-0.11;1.16;0.21;-0.09;-0.42
30.264;-0.22;-0.11;1.16;0.18;-0.03;-0.42
30.266;-0.21;-0.14;1.18;0.18;-0.03;-0.42
30.27;-0.21;-0.14;1.18;0.16;0.03;-0.39
30.276;-0.21;-0.17;1.2;0.16;0.03;-0.39
30.282;-0.21;-0.17;1.2;0.17;0.08;-0.33
30.286;-0.22;-0.18;1.17;0.17;0.08;-0.33
30.29;-0.22;-0.18;1.17;0.18;0.08;-0.26
30.298;-0.25;-0.21;1.13;0.18;0.08;-0.26
30.3;-0.25;-0.21;1.13;0.18;0.05;-0.2
30.306;-0.31;-0.22;1.13;0.18;0.05;-0.2
30.31;-0.31;-0.22;1.13;0.17;0.02;-0.14
30.316;-0.39;-0.21;1.15;0.17;0.02;-0.14
30.32;-0.39;-0.21;1.15;0.15;0.03;-0.11
30.326;-0.46;-0.16;1.15;0.15;0.03;-0.11
30.339;-0.46;-0.16;1.15;0.13;0.08;-0.1
30.341;-0.52;-0.08;1.18;0.13;0.08;-0.1
30.342;-0.52;-0.08;1.18;0.13;0.17;-0.12
30.366;-0.56;0.01;1.19;0.13;0.17;-0.12
30.367;-0.56;0.01;1.19;0.12;0.29;-0.15
30.368;-0.54;0.06;1.2;0.12;0.29;-0.15
30.369;-0.54;0.06;1.2;0.1;0.41;-0.16
30.369;-0.41;0.05;1.26;0.1;0.41;-0.16
30.37;-0.41;0.05;1.26;0.04;0.5;-0.12
30.376;-0.16;-0.05;1.29;0.04;0.5;-0.12
30.38;-0.16;-0.05;1.29;-0.09;0.42;-0.08
30.386;0.04;-0.04;1.34;-0.09;0.42;-0.08
30.39;0.04;-0.04;1.34;-0.21;0.17;-0.09
30.398;0.09;-0.03;1.49;-0.21;0.17;-0.09
30.4;0.09;-0.03;1.49;-0.31;-0.02;-0.1
30.406;0.08;-0.07;1.6;-0.31;-0.02;-0.1
30.41;0.08;-0.07;1.6;-0.43;-0.03;-0.11
30.416;0.02;-0.07;1.65;-0.43;-0.03;-0.11
30.42;0.02;-0.07;1.65;-0.5;0.14;-0.13
30.426;-0.02;-0.14;1.63;-0.5;0.14;-0.13
30.441;-0.02;-0.14;1.63;-0.5;0.45;-0.07
30.442;0.04;-0.21;1.48;-0.5;0.45;-0.07
30.445;0.04;-0.21;1.48;-0.44;0.77;0.03
30.473;0.13;-0.2;1.22;-0.44;0.77;0.03
30.474;0.13;-0.2;1.22;-0.36;0.98;0.1
30.476;0.24;-0.14;0.95;-0.36;0.98;0.1
30.477;0.24;-0.14;0.95;-0.31;1.03;0.12
30.481;0.32;-0.06;0.69;-0.31;1.03;0.12
30.482;0.32;-0.06;0.69;-0.31;0.91;0.11
30.483;0.37;0.03;0.5;-0.31;0.91;0.11
30.484;0.37;0.03;0.5;-0.33;0.66;0.04
30.487;0.4;0.12;0.36;-0.33;0.66;0.04
30.49;0.4;0.12;0.36;-0.38;0.31;-0.07
30.505;0.2;0.23;0.47;-0.38;0.31;-0.07
30.507;0.2;0.23;0.47;-0.37;-0.12;-0.21
30.508;0.06;0.19;0.71;-0.37;-0.12;-0.21
30.51;0.06;0.19;0.71;-0.34;-0.47;-0.32
30.516;-0.07;0.12;0.91;-0.34;-0.47;-0.32
30.52;-0.07;0.12;0.91;-0.25;-0.65;-0.36
30.526;-0.19;0.01;1.07;-0.25;-0.65;-0.36
30.544;-0.19;0.01;1.07;-0.14;-0.67;-0.3
30.545;-0.24;-0.09;1.19;-0.14;-0.67;-0.3
30.547;-0.24;-0.09;1.19;-0.05;-0.56;-0.19
30.548;-0.26;-0.15;1.26;-0.05;-0.56;-0.19
30.576;-0.26;-0.15;1.26;0.04;-0.42;-0.03
30.58;-0.23;-0.2;1.29;0.04;-0.42;-0.03
30.581;-0.23;-0.2;1.29;0.12;-0.26;0.13
30.582;-0.19;-0.21;1.28;0.12;-0.26;0.13
30.584;-0.19;-0.21;1.28;0.17;-0.11;0.25
30.585;-0.14;-0.2;1.23;0.17;-0.11;0.25
30.586;-0.14;-0.2;1.23;0.19;0.01;0.32
30.591;-0.09;-0.17;1.13;0.19;0.01;0.32
30.591;-0.09;-0.17;1.13;0.2;0.13;0.34
30.596;-0.07;-0.13;1.01;0.2;0.13;0.34
30.6;-0.07;-0.13;1.01;0.18;0.23;0.31
30.606;-0.05;-0.09;0.88;0.18;0.23;0.31
30.61;-0.05;-0.09;0.88;0.14;0.33;0.27
30.616;-0.04;-0.06;0.76;0.14;0.33;0.27
30.621;-0.04;-0.06;0.76;0.1;0.38;0.22
30.626;-0.03;-0.02;0.64;0.1;0.38;0.22
30.644;-0.03;-0.02;0.64;0.05;0.39;0.19
30.646;-0.03;0.02;0.57;0.05;0.39;0.19
30.647;-0.03;0.02;0.57;0.02;0.34;0.18
30.648;-0.07;0.02;0.51;0.02;0.34;0.18
30.65;-0.07;0.02;0.51;0.0;0.25;0.2
30.656;-0.07;0.03;0.53;0.0;0.25;0.2
30.66;-0.07;0.03;0.53;0.0;0.1;0.24
30.673;-0.12;0.05;0.57;0.0;0.1;0.24
30.674;-0.12;0.05;0.57;0.0;-0.02;0.28
30.676;-0.17;0.06;0.66;0.0;-0.02;0.28
30.684;-0.17;0.06;0.66;0.01;-0.14;0.33
30.686;-0.21;0.09;0.75;0.01;-0.14;0.33
30.69;-0.21;0.09;0.75;0.03;-0.21;0.37
30.698;-0.22;0.11;0.81;0.03;-0.21;0.37
30.701;-0.22;0.11;0.81;0.05;-0.24;0.4
30.706;-0.23;0.13;0.84;0.05;-0.24;0.4
30.71;-0.23;0.13;0.84;0.07;-0.25;0.41
30.716;-0.21;0.14;0.83;0.07;-0.25;0.41
30.721;-0.21;0.14;0.83;0.08;-0.24;0.41
30.726;-0.18;0.13;0.81;0.08;-0.24;0.41
30.733;-0.18;0.13;0.81;0.08;-0.24;0.39
30.736;-0.17;0.1;0.78;0.08;-0.24;0.39
30.74;-0.17;0.1;0.78;0.06;-0.25;0.35
30.759;-0.18;0.06;0.78;0.06;-0.25;0.35
30.76;-0.18;0.06;0.78;0.03;-0.27;0.31
30.762;-0.2;0.0;0.78;0.03;-0.27;0.31
30.763;-0.2;0.0;0.78;-0.01;-0.29;0.28
30.788;-0.23;-0.04;0.82;-0.01;-0.29;0.28
30.791;-0.23;-0.04;0.82;-0.06;-0.3;0.27
30.791;-0.26;-0.09;0.88;-0.06;-0.3;0.27
30.792;-0.26;-0.09;0.88;-0.11;-0.3;0.29
30.794;-0.28;-0.1;0.96;-0.11;-0.3;0.29
30.795;-0.28;-0.1;0.96;-0.16;-0.26;0.33
30.797;-0.27;-0.08;1.05;-0.16;-0.26;0.33
30.801;-0.27;-0.08;1.05;-0.19;-0.2;0.37
30.806;-0.24;-0.03;1.11;-0.19;-0.2;0.37
30.81;-0.24;-0.03;1.11;-0.18;-0.14;0.39
30.816;-0.2;0.01;1.17;-0.18;-0.14;0.39
30.82;-0.2;0.01;1.17;-0.15;-0.11;0.39
30.826;-0.17;0.04;1.18;-0.15;-0.11;0.39
30.843;-0.17;0.04;1.18;-0.11;-0.1;0.37
30.845;-0.16;0.09;1.16;-0.11;-0.1;0.37
30.847;-0.16;0.09;1.16;-0.08;-0.09;0.34
30.848;-0.18;0.14;1.15;-0.08;-0.09;0.34
30.851;-0.18;0.14;1.15;-0.08;-0.09;0.27
30.856;-0.24;0.2;1.15;-0.08;-0.09;0.27
30.86;-0.24;0.2;1.15;-0.07;-0.08;0.17
30.872;-0.34;0.21;1.17;-0.07;-0.08;0.17
30.874;-0.34;0.21;1.17;-0.02;0.0;-0.03
30.876;-0.45;0.19;1.19;-0.02;0.0;-0.03
30.883;-0.45;0.19;1.19;0.03;0.09;-0.09
30.886;-0.53;0.13;1.19;0.03;0.09;-0.09
30.891;-0.53;0.13;1.19;0.06;0.2;-0.12
30.897;-0.59;0.04;1.16;0.06;0.2;-0.12
30.9;-0.59;0.04;1.16;0.08;0.31;-0.1
30.906;-0.6;-0.03;1.12;0.08;0.31;-0.1
30.913;-0.6;-0.03;1.12;0.09;0.39;-0.03
30.916;-0.48;-0.07;1.05;0.09;0.39;-0.03
30.92;-0.48;-0.07;1.05;0.11;0.42;0.05
30.926;-0.44;0.04;1.25;0.11;0.42;0.05
30.932;-0.44;0.04;1.25;0.2;0.46;0.07
30.936;-0.08;0.15;1.41;0.2;0.46;0.07
30.94;-0.08;0.15;1.41;0.32;0.36;0.05
30.959;0.09;0.13;1.43;0.32;0.36;0.05
30.962;0.09;0.13;1.43;0.42;0.16;-0.03
30.963;0.1;0.05;1.56;0.42;0.16;-0.03
30.964;0.1;0.05;1.56;0.51;-0.01;-0.05
30.966;0.07;-0.01;1.64;0.51;-0.01;-0.05
30.97;0.07;-0.01;1.64;0.61;-0.02;0.0
30.977;0.11;0.0;1.66;0.61;-0.02;0.0
30.988;0.11;0.0;1.66;0.62;0.16;0.02
30.989;0.17;0.03;1.52;0.62;0.16;0.02
30.991;0.17;0.03;1.52;0.56;0.42;-0.02
30.998;0.2;0.03;1.3;0.56;0.42;-0.02
31.0;0.2;0.03;1.3;0.45;0.64;-0.08
31.007;0.21;-0.01;1.05;0.45;0.64;-0.08
31.012;0.21;-0.01;1.05;0.33;0.76;-0.13
31.016;0.23;-0.06;0.85;0.33;0.76;-0.13
31.02;0.23;-0.06;0.85;0.24;0.76;-0.16
31.026;0.2;-0.14;0.72;0.24;0.76;-0.16
31.032;0.2;-0.14;0.72;0.21;0.66;-0.15
31.036;0.13;-0.24;0.62;0.21;0.66;-0.15
31.04;0.13;-0.24;0.62;0.16;0.36;-0.08
31.059;0.03;-0.32;0.55;0.16;0.36;-0.08
31.061;0.03;-0.32;0.55;0.09;-0.02;0.0
31.062;-0.02;-0.44;0.7;0.09;-0.02;0.0
31.063;-0.02;-0.44;0.7;0.1;-0.28;0.03
31.067;-0.15;-0.43;0.85;0.1;-0.28;0.03
31.071;-0.15;-0.43;0.85;0.12;-0.4;0.12
31.077;-0.2;-0.26;0.97;0.12;-0.4;0.12
31.09;-0.2;-0.26;0.97;0.12;-0.39;0.2
31.1;-0.19;-0.07;1.05;0.12;-0.39;0.2
31.102;-0.19;-0.07;1.05;0.09;-0.31;0.19
31.103;-0.16;0.06;1.1;0.09;-0.31;0.19
31.104;-0.16;0.06;1.1;0.04;-0.17;0.13
31.106;-0.12;0.16;1.14;0.04;-0.17;0.13
31.114;-0.12;0.16;1.14;0.0;-0.04;0.05
31.116;-0.08;0.26;1.1;0.0;-0.04;0.05
31.12;-0.08;0.26;1.1;-0.05;0.03;-0.02
31.127;-0.05;0.31;1.03;-0.05;0.03;-0.02
31.131;-0.05;0.31;1.03;-0.13;0.08;-0.13
31.136;-0.02;0.32;0.92;-0.13;0.08;-0.13
31.14;-0.02;0.32;0.92;-0.18;0.11;-0.25
31.164;-0.02;0.22;0.86;-0.18;0.11;-0.25
31.166;-0.02;0.22;0.86;-0.17;0.13;-0.32
31.167;-0.01;0.18;0.79;-0.17;0.13;-0.32
31.168;-0.01;0.18;0.79;-0.12;0.12;-0.35
31.169;0.0;0.14;0.71;-0.12;0.12;-0.35
31.171;0.0;0.14;0.71;-0.06;0.09;-0.38
31.176;0.0;0.09;0.66;-0.06;0.09;-0.38
31.196;0.0;0.09;0.66;-0.01;0.04;-0.44
31.198;-0.02;0.05;0.63;-0.01;0.04;-0.44
31.199;-0.02;0.05;0.63;0.02;-0.03;-0.5
31.201;-0.04;-0.01;0.6;0.02;-0.03;-0.5
31.203;-0.04;-0.01;0.6;0.03;-0.11;-0.57
31.206;-0.08;-0.08;0.6;0.03;-0.11;-0.57
31.213;-0.08;-0.08;0.6;0.02;-0.18;-0.65
31.216;-0.13;-0.14;0.61;0.02;-0.18;-0.65
31.22;-0.13;-0.14;0.61;-0.02;-0.25;-0.71
31.227;-0.18;-0.19;0.64;-0.02;-0.25;-0.71
31.23;-0.18;-0.19;0.64;-0.06;-0.3;-0.74
31.236;-0.21;-0.22;0.68;-0.06;-0.3;-0.74
31.24;-0.21;-0.22;0.68;-0.11;-0.34;-0.74
31.26;-0.23;-0.26;0.72;-0.11;-0.34;-0.74
31.262;-0.23;-0.26;0.72;-0.14;-0.38;-0.71
31.263;-0.24;-0.27;0.78;-0.14;-0.38;-0.71
31.264;-0.24;-0.27;0.78;-0.14;-0.43;-0.66
31.27;-0.24;-0.27;0.82;-0.14;-0.43;-0.66
31.272;-0.24;-0.27;0.82;-0.13;-0.46;-0.59
31.291;-0.24;-0.27;0.82;-0.1;-0.48;-0.52
31.293;-0.22;-0.2;0.88;-0.1;-0.48;-0.52
31.294;-0.22;-0.2;0.88;-0.06;-0.47;-0.45
31.302;-0.2;-0.16;0.89;-0.06;-0.47;-0.45
31.303;-0.2;-0.16;0.89;-0.02;-0.44;-0.38
31.306;-0.19;-0.11;0.91;-0.02;-0.44;-0.38
31.312;-0.19;-0.11;0.91;0.01;-0.41;-0.33
31.316;-0.18;-0.07;0.93;0.01;-0.41;-0.33
31.32;-0.18;-0.07;0.93;0.03;-0.36;-0.29
31.326;-0.18;-0.05;0.96;0.03;-0.36;-0.29
31.33;-0.18;-0.05;0.96;0.05;-0.32;-0.25
31.336;-0.18;-0.03;1.01;0.05;-0.32;-0.25
31.34;-0.18;-0.03;1.01;0.09;-0.29;-0.22
31.356;-0.19;-0.03;1.08;0.09;-0.29;-0.22
31.358;-0.19;-0.03;1.08;0.12;-0.26;-0.2
31.359;-0.21;-0.04;1.16;0.12;-0.26;-0.2
31.361;-0.21;-0.04;1.16;0.15;-0.22;-0.2
31.385;-0.22;-0.05;1.21;0.15;-0.22;-0.2
31.387;-0.22;-0.05;1.21;0.17;-0.18;-0.2
31.388;-0.22;-0.07;1.26;0.17;-0.18;-0.2
31.39;-0.22;-0.07;1.26;0.2;-0.12;-0.17
31.391;-0.24;-0.11;1.26;0.2;-0.12;-0.17
31.392;-0.24;-0.11;1.26;0.22;-0.06;-0.11
31.397;-0.29;-0.19;1.24;0.22;-0.06;-0.11
31.401;-0.29;-0.19;1.24;0.22;-0.03;-0.06
31.406;-0.38;-0.25;1.22;0.22;-0.03;-0.06
31.412;-0.38;-0.25;1.22;0.19;-0.02;-0.02
31.416;-0.48;-0.28;1.2;0.19;-0.02;-0.02
31.42;-0.48;-0.28;1.2;0.15;0.02;0.02
31.426;-0.54;-0.26;1.16;0.15;0.02;0.02
31.43;-0.54;-0.26;1.16;0.1;0.1;0.07
31.436;-0.56;-0.2;1.12;0.1;0.1;0.07
31.44;-0.56;-0.2;1.12;0.05;0.2;0.11
31.457;-0.57;-0.13;1.08;0.05;0.2;0.11
31.459;-0.57;-0.13;1.08;0.01;0.3;0.13
31.46;-0.54;-0.06;1.03;0.01;0.3;0.13
31.462;-0.54;-0.06;1.03;-0.03;0.37;0.12
31.492;-0.45;-0.03;1.06;-0.03;0.37;0.12
31.495;-0.45;-0.03;1.06;-0.05;0.41;0.1
31.496;-0.25;-0.05;1.09;-0.05;0.41;0.1
31.498;-0.25;-0.05;1.09;-0.06;0.4;0.12
31.498;-0.04;-0.08;1.16;-0.06;0.4;0.12
31.5;-0.04;-0.08;1.16;-0.1;0.3;0.15
31.501;0.08;-0.06;1.3;-0.1;0.3;0.15
31.502;0.08;-0.06;1.3;-0.18;0.07;0.15
31.506;0.11;-0.07;1.5;-0.18;0.07;0.15
31.512;0.11;-0.07;1.5;-0.22;-0.17;0.15
31.516;0.07;-0.05;1.6;-0.22;-0.17;0.15
31.52;0.07;-0.05;1.6;-0.38;-0.16;0.12
31.528;0.02;-0.04;1.63;-0.38;-0.16;0.12
31.53;0.02;-0.04;1.63;-0.43;0.1;0.12
31.536;0.02;-0.08;1.57;-0.43;0.1;0.12
31.54;0.02;-0.08;1.57;-0.41;0.43;0.15
31.555;0.08;-0.1;1.37;-0.41;0.43;0.15
31.556;0.08;-0.1;1.37;-0.38;0.7;0.18
31.558;0.17;-0.05;1.14;-0.38;0.7;0.18
31.589;0.17;-0.05;1.14;-0.35;0.86;0.18
31.591;0.26;0.02;0.9;-0.35;0.86;0.18
31.592;0.26;0.02;0.9;-0.34;0.86;0.15
31.593;0.33;0.11;0.69;-0.34;0.86;0.15
31.594;0.33;0.11;0.69;-0.38;0.72;0.08
31.595;0.37;0.2;0.55;-0.38;0.72;0.08
31.601;0.37;0.2;0.55;-0.45;0.46;-0.02
31.602;0.33;0.29;0.5;-0.45;0.46;-0.02
31.603;0.33;0.29;0.5;-0.47;0.1;-0.14
31.607;0.22;0.33;0.56;-0.47;0.1;-0.14
31.616;0.22;0.33;0.56;-0.46;-0.23;-0.26
31.619;0.07;0.29;0.76;-0.46;-0.23;-0.26
31.621;0.07;0.29;0.76;-0.39;-0.41;-0.31
31.628;-0.03;0.22;0.94;-0.39;-0.41;-0.31
31.631;-0.03;0.22;0.94;-0.28;-0.45;-0.3
31.636;-0.17;0.07;1.1;-0.28;-0.45;-0.3
31.64;-0.17;0.07;1.1;-0.13;-0.37;-0.2
31.659;-0.25;-0.06;1.2;-0.13;-0.37;-0.2
31.661;-0.25;-0.06;1.2;0.0;-0.24;-0.05
31.662;-0.26;-0.17;1.23;0.0;-0.24;-0.05
31.663;-0.26;-0.17;1.23;0.11;-0.11;0.11
31.666;-0.27;-0.23;1.26;0.11;-0.11;0.11
31.671;-0.27;-0.23;1.26;0.2;0.02;0.26
31.69;-0.21;-0.29;1.22;0.2;0.02;0.26
31.691;-0.21;-0.29;1.22;0.23;0.12;0.35
31.693;-0.16;-0.29;1.17;0.23;0.12;0.35
31.694;-0.16;-0.29;1.17;0.22;0.2;0.41
31.701;-0.1;-0.27;1.07;0.22;0.2;0.41
31.702;-0.1;-0.27;1.07;0.19;0.26;0.4
31.706;-0.05;-0.21;0.96;0.19;0.26;0.4
31.712;-0.05;-0.21;0.96;0.13;0.29;0.35
31.716;-0.04;-0.17;0.84;0.13;0.29;0.35
31.72;-0.04;-0.17;0.84;0.07;0.31;0.29
31.728;-0.03;-0.12;0.72;0.07;0.31;0.29
31.73;-0.03;-0.12;0.72;0.02;0.28;0.25
31.737;-0.02;-0.08;0.61;0.02;0.28;0.25
31.74;-0.02;-0.08;0.61;-0.03;0.21;0.23
31.756;-0.02;-0.04;0.55;-0.03;0.21;0.23
31.758;-0.02;-0.04;0.55;-0.05;0.11;0.24
31.759;-0.05;-0.02;0.53;-0.05;0.11;0.24
31.791;-0.05;-0.02;0.53;-0.05;-0.02;0.31
31.793;-0.1;0.02;0.54;-0.05;-0.02;0.31
31.794;-0.1;0.02;0.54;-0.05;-0.16;0.39
31.795;-0.12;0.05;0.62;-0.05;-0.16;0.39
31.795;-0.12;0.05;0.62;-0.02;-0.24;0.45
31.797;-0.19;0.07;0.79;-0.02;-0.24;0.45
31.798;-0.19;0.07;0.79;0.01;-0.29;0.52
31.799;-0.25;0.15;0.86;0.01;-0.29;0.52
31.805;-0.25;0.15;0.86;0.04;-0.3;0.57
31.807;-0.25;0.18;0.9;0.04;-0.3;0.57
31.816;-0.25;0.18;0.9;0.08;-0.29;0.59
31.818;-0.24;0.2;0.9;0.08;-0.29;0.59
31.82;-0.24;0.2;0.9;0.1;-0.27;0.58
31.828;-0.22;0.2;0.86;0.1;-0.27;0.58
31.83;-0.22;0.2;0.86;0.11;-0.25;0.54
31.836;-0.2;0.18;0.82;0.11;-0.25;0.54
31.84;-0.2;0.18;0.82;0.1;-0.24;0.48
31.859;-0.18;0.15;0.77;0.1;-0.24;0.48
31.861;-0.18;0.15;0.77;0.07;-0.24;0.4
31.862;-0.18;0.1;0.73;0.07;-0.24;0.4
31.863;-0.18;0.1;0.73;0.03;-0.25;0.33
31.866;-0.18;0.05;0.71;0.03;-0.25;0.33
31.871;-0.18;0.05;0.71;-0.01;-0.28;0.28
31.889;-0.19;0.01;0.72;-0.01;-0.28;0.28
31.891;-0.19;0.01;0.72;-0.05;-0.31;0.25
31.893;-0.22;-0.03;0.75;-0.05;-0.31;0.25
31.894;-0.22;-0.03;0.75;-0.08;-0.32;0.24
31.9;-0.26;-0.07;0.84;-0.08;-0.32;0.24
31.902;-0.26;-0.07;0.84;-0.12;-0.33;0.26
31.906;-0.28;-0.07;0.94;-0.12;-0.33;0.26
31.914;-0.28;-0.07;0.94;-0.15;-0.31;0.31
31.917;-0.26;-0.03;1.06;-0.15;-0.31;0.31
31.92;-0.26;-0.03;1.06;-0.17;-0.28;0.35
31.927;-0.24;0.0;1.16;-0.17;-0.28;0.35
31.93;-0.24;0.0;1.16;-0.15;-0.23;0.37
31.936;-0.23;0.03;1.23;-0.15;-0.23;0.37
31.94;-0.23;0.03;1.23;-0.12;-0.19;0.37
31.961;-0.2;0.07;1.25;-0.12;-0.19;0.37
31.963;-0.2;0.07;1.25;-0.09;-0.14;0.34
31.964;-0.19;0.12;1.23;-0.09;-0.14;0.34
31.966;-0.19;0.12;1.23;-0.07;-0.09;0.26
31.967;-0.22;0.18;1.22;-0.07;-0.09;0.26
31.971;-0.22;0.18;1.22;-0.06;-0.05;0.15
32.002;-0.29;0.21;1.2;-0.06;-0.05;0.15
32.003;-0.29;0.21;1.2;-0.04;-0.01;0.03
32.004;-0.39;0.19;1.18;-0.04;-0.01;0.03
32.005;-0.39;0.19;1.18;-0.01;0.03;-0.08
32.006;-0.49;0.13;1.16;-0.01;0.03;-0.08
32.007;-0.49;0.13;1.16;0.01;0.08;-0.15
32.009;-0.57;0.04;1.13;0.01;0.08;-0.15
32.014;-0.57;0.04;1.13;0.02;0.16;-0.17
32.016;-0.59;-0.04;1.09;0.02;0.16;-0.17
32.02;-0.59;-0.04;1.09;0.03;0.25;-0.15
32.028;-0.6;-0.09;1.05;0.03;0.25;-0.15
32.031;-0.6;-0.09;1.05;0.02;0.34;-0.08
32.036;-0.51;-0.13;1.04;0.02;0.34;-0.08
32.041;-0.51;-0.13;1.04;0.01;0.37;0.02
32.055;-0.41;-0.06;1.22;0.01;0.37;0.02
32.058;-0.41;-0.06;1.22;0.03;0.41;0.11
32.063;-0.13;0.08;1.44;0.03;0.41;0.11
32.064;-0.13;0.08;1.44;0.11;0.41;0.16
32.095;-0.01;0.1;1.5;0.11;0.41;0.16
32.097;-0.01;0.1;1.5;0.27;0.31;0.17
32.098;0.0;0.08;1.62;0.27;0.31;0.17
32.099;0.0;0.08;1.62;0.36;0.16;0.14
32.1;0.02;0.08;1.7;0.36;0.16;0.14
32.104;0.02;0.08;1.7;0.45;0.03;0.14
32.107;0.09;0.08;1.65;0.45;0.03;0.14
32.109;0.09;0.08;1.65;0.54;0.05;0.16
32.111;0.18;0.09;1.48;0.54;0.05;0.16
32.112;0.18;0.09;1.48;0.57;0.22;0.15
32.118;0.23;0.07;1.25;0.57;0.22;0.15
32.121;0.23;0.07;1.25;0.53;0.43;0.1
32.127;0.27;0.02;1.01;0.53;0.43;0.1
32.149;0.27;0.02;1.01;0.46;0.61;0.03
32.154;0.3;-0.03;0.82;0.46;0.61;0.03
32.155;0.3;-0.03;0.82;0.38;0.72;-0.03
32.156;0.28;-0.11;0.67;0.38;0.72;-0.03
32.158;0.28;-0.11;0.67;0.32;0.71;-0.09
32.159;0.21;-0.19;0.56;0.32;0.71;-0.09
32.183;0.21;-0.19;0.56;0.29;0.55;-0.08
32.185;0.14;-0.28;0.55;0.29;0.55;-0.08
32.186;0.14;-0.28;0.55;0.2;-0.11;-0.06
32.187;0.01;-0.38;0.66;0.2;-0.11;-0.06
32.188;0.01;-0.38;0.66;0.17;-0.39;-0.05
32.189;-0.14;-0.37;0.8;0.17;-0.39;-0.05
32.19;-0.14;-0.37;0.8;0.14;-0.54;0.01
32.197;-0.23;-0.22;0.97;0.14;-0.54;0.01
32.2;-0.23;-0.22;0.97;0.11;-0.53;0.08
32.206;-0.24;-0.05;1.07;0.11;-0.53;0.08
32.211;-0.24;-0.05;1.07;0.05;-0.41;0.09
32.216;-0.23;0.08;1.13;0.05;-0.41;0.09
32.22;-0.23;0.08;1.13;-0.01;-0.27;0.07
32.227;-0.18;0.18;1.16;-0.01;-0.27;0.07
32.23;-0.18;0.18;1.16;-0.08;-0.13;0.02
32.236;-0.16;0.25;1.13;-0.08;-0.13;0.02
32.24;-0.16;0.25;1.13;-0.17;-0.01;-0.06
32.255;-0.12;0.3;1.08;-0.17;-0.01;-0.06
32.256;-0.12;0.3;1.08;-0.25;0.07;-0.14
32.258;-0.07;0.28;1.02;-0.25;0.07;-0.14
32.292;-0.07;0.28;1.02;-0.27;0.14;-0.23
32.294;-0.05;0.22;0.94;-0.27;0.14;-0.23
32.294;-0.05;0.22;0.94;-0.23;0.17;-0.28
32.295;-0.01;0.17;0.86;-0.23;0.17;-0.28
32.297;-0.01;0.17;0.86;-0.16;0.16;-0.32
32.298;0.03;0.14;0.77;-0.16;0.16;-0.32
32.299;0.03;0.14;0.77;-0.08;0.13;-0.36
32.3;0.05;0.1;0.68;-0.08;0.13;-0.36
32.301;0.05;0.1;0.68;-0.02;0.06;-0.43
32.307;0.04;0.07;0.6;-0.02;0.06;-0.43
32.311;0.04;0.07;0.6;0.0;-0.04;-0.52
32.317;0.02;0.04;0.57;0.0;-0.04;-0.52
32.32;0.02;0.04;0.57;0.01;-0.16;-0.61
32.331;-0.02;-0.02;0.55;0.01;-0.16;-0.61
32.333;-0.02;-0.02;0.55;-0.01;-0.25;-0.69
32.336;-0.08;-0.08;0.56;-0.01;-0.25;-0.69
32.34;-0.08;-0.08;0.56;-0.06;-0.33;-0.75
32.356;-0.13;-0.13;0.61;-0.06;-0.33;-0.75
32.358;-0.13;-0.13;0.61;-0.11;-0.37;-0.78
32.359;-0.19;-0.16;0.67;-0.11;-0.37;-0.78
32.361;-0.19;-0.16;0.67;-0.15;-0.4;-0.76
32.367;-0.22;-0.19;0.71;-0.15;-0.4;-0.76
32.371;-0.22;-0.19;0.71;-0.17;-0.43;-0.72
32.394;-0.24;-0.21;0.78;-0.17;-0.43;-0.72
32.396;-0.24;-0.21;0.78;-0.16;-0.44;-0.67
32.397;-0.24;-0.21;0.83;-0.16;-0.44;-0.67
32.398;-0.24;-0.21;0.83;-0.12;-0.46;-0.6
32.399;-0.23;-0.2;0.86;-0.12;-0.46;-0.6
32.401;-0.23;-0.2;0.86;-0.05;-0.46;-0.53
32.406;-0.22;-0.18;0.88;-0.05;-0.46;-0.53
32.413;-0.22;-0.18;0.88;0.03;-0.44;-0.47
32.416;-0.21;-0.14;0.87;0.03;-0.44;-0.47
32.42;-0.21;-0.14;0.87;0.09;-0.43;-0.42
32.428;-0.19;-0.1;0.87;0.09;-0.43;-0.42
32.431;-0.19;-0.1;0.87;0.14;-0.41;-0.4
32.437;-0.19;-0.03;0.89;0.14;-0.41;-0.4
32.44;-0.19;-0.03;0.89;0.16;-0.4;-0.39
32.457;-0.2;-0.01;0.94;0.16;-0.4;-0.39
32.459;-0.2;-0.01;0.94;0.18;-0.38;-0.39
32.461;-0.23;-0.01;1.01;0.18;-0.38;-0.39
32.462;-0.23;-0.01;1.01;0.19;-0.35;-0.38
32.466;-0.24;-0.03;1.09;0.19;-0.35;-0.38
32.47;-0.24;-0.03;1.09;0.2;-0.31;-0.38
32.497;-0.27;-0.06;1.15;0.2;-0.31;-0.38
32.498;-0.27;-0.06;1.15;0.19;-0.24;-0.38
32.499;-0.27;-0.08;1.2;0.19;-0.24;-0.38
32.5;-0.27;-0.08;1.2;0.19;-0.16;-0.35
32.501;-0.26;-0.11;1.21;0.19;-0.16;-0.35
32.502;-0.26;-0.11;1.21;0.19;-0.08;-0.3
32.507;-0.26;-0.16;1.21;0.19;-0.08;-0.3
32.51;-0.26;-0.16;1.21;0.2;-0.03;-0.22
32.518;-0.31;-0.23;1.18;0.2;-0.03;-0.22
32.521;-0.31;-0.23;1.18;0.19;-0.02;-0.14
32.531;-0.39;-0.28;1.18;0.19;-0.02;-0.14
32.532;-0.39;-0.28;1.18;0.17;-0.04;-0.08
32.536;-0.48;-0.29;1.19;0.17;-0.04;-0.08
32.541;-0.48;-0.29;1.19;0.12;-0.02;-0.02
32.547;-0.54;-0.25;1.19;0.12;-0.02;-0.02
32.551;-0.54;-0.25;1.19;0.07;0.04;0.02
32.556;-0.57;-0.18;1.18;0.07;0.04;0.02
32.579;-0.57;-0.18;1.18;0.02;0.13;0.06
32.581;-0.58;-0.11;1.16;0.02;0.13;0.06
32.582;-0.58;-0.11;1.16;-0.01;0.24;0.08
32.583;-0.54;-0.06;1.14;-0.01;0.24;0.08
32.584;-0.54;-0.06;1.14;-0.01;0.33;0.07
32.586;-0.41;-0.04;1.19;-0.01;0.33;0.07
32.592;-0.41;-0.04;1.19;-0.06;0.39;0.06
32.613;-0.16;-0.1;1.21;-0.06;0.39;0.06
32.615;-0.16;-0.1;1.21;-0.08;0.39;0.08
32.617;0.04;-0.13;1.25;-0.08;0.39;0.08
32.619;0.04;-0.13;1.25;-0.15;0.27;0.11
32.622;0.08;-0.09;1.43;-0.15;0.27;0.11
32.623;0.08;-0.09;1.43;-0.22;0.0;0.12
32.628;0.04;-0.1;1.58;-0.22;0.0;0.12
32.63;0.04;-0.1;1.58;-0.25;-0.21;0.14
32.636;0.02;-0.08;1.66;-0.25;-0.21;0.14
32.641;0.02;-0.08;1.66;-0.32;-0.23;0.15
32.656;-0.02;-0.09;1.66;-0.32;-0.23;0.15
32.659;-0.02;-0.09;1.66;-0.41;-0.05;0.15
32.66;0.01;-0.14;1.55;-0.41;-0.05;0.15
32.662;0.01;-0.14;1.55;-0.44;0.25;0.18
32.666;0.1;-0.14;1.31;-0.44;0.25;0.18
32.67;0.1;-0.14;1.31;-0.42;0.58;0.25
32.69;0.2;-0.08;1.06;-0.42;0.58;0.25
32.694;0.2;-0.08;1.06;-0.41;0.82;0.29
32.695;0.3;0.01;0.84;-0.41;0.82;0.29
32.698;0.3;0.01;0.84;-0.41;0.92;0.28
32.699;0.35;0.1;0.65;-0.41;0.92;0.28
32.701;0.35;0.1;0.65;-0.42;0.85;0.24
32.706;0.35;0.2;0.51;-0.42;0.85;0.24
32.711;0.35;0.2;0.51;-0.45;0.64;0.18
32.716;0.29;0.27;0.49;-0.45;0.64;0.18
32.72;0.29;0.27;0.49;-0.5;0.33;0.07
32.727;0.17;0.3;0.56;-0.5;0.33;0.07
32.73;0.17;0.3;0.56;-0.51;-0.03;-0.06
32.736;0.03;0.24;0.76;-0.51;-0.03;-0.06
32.741;0.03;0.24;0.76;-0.46;-0.35;-0.18
32.746;-0.05;0.16;0.93;-0.46;-0.35;-0.18
32.75;-0.05;0.16;0.93;-0.36;-0.51;-0.21
32.756;-0.16;0.04;1.06;-0.36;-0.51;-0.21
32.774;-0.16;0.04;1.06;-0.22;-0.52;-0.16
32.776;-0.21;-0.07;1.15;-0.22;-0.52;-0.16
32.778;-0.21;-0.07;1.15;-0.08;-0.44;-0.04
32.778;-0.2;-0.13;1.19;-0.08;-0.44;-0.04
32.781;-0.2;-0.13;1.19;0.05;-0.33;0.11
32.786;-0.23;-0.2;1.23;0.05;-0.33;0.11
32.791;-0.23;-0.2;1.23;0.15;-0.22;0.26
32.812;-0.17;-0.22;1.2;0.15;-0.22;0.26
32.814;-0.17;-0.22;1.2;0.22;-0.08;0.39
32.815;-0.12;-0.21;1.13;0.22;-0.08;0.39
32.817;-0.12;-0.21;1.13;0.23;0.03;0.47
32.818;-0.07;-0.19;1.03;0.23;0.03;0.47
32.821;-0.07;-0.19;1.03;0.19;0.19;0.44
32.827;-0.03;-0.14;0.91;0.19;0.19;0.44
32.831;-0.03;-0.14;0.91;0.13;0.22;0.39
32.836;-0.02;-0.1;0.78;0.13;0.22;0.39
32.841;-0.02;-0.1;0.78;0.07;0.21;0.34
32.857;-0.02;-0.08;0.66;0.07;0.21;0.34
32.858;-0.02;-0.08;0.66;0.02;0.17;0.32
32.859;-0.01;-0.05;0.57;0.02;0.17;0.32
32.861;-0.01;-0.05;0.57;-0.03;0.09;0.31
32.867;-0.02;-0.02;0.5;-0.03;0.09;0.31
32.871;-0.02;-0.02;0.5;-0.07;-0.03;0.34
32.892;-0.02;0.0;0.52;-0.07;-0.03;0.34
32.894;-0.02;0.0;0.52;-0.07;-0.14;0.39
32.895;-0.08;0.01;0.5;-0.07;-0.14;0.39
32.896;-0.08;0.01;0.5;-0.06;-0.26;0.47
32.897;-0.1;0.03;0.61;-0.06;-0.26;0.47
32.9;-0.1;0.03;0.61;-0.03;-0.33;0.53
32.906;-0.15;0.06;0.68;-0.03;-0.33;0.53
32.911;-0.15;0.06;0.68;0.0;-0.4;0.57
32.916;-0.19;0.09;0.78;0.0;-0.4;0.57
32.921;-0.19;0.09;0.78;0.03;-0.42;0.59
32.926;-0.24;0.13;0.87;0.03;-0.42;0.59
32.93;-0.24;0.13;0.87;0.06;-0.41;0.57
32.936;-0.26;0.16;0.94;0.06;-0.41;0.57
32.957;-0.26;0.16;0.94;0.09;-0.37;0.55
32.958;-0.26;0.2;0.96;0.09;-0.37;0.55
32.959;-0.26;0.2;0.96;0.1;-0.32;0.5
32.96;-0.24;0.21;0.94;0.1;-0.32;0.5
32.962;-0.24;0.21;0.94;0.09;-0.27;0.44
32.967;-0.22;0.19;0.87;0.09;-0.27;0.44
32.971;-0.22;0.19;0.87;0.06;-0.24;0.36
32.992;-0.2;0.16;0.82;0.06;-0.24;0.36
32.994;-0.2;0.16;0.82;0.02;-0.23;0.3
32.995;-0.19;0.11;0.77;0.02;-0.23;0.3
32.997;-0.19;0.11;0.77;-0.02;-0.24;0.25
32.998;-0.19;0.07;0.75;-0.02;-0.24;0.25
33.001;-0.19;0.07;0.75;-0.06;-0.26;0.24
33.006;-0.2;0.01;0.75;-0.06;-0.26;0.24
33.01;-0.2;0.01;0.75;-0.09;-0.28;0.26
33.017;-0.21;-0.04;0.79;-0.09;-0.28;0.26
33.021;-0.21;-0.04;0.79;-0.13;-0.3;0.3
33.028;-0.23;-0.06;0.86;-0.13;-0.3;0.3
33.031;-0.23;-0.06;0.86;-0.16;-0.3;0.34
33.036;-0.24;-0.06;0.98;-0.16;-0.3;0.34
33.056;-0.24;-0.06;0.98;-0.17;-0.29;0.38
33.058;-0.25;-0.05;1.12;-0.17;-0.29;0.38
33.059;-0.25;-0.05;1.12;-0.15;-0.25;0.4
33.061;-0.24;-0.03;1.23;-0.15;-0.25;0.4
33.062;-0.24;-0.03;1.23;-0.14;-0.18;0.38
33.067;-0.23;0.0;1.34;-0.14;-0.18;0.38
33.071;-0.23;0.0;1.34;-0.12;-0.09;0.32
33.093;-0.22;0.05;1.33;-0.12;-0.09;0.32
33.095;-0.22;0.05;1.33;-0.1;0.0;0.23
33.096;-0.29;0.19;1.3;-0.1;0.0;0.23
33.101;-0.29;0.19;1.3;-0.06;0.08;0.12
33.102;-0.37;0.2;1.22;-0.06;0.08;0.12
33.104;-0.37;0.2;1.22;-0.01;0.15;0.01
33.106;-0.46;0.16;1.16;-0.01;0.15;0.01
33.11;-0.46;0.16;1.16;0.03;0.2;-0.07
33.117;-0.53;0.09;1.1;0.03;0.2;-0.07
33.12;-0.53;0.09;1.1;0.06;0.25;-0.11
33.126;-0.57;0.01;1.05;0.06;0.25;-0.11
33.13;-0.57;0.01;1.05;0.06;0.31;-0.09
33.136;-0.51;-0.04;1.06;0.06;0.31;-0.09
33.155;-0.51;-0.04;1.06;0.05;0.38;-0.01
33.157;-0.32;-0.04;1.14;0.05;0.38;-0.01
33.158;-0.32;-0.04;1.14;0.04;0.4;0.1
33.159;-0.09;0.18;1.43;0.04;0.4;0.1
33.161;-0.09;0.18;1.43;0.1;0.37;0.17
33.166;0.14;0.23;1.58;0.1;0.37;0.17
33.17;0.14;0.23;1.58;0.26;0.3;0.13
33.186;0.13;0.2;1.71;0.26;0.3;0.13
33.188;0.13;0.2;1.71;0.39;0.14;0.03
33.188;0.03;0.12;1.77;0.39;0.14;0.03
33.197;0.03;0.12;1.77;0.54;0.01;-0.08
33.198;0.01;0.07;1.72;0.54;0.01;-0.08
33.201;0.01;0.07;1.72;0.71;-0.02;-0.09
33.206;0.07;0.08;1.57;0.71;-0.02;-0.09
33.21;0.07;0.08;1.57;0.8;0.13;-0.08
33.216;0.14;0.08;1.33;0.8;0.13;-0.08
33.22;0.14;0.08;1.33;0.78;0.4;-0.12
33.226;0.19;0.04;1.08;0.78;0.4;-0.12
33.231;0.19;0.04;1.08;0.67;0.67;-0.2
33.236;0.24;-0.03;0.87;0.67;0.67;-0.2
33.258;0.24;-0.03;0.87;0.54;0.86;-0.27
33.261;0.29;-0.11;0.72;0.54;0.86;-0.27
33.262;0.29;-0.11;0.72;0.43;0.92;-0.32
33.263;0.25;-0.23;0.52;0.43;0.92;-0.32
33.264;0.25;-0.23;0.52;0.35;0.81;-0.32
33.266;0.18;-0.37;0.47;0.35;0.81;-0.32
33.271;0.18;-0.37;0.47;0.23;0.46;-0.25
33.291;0.04;-0.51;0.57;0.23;0.46;-0.25
33.292;0.04;-0.51;0.57;0.12;0.05;-0.16
33.293;-0.11;-0.59;0.74;0.12;0.05;-0.16
33.294;-0.11;-0.59;0.74;0.07;-0.31;-0.07
33.296;-0.23;-0.5;0.95;0.07;-0.31;-0.07
33.301;-0.23;-0.5;0.95;0.07;-0.56;0.05
33.308;-0.23;-0.23;1.1;0.07;-0.56;0.05
33.311;-0.23;-0.23;1.1;0.07;-0.6;0.18
33.316;-0.18;-0.01;1.14;0.07;-0.6;0.18
33.32;-0.18;-0.01;1.14;0.06;-0.46;0.23
33.326;-0.11;0.13;1.17;0.06;-0.46;0.23
33.33;-0.11;0.13;1.17;0.03;-0.32;0.15
33.336;-0.09;0.26;1.13;0.03;-0.32;0.15
33.354;-0.09;0.26;1.13;0.0;-0.18;0.06
33.356;-0.04;0.25;1.05;0.0;-0.18;0.06
33.358;-0.04;0.25;1.05;-0.06;-0.1;-0.04
33.359;-0.05;0.27;0.96;-0.06;-0.1;-0.04
33.361;-0.05;0.27;0.96;-0.2;0.0;-0.19
33.388;-0.02;0.25;0.89;-0.2;0.0;-0.19
33.39;-0.02;0.25;0.89;-0.31;0.06;-0.28
33.394;0.0;0.23;0.83;-0.31;0.06;-0.28
33.395;0.0;0.23;0.83;-0.32;0.1;-0.33
33.395;0.03;0.23;0.76;-0.32;0.1;-0.33
33.397;0.03;0.23;0.76;-0.27;0.1;-0.34
33.399;0.05;0.21;0.67;-0.27;0.1;-0.34
33.4;0.05;0.21;0.67;-0.2;0.08;-0.36
33.406;0.04;0.19;0.6;-0.2;0.08;-0.36
33.411;0.04;0.19;0.6;-0.12;0.03;-0.41
33.416;0.02;0.14;0.54;-0.12;0.03;-0.41
33.421;0.02;0.14;0.54;-0.07;-0.04;-0.48
33.427;-0.01;0.1;0.52;-0.07;-0.04;-0.48
33.43;-0.01;0.1;0.52;-0.03;-0.13;-0.56
33.436;-0.05;0.01;0.53;-0.03;-0.13;-0.56
33.458;-0.05;0.01;0.53;-0.02;-0.22;-0.63
33.459;-0.1;-0.09;0.54;-0.02;-0.22;-0.63
33.462;-0.1;-0.09;0.54;-0.03;-0.3;-0.74
33.463;-0.15;-0.18;0.59;-0.03;-0.3;-0.74
33.464;-0.15;-0.18;0.59;-0.13;-0.41;-0.75
33.466;-0.2;-0.26;0.68;-0.13;-0.41;-0.75
33.471;-0.2;-0.26;0.68;-0.16;-0.45;-0.71
33.496;-0.23;-0.32;0.74;-0.16;-0.45;-0.71
33.499;-0.23;-0.32;0.74;-0.17;-0.48;-0.64
33.5;-0.25;-0.33;0.84;-0.17;-0.48;-0.64
33.502;-0.25;-0.33;0.84;-0.16;-0.48;-0.56
33.503;-0.25;-0.33;0.88;-0.16;-0.48;-0.56
33.504;-0.25;-0.33;0.88;-0.12;-0.46;-0.48
33.508;-0.23;-0.28;0.91;-0.12;-0.46;-0.48
33.511;-0.23;-0.28;0.91;-0.06;-0.44;-0.4
33.517;-0.21;-0.3;0.89;-0.06;-0.44;-0.4
33.521;-0.21;-0.3;0.89;-0.02;-0.41;-0.34
33.526;-0.21;-0.25;0.92;-0.02;-0.41;-0.34
33.531;-0.21;-0.25;0.92;0.02;-0.37;-0.27
33.536;-0.18;-0.15;0.92;0.02;-0.37;-0.27
33.554;-0.18;-0.15;0.92;0.06;-0.34;-0.21
33.556;-0.19;-0.11;0.93;0.06;-0.34;-0.21
33.558;-0.19;-0.11;0.93;0.07;-0.31;-0.18
33.558;-0.2;-0.04;0.98;0.07;-0.31;-0.18
33.561;-0.2;-0.04;0.98;0.08;-0.28;-0.17
33.567;-0.24;0.0;1.06;0.08;-0.28;-0.17
33.57;-0.24;0.0;1.06;0.09;-0.24;-0.16
33.59;-0.27;0.01;1.15;0.09;-0.24;-0.16
33.592;-0.27;0.01;1.15;0.09;-0.17;-0.16
33.593;-0.29;0.01;1.25;0.09;-0.17;-0.16
33.599;-0.29;0.01;1.25;0.09;-0.07;-0.17
33.602;-0.29;0.01;1.32;0.09;-0.07;-0.17
33.603;-0.29;0.01;1.32;0.1;0.04;-0.16
33.608;-0.27;-0.02;1.35;0.1;0.04;-0.16
33.611;-0.27;-0.02;1.35;0.13;0.14;-0.11
33.617;-0.24;-0.07;1.29;0.13;0.14;-0.11
33.62;-0.24;-0.07;1.29;0.15;0.18;-0.07
33.63;-0.25;-0.17;1.22;0.15;0.18;-0.07
33.633;-0.25;-0.17;1.22;0.12;0.16;-0.04
33.636;-0.31;-0.26;1.16;0.12;0.16;-0.04
33.643;-0.31;-0.26;1.16;0.07;0.12;-0.03
33.646;-0.39;-0.32;1.17;0.07;0.12;-0.03
33.65;-0.39;-0.32;1.17;0.03;0.12;0.01
33.669;-0.48;-0.33;1.19;0.03;0.12;0.01
33.671;-0.48;-0.33;1.19;0.0;0.18;0.06
33.672;-0.52;-0.28;1.17;0.0;0.18;0.06
33.673;-0.52;-0.28;1.17;-0.02;0.28;0.1
33.702;-0.53;-0.21;1.14;-0.02;0.28;0.1
33.703;-0.53;-0.21;1.14;-0.03;0.38;0.12
33.705;-0.5;-0.14;1.13;-0.03;0.38;0.12
33.707;-0.5;-0.14;1.13;-0.04;0.46;0.14
33.708;-0.36;-0.11;1.17;-0.04;0.46;0.14
33.709;-0.36;-0.11;1.17;-0.06;0.48;0.19
33.711;-0.15;-0.14;1.16;-0.06;0.48;0.19
33.712;-0.15;-0.14;1.16;-0.13;0.34;0.25
33.717;0.04;-0.13;1.21;-0.13;0.34;0.25
33.721;0.04;-0.13;1.21;-0.23;0.07;0.29
33.737;0.09;-0.09;1.49;-0.23;0.07;0.29
33.744;0.09;-0.09;1.49;-0.33;-0.14;0.32
33.746;0.04;-0.04;1.57;-0.33;-0.14;0.32
33.747;0.04;-0.04;1.57;-0.46;-0.2;0.32
33.747;0.0;-0.04;1.63;-0.46;-0.2;0.32
33.774;0.0;-0.04;1.63;-0.58;-0.08;0.27
33.776;0.04;-0.11;1.56;-0.58;-0.08;0.27
33.777;0.04;-0.11;1.56;-0.6;0.23;0.26
33.778;0.12;-0.12;1.35;-0.6;0.23;0.26
33.779;0.12;-0.12;1.35;-0.54;0.59;0.31
33.78;0.24;-0.05;1.08;-0.54;0.59;0.31
33.781;0.24;-0.05;1.08;-0.46;0.85;0.34
33.786;0.34;0.04;0.83;-0.46;0.85;0.34
33.791;0.34;0.04;0.83;-0.4;0.95;0.33
33.797;0.4;0.14;0.63;-0.4;0.95;0.33
33.8;0.4;0.14;0.63;-0.38;0.86;0.28
33.808;0.39;0.25;0.51;-0.38;0.86;0.28
33.811;0.39;0.25;0.51;-0.38;0.61;0.19
33.816;0.32;0.34;0.5;-0.38;0.61;0.19
33.82;0.32;0.34;0.5;-0.4;0.29;0.05
33.826;0.18;0.35;0.64;-0.4;0.29;0.05
33.831;0.18;0.35;0.64;-0.37;-0.07;-0.11
33.836;0.05;0.34;0.77;-0.37;-0.07;-0.11
33.853;0.05;0.34;0.77;-0.29;-0.35;-0.25
33.858;-0.05;0.24;0.96;-0.29;-0.35;-0.25
33.859;-0.05;0.24;0.96;-0.23;-0.48;-0.27
33.861;-0.14;0.11;1.09;-0.23;-0.48;-0.27
33.862;-0.14;0.11;1.09;-0.12;-0.46;-0.24
33.885;-0.17;-0.02;1.14;-0.12;-0.46;-0.24
33.887;-0.17;-0.02;1.14;0.0;-0.36;-0.12
33.888;-0.24;-0.12;1.2;0.0;-0.36;-0.12
33.889;-0.24;-0.12;1.2;0.1;-0.24;0.03
33.891;-0.18;-0.19;1.18;0.1;-0.24;0.03
33.891;-0.18;-0.19;1.18;0.18;-0.11;0.18
33.899;-0.14;-0.21;1.16;0.18;-0.11;0.18
33.902;-0.14;-0.21;1.16;0.23;-0.02;0.29
33.911;-0.11;-0.24;1.12;0.23;-0.02;0.29
33.913;-0.11;-0.24;1.12;0.25;0.07;0.34
33.916;-0.07;-0.22;1.04;0.25;0.07;0.34
33.921;-0.07;-0.22;1.04;0.23;0.15;0.33
33.926;-0.05;-0.19;0.94;0.23;0.15;0.33
33.931;-0.05;-0.19;0.94;0.2;0.21;0.28
33.936;-0.04;-0.16;0.82;0.2;0.21;0.28
33.953;-0.04;-0.16;0.82;0.14;0.26;0.22
33.955;-0.05;-0.11;0.71;0.14;0.26;0.22
33.956;-0.05;-0.11;0.71;0.07;0.28;0.15
33.958;-0.04;-0.08;0.63;0.07;0.28;0.15
33.984;-0.04;-0.08;0.63;0.01;0.25;0.12
33.986;-0.05;-0.05;0.59;0.01;0.25;0.12
33.987;-0.05;-0.05;0.59;-0.04;0.2;0.11
33.988;-0.07;-0.03;0.56;-0.04;0.2;0.11
33.989;-0.07;-0.03;0.56;-0.07;0.12;0.14
33.991;-0.14;-0.02;0.62;-0.07;0.12;0.14
33.992;-0.14;-0.02;0.62;-0.07;0.03;0.2
33.996;-0.17;0.01;0.66;-0.07;0.03;0.2
34.0;-0.17;0.01;0.66;-0.04;-0.05;0.31
34.008;-0.21;0.05;0.76;-0.04;-0.05;0.31
34.011;-0.21;0.05;0.76;-0.01;-0.11;0.39
34.016;-0.25;0.11;0.82;-0.01;-0.11;0.39
34.02;-0.25;0.11;0.82;0.03;-0.14;0.47
34.026;-0.28;0.17;0.88;0.03;-0.14;0.47
34.031;-0.28;0.17;0.88;0.08;-0.15;0.51
34.036;-0.26;0.23;0.88;0.08;-0.15;0.51
34.041;-0.26;0.23;0.88;0.13;-0.13;0.53
34.046;-0.23;0.26;0.83;0.13;-0.13;0.53
34.051;-0.23;0.26;0.83;0.16;-0.11;0.5
34.069;-0.19;0.25;0.77;0.16;-0.11;0.5
34.071;-0.19;0.25;0.77;0.15;-0.1;0.44
34.072;-0.16;0.22;0.7;0.15;-0.1;0.44
34.073;-0.16;0.22;0.7;0.13;-0.1;0.35
34.101;-0.15;0.17;0.65;0.13;-0.1;0.35
34.103;-0.15;0.17;0.65;0.09;-0.13;0.26
34.104;-0.14;0.1;0.62;0.09;-0.13;0.26
34.108;-0.14;0.1;0.62;0.04;-0.18;0.19
34.11;-0.15;0.02;0.63;0.04;-0.18;0.19
34.112;-0.15;0.02;0.63;-0.07;-0.23;0.16
34.113;-0.17;-0.05;0.69;-0.07;-0.23;0.16
34.114;-0.17;-0.05;0.69;-0.11;-0.33;0.21
34.12;-0.17;-0.05;0.69;-0.15;-0.33;0.27
34.144;-0.23;-0.1;0.94;-0.15;-0.33;0.27
34.146;-0.23;-0.1;0.94;-0.16;-0.3;0.32
34.147;-0.26;-0.09;1.08;-0.16;-0.3;0.32
34.148;-0.26;-0.09;1.08;-0.16;-0.24;0.36
34.15;-0.27;-0.08;1.21;-0.16;-0.24;0.36
34.151;-0.27;-0.08;1.21;-0.13;-0.15;0.37
34.177;-0.26;-0.05;1.28;-0.13;-0.15;0.37
34.178;-0.26;-0.05;1.28;-0.11;-0.07;0.34
34.179;-0.24;0.0;1.28;-0.11;-0.07;0.34
34.18;-0.24;0.0;1.28;-0.09;-0.01;0.27
34.182;-0.25;0.07;1.26;-0.09;-0.01;0.27
34.182;-0.25;0.07;1.26;-0.06;0.02;0.17
34.186;-0.28;0.14;1.24;-0.06;0.02;0.17
34.191;-0.28;0.14;1.24;-0.01;0.06;0.06
34.196;-0.35;0.2;1.21;-0.01;0.06;0.06
34.2;-0.35;0.2;1.21;0.03;0.09;-0.04
34.207;-0.45;0.23;1.18;0.03;0.09;-0.04
34.211;-0.45;0.23;1.18;0.07;0.15;-0.12
34.216;-0.51;0.2;1.15;0.07;0.15;-0.12
34.22;-0.51;0.2;1.15;0.09;0.2;-0.16
34.226;-0.56;0.14;1.11;0.09;0.2;-0.16
34.231;-0.56;0.14;1.11;0.1;0.26;-0.15
34.236;-0.58;0.08;1.07;0.1;0.26;-0.15
34.253;-0.58;0.08;1.07;0.09;0.31;-0.09
34.256;-0.5;-0.01;0.99;0.09;0.31;-0.09
34.257;-0.5;-0.01;0.99;0.08;0.31;-0.01
34.258;-0.54;0.04;1.19;0.08;0.31;-0.01
34.261;-0.54;0.04;1.19;0.13;0.37;0.04
34.267;-0.23;0.13;1.4;0.13;0.37;0.04
34.271;-0.23;0.13;1.4;0.25;0.31;0.06
34.288;0.06;0.26;1.52;0.25;0.31;0.06
34.29;0.06;0.26;1.52;0.39;0.16;-0.03
34.291;0.14;0.23;1.62;0.39;0.16;-0.03
34.292;0.14;0.23;1.62;0.49;-0.02;-0.14
34.296;0.07;0.11;1.71;0.49;-0.02;-0.14
34.3;0.07;0.11;1.71;0.6;-0.11;-0.16
34.308;0.0;0.05;1.74;0.6;-0.11;-0.16
34.31;0.0;0.05;1.74;0.67;-0.03;-0.16
34.316;0.01;0.04;1.66;0.67;-0.03;-0.16
34.32;0.01;0.04;1.66;0.64;0.23;-0.18
34.326;0.09;0.06;1.49;0.64;0.23;-0.18
34.331;0.09;0.06;1.49;0.55;0.55;-0.26
34.336;0.14;0.04;1.24;0.55;0.55;-0.26
34.354;0.14;0.04;1.24;0.43;0.81;-0.33
34.356;0.18;-0.02;0.99;0.43;0.81;-0.33
34.357;0.18;-0.02;0.99;0.33;0.93;-0.36
34.358;0.23;-0.1;0.8;0.33;0.93;-0.36
34.36;0.23;-0.1;0.8;0.3;0.9;-0.33
34.366;0.23;-0.19;0.71;0.3;0.9;-0.33
34.37;0.23;-0.19;0.71;0.31;0.75;-0.24
34.391;0.09;-0.44;0.45;0.31;0.75;-0.24
34.393;0.09;-0.44;0.45;0.23;0.3;-0.09
34.394;-0.03;-0.54;0.59;0.23;0.3;-0.09
34.395;-0.03;-0.54;0.59;0.19;-0.14;0.04
34.397;-0.15;-0.52;0.8;0.19;-0.14;0.04
34.4;-0.15;-0.52;0.8;0.19;-0.44;0.13
34.406;-0.2;-0.31;0.96;0.19;-0.44;0.13
34.411;-0.2;-0.31;0.96;0.19;-0.56;0.25
34.417;-0.19;-0.09;1.09;0.19;-0.56;0.25
34.424;-0.19;-0.09;1.09;0.16;-0.53;0.31
34.426;-0.17;0.08;1.15;0.16;-0.53;0.31
34.431;-0.17;0.08;1.15;0.09;-0.39;0.24
34.437;-0.12;0.19;1.18;0.09;-0.39;0.24
34.442;-0.12;0.19;1.18;0.01;-0.23;0.11
34.447;-0.1;0.27;1.14;0.01;-0.23;0.11
34.451;-0.1;0.27;1.14;-0.06;-0.09;-0.04
34.478;-0.09;0.32;1.07;-0.06;-0.09;-0.04
34.48;-0.09;0.32;1.07;-0.14;-0.02;-0.17
34.481;-0.08;0.31;0.99;-0.14;-0.02;-0.17
34.482;-0.08;0.31;0.99;-0.23;0.03;-0.28
34.483;-0.08;0.26;0.93;-0.23;0.03;-0.28
34.484;-0.08;0.26;0.93;-0.28;0.07;-0.37
34.518;-0.07;0.22;0.85;-0.28;0.07;-0.37
34.521;-0.07;0.22;0.85;-0.24;0.11;-0.4
34.526;-0.04;0.19;0.75;-0.24;0.11;-0.4
34.528;-0.04;0.19;0.75;-0.17;0.13;-0.39
34.529;-0.01;0.16;0.66;-0.17;0.13;-0.39
34.53;-0.01;0.16;0.66;-0.09;0.11;-0.38
34.531;0.01;0.13;0.58;-0.09;0.11;-0.38
34.532;0.01;0.13;0.58;-0.03;0.07;-0.42
34.533;0.02;0.07;0.54;-0.03;0.07;-0.42
34.534;0.02;0.07;0.54;0.01;-0.01;-0.49
34.538;-0.01;0.04;0.53;0.01;-0.01;-0.49
34.541;-0.01;0.04;0.53;0.02;-0.11;-0.58
34.546;-0.05;-0.01;0.55;0.02;-0.11;-0.58
34.55;-0.05;-0.01;0.55;0.02;-0.21;-0.66
34.566;-0.11;-0.07;0.61;0.02;-0.21;-0.66
34.568;-0.11;-0.07;0.61;0.0;-0.29;-0.72
34.568;-0.18;-0.13;0.67;0.0;-0.29;-0.72
34.594;-0.18;-0.13;0.67;-0.03;-0.35;-0.76
34.596;-0.23;-0.19;0.75;-0.03;-0.35;-0.76
34.597;-0.23;-0.19;0.75;-0.06;-0.38;-0.76
34.598;-0.27;-0.25;0.82;-0.06;-0.38;-0.76
34.598;-0.27;-0.25;0.82;-0.09;-0.39;-0.73
34.604;-0.31;-0.28;0.89;-0.09;-0.39;-0.73
34.607;-0.31;-0.28;0.89;-0.1;-0.38;-0.66
34.608;-0.32;-0.29;0.91;-0.1;-0.38;-0.66
34.611;-0.32;-0.29;0.91;-0.08;-0.35;-0.58
34.616;-0.31;-0.28;0.92;-0.08;-0.35;-0.58
34.621;-0.31;-0.28;0.92;-0.05;-0.31;-0.5
34.626;-0.29;-0.26;0.89;-0.05;-0.31;-0.5
34.63;-0.29;-0.26;0.89;-0.01;-0.26;-0.41
34.638;-0.26;-0.22;0.85;-0.01;-0.26;-0.41
34.64;-0.26;-0.22;0.85;0.03;-0.22;-0.34
34.646;-0.23;-0.18;0.82;0.03;-0.22;-0.34
34.65;-0.23;-0.18;0.82;0.06;-0.19;-0.28
34.666;-0.2;-0.14;0.79;0.06;-0.19;-0.28
34.668;-0.2;-0.14;0.79;0.07;-0.17;-0.24
34.67;-0.17;-0.1;0.8;0.07;-0.17;-0.24
34.671;-0.17;-0.1;0.8;0.09;-0.18;-0.21
34.697;-0.16;-0.06;0.85;0.09;-0.18;-0.21
34.698;-0.16;-0.06;0.85;0.1;-0.21;-0.2
34.7;-0.17;-0.04;0.92;0.1;-0.21;-0.2
34.7;-0.17;-0.04;0.92;0.11;-0.25;-0.19
34.701;-0.2;-0.02;1.01;0.11;-0.25;-0.19
34.702;-0.2;-0.02;1.01;0.13;-0.27;-0.18
34.71;-0.2;-0.02;1.01;0.14;-0.27;-0.17
34.718;-0.24;-0.02;1.23;0.14;-0.27;-0.17
34.72;-0.24;-0.02;1.23;0.15;-0.24;-0.13
34.726;-0.26;-0.07;1.3;0.15;-0.24;-0.13
34.731;-0.26;-0.07;1.3;0.17;-0.2;-0.07
34.736;-0.31;-0.12;1.34;0.17;-0.2;-0.07
34.759;-0.31;-0.12;1.34;0.16;-0.18;-0.03
34.76;-0.4;-0.18;1.34;0.16;-0.18;-0.03
34.761;-0.4;-0.18;1.34;0.13;-0.14;0.03
34.762;-0.48;-0.2;1.35;0.13;-0.14;0.03
34.763;-0.48;-0.2;1.35;0.04;0.04;0.05
34.766;-0.55;-0.18;1.32;0.04;0.04;0.05
34.77;-0.55;-0.18;1.32;0.02;0.17;0.07
34.788;-0.57;-0.12;1.27;0.02;0.17;0.07
34.789;-0.57;-0.12;1.27;0.01;0.28;0.06
34.791;-0.57;-0.06;1.18;0.01;0.28;0.06
34.792;-0.57;-0.06;1.18;0.01;0.37;0.04
34.796;-0.57;-0.02;1.09;0.01;0.37;0.04
34.801;-0.57;-0.02;1.09;0.0;0.41;-0.01
34.807;-0.5;0.01;1.08;0.0;0.41;-0.01
34.81;-0.5;0.01;1.08;0.0;0.39;-0.03
34.816;-0.34;0.01;1.11;0.0;0.39;-0.03
34.821;-0.34;0.01;1.11;-0.02;0.32;-0.02
34.826;-0.13;-0.08;1.13;-0.02;0.32;-0.02
34.83;-0.13;-0.08;1.13;-0.11;0.12;-0.02
34.836;0.0;-0.09;1.22;-0.11;0.12;-0.02
34.849;0.0;-0.09;1.22;-0.17;-0.14;-0.02
34.851;0.02;-0.13;1.44;-0.17;-0.14;-0.02
34.852;0.02;-0.13;1.44;-0.21;-0.29;0.01
34.879;0.02;-0.18;1.59;-0.21;-0.29;0.01
34.88;0.02;-0.18;1.59;-0.32;-0.25;0.05
34.881;-0.01;-0.16;1.64;-0.32;-0.25;0.05
34.881;-0.01;-0.16;1.64;-0.41;-0.06;0.07
34.882;-0.02;-0.16;1.6;-0.41;-0.06;0.07
34.883;-0.02;-0.16;1.6;-0.43;0.25;0.11
34.886;0.03;-0.18;1.45;-0.43;0.25;0.11
34.89;0.03;-0.18;1.45;-0.4;0.57;0.16
34.896;0.12;-0.16;1.24;-0.4;0.57;0.16
34.901;0.12;-0.16;1.24;-0.36;0.8;0.2
34.906;0.22;-0.09;0.98;-0.36;0.8;0.2
34.91;0.22;-0.09;0.98;-0.34;0.87;0.2
34.917;0.31;-0.02;0.75;-0.34;0.87;0.2
34.922;0.31;-0.02;0.75;-0.36;0.78;0.18
34.926;0.37;0.07;0.58;-0.36;0.78;0.18
34.93;0.37;0.07;0.58;-0.41;0.56;0.13
34.936;0.38;0.16;0.48;-0.41;0.56;0.13
34.94;0.38;0.16;0.48;-0.45;0.23;0.05
34.947;0.28;0.24;0.46;-0.45;0.23;0.05
34.95;0.28;0.24;0.46;-0.44;-0.16;-0.05
34.965;0.12;0.26;0.6;-0.44;-0.16;-0.05
34.967;0.12;0.26;0.6;-0.39;-0.44;-0.11
34.968;0.03;0.26;0.8;-0.39;-0.44;-0.11
34.996;0.03;0.26;0.8;-0.29;-0.57;-0.13
34.998;-0.11;0.19;0.97;-0.29;-0.57;-0.13
34.998;-0.11;0.19;0.97;-0.16;-0.57;-0.07
34.999;-0.22;0.08;1.11;-0.16;-0.57;-0.07
35.0;-0.22;0.08;1.11;-0.03;-0.44;0.02
35.001;-0.24;-0.03;1.17;-0.03;-0.44;0.02
35.002;-0.24;-0.03;1.17;0.08;-0.3;0.14
35.007;-0.29;-0.12;1.25;0.08;-0.3;0.14
35.011;-0.29;-0.12;1.25;0.19;-0.14;0.29
35.016;-0.23;-0.16;1.21;0.19;-0.14;0.29
35.021;-0.23;-0.16;1.21;0.25;0.01;0.39
35.026;-0.14;-0.21;1.14;0.25;0.01;0.39
35.03;-0.14;-0.21;1.14;0.24;0.13;0.44
35.037;-0.09;-0.19;1.05;0.24;0.13;0.44
35.04;-0.09;-0.19;1.05;0.21;0.22;0.45
35.046;-0.06;-0.16;0.95;0.21;0.22;0.45
35.05;-0.06;-0.16;0.95;0.15;0.28;0.42
35.065;-0.05;-0.14;0.82;0.15;0.28;0.42
35.067;-0.05;-0.14;0.82;0.09;0.33;0.37
35.067;-0.03;-0.11;0.7;0.09;0.33;0.37
35.1;-0.03;-0.11;0.7;0.03;0.34;0.32
35.102;-0.03;-0.07;0.6;0.03;0.34;0.32
35.103;-0.03;-0.07;0.6;-0.03;0.3;0.3
35.103;-0.01;-0.06;0.54;-0.03;0.3;0.3
35.104;-0.01;-0.06;0.54;-0.06;0.21;0.32
35.105;-0.06;-0.06;0.5;-0.06;0.21;0.32
35.11;-0.06;-0.06;0.5;-0.06;0.1;0.35
35.111;-0.09;-0.03;0.52;-0.06;0.1;0.35
35.113;-0.09;-0.03;0.52;-0.05;-0.04;0.43
35.12;-0.13;-0.01;0.61;-0.05;-0.04;0.43
35.122;-0.13;-0.01;0.61;-0.03;-0.16;0.51
35.126;-0.18;0.03;0.68;-0.03;-0.16;0.51
35.13;-0.18;0.03;0.68;-0.01;-0.24;0.58
35.138;-0.22;0.08;0.78;-0.01;-0.24;0.58
35.14;-0.22;0.08;0.78;0.02;-0.29;0.63
35.146;-0.25;0.14;0.85;0.02;-0.29;0.63
35.15;-0.25;0.14;0.85;0.04;-0.3;0.67
35.163;-0.26;0.18;0.88;0.04;-0.3;0.67
35.164;-0.26;0.18;0.88;0.06;-0.27;0.68
35.166;-0.25;0.21;0.88;0.06;-0.27;0.68
35.197;-0.25;0.21;0.88;0.08;-0.24;0.67
35.199;-0.22;0.22;0.84;0.08;-0.24;0.67
35.2;-0.22;0.22;0.84;0.07;-0.22;0.63
35.201;-0.2;0.2;0.8;0.07;-0.22;0.63
35.202;-0.2;0.2;0.8;0.04;-0.23;0.56
35.203;-0.2;0.18;0.76;0.04;-0.23;0.56
35.204;-0.2;0.18;0.76;-0.01;-0.25;0.48
35.207;-0.2;0.14;0.76;-0.01;-0.25;0.48
35.211;-0.2;0.14;0.76;-0.06;-0.27;0.39
35.216;-0.22;0.07;0.78;-0.06;-0.27;0.39
35.222;-0.22;0.07;0.78;-0.11;-0.29;0.32
35.226;-0.25;0.01;0.83;-0.11;-0.29;0.32
35.23;-0.25;0.01;0.83;-0.14;-0.29;0.28
35.237;-0.29;-0.02;0.91;-0.14;-0.29;0.28
35.24;-0.29;-0.02;0.91;-0.16;-0.29;0.27
35.246;-0.27;-0.02;1.0;-0.16;-0.29;0.27
35.25;-0.27;-0.02;1.0;-0.17;-0.25;0.28
35.263;-0.25;0.01;1.1;-0.17;-0.25;0.28
35.264;-0.25;0.01;1.1;-0.15;-0.2;0.27
35.266;-0.22;0.04;1.17;-0.15;-0.2;0.27
35.296;-0.22;0.04;1.17;-0.11;-0.16;0.26
35.298;-0.2;0.06;1.2;-0.11;-0.16;0.26
35.299;-0.2;0.06;1.2;-0.06;-0.13;0.24
35.301;-0.21;0.07;1.2;-0.06;-0.13;0.24
35.302;-0.21;0.07;1.2;-0.02;-0.11;0.21
35.303;-0.24;0.1;1.21;-0.02;-0.11;0.21
35.304;-0.24;0.1;1.21;0.0;-0.1;0.17
35.307;-0.3;0.12;1.2;0.0;-0.1;0.17
35.311;-0.3;0.12;1.2;-0.01;-0.08;0.11
35.316;-0.38;0.12;1.19;-0.01;-0.08;0.11
35.322;-0.38;0.12;1.19;-0.01;-0.04;0.04
35.326;-0.45;0.08;1.17;-0.01;-0.04;0.04
35.33;-0.45;0.08;1.17;-0.02;0.0;-0.04
35.337;-0.52;0.02;1.16;-0.02;0.0;-0.04
35.34;-0.52;0.02;1.16;-0.02;0.05;-0.09
35.346;-0.57;-0.04;1.13;-0.02;0.05;-0.09
35.35;-0.57;-0.04;1.13;-0.04;0.14;-0.11
35.364;-0.6;-0.1;1.08;-0.04;0.14;-0.11
35.365;-0.6;-0.1;1.08;-0.05;0.23;-0.08
35.367;-0.56;-0.13;1.1;-0.05;0.23;-0.08
35.393;-0.56;-0.13;1.1;-0.06;0.29;0.0
35.394;-0.35;-0.11;1.16;-0.06;0.29;0.0
35.395;-0.35;-0.11;1.16;-0.05;0.32;0.08
35.396;-0.19;0.1;1.4;-0.05;0.32;0.08
35.398;-0.19;0.1;1.4;0.02;0.24;0.17
35.399;0.0;0.17;1.55;0.02;0.24;0.17
35.4;0.0;0.17;1.55;0.3;0.03;0.13
35.406;0.0;0.1;1.65;0.3;0.03;0.13
35.411;0.0;0.1;1.65;0.38;-0.08;0.12
35.416;-0.09;0.03;1.73;0.38;-0.08;0.12
35.42;-0.09;0.03;1.73;0.46;-0.04;0.17
35.426;-0.06;0.02;1.71;0.46;-0.04;0.17
35.43;-0.06;0.02;1.71;0.51;0.17;0.22
35.449;0.07;0.07;1.58;0.51;0.17;0.22
35.452;0.07;0.07;1.58;0.47;0.47;0.18
35.456;0.16;0.08;1.35;0.47;0.47;0.18
35.457;0.16;0.08;1.35;0.38;0.76;0.11
35.458;0.22;0.05;1.1;0.38;0.76;0.11
35.479;0.22;0.05;1.1;0.3;0.93;0.04
35.48;0.29;0.02;0.86;0.3;0.93;0.04
35.482;0.29;0.02;0.86;0.26;0.93;0.02
35.483;0.32;-0.06;0.63;0.26;0.93;0.02
35.484;0.32;-0.06;0.63;0.24;0.69;0.03
35.489;0.29;-0.17;0.47;0.24;0.69;0.03
35.491;0.29;-0.17;0.47;0.21;0.26;0.09
35.498;0.18;-0.29;0.42;0.21;0.26;0.09
35.5;0.18;-0.29;0.42;0.15;-0.2;0.16
35.506;0.06;-0.39;0.55;0.15;-0.2;0.16
35.51;0.06;-0.39;0.55;0.12;-0.57;0.21
35.516;-0.11;-0.44;0.73;0.12;-0.57;0.21
35.52;-0.11;-0.44;0.73;0.11;-0.79;0.29
35.526;-0.23;-0.32;0.95;0.11;-0.79;0.29
35.53;-0.23;-0.32;0.95;0.1;-0.79;0.38
35.55;-0.27;-0.1;1.13;0.1;-0.79;0.38
35.552;-0.27;-0.1;1.13;0.08;-0.59;0.39
35.554;-0.26;0.09;1.19;0.08;-0.59;0.39
35.555;-0.26;0.09;1.19;0.05;-0.4;0.32
35.581;-0.18;0.22;1.22;0.05;-0.4;0.32
35.583;-0.18;0.22;1.22;-0.01;-0.21;0.19
35.583;-0.13;0.28;1.19;-0.01;-0.21;0.19
35.584;-0.13;0.28;1.19;-0.12;-0.06;0.04
35.585;-0.1;0.34;1.11;-0.12;-0.06;0.04
35.587;-0.1;0.34;1.11;-0.25;0.03;-0.11
35.588;-0.06;0.34;1.02;-0.25;0.03;-0.11
35.592;-0.06;0.34;1.02;-0.35;0.1;-0.25
35.596;-0.03;0.3;0.97;-0.35;0.1;-0.25
35.602;-0.03;0.3;0.97;-0.35;0.15;-0.35
35.606;0.01;0.26;0.89;-0.35;0.15;-0.35
35.61;0.01;0.26;0.89;-0.31;0.19;-0.41
35.616;0.03;0.23;0.78;-0.31;0.19;-0.41
35.622;0.03;0.23;0.78;-0.23;0.19;-0.47
35.626;0.06;0.21;0.68;-0.23;0.19;-0.47
35.631;0.06;0.21;0.68;-0.16;0.17;-0.53
35.642;0.05;0.16;0.56;-0.16;0.17;-0.53
35.644;0.05;0.16;0.56;-0.11;0.07;-0.59
35.646;0.04;0.13;0.51;-0.11;0.07;-0.59
35.65;0.04;0.13;0.51;-0.08;-0.06;-0.65
35.666;0.01;0.05;0.47;-0.08;-0.06;-0.65
35.668;0.01;0.05;0.47;-0.07;-0.19;-0.69
35.669;-0.1;-0.13;0.56;-0.07;-0.19;-0.69
35.702;-0.1;-0.13;0.56;-0.08;-0.32;-0.72
35.706;-0.18;-0.21;0.65;-0.08;-0.32;-0.72
35.707;-0.18;-0.21;0.65;-0.11;-0.41;-0.72
35.708;-0.26;-0.29;0.77;-0.11;-0.41;-0.72
35.71;-0.26;-0.29;0.77;-0.15;-0.46;-0.68
35.711;-0.31;-0.3;0.87;-0.15;-0.46;-0.68
35.712;-0.31;-0.3;0.87;-0.17;-0.46;-0.61
35.712;-0.32;-0.3;0.95;-0.17;-0.46;-0.61
35.713;-0.32;-0.3;0.95;-0.16;-0.42;-0.54
35.716;-0.3;-0.28;0.98;-0.16;-0.42;-0.54
35.721;-0.3;-0.28;0.98;-0.14;-0.36;-0.46
35.726;-0.27;-0.25;0.96;-0.14;-0.36;-0.46
35.73;-0.27;-0.25;0.96;-0.11;-0.3;-0.41
35.75;-0.26;-0.24;0.92;-0.11;-0.3;-0.41
35.752;-0.26;-0.24;0.92;-0.07;-0.26;-0.35
35.753;-0.21;-0.17;0.86;-0.07;-0.26;-0.35
35.754;-0.21;-0.17;0.86;-0.01;-0.24;-0.28
35.756;-0.22;-0.17;0.81;-0.01;-0.24;-0.28
35.761;-0.22;-0.17;0.81;0.03;-0.24;-0.23
35.766;-0.19;-0.12;0.83;0.03;-0.24;-0.23
35.781;-0.19;-0.12;0.83;0.02;-0.22;-0.23
35.783;-0.17;-0.04;0.83;0.02;-0.22;-0.23
35.783;-0.17;-0.04;0.83;0.03;-0.22;-0.19
35.793;-0.17;-0.01;0.86;0.03;-0.22;-0.19
35.794;-0.17;-0.01;0.86;0.05;-0.25;-0.18
35.797;-0.18;0.03;0.96;0.05;-0.25;-0.18
35.8;-0.18;0.03;0.96;0.06;-0.28;-0.18
35.806;-0.21;0.04;1.08;0.06;-0.28;-0.18
35.81;-0.21;0.04;1.08;0.08;-0.29;-0.18
35.816;-0.22;0.02;1.21;0.08;-0.29;-0.18
35.82;-0.22;0.02;1.21;0.11;-0.27;-0.18
35.826;-0.23;-0.01;1.3;0.11;-0.27;-0.18
35.831;-0.23;-0.01;1.3;0.14;-0.22;-0.18
35.837;-0.26;-0.08;1.38;0.14;-0.22;-0.18
35.84;-0.26;-0.08;1.38;0.16;-0.14;-0.16
35.846;-0.29;-0.14;1.36;0.16;-0.14;-0.16
35.85;-0.29;-0.14;1.36;0.18;-0.05;-0.12
35.867;-0.35;-0.23;1.33;0.18;-0.05;-0.12
35.869;-0.35;-0.23;1.33;0.18;0.02;-0.09
35.87;-0.43;-0.29;1.28;0.18;0.02;-0.09
35.871;-0.43;-0.29;1.28;0.14;0.1;-0.05
35.876;-0.51;-0.3;1.24;0.14;0.1;-0.05
35.88;-0.51;-0.3;1.24;0.08;0.18;-0.01
35.901;-0.55;-0.25;1.18;0.08;0.18;-0.01
35.903;-0.55;-0.25;1.18;0.02;0.27;0.04
35.904;-0.57;-0.18;1.1;0.02;0.27;0.04
35.904;-0.57;-0.18;1.1;-0.01;0.37;0.08
35.906;-0.55;-0.13;1.03;-0.01;0.37;0.08
35.911;-0.55;-0.13;1.03;-0.04;0.44;0.09
35.916;-0.45;-0.09;1.04;-0.04;0.44;0.09
35.92;-0.45;-0.09;1.04;-0.06;0.46;0.09
35.926;-0.25;-0.1;1.09;-0.06;0.46;0.09
35.93;-0.25;-0.1;1.09;-0.07;0.44;0.12
35.949;-0.04;-0.1;1.12;-0.07;0.44;0.12
35.951;-0.04;-0.1;1.12;-0.09;0.32;0.18
35.952;0.07;-0.05;1.27;-0.09;0.32;0.18
35.953;0.07;-0.05;1.27;-0.18;0.04;0.22
35.979;0.08;-0.04;1.47;-0.18;0.04;0.22
35.981;0.08;-0.04;1.47;-0.25;-0.23;0.23
35.982;0.06;-0.02;1.6;-0.25;-0.23;0.23
35.984;0.06;-0.02;1.6;-0.34;-0.33;0.24
35.987;0.0;-0.02;1.69;-0.34;-0.33;0.24
35.988;0.0;-0.02;1.69;-0.46;-0.23;0.19
35.99;-0.02;-0.07;1.67;-0.46;-0.23;0.19
35.991;-0.02;-0.07;1.67;-0.51;0.05;0.15
35.996;0.05;-0.12;1.49;-0.51;0.05;0.15
36.0;0.05;-0.12;1.49;-0.48;0.4;0.18
36.008;0.15;-0.08;1.23;-0.48;0.4;0.18
36.011;0.15;-0.08;1.23;-0.42;0.7;0.2
36.016;0.26;0.0;1.0;-0.42;0.7;0.2
36.022;0.26;0.0;1.0;-0.37;0.85;0.18
36.026;0.34;0.09;0.79;-0.37;0.85;0.18
36.03;0.34;0.09;0.79;-0.33;0.84;0.11
36.037;0.38;0.2;0.61;-0.33;0.84;0.11
36.04;0.38;0.2;0.61;-0.32;0.68;0.02
36.046;0.35;0.3;0.52;-0.32;0.68;0.02
36.05;0.35;0.3;0.52;-0.35;0.08;-0.26
36.074;0.26;0.36;0.55;-0.35;0.08;-0.26
36.076;0.26;0.36;0.55;-0.35;-0.21;-0.42
36.079;0.14;0.34;0.69;-0.35;-0.21;-0.42
36.081;0.14;0.34;0.69;-0.3;-0.38;-0.54
36.082;0.01;0.28;0.84;-0.3;-0.38;-0.54
36.083;0.01;0.28;0.84;-0.21;-0.43;-0.55
36.111;-0.1;0.17;0.99;-0.21;-0.43;-0.55
36.112;-0.1;0.17;0.99;-0.08;-0.37;-0.46
36.114;-0.18;0.04;1.1;-0.08;-0.37;-0.46
36.123;-0.18;0.04;1.1;0.05;-0.26;-0.31
36.124;-0.21;-0.08;1.13;0.05;-0.26;-0.31
36.126;-0.21;-0.08;1.13;0.16;-0.14;-0.14
36.127;-0.24;-0.18;1.17;0.16;-0.14;-0.14
36.128;-0.24;-0.18;1.17;0.25;-0.03;0.04
36.129;-0.19;-0.21;1.16;0.25;-0.03;0.04
36.131;-0.19;-0.21;1.16;0.29;0.05;0.17
36.136;-0.14;-0.25;1.13;0.29;0.05;0.17
36.14;-0.14;-0.25;1.13;0.28;0.12;0.22
36.146;-0.1;-0.27;1.07;0.28;0.12;0.22
36.151;-0.1;-0.27;1.07;0.24;0.17;0.23
36.168;-0.06;-0.25;0.99;0.24;0.17;0.23
36.17;-0.06;-0.25;0.99;0.19;0.22;0.19
36.171;-0.05;-0.22;0.9;0.19;0.22;0.19
36.171;-0.05;-0.22;0.9;0.14;0.26;0.15
36.176;-0.04;-0.18;0.79;0.14;0.26;0.15
36.18;-0.04;-0.18;0.79;0.08;0.26;0.1
36.199;-0.04;-0.15;0.69;0.08;0.26;0.1
36.202;-0.04;-0.15;0.69;0.02;0.23;0.08
36.202;-0.04;-0.1;0.61;0.02;0.23;0.08
36.203;-0.04;-0.1;0.61;-0.01;0.16;0.09
36.206;-0.04;-0.08;0.59;-0.01;0.16;0.09
36.21;-0.04;-0.08;0.59;-0.03;0.08;0.13
36.216;-0.09;-0.05;0.53;-0.03;0.08;0.13
36.222;-0.09;-0.05;0.53;-0.02;-0.03;0.21
36.226;-0.12;-0.01;0.58;-0.02;-0.03;0.21
36.23;-0.12;-0.01;0.58;0.01;-0.11;0.29
36.238;-0.16;0.01;0.66;0.01;-0.11;0.29
36.24;-0.16;0.01;0.66;0.03;-0.17;0.38
36.246;-0.2;0.05;0.74;0.03;-0.17;0.38
36.251;-0.2;0.05;0.74;0.05;-0.21;0.45
36.266;-0.23;0.1;0.8;0.05;-0.21;0.45
36.268;-0.23;0.1;0.8;0.08;-0.24;0.5
36.269;-0.25;0.14;0.86;0.08;-0.24;0.5
36.271;-0.25;0.14;0.86;0.1;-0.25;0.53
36.276;-0.25;0.18;0.89;0.1;-0.25;0.53
36.281;-0.25;0.18;0.89;0.11;-0.25;0.51
36.307;-0.23;0.21;0.9;0.11;-0.25;0.51
36.308;-0.23;0.21;0.9;0.11;-0.25;0.46
36.311;-0.21;0.21;0.87;0.11;-0.25;0.46
36.311;-0.21;0.21;0.87;0.08;-0.23;0.39
36.312;-0.2;0.19;0.84;0.08;-0.23;0.39
36.313;-0.2;0.19;0.84;0.04;-0.22;0.3
36.317;-0.19;0.11;0.79;0.04;-0.22;0.3
36.323;-0.19;0.11;0.79;0.0;-0.2;0.21
36.327;-0.19;0.06;0.77;0.0;-0.2;0.21
36.331;-0.19;0.06;0.77;-0.03;-0.2;0.16
36.337;-0.2;0.01;0.78;-0.03;-0.2;0.16
36.341;-0.2;0.01;0.78;-0.06;-0.21;0.13
36.346;-0.21;-0.03;0.81;-0.06;-0.21;0.13
36.352;-0.21;-0.03;0.81;-0.08;-0.22;0.14
36.368;-0.23;-0.05;0.87;-0.08;-0.22;0.14
36.371;-0.23;-0.05;0.87;-0.1;-0.24;0.17
36.372;-0.24;-0.05;0.96;-0.1;-0.24;0.17
36.373;-0.24;-0.05;0.96;-0.12;-0.25;0.21
36.377;-0.24;-0.05;1.06;-0.12;-0.25;0.21
36.381;-0.24;-0.05;1.06;-0.12;-0.25;0.26
36.401;-0.23;-0.05;1.14;-0.12;-0.25;0.26
36.403;-0.23;-0.05;1.14;-0.11;-0.24;0.29
36.404;-0.22;-0.05;1.2;-0.11;-0.24;0.29
36.405;-0.22;-0.05;1.2;-0.1;-0.21;0.3
36.407;-0.22;-0.01;1.24;-0.1;-0.21;0.3
36.411;-0.22;-0.01;1.24;-0.1;-0.16;0.27
36.416;-0.25;0.04;1.26;-0.1;-0.16;0.27
36.421;-0.25;0.04;1.26;-0.09;-0.1;0.22
36.426;-0.31;0.1;1.26;-0.09;-0.1;0.22
36.431;-0.31;0.1;1.26;-0.07;-0.04;0.14
36.437;-0.39;0.14;1.25;-0.07;-0.04;0.14
36.441;-0.39;0.14;1.25;-0.03;0.02;0.06
36.446;-0.47;0.14;1.22;-0.03;0.02;0.06
36.45;-0.47;0.14;1.22;0.0;0.09;0.0
36.468;-0.54;0.1;1.18;0.0;0.09;0.0
36.471;-0.54;0.1;1.18;0.03;0.16;-0.04
36.472;-0.57;0.04;1.12;0.03;0.16;-0.04
36.474;-0.57;0.04;1.12;0.05;0.25;-0.04
36.477;-0.62;-0.01;1.08;0.05;0.25;-0.04
36.481;-0.62;-0.01;1.08;0.05;0.33;-0.01
36.505;-0.56;-0.05;1.06;0.05;0.33;-0.01
36.507;-0.56;-0.05;1.06;0.05;0.39;0.08
36.508;-0.34;-0.1;1.06;0.05;0.39;0.08
36.509;-0.34;-0.1;1.06;0.05;0.42;0.16
36.511;-0.19;0.13;1.34;0.05;0.42;0.16
36.513;-0.19;0.13;1.34;0.08;0.31;0.26
36.516;0.06;0.21;1.48;0.08;0.31;0.26
36.521;0.06;0.21;1.48;0.22;0.21;0.24
36.527;0.11;0.2;1.64;0.22;0.21;0.24
36.53;0.11;0.2;1.64;0.32;0.02;0.17
36.537;0.05;0.17;1.76;0.32;0.02;0.17
36.541;0.05;0.17;1.76;0.43;-0.14;0.1
36.547;0.0;0.1;1.75;0.43;-0.14;0.1
36.551;0.0;0.1;1.75;0.54;-0.15;0.06
36.568;0.03;0.09;1.67;0.54;-0.15;0.06
36.571;0.03;0.09;1.67;0.57;0.03;0.04
36.572;0.09;0.1;1.44;0.57;0.03;0.04
36.573;0.09;0.1;1.44;0.54;0.32;-0.02
36.576;0.14;0.05;1.18;0.54;0.32;-0.02
36.581;0.14;0.05;1.18;0.47;0.62;-0.1
36.605;0.2;-0.01;0.93;0.47;0.62;-0.1
36.607;0.2;-0.01;0.93;0.38;0.82;-0.18
36.608;0.22;-0.09;0.74;0.38;0.82;-0.18
36.615;0.22;-0.09;0.74;0.31;0.9;-0.22
36.617;0.2;-0.16;0.57;0.31;0.9;-0.22
36.618;0.2;-0.16;0.57;0.29;0.82;-0.18
36.619;0.18;-0.24;0.45;0.29;0.82;-0.18
36.621;0.18;-0.24;0.45;0.31;0.52;-0.06
36.627;0.12;-0.39;0.46;0.31;0.52;-0.06
36.631;0.12;-0.39;0.46;0.29;0.16;0.06
36.651;-0.01;-0.48;0.58;0.29;0.16;0.06
36.652;-0.01;-0.48;0.58;0.28;-0.19;0.12
36.653;-0.12;-0.46;0.73;0.28;-0.19;0.12
36.655;-0.12;-0.46;0.73;0.28;-0.46;0.18
36.657;-0.18;-0.26;0.92;0.28;-0.46;0.18
36.661;-0.18;-0.26;0.92;0.23;-0.61;0.24
36.685;-0.2;-0.04;1.07;0.23;-0.61;0.24
36.687;-0.2;-0.04;1.07;0.17;-0.58;0.26
36.688;-0.18;0.12;1.11;0.17;-0.58;0.26
36.689;-0.18;0.12;1.11;0.12;-0.41;0.18
36.69;-0.11;0.25;1.14;0.12;-0.41;0.18
36.691;-0.11;0.25;1.14;-0.03;-0.29;-0.1
36.696;-0.11;0.24;1.11;-0.03;-0.29;-0.1
36.701;-0.11;0.24;1.11;-0.13;-0.04;-0.25
36.706;-0.11;0.34;1.08;-0.13;-0.04;-0.25
36.711;-0.11;0.34;1.08;-0.21;0.0;-0.33
36.716;-0.08;0.35;1.0;-0.21;0.0;-0.33
36.721;-0.08;0.35;1.0;-0.26;0.04;-0.42
36.726;-0.08;0.29;0.95;-0.26;0.04;-0.42
36.73;-0.08;0.29;0.95;-0.24;0.09;-0.47
36.739;-0.07;0.23;0.86;-0.24;0.09;-0.47
36.741;-0.07;0.23;0.86;-0.19;0.12;-0.48
36.746;-0.04;0.19;0.77;-0.19;0.12;-0.48
36.752;-0.04;0.19;0.77;-0.11;0.11;-0.48
36.758;-0.01;0.15;0.69;-0.11;0.11;-0.48
36.76;-0.01;0.15;0.69;-0.05;0.07;-0.52
36.766;0.0;0.11;0.62;-0.05;0.07;-0.52
36.781;0.0;0.11;0.62;-0.01;0.0;-0.57
36.784;-0.02;0.07;0.57;-0.01;0.0;-0.57
36.785;-0.02;0.07;0.57;0.01;-0.1;-0.64
36.787;-0.02;0.0;0.56;0.01;-0.1;-0.64
36.791;-0.02;0.0;0.56;0.01;-0.19;-0.71
36.796;-0.07;-0.05;0.58;0.01;-0.19;-0.71
36.814;-0.07;-0.05;0.58;0.0;-0.28;-0.75
36.817;-0.12;-0.11;0.62;0.0;-0.28;-0.75
36.818;-0.12;-0.11;0.62;-0.03;-0.36;-0.76
36.819;-0.18;-0.18;0.66;-0.03;-0.36;-0.76
36.824;-0.18;-0.18;0.66;-0.08;-0.42;-0.75
36.826;-0.22;-0.22;0.73;-0.08;-0.42;-0.75
36.831;-0.22;-0.22;0.73;-0.12;-0.46;-0.71
36.839;-0.26;-0.25;0.81;-0.12;-0.46;-0.71
36.841;-0.26;-0.25;0.81;-0.15;-0.46;-0.66
36.846;-0.29;-0.28;0.88;-0.15;-0.46;-0.66
36.864;-0.29;-0.28;0.88;-0.14;-0.44;-0.59
36.867;-0.29;-0.27;0.93;-0.14;-0.44;-0.59
36.868;-0.29;-0.27;0.93;-0.11;-0.41;-0.51
36.868;-0.27;-0.25;0.94;-0.11;-0.41;-0.51
36.902;-0.27;-0.25;0.94;-0.05;-0.37;-0.44
36.904;-0.26;-0.22;0.94;-0.05;-0.37;-0.44
36.905;-0.26;-0.22;0.94;0.01;-0.33;-0.37
36.907;-0.24;-0.19;0.91;0.01;-0.33;-0.37
36.908;-0.24;-0.19;0.91;0.05;-0.3;-0.32
36.909;-0.23;-0.15;0.89;0.05;-0.3;-0.32
36.91;-0.23;-0.15;0.89;0.08;-0.26;-0.27
36.911;-0.22;-0.1;0.87;0.08;-0.26;-0.27
36.912;-0.22;-0.1;0.87;0.09;-0.23;-0.24
36.918;-0.21;-0.06;0.86;0.09;-0.23;-0.24
36.922;-0.21;-0.06;0.86;0.09;-0.21;-0.23
36.927;-0.21;-0.05;0.89;0.09;-0.21;-0.23
36.93;-0.21;-0.05;0.89;0.08;-0.19;-0.22
36.937;-0.22;-0.03;0.95;0.08;-0.19;-0.22
36.941;-0.22;-0.03;0.95;0.08;-0.18;-0.22
36.946;-0.23;-0.02;1.04;0.08;-0.18;-0.22
36.951;-0.23;-0.02;1.04;0.08;-0.17;-0.22
36.956;-0.24;-0.02;1.23;0.08;-0.17;-0.22
36.96;-0.24;-0.02;1.23;0.1;-0.15;-0.2
36.967;-0.23;-0.04;1.28;0.1;-0.15;-0.2
36.987;-0.23;-0.04;1.28;0.13;-0.11;-0.16
36.988;-0.25;-0.07;1.27;0.13;-0.11;-0.16
36.989;-0.25;-0.07;1.27;0.15;-0.06;-0.1
36.992;-0.3;-0.11;1.27;0.15;-0.06;-0.1
36.992;-0.3;-0.11;1.27;0.16;-0.04;-0.07
36.996;-0.38;-0.16;1.24;0.16;-0.04;-0.07
37.024;-0.38;-0.16;1.24;0.14;-0.02;-0.05
37.027;-0.47;-0.19;1.23;0.14;-0.02;-0.05
37.027;-0.47;-0.19;1.23;0.11;0.01;-0.03
37.028;-0.54;-0.16;1.21;0.11;0.01;-0.03
37.029;-0.54;-0.16;1.21;0.08;0.06;-0.03
37.03;-0.59;-0.13;1.22;0.08;0.06;-0.03
37.031;-0.59;-0.13;1.22;0.06;0.15;-0.03
37.038;-0.59;-0.08;1.19;0.06;0.15;-0.03
37.041;-0.59;-0.08;1.19;0.05;0.27;-0.04
37.046;-0.46;-0.05;1.13;0.05;0.27;-0.04
37.068;-0.46;-0.05;1.13;0.06;0.35;-0.06
37.071;-0.39;-0.07;1.23;0.06;0.35;-0.06
37.072;-0.39;-0.07;1.23;0.06;0.34;-0.04
37.073;-0.14;-0.2;1.26;0.06;0.34;-0.04
37.074;-0.14;-0.2;1.26;0.0;0.33;0.0
37.077;-0.02;-0.18;1.35;0.0;0.33;0.0
37.081;-0.02;-0.18;1.35;-0.13;0.15;0.05
37.105;-0.01;-0.16;1.52;-0.13;0.15;0.05
37.107;-0.01;-0.16;1.52;-0.22;-0.09;0.09
37.108;0.0;-0.14;1.61;-0.22;-0.09;0.09
37.112;0.0;-0.14;1.61;-0.3;-0.19;0.14
37.113;-0.05;-0.12;1.64;-0.3;-0.19;0.14
37.114;-0.05;-0.12;1.64;-0.38;-0.12;0.16
37.121;-0.07;-0.11;1.58;-0.38;-0.12;0.16
37.123;-0.07;-0.11;1.58;-0.43;0.09;0.15
37.127;-0.02;-0.15;1.43;-0.43;0.09;0.15
37.131;-0.02;-0.15;1.43;-0.41;0.39;0.19
37.137;0.08;-0.16;1.2;-0.41;0.39;0.19
37.141;0.08;-0.16;1.2;-0.35;0.69;0.24
37.146;0.2;-0.11;0.96;-0.35;0.69;0.24
37.169;0.2;-0.11;0.96;-0.31;0.89;0.26
37.171;0.31;-0.03;0.76;-0.31;0.89;0.26
37.172;0.31;-0.03;0.76;-0.3;0.94;0.24
37.173;0.38;0.05;0.58;-0.3;0.94;0.24
37.174;0.38;0.05;0.58;-0.3;0.83;0.19
37.176;0.4;0.16;0.45;-0.3;0.83;0.19
37.18;0.4;0.16;0.45;-0.32;0.6;0.12
37.2;0.35;0.24;0.41;-0.32;0.6;0.12
37.202;0.35;0.24;0.41;-0.37;0.28;0.02
37.203;0.22;0.28;0.5;-0.37;0.28;0.02
37.204;0.22;0.28;0.5;-0.42;-0.08;-0.11
37.207;0.11;0.26;0.66;-0.42;-0.08;-0.11
37.21;0.11;0.26;0.66;-0.41;-0.42;-0.24
37.218;-0.05;0.16;0.9;-0.41;-0.42;-0.24
37.221;-0.05;0.16;0.9;-0.36;-0.62;-0.32
37.227;-0.16;0.05;1.08;-0.36;-0.62;-0.32
37.231;-0.16;0.05;1.08;-0.26;-0.65;-0.26
37.236;-0.23;-0.05;1.21;-0.26;-0.65;-0.26
37.24;-0.23;-0.05;1.21;-0.14;-0.53;-0.13
37.246;-0.24;-0.13;1.24;-0.14;-0.53;-0.13
37.27;-0.24;-0.13;1.24;-0.03;-0.36;0.04
37.272;-0.23;-0.17;1.27;-0.03;-0.36;0.04
37.274;-0.23;-0.17;1.27;0.07;-0.2;0.23
37.276;-0.18;-0.22;1.23;0.07;-0.2;0.23
37.278;-0.18;-0.22;1.23;0.16;-0.06;0.38
37.278;-0.14;-0.22;1.17;0.16;-0.06;0.38
37.281;-0.14;-0.22;1.17;0.19;0.04;0.46
37.302;-0.09;-0.22;1.1;0.19;0.04;0.46
37.304;-0.09;-0.22;1.1;0.18;0.13;0.49
37.305;-0.07;-0.19;1.0;0.18;0.13;0.49
37.307;-0.07;-0.19;1.0;0.17;0.2;0.47
37.308;-0.03;-0.14;0.87;0.17;0.2;0.47
37.31;-0.03;-0.14;0.87;0.14;0.27;0.44
37.32;-0.02;-0.12;0.74;0.14;0.27;0.44
37.322;-0.02;-0.12;0.74;0.09;0.3;0.39
37.326;-0.02;-0.09;0.64;0.09;0.3;0.39
37.33;-0.02;-0.09;0.64;0.04;0.3;0.33
37.336;-0.02;-0.08;0.56;0.04;0.3;0.33
37.34;-0.02;-0.08;0.56;0.04;0.15;0.34
37.346;-0.04;-0.04;0.52;0.04;0.15;0.34
37.364;-0.04;-0.04;0.52;-0.06;0.03;0.37
37.369;-0.06;-0.03;0.5;-0.06;0.03;0.37
37.37;-0.06;-0.03;0.5;-0.07;-0.09;0.42
37.371;-0.11;-0.01;0.57;-0.07;-0.09;0.42
37.372;-0.11;-0.01;0.57;-0.07;-0.19;0.48
37.376;-0.15;0.01;0.65;-0.07;-0.19;0.48
37.38;-0.15;0.01;0.65;-0.05;-0.27;0.53
37.396;-0.19;0.05;0.74;-0.05;-0.27;0.53
37.398;-0.19;0.05;0.74;-0.02;-0.3;0.58
37.4;-0.22;0.1;0.82;-0.02;-0.3;0.58
37.401;-0.22;0.1;0.82;0.01;-0.31;0.6
37.409;-0.24;0.15;0.87;0.01;-0.31;0.6
37.411;-0.24;0.15;0.87;0.04;-0.3;0.61
37.421;-0.24;0.18;0.89;0.04;-0.3;0.61
37.422;-0.24;0.18;0.89;0.05;-0.29;0.59
37.426;-0.23;0.19;0.88;0.05;-0.29;0.59
37.431;-0.23;0.19;0.88;0.04;-0.29;0.55
37.436;-0.21;0.18;0.86;0.04;-0.29;0.55
37.44;-0.21;0.18;0.86;0.02;-0.28;0.5
37.446;-0.2;0.16;0.85;0.02;-0.28;0.5
37.462;-0.2;0.16;0.85;-0.02;-0.27;0.43
37.464;-0.2;0.13;0.84;-0.02;-0.27;0.43
37.465;-0.2;0.13;0.84;-0.05;-0.25;0.36
37.467;-0.2;0.09;0.82;-0.05;-0.25;0.36
37.491;-0.2;0.09;0.82;-0.08;-0.23;0.3
37.493;-0.21;0.05;0.83;-0.08;-0.23;0.3
37.494;-0.21;0.05;0.83;-0.1;-0.21;0.27
37.495;-0.23;0.0;0.84;-0.1;-0.21;0.27
37.496;-0.23;0.0;0.84;-0.12;-0.21;0.26
37.497;-0.25;-0.04;0.88;-0.12;-0.21;0.26
37.502;-0.25;-0.04;0.88;-0.14;-0.2;0.28
37.506;-0.27;-0.06;0.93;-0.14;-0.2;0.28
37.511;-0.27;-0.06;0.93;-0.13;-0.19;0.3
37.517;-0.25;-0.04;1.01;-0.13;-0.19;0.3
37.52;-0.25;-0.04;1.01;-0.1;-0.19;0.3
37.526;-0.2;0.02;1.08;-0.1;-0.19;0.3
37.53;-0.2;0.02;1.08;-0.05;-0.19;0.27
37.537;-0.17;0.06;1.15;-0.05;-0.19;0.27
37.541;-0.17;0.06;1.15;0.0;-0.19;0.23
37.546;-0.17;0.08;1.19;0.0;-0.19;0.23
37.563;-0.17;0.08;1.19;0.02;-0.17;0.18
37.567;-0.2;0.11;1.21;0.02;-0.17;0.18
37.568;-0.2;0.11;1.21;0.02;-0.15;0.12
37.57;-0.26;0.12;1.23;0.02;-0.15;0.12
37.571;-0.26;0.12;1.23;0.0;-0.1;0.05
37.602;-0.33;0.12;1.24;0.0;-0.1;0.05
37.604;-0.33;0.12;1.24;-0.02;-0.02;0.05
37.605;-0.42;0.09;1.23;-0.02;-0.02;0.05
37.606;-0.42;0.09;1.23;-0.04;0.07;-0.07
37.607;-0.49;0.05;1.19;-0.04;0.07;-0.07
37.611;-0.49;0.05;1.19;-0.07;0.17;-0.09
37.612;-0.56;-0.05;1.08;-0.07;0.17;-0.09
37.614;-0.56;-0.05;1.08;-0.09;0.26;-0.07
37.618;-0.53;-0.08;1.07;-0.09;0.26;-0.07
37.621;-0.53;-0.08;1.07;-0.11;0.32;-0.02
37.626;-0.36;-0.05;1.15;-0.11;0.32;-0.02
37.63;-0.36;-0.05;1.15;-0.1;0.34;0.05
37.637;-0.1;0.15;1.34;-0.1;0.34;0.05
37.64;-0.1;0.15;1.34;-0.02;0.31;0.11
37.646;0.04;0.23;1.46;-0.02;0.31;0.11
37.664;0.04;0.23;1.46;0.16;0.17;0.09
37.667;0.0;0.16;1.63;0.16;0.17;0.09
37.671;0.0;0.16;1.63;0.31;-0.04;0.01
37.672;-0.09;0.08;1.75;0.31;-0.04;0.01
37.674;-0.09;0.08;1.75;0.42;-0.17;-0.06
37.677;-0.1;0.03;1.75;0.42;-0.17;-0.06
37.68;-0.1;0.03;1.75;0.53;-0.13;-0.05
37.695;-0.01;0.08;1.65;0.53;-0.13;-0.05
37.697;-0.01;0.08;1.65;0.58;0.08;-0.02
37.699;0.1;0.13;1.45;0.58;0.08;-0.02
37.706;0.1;0.13;1.45;0.54;0.42;-0.06
37.708;0.19;0.11;1.18;0.54;0.42;-0.06
37.711;0.19;0.11;1.18;0.45;0.76;-0.16
37.717;0.27;0.06;0.91;0.45;0.76;-0.16
37.72;0.27;0.06;0.91;0.36;0.99;-0.25
37.726;0.33;-0.01;0.68;0.36;0.99;-0.25
37.73;0.33;-0.01;0.68;0.3;1.04;-0.31
37.736;0.31;-0.12;0.48;0.3;1.04;-0.31
37.74;0.31;-0.12;0.48;0.29;0.86;-0.29
37.746;0.23;-0.24;0.36;0.29;0.86;-0.29
37.763;0.23;-0.24;0.36;0.28;0.46;-0.19
37.764;0.13;-0.38;0.42;0.28;0.46;-0.19
37.766;0.13;-0.38;0.42;0.25;-0.02;-0.06
37.767;0.01;-0.49;0.57;0.25;-0.02;-0.06
37.795;0.01;-0.49;0.57;0.22;-0.46;0.03
37.797;-0.16;-0.46;0.84;0.22;-0.46;0.03
37.798;-0.16;-0.46;0.84;0.19;-0.78;0.08
37.799;-0.25;-0.25;1.09;0.19;-0.78;0.08
37.8;-0.25;-0.25;1.09;0.19;-0.85;0.18
37.802;-0.24;-0.04;1.23;0.19;-0.85;0.18
37.803;-0.24;-0.04;1.23;0.22;-0.69;0.25
37.806;-0.2;0.14;1.25;0.22;-0.69;0.25
37.811;-0.2;0.14;1.25;0.23;-0.46;0.18
37.817;-0.14;0.22;1.27;0.23;-0.46;0.18
37.821;-0.14;0.22;1.27;0.2;-0.24;0.05
37.827;-0.1;0.29;1.21;0.2;-0.24;0.05
37.83;-0.1;0.29;1.21;0.14;-0.04;-0.11
37.836;-0.07;0.32;1.1;0.14;-0.04;-0.11
37.841;-0.07;0.32;1.1;0.03;0.08;-0.26
37.846;-0.04;0.3;1.01;0.03;0.08;-0.26
37.862;-0.04;0.3;1.01;-0.09;0.15;-0.4
37.863;-0.02;0.25;0.94;-0.09;0.15;-0.4
37.864;-0.02;0.25;0.94;-0.18;0.21;-0.5
37.904;0.0;0.21;0.85;-0.18;0.21;-0.5
37.907;0.0;0.21;0.85;-0.2;0.23;-0.56
37.907;0.02;0.18;0.74;-0.2;0.23;-0.56
37.908;0.02;0.18;0.74;-0.18;0.23;-0.58
37.909;0.02;0.16;0.66;-0.18;0.23;-0.58
37.91;0.02;0.16;0.66;-0.14;0.2;-0.59
37.911;0.04;0.12;0.59;-0.14;0.2;-0.59
37.912;0.04;0.12;0.59;-0.09;0.13;-0.62
37.914;0.04;0.07;0.52;-0.09;0.13;-0.62
37.915;0.04;0.07;0.52;-0.05;0.06;-0.67
37.918;-0.02;0.01;0.5;-0.05;0.06;-0.67
37.92;-0.02;0.01;0.5;-0.04;-0.05;-0.7
37.927;-0.06;-0.07;0.5;-0.04;-0.05;-0.7
37.93;-0.06;-0.07;0.5;-0.03;-0.16;-0.73
37.937;-0.11;-0.15;0.54;-0.03;-0.16;-0.73
37.94;-0.11;-0.15;0.54;-0.04;-0.25;-0.75
37.946;-0.17;-0.22;0.6;-0.04;-0.25;-0.75
37.96;-0.17;-0.22;0.6;-0.08;-0.33;-0.75
37.962;-0.23;-0.26;0.71;-0.08;-0.33;-0.75
37.963;-0.23;-0.26;0.71;-0.11;-0.38;-0.73
37.991;-0.26;-0.27;0.78;-0.11;-0.38;-0.73
37.993;-0.26;-0.27;0.78;-0.13;-0.4;-0.68
37.994;-0.27;-0.28;0.84;-0.13;-0.4;-0.68
37.995;-0.27;-0.28;0.84;-0.13;-0.4;-0.54
37.996;-0.26;-0.27;0.89;-0.13;-0.4;-0.54
37.997;-0.26;-0.27;0.89;-0.08;-0.38;-0.47
37.998;-0.26;-0.26;0.91;-0.08;-0.38;-0.47
38.004;-0.26;-0.26;0.91;-0.03;-0.37;-0.38
38.006;-0.26;-0.24;0.93;-0.03;-0.37;-0.38
38.01;-0.26;-0.24;0.93;0.02;-0.34;-0.29
38.018;-0.26;-0.22;0.93;0.02;-0.34;-0.29
38.02;-0.26;-0.22;0.93;0.06;-0.3;-0.21
38.026;-0.26;-0.18;0.93;0.06;-0.3;-0.21
38.032;-0.26;-0.18;0.93;0.07;-0.25;-0.14
38.036;-0.25;-0.14;0.94;0.07;-0.25;-0.14
38.04;-0.25;-0.14;0.94;0.08;-0.2;-0.09
38.046;-0.24;-0.11;0.95;0.08;-0.2;-0.09
38.063;-0.24;-0.11;0.95;0.07;-0.17;-0.06
38.067;-0.22;-0.07;0.98;0.07;-0.17;-0.06
38.069;-0.22;-0.07;0.98;0.06;-0.13;-0.05
38.071;-0.21;-0.04;1.01;0.06;-0.13;-0.05
38.072;-0.21;-0.04;1.01;0.04;-0.11;-0.06
38.076;-0.2;-0.03;1.05;0.04;-0.11;-0.06
38.08;-0.2;-0.03;1.05;0.03;-0.09;-0.07
38.096;-0.19;-0.01;1.11;0.03;-0.09;-0.07
38.098;-0.19;-0.01;1.11;0.04;-0.08;-0.07
38.099;-0.19;0.01;1.16;0.04;-0.08;-0.07
38.103;-0.19;0.01;1.16;0.09;-0.1;-0.05
38.107;-0.2;0.01;1.22;0.09;-0.1;-0.05
38.111;-0.2;0.01;1.22;0.15;-0.12;-0.02
38.116;-0.26;-0.04;1.25;0.15;-0.12;-0.02
38.12;-0.26;-0.04;1.25;0.18;-0.13;0.0
38.126;-0.33;-0.1;1.28;0.18;-0.13;0.0
38.131;-0.33;-0.1;1.28;0.18;-0.11;0.03
38.137;-0.42;-0.15;1.32;0.18;-0.11;0.03
38.14;-0.42;-0.15;1.32;0.16;-0.04;0.06
38.146;-0.51;-0.17;1.35;0.16;-0.04;0.06
38.165;-0.51;-0.17;1.35;0.12;0.08;0.09
38.167;-0.56;-0.16;1.34;0.12;0.08;0.09
38.168;-0.56;-0.16;1.34;0.09;0.24;0.1
38.169;-0.59;-0.14;1.3;0.09;0.24;0.1
38.17;-0.59;-0.14;1.3;0.04;0.39;0.1
38.176;-0.56;-0.12;1.23;0.04;0.39;0.1
38.195;-0.56;-0.12;1.23;0.0;0.49;0.09
38.199;-0.42;-0.07;1.22;0.0;0.49;0.09
38.2;-0.42;-0.07;1.22;-0.02;0.52;0.1
38.2;-0.21;-0.07;1.15;-0.02;0.52;0.1
38.203;-0.21;-0.07;1.15;-0.09;0.36;0.12
38.207;-0.03;-0.11;1.12;-0.09;0.36;0.12
38.211;-0.03;-0.11;1.12;-0.2;0.08;0.14
38.216;0.02;-0.06;1.23;-0.2;0.08;0.14
38.221;0.02;-0.06;1.23;-0.28;-0.13;0.13
38.227;0.04;-0.09;1.38;-0.28;-0.13;0.13
38.233;0.04;-0.09;1.38;-0.38;-0.2;0.11
38.236;0.02;-0.11;1.49;-0.38;-0.2;0.11
38.24;0.02;-0.11;1.49;-0.48;-0.1;0.1
38.248;-0.03;-0.18;1.5;-0.48;-0.1;0.1
38.252;-0.03;-0.18;1.5;-0.53;0.14;0.12
38.256;0.05;-0.18;1.34;-0.53;0.14;0.12
38.26;0.05;-0.18;1.34;-0.5;0.43;0.17
38.281;0.15;-0.12;1.12;-0.5;0.43;0.17
38.283;0.15;-0.12;1.12;-0.46;0.66;0.22
38.285;0.24;-0.03;0.89;-0.46;0.66;0.22
38.286;0.24;-0.03;0.89;-0.42;0.79;0.21
38.287;0.32;0.06;0.71;-0.42;0.79;0.21
38.291;0.32;0.06;0.71;-0.41;0.77;0.16
38.296;0.35;0.17;0.57;-0.41;0.77;0.16
38.319;0.35;0.17;0.57;-0.41;0.63;0.09
38.321;0.35;0.29;0.49;-0.41;0.63;0.09
38.322;0.35;0.29;0.49;-0.42;0.39;-0.01
38.323;0.27;0.37;0.53;-0.42;0.39;-0.01
38.324;0.27;0.37;0.53;-0.43;0.07;-0.15
38.327;0.12;0.38;0.69;-0.43;0.07;-0.15
38.332;0.12;0.38;0.69;-0.4;-0.25;-0.31
38.336;0.01;0.39;0.87;-0.4;-0.25;-0.31
38.341;0.01;0.39;0.87;-0.33;-0.44;-0.39
38.347;-0.1;0.28;1.05;-0.33;-0.44;-0.39
38.351;-0.1;0.28;1.05;-0.26;-0.51;-0.39
38.356;-0.2;0.13;1.18;-0.26;-0.51;-0.39
38.361;-0.2;0.13;1.18;-0.14;-0.44;-0.34
38.378;-0.22;0.0;1.21;-0.14;-0.44;-0.34
38.381;-0.22;0.0;1.21;-0.02;-0.29;-0.21
38.382;-0.25;-0.1;1.24;-0.02;-0.29;-0.21
38.383;-0.25;-0.1;1.24;0.07;-0.16;-0.06
38.387;-0.2;-0.16;1.23;0.07;-0.16;-0.06
38.39;-0.2;-0.16;1.23;0.14;-0.04;0.07
38.396;-0.16;-0.17;1.2;0.14;-0.04;0.07
38.416;-0.16;-0.17;1.2;0.18;0.05;0.13
38.418;-0.13;-0.2;1.13;0.18;0.05;0.13
38.419;-0.13;-0.2;1.13;0.19;0.15;0.13
38.42;-0.1;-0.19;1.03;0.19;0.15;0.13
38.421;-0.1;-0.19;1.03;0.17;0.23;0.07
38.426;-0.07;-0.18;0.91;0.17;0.23;0.07
38.431;-0.07;-0.18;0.91;0.15;0.29;0.0
38.436;-0.09;-0.15;0.77;0.15;0.29;0.0
38.44;-0.09;-0.15;0.77;0.11;0.33;-0.07
38.446;-0.08;-0.13;0.64;0.11;0.33;-0.07
38.463;-0.08;-0.13;0.64;0.06;0.34;-0.12
38.465;-0.08;-0.12;0.58;0.06;0.34;-0.12
38.467;-0.08;-0.12;0.58;0.02;0.29;-0.13
38.468;-0.09;-0.1;0.51;0.02;0.29;-0.13
38.471;-0.09;-0.1;0.51;0.0;0.23;-0.08
38.476;-0.1;-0.08;0.5;0.0;0.23;-0.08
38.505;-0.1;-0.08;0.5;0.01;0.13;0.0
38.508;-0.14;-0.07;0.53;0.01;0.13;0.0
38.508;-0.14;-0.07;0.53;0.03;0.02;0.1
38.51;-0.18;-0.03;0.59;0.03;0.02;0.1
38.511;-0.18;-0.03;0.59;0.05;-0.08;0.21
38.512;-0.21;0.0;0.67;0.05;-0.08;0.21
38.514;-0.21;0.0;0.67;0.08;-0.16;0.32
38.521;-0.23;0.06;0.74;0.08;-0.16;0.32
38.523;-0.23;0.06;0.74;0.1;-0.22;0.4
38.526;-0.24;0.12;0.79;0.1;-0.22;0.4
38.535;-0.24;0.12;0.79;0.12;-0.25;0.46
38.537;-0.23;0.17;0.82;0.12;-0.25;0.46
38.541;-0.23;0.17;0.82;0.15;-0.27;0.48
38.548;-0.2;0.2;0.81;0.15;-0.27;0.48
38.551;-0.2;0.2;0.81;0.16;-0.28;0.48
38.556;-0.18;0.18;0.78;0.16;-0.28;0.48
38.561;-0.18;0.18;0.78;0.15;-0.29;0.44
38.579;-0.17;0.15;0.76;0.15;-0.29;0.44
38.581;-0.17;0.15;0.76;0.11;-0.31;0.37
38.582;-0.18;0.09;0.76;0.11;-0.31;0.37
38.583;-0.18;0.09;0.76;0.06;-0.33;0.31
38.587;-0.19;0.04;0.8;0.06;-0.33;0.31
38.591;-0.19;0.04;0.8;0.01;-0.34;0.26
38.597;-0.21;-0.02;0.83;0.01;-0.34;0.26
38.602;-0.21;-0.02;0.83;-0.02;-0.32;0.23
38.619;-0.22;-0.06;0.87;-0.02;-0.32;0.23
38.621;-0.22;-0.06;0.87;-0.05;-0.3;0.24
38.622;-0.25;-0.09;0.94;-0.05;-0.3;0.24
38.623;-0.25;-0.09;0.94;-0.08;-0.27;0.26
38.629;-0.26;-0.09;1.01;-0.08;-0.27;0.26
38.634;-0.26;-0.09;1.01;-0.11;-0.24;0.36
38.638;-0.27;-0.1;1.11;-0.11;-0.24;0.36
38.642;-0.27;-0.1;1.11;-0.12;-0.15;0.4
38.651;-0.25;-0.11;1.18;-0.12;-0.15;0.4
38.652;-0.25;-0.11;1.18;-0.11;-0.11;0.43
38.656;-0.21;-0.08;1.23;-0.11;-0.11;0.43
38.66;-0.21;-0.08;1.23;-0.11;-0.08;0.41
38.679;-0.19;-0.02;1.25;-0.11;-0.08;0.41
38.681;-0.19;-0.02;1.25;-0.09;-0.06;0.36
38.682;-0.22;0.08;1.25;-0.09;-0.06;0.36
38.683;-0.22;0.08;1.25;-0.05;-0.04;0.28
38.686;-0.3;0.17;1.25;-0.05;-0.04;0.28
38.69;-0.3;0.17;1.25;-0.01;-0.02;0.2
38.71;-0.4;0.22;1.24;-0.01;-0.02;0.2
38.712;-0.4;0.22;1.24;0.04;0.04;0.12
38.714;-0.5;0.22;1.24;0.04;0.04;0.12
38.717;-0.5;0.22;1.24;0.07;0.13;0.06
38.718;-0.57;0.16;1.2;0.07;0.13;0.06
38.721;-0.57;0.16;1.2;0.08;0.24;0.04
38.726;-0.61;0.08;1.16;0.08;0.24;0.04
38.732;-0.61;0.08;1.16;0.08;0.35;0.08
38.736;-0.59;0.02;1.15;0.08;0.35;0.08
38.74;-0.59;0.02;1.15;0.07;0.43;0.16
38.747;-0.38;-0.03;1.15;0.07;0.43;0.16
38.751;-0.38;-0.03;1.15;0.1;0.38;0.23
38.756;-0.2;0.19;1.36;0.1;0.38;0.23
38.761;-0.2;0.19;1.36;0.24;0.31;0.18
38.778;0.05;0.24;1.51;0.24;0.31;0.18
38.782;0.05;0.24;1.51;0.35;0.15;0.06
38.783;0.11;0.18;1.63;0.35;0.15;0.06
38.784;0.11;0.18;1.63;0.46;-0.01;-0.01
38.786;0.01;0.11;1.71;0.46;-0.01;-0.01
38.791;0.01;0.11;1.71;0.59;-0.07;-0.02
38.813;-0.07;0.06;1.69;0.59;-0.07;-0.02
38.818;-0.07;0.06;1.69;0.64;0.05;-0.01
38.818;-0.05;0.06;1.61;0.64;0.05;-0.01
38.819;-0.05;0.06;1.61;0.61;0.32;-0.03
38.82;0.03;0.09;1.43;0.61;0.32;-0.03
38.822;0.03;0.09;1.43;0.53;0.63;-0.1
38.826;0.11;0.06;1.17;0.53;0.63;-0.1
38.832;0.11;0.06;1.17;0.43;0.85;-0.18
38.836;0.18;0.0;0.92;0.43;0.85;-0.18
38.841;0.18;0.0;0.92;0.34;0.93;-0.24
38.848;0.23;-0.09;0.72;0.34;0.93;-0.24
38.851;0.23;-0.09;0.72;0.28;0.87;-0.23
38.856;0.23;-0.18;0.53;0.28;0.87;-0.23
38.86;0.23;-0.18;0.53;0.22;0.57;-0.14
38.875;0.19;-0.26;0.42;0.22;0.57;-0.14
38.877;0.19;-0.26;0.42;0.18;0.18;0.0
38.878;0.13;-0.39;0.48;0.18;0.18;0.0
38.914;0.13;-0.39;0.48;0.21;-0.19;0.11
38.915;0.01;-0.48;0.58;0.21;-0.19;0.11
38.917;0.01;-0.48;0.58;0.22;-0.47;0.22
38.918;-0.08;-0.45;0.93;0.22;-0.47;0.22
38.919;-0.08;-0.45;0.93;0.2;-0.61;0.3
38.92;-0.15;-0.08;1.05;0.2;-0.61;0.3
38.922;-0.15;-0.08;1.05;0.15;-0.59;0.32
38.923;-0.15;0.07;1.1;0.15;-0.59;0.32
38.924;-0.15;0.07;1.1;0.08;-0.44;0.24
38.926;-0.11;0.17;1.13;0.08;-0.44;0.24
38.931;-0.11;0.17;1.13;0.0;-0.32;0.1
38.936;-0.09;0.24;1.12;0.0;-0.32;0.1
38.941;-0.09;0.24;1.12;-0.07;-0.21;-0.05
38.948;-0.09;0.26;1.07;-0.07;-0.21;-0.05
38.95;-0.09;0.26;1.07;-0.15;-0.14;-0.16
38.957;-0.09;0.25;1.02;-0.15;-0.14;-0.16
38.96;-0.09;0.25;1.02;-0.24;-0.07;-0.25
38.977;-0.08;0.2;0.96;-0.24;-0.07;-0.25
38.98;-0.08;0.2;0.96;-0.29;0.0;-0.31
38.982;-0.08;0.16;0.88;-0.29;0.0;-0.31
38.983;-0.08;0.16;0.88;-0.27;0.07;-0.31
38.986;-0.05;0.14;0.79;-0.27;0.07;-0.31
38.991;-0.05;0.14;0.79;-0.22;0.12;-0.28
39.014;-0.02;0.11;0.69;-0.22;0.12;-0.28
39.018;-0.02;0.11;0.69;-0.15;0.14;-0.26
39.018;-0.01;0.09;0.59;-0.15;0.14;-0.26
39.019;-0.01;0.09;0.59;-0.09;0.11;-0.27
39.021;0.0;0.05;0.56;-0.09;0.11;-0.27
39.022;0.0;0.05;0.56;-0.06;0.04;-0.31
39.027;-0.03;0.02;0.51;-0.06;0.04;-0.31
39.031;-0.03;0.02;0.51;-0.04;-0.05;-0.37
39.036;-0.07;-0.03;0.54;-0.04;-0.05;-0.37
39.041;-0.07;-0.03;0.54;-0.03;-0.16;-0.43
39.048;-0.11;-0.07;0.59;-0.03;-0.16;-0.43
39.051;-0.11;-0.07;0.59;-0.04;-0.25;-0.48
39.056;-0.17;-0.13;0.64;-0.04;-0.25;-0.48
39.061;-0.17;-0.13;0.64;-0.06;-0.31;-0.52
39.077;-0.22;-0.2;0.72;-0.06;-0.31;-0.52
39.079;-0.22;-0.2;0.72;-0.09;-0.36;-0.53
39.081;-0.27;-0.25;0.81;-0.09;-0.36;-0.53
39.082;-0.27;-0.25;0.81;-0.12;-0.38;-0.52
39.111;-0.31;-0.28;0.87;-0.12;-0.38;-0.52
39.112;-0.31;-0.28;0.87;-0.13;-0.37;-0.48
39.113;-0.31;-0.29;0.9;-0.13;-0.37;-0.48
39.118;-0.31;-0.29;0.9;-0.12;-0.34;-0.41
39.119;-0.3;-0.29;0.89;-0.12;-0.34;-0.41
39.119;-0.3;-0.29;0.89;-0.09;-0.3;-0.34
39.121;-0.28;-0.27;0.86;-0.09;-0.3;-0.34
39.122;-0.28;-0.27;0.86;-0.05;-0.26;-0.25
39.126;-0.25;-0.23;0.83;-0.05;-0.26;-0.25
39.134;-0.25;-0.23;0.83;-0.02;-0.22;-0.17
39.137;-0.22;-0.18;0.8;-0.02;-0.22;-0.17
39.141;-0.22;-0.18;0.8;0.01;-0.2;-0.1
39.148;-0.19;-0.13;0.79;0.01;-0.2;-0.1
39.151;-0.19;-0.13;0.79;0.03;-0.21;-0.06
39.156;-0.16;-0.07;0.82;0.03;-0.21;-0.06
39.163;-0.16;-0.07;0.82;0.04;-0.23;-0.03
39.179;-0.16;-0.03;0.88;0.04;-0.23;-0.03
39.181;-0.16;-0.03;0.88;0.04;-0.27;-0.02
39.182;-0.17;0.0;0.98;0.04;-0.27;-0.02
39.183;-0.17;0.0;0.98;0.06;-0.3;-0.03
39.187;-0.19;0.03;1.11;0.06;-0.3;-0.03
39.191;-0.19;0.03;1.11;0.07;-0.3;-0.04
39.212;-0.23;0.04;1.24;0.07;-0.3;-0.04
39.216;-0.23;0.04;1.24;0.08;-0.27;-0.05
39.217;-0.26;0.03;1.34;0.08;-0.27;-0.05
39.218;-0.26;0.03;1.34;0.1;-0.2;-0.02
39.219;-0.29;-0.02;1.4;0.1;-0.2;-0.02
39.221;-0.29;-0.02;1.4;0.11;-0.12;0.01
39.226;-0.34;-0.1;1.4;0.11;-0.12;0.01
39.233;-0.34;-0.1;1.4;0.1;-0.04;0.04
39.236;-0.43;-0.17;1.38;0.1;-0.04;0.04
39.241;-0.43;-0.17;1.38;0.07;0.02;0.05
39.248;-0.51;-0.21;1.35;0.07;0.02;0.05
39.251;-0.51;-0.21;1.35;0.02;0.1;0.06
39.256;-0.56;-0.2;1.29;0.02;0.1;0.06
39.26;-0.56;-0.2;1.29;-0.02;0.2;0.07
39.278;-0.59;-0.16;1.24;-0.02;0.2;0.07
39.281;-0.59;-0.16;1.24;-0.04;0.3;0.07
39.282;-0.57;-0.08;1.15;-0.04;0.3;0.07
39.283;-0.57;-0.08;1.15;-0.04;0.44;0.03
39.287;-0.47;-0.07;1.11;-0.04;0.44;0.03
39.29;-0.47;-0.07;1.11;-0.05;0.42;0.03
39.311;-0.29;-0.12;1.12;-0.05;0.42;0.03
39.313;-0.29;-0.12;1.12;-0.12;0.31;0.05
39.314;-0.08;-0.16;1.14;-0.12;0.31;0.05
39.315;-0.08;-0.16;1.14;-0.2;0.07;0.08
39.317;-0.03;-0.13;1.28;-0.2;0.07;0.08
39.32;-0.03;-0.13;1.28;-0.26;-0.16;0.11
39.326;-0.01;-0.12;1.49;-0.26;-0.16;0.11
39.331;-0.01;-0.12;1.49;-0.32;-0.25;0.16
39.336;0.0;-0.09;1.6;-0.32;-0.25;0.16
39.34;0.0;-0.09;1.6;-0.41;-0.18;0.14
39.347;-0.05;-0.05;1.68;-0.41;-0.18;0.14
39.351;-0.05;-0.05;1.68;-0.48;0.07;0.11
39.356;-0.08;-0.07;1.64;-0.48;0.07;0.11
39.36;-0.08;-0.07;1.64;-0.46;0.41;0.14
39.376;-0.02;-0.12;1.48;-0.46;0.41;0.14
39.378;-0.02;-0.12;1.48;-0.4;0.71;0.18
39.379;0.09;-0.11;1.23;-0.4;0.71;0.18
39.381;0.09;-0.11;1.23;-0.36;0.88;0.19
39.408;0.22;-0.04;0.97;-0.36;0.88;0.19
39.41;0.22;-0.04;0.97;-0.34;0.88;0.16
39.411;0.32;0.04;0.76;-0.34;0.88;0.16
39.412;0.32;0.04;0.76;-0.34;0.73;0.09
39.417;0.37;0.13;0.58;-0.34;0.73;0.09
39.418;0.37;0.13;0.58;-0.37;0.48;0.0
39.419;0.36;0.23;0.46;-0.37;0.48;0.0
39.422;0.36;0.23;0.46;-0.4;0.19;-0.14
39.426;0.3;0.29;0.45;-0.4;0.19;-0.14
39.434;0.3;0.29;0.45;-0.41;-0.12;-0.29
39.437;0.18;0.3;0.55;-0.41;-0.12;-0.29
39.44;0.18;0.3;0.55;-0.36;-0.39;-0.41
39.449;0.07;0.27;0.71;-0.36;-0.39;-0.41
39.45;0.07;0.27;0.71;-0.28;-0.54;-0.44
39.456;-0.05;0.18;0.89;-0.28;-0.54;-0.44
39.46;-0.05;0.18;0.89;-0.14;-0.55;-0.36
39.476;-0.15;0.08;1.04;-0.14;-0.55;-0.36
39.478;-0.15;0.08;1.04;-0.01;-0.46;-0.23
39.479;-0.17;-0.02;1.11;-0.01;-0.46;-0.23
39.481;-0.17;-0.02;1.11;0.11;-0.35;-0.08
39.514;-0.26;-0.1;1.19;0.11;-0.35;-0.08
39.515;-0.26;-0.1;1.19;0.21;-0.22;0.09
39.516;-0.2;-0.15;1.19;0.21;-0.22;0.09
39.517;-0.2;-0.15;1.19;0.29;-0.11;0.2
39.518;-0.17;-0.17;1.17;0.29;-0.11;0.2
39.519;-0.17;-0.17;1.17;0.31;-0.03;0.24
39.52;-0.13;-0.18;1.12;0.31;-0.03;0.24
39.522;-0.13;-0.18;1.12;0.29;0.06;0.23
39.526;-0.1;-0.16;1.05;0.29;0.06;0.23
39.532;-0.1;-0.16;1.05;0.25;0.14;0.18
39.536;-0.07;-0.14;0.94;0.25;0.14;0.18
39.54;-0.07;-0.14;0.94;0.19;0.2;0.12
39.547;-0.05;-0.1;0.71;0.19;0.2;0.12
39.55;-0.05;-0.1;0.71;0.12;0.24;0.07
39.556;-0.04;-0.09;0.6;0.12;0.24;0.07
39.56;-0.04;-0.09;0.6;0.05;0.22;0.04
39.576;-0.07;-0.07;0.54;0.05;0.22;0.04
39.578;-0.07;-0.07;0.54;-0.02;0.15;0.03
39.579;-0.08;-0.06;0.55;-0.02;0.15;0.03
39.581;-0.08;-0.06;0.55;-0.06;0.06;0.06
39.609;-0.13;-0.05;0.54;-0.06;0.06;0.06
39.61;-0.13;-0.05;0.54;-0.07;-0.04;0.12
39.611;-0.15;-0.03;0.6;-0.07;-0.04;0.12
39.619;-0.15;-0.03;0.6;-0.06;-0.15;0.21
39.621;-0.19;-0.02;0.69;-0.06;-0.15;0.21
39.622;-0.19;-0.02;0.69;-0.03;-0.23;0.28
39.623;-0.22;0.02;0.76;-0.03;-0.23;0.28
39.624;-0.22;0.02;0.76;-0.01;-0.29;0.36
39.627;-0.25;0.07;0.83;-0.01;-0.29;0.36
39.632;-0.25;0.07;0.83;0.02;-0.33;0.42
39.636;-0.26;0.13;0.88;0.02;-0.33;0.42
39.64;-0.26;0.13;0.88;0.05;-0.34;0.46
39.647;-0.26;0.17;0.9;0.05;-0.34;0.46
39.651;-0.26;0.17;0.9;0.07;-0.32;0.48
39.656;-0.23;0.19;0.89;0.07;-0.32;0.48
39.66;-0.23;0.19;0.89;0.08;-0.3;0.46
39.666;-0.21;0.19;0.87;0.08;-0.3;0.46
39.67;-0.21;0.19;0.87;0.07;-0.27;0.41
39.676;-0.21;0.17;0.85;0.07;-0.27;0.41
39.689;-0.21;0.17;0.85;0.04;-0.25;0.33
39.691;-0.21;0.13;0.83;0.04;-0.25;0.33
39.692;-0.21;0.13;0.83;0.0;-0.22;0.25
39.722;-0.21;0.09;0.81;0.0;-0.22;0.25
39.723;-0.21;0.09;0.81;-0.04;-0.19;0.19
39.724;-0.22;0.03;0.81;-0.04;-0.19;0.19
39.725;-0.22;0.03;0.81;-0.07;-0.17;0.16
39.727;-0.21;-0.01;0.8;-0.07;-0.17;0.16
39.728;-0.21;-0.01;0.8;-0.11;-0.15;0.16
39.729;-0.22;-0.03;0.85;-0.11;-0.15;0.16
39.731;-0.22;-0.03;0.85;-0.14;-0.16;0.18
39.737;-0.22;-0.04;0.93;-0.14;-0.16;0.18
39.74;-0.22;-0.04;0.93;-0.16;-0.17;0.22
39.759;-0.21;-0.05;1.02;-0.16;-0.17;0.22
39.761;-0.21;-0.05;1.02;-0.15;-0.19;0.25
39.762;-0.2;-0.04;1.12;-0.15;-0.19;0.25
39.763;-0.2;-0.04;1.12;-0.14;-0.22;0.27
39.791;-0.19;-0.02;1.2;-0.14;-0.22;0.27
39.792;-0.19;-0.02;1.2;-0.11;-0.22;0.26
39.793;-0.2;0.03;1.24;-0.11;-0.22;0.26
39.794;-0.2;0.03;1.24;-0.09;-0.19;0.21
39.795;-0.24;0.1;1.28;-0.09;-0.19;0.21
39.797;-0.24;0.1;1.28;-0.07;-0.16;0.13
39.799;-0.32;0.15;1.29;-0.07;-0.16;0.13
39.803;-0.32;0.15;1.29;-0.03;-0.1;0.03
39.806;-0.41;0.17;1.27;-0.03;-0.1;0.03
39.812;-0.41;0.17;1.27;0.02;-0.03;-0.06
39.816;-0.49;0.15;1.24;0.02;-0.03;-0.06
39.82;-0.49;0.15;1.24;0.07;0.06;-0.13
39.826;-0.57;0.09;1.19;0.07;0.06;-0.13
39.832;-0.57;0.09;1.19;0.09;0.15;-0.16
39.836;-0.58;0.03;1.17;0.09;0.15;-0.16
39.84;-0.58;0.03;1.17;0.11;0.24;-0.13
39.847;-0.51;0.0;1.18;0.11;0.24;-0.13
39.851;-0.51;0.0;1.18;0.11;0.33;-0.07
39.856;-0.27;0.09;1.3;0.11;0.33;-0.07
39.86;-0.27;0.09;1.3;0.12;0.37;0.01
39.876;0.0;0.23;1.48;0.12;0.37;0.01
39.878;0.0;0.23;1.48;0.19;0.34;0.03
39.879;0.06;0.18;1.57;0.19;0.34;0.03
39.881;0.06;0.18;1.57;0.32;0.22;-0.02
39.886;-0.04;0.08;1.73;0.32;0.22;-0.02
39.891;-0.04;0.08;1.73;0.4;0.05;-0.11
39.908;-0.12;0.0;1.8;0.4;0.05;-0.11
39.911;-0.12;0.0;1.8;0.5;-0.03;-0.12
39.911;-0.08;-0.01;1.74;0.5;-0.03;-0.12
39.912;-0.08;-0.01;1.74;0.59;0.07;-0.06
39.918;0.03;0.03;1.56;0.59;0.07;-0.06
39.92;0.03;0.03;1.56;0.59;0.32;-0.11
39.926;0.1;0.04;1.31;0.59;0.32;-0.11
39.932;0.1;0.04;1.31;0.41;0.9;-0.18
39.937;0.16;0.0;1.03;0.41;0.9;-0.18
39.94;0.16;0.0;1.03;0.32;1.02;-0.24
39.947;0.23;-0.06;0.78;0.32;1.02;-0.24
39.95;0.23;-0.06;0.78;0.27;0.99;-0.24
39.956;0.25;-0.15;0.55;0.27;0.99;-0.24
39.96;0.25;-0.15;0.55;0.22;0.72;-0.17
39.974;0.21;-0.24;0.38;0.22;0.72;-0.17
39.976;0.21;-0.24;0.38;0.17;0.33;-0.03
39.977;0.17;-0.36;0.35;0.17;0.33;-0.03
40.008;0.17;-0.36;0.35;0.17;-0.09;0.09
40.01;0.08;-0.47;0.42;0.17;-0.09;0.09
40.011;0.08;-0.47;0.42;0.18;-0.45;0.19
40.012;-0.06;-0.47;0.6;0.18;-0.45;0.19
40.012;-0.06;-0.47;0.6;0.18;-0.67;0.3
40.013;-0.14;-0.31;0.84;0.18;-0.67;0.3
40.014;-0.14;-0.31;0.84;0.17;-0.7;0.37
40.022;-0.17;-0.11;1.02;0.17;-0.7;0.37
40.023;-0.17;-0.11;1.02;0.14;-0.56;0.33
40.027;-0.19;0.06;1.14;0.14;-0.56;0.33
40.032;-0.19;0.06;1.14;0.1;-0.43;0.22
40.036;-0.16;0.18;1.2;0.1;-0.43;0.22
40.04;-0.16;0.18;1.2;0.03;-0.31;0.1
40.046;-0.12;0.26;1.21;0.03;-0.31;0.1
40.051;-0.12;0.26;1.21;-0.08;-0.19;-0.04
40.056;-0.09;0.29;1.19;-0.08;-0.19;-0.04
40.073;-0.09;0.29;1.19;-0.21;-0.06;-0.18
40.075;-0.09;0.28;1.11;-0.21;-0.06;-0.18
40.076;-0.09;0.28;1.11;-0.27;0.06;-0.26
40.078;-0.08;0.2;1.02;-0.27;0.06;-0.26
40.105;-0.08;0.2;1.02;-0.27;0.16;-0.3
40.107;-0.06;0.16;0.91;-0.27;0.16;-0.3
40.108;-0.06;0.16;0.91;-0.22;0.22;-0.3
40.109;-0.02;0.13;0.77;-0.22;0.22;-0.3
40.116;-0.02;0.13;0.77;-0.17;0.22;-0.33
40.119;0.02;0.11;0.66;-0.17;0.22;-0.33
40.121;0.02;0.11;0.66;-0.13;0.18;-0.38
40.122;0.02;0.09;0.55;-0.13;0.18;-0.38
40.123;0.02;0.09;0.55;-0.1;0.11;-0.43
40.128;0.02;0.05;0.46;-0.1;0.11;-0.43
40.131;0.02;0.05;0.46;-0.07;-0.01;-0.48
40.136;-0.01;0.03;0.45;-0.07;-0.01;-0.48
40.14;-0.01;0.03;0.45;-0.06;-0.13;-0.51
40.147;-0.03;-0.02;0.45;-0.06;-0.13;-0.51
40.151;-0.03;-0.02;0.45;-0.06;-0.26;-0.54
40.156;-0.08;-0.07;0.5;-0.06;-0.26;-0.54
40.176;-0.08;-0.07;0.5;-0.08;-0.36;-0.55
40.178;-0.14;-0.1;0.59;-0.08;-0.36;-0.55
40.179;-0.14;-0.1;0.59;-0.09;-0.44;-0.54
40.18;-0.2;-0.14;0.69;-0.09;-0.44;-0.54
40.182;-0.2;-0.14;0.69;-0.09;-0.49;-0.51
40.187;-0.28;-0.19;0.89;-0.09;-0.49;-0.51
40.19;-0.28;-0.19;0.89;-0.08;-0.5;-0.49
40.208;-0.3;-0.2;0.94;-0.08;-0.5;-0.49
40.21;-0.3;-0.2;0.94;-0.06;-0.46;-0.46
40.211;-0.3;-0.2;0.96;-0.06;-0.46;-0.46
40.212;-0.3;-0.2;0.96;-0.02;-0.42;-0.41
40.219;-0.28;-0.18;0.96;-0.02;-0.42;-0.41
40.221;-0.28;-0.18;0.96;0.02;-0.35;-0.36
40.227;-0.26;-0.16;0.93;0.02;-0.35;-0.36
40.234;-0.26;-0.16;0.93;0.06;-0.28;-0.32
40.236;-0.24;-0.12;0.92;0.06;-0.28;-0.32
40.24;-0.24;-0.12;0.92;0.08;-0.23;-0.29
40.247;-0.21;-0.08;0.93;0.08;-0.23;-0.29
40.25;-0.21;-0.08;0.93;0.1;-0.19;-0.26
40.256;-0.2;-0.05;0.95;0.1;-0.19;-0.26
40.279;-0.2;-0.05;0.95;0.11;-0.16;-0.25
40.281;-0.21;-0.03;0.98;0.11;-0.16;-0.25
40.282;-0.21;-0.03;0.98;0.12;-0.14;-0.24
40.283;-0.23;-0.03;1.03;0.12;-0.14;-0.24
40.284;-0.23;-0.03;1.03;0.11;-0.13;-0.23
40.286;-0.26;-0.04;1.1;0.11;-0.13;-0.23
40.29;-0.26;-0.04;1.1;0.1;-0.11;-0.22
40.312;-0.26;-0.06;1.16;0.1;-0.11;-0.22
40.314;-0.26;-0.06;1.16;0.09;-0.07;-0.19
40.315;-0.24;-0.11;1.2;0.09;-0.07;-0.19
40.315;-0.24;-0.11;1.2;0.09;-0.04;-0.12
40.317;-0.26;-0.18;1.21;0.09;-0.04;-0.12
40.32;-0.26;-0.18;1.21;0.1;-0.04;-0.05
40.326;-0.33;-0.25;1.23;0.1;-0.04;-0.05
40.331;-0.33;-0.25;1.23;0.09;-0.07;0.0
40.337;-0.44;-0.3;1.27;0.09;-0.07;0.0
40.341;-0.44;-0.3;1.27;0.06;-0.08;0.04
40.348;-0.53;-0.3;1.29;0.06;-0.08;0.04
40.351;-0.53;-0.3;1.29;0.04;-0.02;0.08
40.356;-0.59;-0.26;1.28;0.04;-0.02;0.08
40.377;-0.59;-0.26;1.28;0.03;0.08;0.13
40.378;-0.6;-0.19;1.23;0.03;0.08;0.13
40.379;-0.6;-0.19;1.23;0.03;0.21;0.17
40.38;-0.56;-0.1;1.17;0.03;0.21;0.17
40.381;-0.56;-0.1;1.17;0.03;0.3;0.18
40.386;-0.43;-0.15;1.17;0.03;0.3;0.18
40.391;-0.43;-0.15;1.17;0.02;0.35;0.19
40.413;-0.17;-0.21;1.15;0.02;0.35;0.19
40.415;-0.17;-0.21;1.15;-0.05;0.38;0.23
40.416;0.01;-0.14;1.21;-0.05;0.38;0.23
40.417;0.01;-0.14;1.21;-0.19;0.22;0.3
40.418;0.01;-0.06;1.43;-0.19;0.22;0.3
40.421;0.01;-0.06;1.43;-0.31;-0.07;0.33
40.428;0.03;-0.01;1.62;-0.31;-0.07;0.33
40.431;0.03;-0.01;1.62;-0.39;-0.24;0.36
40.436;0.02;0.02;1.69;-0.39;-0.24;0.36
40.44;0.02;0.02;1.69;-0.47;-0.2;0.39
40.446;-0.01;0.0;1.69;-0.47;-0.2;0.39
40.45;-0.01;0.0;1.69;-0.55;-0.01;0.34
40.456;0.01;-0.06;1.59;-0.55;-0.01;0.34
40.477;0.01;-0.06;1.59;-0.55;0.28;0.32
40.479;0.09;-0.08;1.37;-0.55;0.28;0.32
40.48;0.09;-0.08;1.37;-0.45;0.61;0.34
40.481;0.19;-0.04;1.11;-0.45;0.61;0.34
40.482;0.19;-0.04;1.11;-0.37;0.86;0.33
40.486;0.29;0.04;0.85;-0.37;0.86;0.33
40.491;0.29;0.04;0.85;-0.32;0.98;0.27
40.515;0.36;0.14;0.65;-0.32;0.98;0.27
40.518;0.36;0.14;0.65;-0.29;0.91;0.18
40.52;0.37;0.21;0.5;-0.29;0.91;0.18
40.522;0.37;0.21;0.5;-0.29;0.71;0.07
40.523;0.33;0.28;0.43;-0.29;0.71;0.07
40.524;0.33;0.28;0.43;-0.32;0.45;-0.06
40.527;0.23;0.3;0.47;-0.32;0.45;-0.06
40.531;0.23;0.3;0.47;-0.33;0.1;-0.2
40.536;0.14;0.29;0.6;-0.33;0.1;-0.2
40.541;0.14;0.29;0.6;-0.32;-0.24;-0.33
40.55;0.02;0.22;0.8;-0.32;-0.24;-0.33
40.552;0.02;0.22;0.8;-0.29;-0.49;-0.4
40.556;-0.1;0.11;0.99;-0.29;-0.49;-0.4
40.574;-0.1;0.11;0.99;-0.21;-0.58;-0.39
40.58;-0.18;0.0;1.11;-0.21;-0.58;-0.39
40.583;-0.18;0.0;1.11;0.0;-0.43;-0.17
40.585;-0.22;-0.09;1.18;0.0;-0.43;-0.17
40.587;-0.22;-0.09;1.18;0.09;-0.3;-0.02
40.59;-0.21;-0.15;1.25;0.09;-0.3;-0.02
40.592;-0.21;-0.15;1.25;0.17;-0.16;0.11
40.618;-0.17;-0.18;1.23;0.17;-0.16;0.11
40.627;-0.17;-0.18;1.23;0.22;-0.05;0.17
40.629;-0.14;-0.21;1.19;0.22;-0.05;0.17
40.63;-0.14;-0.21;1.19;0.22;0.04;0.18
40.631;-0.1;-0.2;1.11;0.22;0.04;0.18
40.632;-0.1;-0.2;1.11;0.2;0.12;0.16
40.633;-0.08;-0.17;1.0;0.2;0.12;0.16
40.634;-0.08;-0.17;1.0;0.17;0.2;0.11
40.636;-0.07;-0.13;0.87;0.17;0.2;0.11
40.64;-0.07;-0.13;0.87;0.12;0.26;0.05
40.646;-0.07;-0.1;0.74;0.12;0.26;0.05
40.652;-0.07;-0.1;0.74;0.06;0.28;0.02
40.656;-0.07;-0.08;0.63;0.06;0.28;0.02
40.672;-0.07;-0.08;0.63;0.01;0.24;0.01
40.674;-0.06;-0.05;0.56;0.01;0.24;0.01
40.674;-0.06;-0.05;0.56;-0.01;0.16;0.03
40.713;-0.08;-0.04;0.52;-0.01;0.16;0.03
40.715;-0.08;-0.04;0.52;-0.02;0.06;0.07
40.716;-0.08;0.0;0.55;-0.02;0.06;0.07
40.717;-0.08;0.0;0.55;-0.01;-0.04;0.12
40.718;-0.19;0.0;0.56;-0.01;-0.04;0.12
40.719;-0.19;0.0;0.56;0.01;-0.14;0.2
40.72;-0.18;0.05;0.64;0.01;-0.14;0.2
40.721;-0.18;0.05;0.64;0.02;-0.2;0.24
40.722;-0.24;0.09;0.75;0.02;-0.2;0.24
40.722;-0.24;0.09;0.75;0.04;-0.23;0.28
40.728;-0.28;0.13;0.83;0.04;-0.23;0.28
40.73;-0.28;0.13;0.83;0.06;-0.23;0.32
40.736;-0.29;0.15;0.88;0.06;-0.23;0.32
40.741;-0.29;0.15;0.88;0.09;-0.21;0.34
40.746;-0.28;0.17;0.88;0.09;-0.21;0.34
40.75;-0.28;0.17;0.88;0.09;-0.2;0.32
40.756;-0.25;0.17;0.86;0.09;-0.2;0.32
40.773;-0.25;0.17;0.86;0.09;-0.19;0.28
40.774;-0.23;0.16;0.83;0.09;-0.19;0.28
40.775;-0.23;0.16;0.83;0.07;-0.18;0.22
40.777;-0.22;0.13;0.8;0.07;-0.18;0.22
40.803;-0.22;0.13;0.8;0.04;-0.18;0.16
40.805;-0.21;0.08;0.76;0.04;-0.18;0.16
40.806;-0.21;0.08;0.76;0.01;-0.18;0.11
40.807;-0.2;0.02;0.75;0.01;-0.18;0.11
40.808;-0.2;0.02;0.75;-0.02;-0.19;0.09
40.808;-0.2;-0.04;0.75;-0.02;-0.19;0.09
40.814;-0.2;-0.04;0.75;-0.04;-0.21;0.11
40.816;-0.21;-0.09;0.78;-0.04;-0.21;0.11
40.821;-0.21;-0.09;0.78;-0.07;-0.22;0.16
40.829;-0.22;-0.13;0.84;-0.07;-0.22;0.16
40.831;-0.22;-0.13;0.84;-0.09;-0.24;0.22
40.836;-0.24;-0.15;1.03;-0.09;-0.24;0.22
40.84;-0.24;-0.15;1.03;-0.1;-0.24;0.29
40.846;-0.21;-0.11;1.15;-0.1;-0.24;0.29
40.85;-0.21;-0.11;1.15;-0.1;-0.25;0.34
40.856;-0.19;-0.05;1.23;-0.1;-0.25;0.34
40.873;-0.19;-0.05;1.23;-0.09;-0.22;0.35
40.874;-0.21;0.04;1.29;-0.09;-0.22;0.35
40.875;-0.21;0.04;1.29;-0.08;-0.18;0.32
40.907;-0.27;0.15;1.34;-0.08;-0.18;0.32
40.909;-0.27;0.15;1.34;-0.05;-0.13;0.26
40.91;-0.36;0.22;1.34;-0.05;-0.13;0.26
40.911;-0.36;0.22;1.34;0.0;-0.06;0.18
40.912;-0.48;0.23;1.3;0.0;-0.06;0.18
40.912;-0.48;0.23;1.3;0.04;0.03;0.1
40.913;-0.56;0.19;1.24;0.04;0.03;0.1
40.914;-0.56;0.19;1.24;0.08;0.11;0.02
40.92;-0.6;0.11;1.18;0.08;0.11;0.02
40.922;-0.6;0.11;1.18;0.08;0.2;-0.03
40.932;-0.6;0.05;1.12;0.08;0.2;-0.03
40.934;-0.6;0.05;1.12;0.09;0.29;-0.02
40.936;-0.51;0.03;1.12;0.09;0.29;-0.02
40.94;-0.51;0.03;1.12;0.09;0.36;0.02
40.946;-0.28;0.09;1.23;0.09;0.36;0.02
40.95;-0.28;0.09;1.23;0.1;0.4;0.07
40.956;-0.02;0.23;1.37;0.1;0.4;0.07
40.971;-0.02;0.23;1.37;0.18;0.37;0.08
40.973;0.07;0.19;1.45;0.18;0.37;0.08
40.974;0.07;0.19;1.45;0.32;0.21;0.02
41.007;-0.05;0.15;1.68;0.32;0.21;0.02
41.008;-0.05;0.15;1.68;0.42;-0.02;-0.06
41.01;-0.08;0.04;1.76;0.42;-0.02;-0.06
41.011;-0.08;0.04;1.76;0.52;-0.12;-0.12
41.011;-0.08;0.01;1.73;0.52;-0.12;-0.12
41.012;-0.08;0.01;1.73;0.61;-0.04;-0.09
41.013;0.0;0.04;1.59;0.61;-0.04;-0.09
41.014;0.0;0.04;1.59;0.63;0.19;-0.09
41.016;0.09;0.04;1.35;0.63;0.19;-0.09
41.02;0.09;0.04;1.35;0.56;0.51;-0.15
41.027;0.16;0.0;1.1;0.56;0.51;-0.15
41.031;0.16;0.0;1.1;0.46;0.78;-0.21
41.036;0.21;-0.07;0.84;0.46;0.78;-0.21
41.042;0.21;-0.07;0.84;0.36;0.93;-0.24
41.046;0.24;-0.17;0.66;0.36;0.93;-0.24
41.05;0.24;-0.17;0.66;0.29;0.92;-0.21
41.056;0.21;-0.25;0.44;0.29;0.92;-0.21
41.061;0.21;-0.25;0.44;0.27;0.74;-0.12
41.067;0.19;-0.35;0.39;0.27;0.74;-0.12
41.07;0.19;-0.35;0.39;0.22;0.36;0.04
41.102;0.11;-0.47;0.45;0.22;0.36;0.04
41.103;0.11;-0.47;0.45;0.2;-0.03;0.16
41.104;-0.02;-0.5;0.6;0.2;-0.03;0.16
41.105;-0.02;-0.5;0.6;0.2;-0.37;0.26
41.106;-0.09;-0.39;0.79;0.2;-0.37;0.26
41.111;-0.09;-0.39;0.79;0.21;-0.61;0.36
41.112;-0.16;-0.2;0.98;0.21;-0.61;0.36
41.113;-0.16;-0.2;0.98;0.19;-0.71;0.43
41.141;-0.18;-0.03;1.11;0.19;-0.71;0.43
41.142;-0.18;-0.03;1.11;0.16;-0.63;0.42
41.143;-0.18;-0.03;1.11;0.12;-0.49;0.33
41.145;-0.13;0.14;1.18;0.12;-0.49;0.33
41.147;-0.13;0.14;1.18;0.07;-0.38;0.23
41.148;-0.15;0.19;1.15;0.07;-0.38;0.23
41.15;-0.15;0.19;1.15;-0.05;-0.22;0.08
41.17;-0.11;0.26;1.09;-0.05;-0.22;0.08
41.171;-0.11;0.26;1.09;-0.19;-0.11;-0.03
41.172;-0.08;0.24;1.02;-0.19;-0.11;-0.03
41.174;-0.08;0.24;1.02;-0.28;-0.02;-0.1
41.178;-0.05;0.21;0.95;-0.28;-0.02;-0.1
41.18;-0.05;0.21;0.95;-0.31;0.06;-0.16
41.186;-0.02;0.19;0.84;-0.31;0.06;-0.16
41.191;-0.02;0.19;0.84;-0.28;0.12;-0.19
41.214;0.01;0.18;0.74;-0.28;0.12;-0.19
41.217;0.01;0.18;0.74;-0.22;0.15;-0.21
41.218;0.02;0.17;0.65;-0.22;0.15;-0.21
41.219;0.02;0.17;0.65;-0.16;0.13;-0.25
41.22;0.01;0.14;0.56;-0.16;0.13;-0.25
41.221;0.01;0.14;0.56;-0.07;0.04;-0.39
41.248;0.0;0.09;0.52;-0.07;0.04;-0.39
41.249;0.0;0.09;0.52;-0.05;-0.03;-0.46
41.25;-0.05;0.06;0.51;-0.05;-0.03;-0.46
41.251;-0.05;0.06;0.51;-0.05;-0.11;-0.52
41.252;-0.07;0.0;0.52;-0.05;-0.11;-0.52
41.254;-0.07;0.0;0.52;-0.05;-0.17;-0.57
41.258;-0.1;-0.07;0.56;-0.05;-0.17;-0.57
41.261;-0.1;-0.07;0.56;-0.07;-0.24;-0.6
41.267;-0.14;-0.13;0.63;-0.07;-0.24;-0.6
41.27;-0.14;-0.13;0.63;-0.07;-0.31;-0.6
41.289;-0.18;-0.2;0.72;-0.07;-0.31;-0.6
41.29;-0.18;-0.2;0.72;-0.07;-0.36;-0.57
41.292;-0.21;-0.23;0.79;-0.07;-0.36;-0.57
41.295;-0.21;-0.23;0.79;-0.04;-0.41;-0.52
41.326;-0.22;-0.24;0.85;-0.04;-0.41;-0.52
41.328;-0.22;-0.24;0.85;-0.01;-0.44;-0.47
41.329;-0.24;-0.25;0.89;-0.01;-0.44;-0.47
41.33;-0.24;-0.25;0.89;0.03;-0.46;-0.41
41.331;-0.25;-0.24;0.91;0.03;-0.46;-0.41
41.332;-0.25;-0.24;0.91;0.07;-0.46;-0.35
41.332;-0.26;-0.21;0.92;0.07;-0.46;-0.35
41.334;-0.26;-0.21;0.92;0.09;-0.44;-0.29
41.336;-0.27;-0.18;0.94;0.09;-0.44;-0.29
41.34;-0.27;-0.18;0.94;0.1;-0.4;-0.25
41.346;-0.27;-0.13;0.95;0.1;-0.4;-0.25
41.35;-0.27;-0.13;0.95;0.09;-0.35;-0.23
41.356;-0.26;-0.1;0.97;0.09;-0.35;-0.23
41.374;-0.26;-0.1;0.97;0.07;-0.29;-0.21
41.376;-0.26;-0.08;1.0;0.07;-0.29;-0.21
41.377;-0.26;-0.08;1.0;0.05;-0.25;-0.19
41.378;-0.25;-0.07;1.07;0.05;-0.25;-0.19
41.38;-0.25;-0.07;1.07;0.01;-0.21;-0.17
41.386;-0.26;-0.08;1.15;0.01;-0.21;-0.17
41.391;-0.26;-0.08;1.15;-0.02;-0.15;-0.16
41.407;-0.28;-0.08;1.24;-0.02;-0.15;-0.16
41.409;-0.28;-0.08;1.24;-0.03;-0.06;-0.13
41.41;-0.27;-0.08;1.32;-0.03;-0.06;-0.13
41.411;-0.27;-0.08;1.32;-0.01;0.05;-0.07
41.417;-0.26;-0.09;1.32;-0.01;0.05;-0.07
41.42;-0.26;-0.09;1.32;0.02;0.11;-0.01
41.429;-0.28;-0.13;1.25;0.02;0.11;-0.01
41.431;-0.28;-0.13;1.25;0.01;0.13;0.02
41.436;-0.34;-0.18;1.21;0.01;0.13;0.02
41.44;-0.34;-0.18;1.21;-0.02;0.14;0.03
41.446;-0.42;-0.21;1.2;-0.02;0.14;0.03
41.45;-0.42;-0.21;1.2;-0.06;0.15;0.05
41.456;-0.47;-0.21;1.19;-0.06;0.15;0.05
41.479;-0.47;-0.21;1.19;-0.07;0.19;0.06
41.48;-0.52;-0.17;1.17;-0.07;0.19;0.06
41.482;-0.52;-0.17;1.17;-0.06;0.25;0.07
41.483;-0.54;-0.11;1.14;-0.06;0.25;0.07
41.484;-0.54;-0.11;1.14;-0.05;0.31;0.06
41.486;-0.38;0.0;1.16;-0.05;0.31;0.06
41.49;-0.38;0.0;1.16;-0.04;0.34;0.04
41.513;-0.21;-0.02;1.17;-0.04;0.34;0.04
41.515;-0.21;-0.02;1.17;-0.03;0.32;0.05
41.516;-0.06;-0.03;1.25;-0.03;0.32;0.05
41.517;-0.06;-0.03;1.25;-0.08;0.18;0.04
41.519;0.0;-0.02;1.47;-0.08;0.18;0.04
41.52;0.0;-0.02;1.47;-0.17;-0.02;0.03
41.527;0.07;-0.04;1.58;-0.17;-0.02;0.03
41.531;0.07;-0.04;1.58;-0.26;-0.1;0.03
41.536;0.06;-0.03;1.6;-0.26;-0.1;0.03
41.54;0.06;-0.03;1.6;-0.39;-0.05;0.02
41.547;0.01;-0.08;1.54;-0.39;-0.05;0.02
41.55;0.01;-0.08;1.54;-0.54;0.1;0.02
41.556;0.03;-0.15;1.43;-0.54;0.1;0.02
41.574;0.03;-0.15;1.43;-0.58;0.34;-0.01
41.577;0.11;-0.17;1.26;-0.58;0.34;-0.01
41.578;0.11;-0.17;1.26;-0.55;0.6;0.03
41.579;0.21;-0.13;1.01;-0.55;0.6;0.03
41.581;0.21;-0.13;1.01;-0.5;0.8;0.08
41.586;0.29;-0.06;0.78;-0.5;0.8;0.08
41.591;0.29;-0.06;0.78;-0.46;0.84;0.1
41.608;0.33;0.05;0.6;-0.46;0.84;0.1
41.61;0.33;0.05;0.6;-0.46;0.73;0.09
41.615;0.3;0.16;0.5;-0.46;0.73;0.09
41.616;0.3;0.16;0.5;-0.48;0.49;0.04
41.617;0.23;0.25;0.54;-0.48;0.49;0.04
41.62;0.23;0.25;0.54;-0.51;0.19;-0.05
41.627;0.09;0.28;0.69;-0.51;0.19;-0.05
41.631;0.09;0.28;0.69;-0.5;-0.12;-0.15
41.637;0.01;0.29;0.86;-0.5;-0.12;-0.15
41.645;0.01;0.29;0.86;-0.46;-0.33;-0.21
41.647;-0.1;0.24;1.04;-0.46;-0.33;-0.21
41.65;-0.1;0.24;1.04;-0.36;-0.41;-0.21
41.656;-0.18;0.16;1.12;-0.36;-0.41;-0.21
41.661;-0.18;0.16;1.12;-0.24;-0.35;-0.16
41.666;-0.18;0.07;1.15;-0.24;-0.35;-0.16
41.671;-0.18;0.07;1.15;-0.11;-0.24;-0.07
41.692;-0.23;-0.01;1.19;-0.11;-0.24;-0.07
41.694;-0.23;-0.01;1.19;-0.01;-0.13;0.02
41.696;-0.17;-0.07;1.16;-0.01;-0.13;0.02
41.699;-0.17;-0.07;1.16;0.08;-0.02;0.1
41.7;-0.14;-0.09;1.11;0.08;-0.02;0.1
41.702;-0.14;-0.09;1.11;0.14;0.09;0.13
41.706;-0.1;-0.11;1.03;0.14;0.09;0.13
41.724;-0.1;-0.11;1.03;0.16;0.2;0.12
41.727;-0.08;-0.11;0.93;0.16;0.2;0.12
41.728;-0.08;-0.11;0.93;0.16;0.28;0.06
41.729;-0.05;-0.1;0.82;0.16;0.28;0.06
41.731;-0.05;-0.1;0.82;0.13;0.33;-0.02
41.736;-0.05;-0.11;0.7;0.13;0.33;-0.02
41.745;-0.05;-0.11;0.7;0.09;0.35;-0.08
41.747;-0.05;-0.11;0.61;0.09;0.35;-0.08
41.75;-0.05;-0.11;0.61;0.04;0.34;-0.12
41.757;-0.05;-0.12;0.54;0.04;0.34;-0.12
41.761;-0.05;-0.12;0.54;0.0;0.29;-0.11
41.766;-0.07;-0.12;0.49;0.0;0.29;-0.11
41.77;-0.07;-0.12;0.49;-0.04;0.2;-0.07
41.788;-0.08;-0.11;0.48;-0.04;0.2;-0.07
41.79;-0.08;-0.11;0.48;-0.05;0.08;0.02
41.791;-0.12;-0.11;0.53;-0.05;0.08;0.02
41.792;-0.12;-0.11;0.53;-0.05;-0.05;0.11
41.821;-0.16;-0.09;0.6;-0.05;-0.05;0.11
41.824;-0.16;-0.09;0.6;-0.04;-0.17;0.21
41.827;-0.21;-0.07;0.72;-0.04;-0.17;0.21
41.829;-0.21;-0.07;0.72;-0.02;-0.26;0.3
41.831;-0.27;-0.02;0.79;-0.02;-0.26;0.3
41.832;-0.27;-0.02;0.79;0.0;-0.3;0.39
41.833;-0.29;0.05;0.9;0.0;-0.3;0.39
41.834;-0.29;0.05;0.9;0.03;-0.34;0.45
41.837;-0.31;0.1;0.91;0.03;-0.34;0.45
41.852;-0.31;0.1;0.91;0.07;-0.32;0.5
41.854;-0.28;0.12;0.9;0.07;-0.32;0.5
41.856;-0.28;0.12;0.9;0.1;-0.31;0.51
41.857;-0.26;0.12;0.86;0.1;-0.31;0.51
41.875;-0.26;0.12;0.86;0.08;-0.31;0.45
41.877;-0.24;0.11;0.82;0.08;-0.31;0.45
41.878;-0.24;0.11;0.82;0.04;-0.35;0.4
41.879;-0.23;0.08;0.81;0.04;-0.35;0.4
41.88;-0.23;0.08;0.81;0.0;-0.35;0.37
41.887;-0.24;0.05;0.82;0.0;-0.35;0.37
41.908;-0.24;0.05;0.82;-0.04;-0.33;0.36
41.911;-0.26;0.0;0.84;-0.04;-0.33;0.36
41.912;-0.26;0.0;0.84;-0.08;-0.29;0.38
41.913;-0.28;-0.04;0.88;-0.08;-0.29;0.38
41.914;-0.28;-0.04;0.88;-0.1;-0.23;0.42
41.916;-0.29;-0.07;0.92;-0.1;-0.23;0.42
41.92;-0.29;-0.07;0.92;-0.12;-0.18;0.46
41.926;-0.29;-0.08;0.97;-0.12;-0.18;0.46
41.93;-0.29;-0.08;0.97;-0.12;-0.13;0.49
41.936;-0.28;-0.09;1.02;-0.12;-0.13;0.49
41.946;-0.28;-0.09;1.02;-0.12;-0.11;0.5
41.948;-0.25;-0.07;1.07;-0.12;-0.11;0.5
41.951;-0.25;-0.07;1.07;-0.12;-0.11;0.48
41.956;-0.22;-0.05;1.12;-0.12;-0.11;0.48
41.961;-0.22;-0.05;1.12;-0.12;-0.1;0.43
41.966;-0.21;0.01;1.16;-0.12;-0.1;0.43
41.971;-0.21;0.01;1.16;-0.11;-0.1;0.36
41.989;-0.22;0.1;1.18;-0.11;-0.1;0.36
41.991;-0.22;0.1;1.18;-0.08;-0.1;0.27
41.992;-0.29;0.18;1.2;-0.08;-0.1;0.27
41.993;-0.29;0.18;1.2;-0.03;-0.08;0.19
41.996;-0.41;0.21;1.2;-0.03;-0.08;0.19
42.0;-0.41;0.21;1.2;0.01;-0.05;0.13
42.006;-0.52;0.19;1.21;0.01;-0.05;0.13
42.024;-0.52;0.19;1.21;0.05;0.02;0.11
42.026;-0.59;0.11;1.2;0.05;0.02;0.11
42.027;-0.59;0.11;1.2;0.05;0.11;0.13
42.028;-0.58;0.04;1.2;0.05;0.11;0.13
42.03;-0.58;0.04;1.2;0.06;0.21;0.2
42.036;-0.41;0.03;1.29;0.06;0.21;0.2
42.043;-0.41;0.03;1.29;0.09;0.27;0.25
42.047;-0.13;0.18;1.49;0.09;0.27;0.25
42.05;-0.13;0.18;1.49;0.23;0.21;0.2
42.056;0.08;0.24;1.6;0.23;0.21;0.2
42.061;0.08;0.24;1.6;0.39;0.05;0.09
42.066;0.05;0.18;1.77;0.39;0.05;0.09
42.071;0.05;0.18;1.77;0.54;-0.06;-0.03
42.092;-0.07;0.07;1.83;0.54;-0.06;-0.03
42.095;-0.07;0.07;1.83;0.72;-0.05;-0.05
42.095;-0.13;0.02;1.77;0.72;-0.05;-0.05
42.097;-0.13;0.02;1.77;0.85;0.1;-0.02
42.098;-0.11;0.03;1.64;0.85;0.1;-0.02
42.101;-0.11;0.03;1.64;0.85;0.36;-0.04
42.127;0.01;0.08;1.42;0.85;0.36;-0.04
42.129;0.01;0.08;1.42;0.76;0.63;-0.12
42.131;0.11;0.08;1.17;0.76;0.63;-0.12
42.133;0.11;0.08;1.17;0.64;0.83;-0.21
42.134;0.18;0.02;0.69;0.64;0.83;-0.21
42.135;0.18;0.02;0.69;0.52;0.9;-0.26
42.137;0.28;-0.18;0.52;0.52;0.9;-0.26
42.142;0.28;-0.18;0.52;0.42;0.81;-0.25
42.146;0.21;-0.28;0.38;0.42;0.81;-0.25
42.15;0.21;-0.28;0.38;0.34;0.52;-0.18
42.159;0.15;-0.37;0.44;0.34;0.52;-0.18
42.161;0.15;-0.37;0.44;0.25;0.08;-0.05
42.166;0.04;-0.44;0.6;0.25;0.08;-0.05
42.17;0.04;-0.44;0.6;0.24;-0.31;0.07
42.189;-0.08;-0.38;0.76;0.24;-0.31;0.07
42.191;-0.08;-0.38;0.76;0.25;-0.6;0.16
42.192;-0.1;-0.22;0.95;0.25;-0.6;0.16
42.194;-0.1;-0.22;0.95;0.24;-0.72;0.25
42.197;-0.11;-0.06;1.06;0.24;-0.72;0.25
42.201;-0.11;-0.06;1.06;0.19;-0.66;0.23
42.221;-0.09;0.1;1.15;0.19;-0.66;0.23
42.223;-0.09;0.1;1.15;0.11;-0.52;0.11
42.224;-0.05;0.1;1.1;0.11;-0.52;0.11
42.225;-0.05;0.1;1.1;0.03;-0.37;-0.03
42.227;-0.09;0.18;1.14;0.03;-0.37;-0.03
42.231;-0.09;0.18;1.14;-0.08;-0.25;-0.16
42.236;-0.09;0.24;1.08;-0.08;-0.25;-0.16
42.243;-0.09;0.24;1.08;-0.14;-0.14;-0.22
42.246;-0.08;0.24;1.04;-0.14;-0.14;-0.22
42.251;-0.08;0.24;1.04;-0.21;-0.06;-0.28
42.257;-0.07;0.19;0.98;-0.21;-0.06;-0.28
42.261;-0.07;0.19;0.98;-0.24;0.03;-0.32
42.266;-0.06;0.16;0.9;-0.24;0.03;-0.32
42.27;-0.06;0.16;0.9;-0.23;0.11;-0.33
42.286;-0.05;0.14;0.79;-0.23;0.11;-0.33
42.288;-0.05;0.14;0.79;-0.17;0.16;-0.31
42.289;-0.02;0.12;0.69;-0.17;0.16;-0.31
42.291;-0.02;0.12;0.69;-0.1;0.18;-0.3
42.316;-0.02;0.09;0.6;-0.1;0.18;-0.3
42.318;-0.02;0.09;0.6;-0.05;0.15;-0.33
42.319;-0.01;0.06;0.53;-0.05;0.15;-0.33
42.32;-0.01;0.06;0.53;-0.01;0.09;-0.38
42.321;-0.02;0.02;0.51;-0.01;0.09;-0.38
42.323;-0.02;0.02;0.51;0.02;0.0;-0.44
42.328;-0.05;-0.05;0.53;0.02;0.0;-0.44
42.331;-0.05;-0.05;0.53;0.03;-0.09;-0.51
42.336;-0.11;-0.08;0.53;0.03;-0.09;-0.51
42.344;-0.11;-0.08;0.53;0.01;-0.18;-0.56
42.346;-0.13;-0.1;0.63;0.01;-0.18;-0.56
42.351;-0.13;-0.1;0.63;-0.02;-0.27;-0.59
42.361;-0.19;-0.15;0.68;-0.02;-0.27;-0.59
42.363;-0.19;-0.15;0.68;-0.05;-0.32;-0.61
42.367;-0.24;-0.2;0.77;-0.05;-0.32;-0.61
42.37;-0.24;-0.2;0.77;-0.09;-0.38;-0.61
42.386;-0.26;-0.25;0.84;-0.09;-0.38;-0.61
42.387;-0.26;-0.25;0.84;-0.1;-0.41;-0.59
42.388;-0.28;-0.28;0.9;-0.1;-0.41;-0.59
42.419;-0.28;-0.28;0.9;-0.09;-0.41;-0.55
42.421;-0.28;-0.28;0.94;-0.09;-0.41;-0.55
42.422;-0.28;-0.28;0.94;-0.07;-0.4;-0.49
42.423;-0.27;-0.26;0.95;-0.07;-0.4;-0.49
42.424;-0.27;-0.26;0.95;-0.02;-0.37;-0.43
42.425;-0.26;-0.21;0.95;-0.02;-0.37;-0.43
42.427;-0.26;-0.21;0.95;0.03;-0.33;-0.37
42.428;-0.25;-0.15;0.94;0.03;-0.33;-0.37
42.432;-0.25;-0.15;0.94;0.08;-0.29;-0.32
42.436;-0.23;-0.08;0.93;0.08;-0.29;-0.32
42.444;-0.23;-0.08;0.93;0.12;-0.25;-0.28
42.446;-0.21;-0.03;0.93;0.12;-0.25;-0.28
42.45;-0.21;-0.03;0.93;0.15;-0.22;-0.26
42.458;-0.2;0.01;0.95;0.15;-0.22;-0.26
42.46;-0.2;0.01;0.95;0.18;-0.21;-0.24
42.466;-0.2;0.02;1.01;0.18;-0.21;-0.24
42.47;-0.2;0.02;1.01;0.19;-0.19;-0.23
42.488;-0.21;0.01;1.09;0.19;-0.19;-0.23
42.49;-0.21;0.01;1.09;0.2;-0.17;-0.22
42.493;-0.24;0.0;1.2;0.2;-0.17;-0.22
42.494;-0.24;0.0;1.2;0.2;-0.14;-0.22
42.496;-0.24;-0.02;1.29;0.2;-0.14;-0.22
42.5;-0.24;-0.02;1.29;0.21;-0.09;-0.2
42.526;-0.26;-0.05;1.31;0.21;-0.09;-0.2
42.528;-0.26;-0.05;1.31;0.24;0.05;-0.12
42.529;-0.3;-0.1;1.27;0.24;0.05;-0.12
42.531;-0.3;-0.1;1.27;0.21;0.08;-0.1
42.532;-0.38;-0.17;1.23;0.21;0.08;-0.1
42.533;-0.38;-0.17;1.23;0.16;0.11;-0.08
42.536;-0.44;-0.18;1.18;0.16;0.11;-0.08
42.543;-0.44;-0.18;1.18;0.1;0.16;-0.07
42.546;-0.51;-0.17;1.14;0.1;0.16;-0.07
42.55;-0.51;-0.17;1.14;0.04;0.21;-0.07
42.562;-0.56;-0.13;1.13;0.04;0.21;-0.07
42.563;-0.56;-0.13;1.13;0.01;0.29;-0.07
42.567;-0.54;-0.09;1.11;0.01;0.29;-0.07
42.57;-0.54;-0.09;1.11;-0.02;0.35;-0.08
42.587;-0.41;-0.06;1.15;-0.02;0.35;-0.08
42.589;-0.41;-0.06;1.15;-0.05;0.37;-0.05
42.592;-0.22;-0.16;1.2;-0.05;0.37;-0.05
42.594;-0.22;-0.16;1.2;-0.15;0.28;0.0
42.596;-0.05;-0.18;1.28;-0.15;0.28;0.0
42.6;-0.05;-0.18;1.28;-0.26;0.06;0.05
42.621;-0.01;-0.1;1.5;-0.26;0.06;0.05
42.623;-0.01;-0.1;1.5;-0.33;-0.1;0.09
42.624;0.0;-0.11;1.66;-0.33;-0.1;0.09
42.625;0.0;-0.11;1.66;-0.45;-0.09;0.12
42.626;-0.05;-0.08;1.72;-0.45;-0.09;0.12
42.63;-0.05;-0.08;1.72;-0.56;0.07;0.11
42.636;-0.09;-0.07;1.69;-0.56;0.07;0.11
42.641;-0.09;-0.07;1.69;-0.6;0.34;0.13
42.646;-0.06;-0.13;1.57;-0.6;0.34;0.13
42.65;-0.06;-0.13;1.57;-0.55;0.65;0.19
42.674;0.03;-0.15;1.35;-0.55;0.65;0.19
42.675;0.03;-0.15;1.35;-0.48;0.89;0.23
42.677;0.13;-0.11;1.07;-0.48;0.89;0.23
42.678;0.13;-0.11;1.07;-0.43;1.0;0.23
42.679;0.23;-0.03;0.85;-0.43;1.0;0.23
42.681;0.23;-0.03;0.85;-0.38;0.95;0.2
42.686;0.31;0.06;0.64;-0.38;0.95;0.2
42.704;0.31;0.06;0.64;-0.37;0.77;0.12
42.707;0.35;0.15;0.48;-0.37;0.77;0.12
42.709;0.35;0.15;0.48;-0.38;0.49;0.01
42.711;0.34;0.22;0.41;-0.38;0.49;0.01
42.712;0.34;0.22;0.41;-0.39;0.15;-0.11
42.717;0.25;0.24;0.45;-0.39;0.15;-0.11
42.72;0.25;0.24;0.45;-0.35;-0.22;-0.21
42.727;0.18;0.27;0.54;-0.35;-0.22;-0.21
42.73;0.18;0.27;0.54;-0.31;-0.52;-0.26
42.737;0.06;0.2;0.78;-0.31;-0.52;-0.26
42.741;0.06;0.2;0.78;-0.23;-0.63;-0.25
42.746;-0.06;0.09;0.99;-0.23;-0.63;-0.25
42.75;-0.06;0.09;0.99;-0.12;-0.58;-0.14
42.758;-0.15;-0.01;1.16;-0.12;-0.58;-0.14
42.76;-0.15;-0.01;1.16;-0.02;-0.43;0.02
42.766;-0.2;-0.11;1.22;-0.02;-0.43;0.02
42.77;-0.2;-0.11;1.22;0.06;-0.28;0.19
42.785;-0.16;-0.17;1.25;0.06;-0.28;0.19
42.787;-0.16;-0.17;1.25;0.13;-0.15;0.34
42.788;-0.13;-0.18;1.21;0.13;-0.15;0.34
42.815;-0.13;-0.18;1.21;0.17;-0.06;0.42
42.818;-0.1;-0.16;1.13;0.17;-0.06;0.42
42.819;-0.1;-0.16;1.13;0.17;0.02;0.43
42.821;-0.07;-0.12;1.03;0.17;0.02;0.43
42.822;-0.07;-0.12;1.03;0.14;0.1;0.38
42.823;-0.07;-0.08;0.92;0.14;0.1;0.38
42.824;-0.07;-0.08;0.92;0.1;0.18;0.31
42.831;-0.06;-0.05;0.79;0.1;0.18;0.31
42.832;-0.06;-0.05;0.79;0.04;0.24;0.25
42.837;-0.05;-0.03;0.68;0.04;0.24;0.25
42.844;-0.05;-0.03;0.68;-0.01;0.26;0.19
42.846;-0.05;-0.02;0.59;-0.01;0.26;0.19
42.85;-0.05;-0.02;0.59;-0.06;0.22;0.17
42.857;-0.06;-0.02;0.51;-0.06;0.22;0.17
42.86;-0.06;-0.02;0.51;-0.09;0.12;0.18
42.866;-0.08;-0.01;0.56;-0.09;0.12;0.18
42.87;-0.08;-0.01;0.56;-0.1;-0.03;0.22
42.885;-0.14;-0.01;0.53;-0.1;-0.03;0.22
42.887;-0.14;-0.01;0.53;-0.09;-0.15;0.28
42.888;-0.16;0.01;0.64;-0.09;-0.15;0.28
42.915;-0.16;0.01;0.64;-0.06;-0.28;0.36
42.918;-0.22;0.03;0.71;-0.06;-0.28;0.36
42.919;-0.22;0.03;0.71;-0.02;-0.34;0.41
42.92;-0.25;0.06;0.79;-0.02;-0.34;0.41
42.921;-0.25;0.06;0.79;0.02;-0.37;0.45
42.924;-0.26;0.1;0.84;0.02;-0.37;0.45
42.925;-0.26;0.1;0.84;0.05;-0.36;0.46
42.927;-0.25;0.14;0.85;0.05;-0.36;0.46
42.931;-0.25;0.14;0.85;0.08;-0.32;0.45
42.936;-0.24;0.15;0.84;0.08;-0.32;0.45
42.942;-0.24;0.15;0.84;0.09;-0.28;0.43
42.946;-0.22;0.14;0.81;0.09;-0.28;0.43
42.95;-0.22;0.14;0.81;0.07;-0.26;0.39
42.957;-0.21;0.11;0.79;0.07;-0.26;0.39
42.96;-0.21;0.11;0.79;0.04;-0.25;0.35
42.966;-0.2;0.08;0.77;0.04;-0.25;0.35
42.97;-0.2;0.08;0.77;-0.01;-0.24;0.3
42.984;-0.2;0.04;0.77;-0.01;-0.24;0.3
42.986;-0.2;0.04;0.77;-0.07;-0.25;0.27
42.987;-0.21;0.0;0.8;-0.07;-0.25;0.27
43.018;-0.21;0.0;0.8;-0.14;-0.25;0.25
43.023;-0.2;-0.01;0.85;-0.14;-0.25;0.25
43.024;-0.2;-0.01;0.85;-0.19;-0.25;0.24
43.028;-0.19;0.02;0.93;-0.19;-0.25;0.24
43.029;-0.19;0.02;0.93;-0.23;-0.23;0.24
43.031;-0.17;0.05;1.01;-0.23;-0.23;0.24
43.032;-0.17;0.05;1.01;-0.23;-0.22;0.23
43.032;-0.14;0.07;1.09;-0.23;-0.22;0.23
43.034;-0.14;0.07;1.09;-0.2;-0.21;0.21
43.037;-0.12;0.07;1.14;-0.2;-0.21;0.21
43.04;-0.12;0.07;1.14;-0.15;-0.19;0.19
43.046;-0.13;0.08;1.16;-0.15;-0.19;0.19
43.05;-0.13;0.08;1.16;-0.09;-0.18;0.15
43.057;-0.15;0.12;1.18;-0.09;-0.18;0.15
43.06;-0.15;0.12;1.18;-0.05;-0.15;0.1
43.066;-0.22;0.15;1.2;-0.05;-0.15;0.1
43.07;-0.22;0.15;1.2;0.0;-0.12;0.03
43.084;-0.31;0.14;1.23;0.0;-0.12;0.03
43.086;-0.31;0.14;1.23;0.06;-0.08;-0.05
43.087;-0.42;0.11;1.25;0.06;-0.08;-0.05
43.117;-0.42;0.11;1.25;0.11;-0.02;-0.12
43.119;-0.51;0.05;1.23;0.11;-0.02;-0.12
43.119;-0.51;0.05;1.23;0.13;0.08;-0.18
43.124;-0.57;-0.02;1.18;0.13;0.08;-0.18
43.125;-0.57;-0.02;1.18;0.11;0.19;-0.21
43.127;-0.59;-0.06;1.13;0.11;0.19;-0.21
43.128;-0.59;-0.06;1.13;0.07;0.27;-0.21
43.129;-0.59;-0.09;1.12;0.07;0.27;-0.21
43.132;-0.59;-0.09;1.12;0.03;0.31;-0.16
43.137;-0.47;-0.07;1.19;0.03;0.31;-0.16
43.143;-0.47;-0.07;1.19;0.01;0.3;-0.08
43.147;-0.28;0.05;1.33;0.01;0.3;-0.08
43.151;-0.28;0.05;1.33;0.04;0.21;-0.08
43.157;-0.17;0.14;1.49;0.04;0.21;-0.08
43.161;-0.17;0.14;1.49;0.23;-0.12;-0.05
43.166;-0.19;0.14;1.64;0.23;-0.12;-0.05
43.171;-0.19;0.14;1.64;0.32;-0.17;-0.1
43.187;-0.23;0.11;1.77;0.32;-0.17;-0.1
43.19;-0.23;0.11;1.77;0.41;-0.06;-0.12
43.191;-0.26;0.05;1.75;0.41;-0.06;-0.12
43.192;-0.26;0.05;1.75;0.45;0.16;-0.12
43.196;-0.22;0.03;1.59;0.45;0.16;-0.12
43.201;-0.22;0.03;1.59;0.43;0.4;-0.13
43.223;-0.12;0.06;1.37;0.43;0.4;-0.13
43.225;-0.12;0.06;1.37;0.36;0.6;-0.18
43.227;0.0;0.07;1.13;0.36;0.6;-0.18
43.228;0.0;0.07;1.13;0.29;0.71;-0.25
43.231;0.11;0.04;0.9;0.29;0.71;-0.25
43.232;0.11;0.04;0.9;0.24;0.7;-0.28
43.237;0.17;-0.01;0.7;0.24;0.7;-0.28
43.241;0.17;-0.01;0.7;0.24;0.6;-0.25
43.246;0.18;-0.05;0.54;0.24;0.6;-0.25
43.25;0.18;-0.05;0.54;0.3;0.36;-0.13
43.269;0.19;-0.1;0.41;0.3;0.36;-0.13
43.271;0.19;-0.1;0.41;0.37;0.04;0.05
43.272;0.19;-0.16;0.32;0.37;0.04;0.05
43.273;0.19;-0.16;0.32;0.42;-0.24;0.21
43.301;0.21;-0.25;0.3;0.42;-0.24;0.21
43.303;0.21;-0.25;0.3;0.47;-0.5;0.32
43.304;0.18;-0.36;0.28;0.47;-0.5;0.32
43.305;0.18;-0.36;0.28;0.44;-0.78;0.34
43.307;0.08;-0.38;0.36;0.44;-0.78;0.34
43.308;0.08;-0.38;0.36;0.34;-1.04;0.31
43.309;-0.03;-0.24;0.63;0.34;-1.04;0.31
43.311;-0.03;-0.24;0.63;0.26;-1.12;0.27
43.316;-0.12;-0.02;0.87;0.26;-1.12;0.27
43.321;-0.12;-0.02;0.87;0.22;-1.03;0.18
43.327;-0.16;-0.04;0.98;0.22;-1.03;0.18
43.33;-0.16;-0.04;0.98;0.1;-0.92;0.04
43.336;-0.16;0.03;1.08;0.1;-0.92;0.04
43.34;-0.16;0.03;1.08;-0.01;-0.76;-0.06
43.346;-0.19;0.13;1.14;-0.01;-0.76;-0.06
43.35;-0.19;0.13;1.14;-0.07;-0.71;-0.09
43.368;-0.18;0.16;1.13;-0.07;-0.71;-0.09
43.369;-0.18;0.16;1.13;-0.17;-0.69;-0.12
43.371;-0.18;0.16;1.13;-0.25;-0.6;-0.15
43.401;-0.2;0.13;1.12;-0.25;-0.6;-0.15
43.403;-0.2;0.13;1.12;-0.26;-0.45;-0.14
43.403;-0.2;0.11;1.06;-0.26;-0.45;-0.14
43.404;-0.2;0.11;1.06;-0.21;-0.31;-0.1
43.407;-0.16;0.11;0.93;-0.21;-0.31;-0.1
43.408;-0.16;0.11;0.93;-0.12;-0.2;-0.07
43.411;-0.11;0.1;0.8;-0.12;-0.2;-0.07
43.412;-0.11;0.1;0.8;-0.05;-0.13;-0.07
43.416;-0.06;0.1;0.68;-0.05;-0.13;-0.07
43.421;-0.06;0.1;0.68;-0.02;-0.12;-0.11
43.427;0.02;0.04;0.48;-0.02;-0.12;-0.11
43.431;0.02;0.04;0.48;-0.01;-0.18;-0.17
43.436;-0.03;0.04;0.46;-0.01;-0.18;-0.17
43.441;-0.03;0.04;0.46;-0.03;-0.28;-0.22
43.447;-0.06;0.02;0.47;-0.03;-0.28;-0.22
43.45;-0.06;0.02;0.47;-0.07;-0.41;-0.25
43.456;-0.09;-0.02;0.52;-0.07;-0.41;-0.25
43.46;-0.09;-0.02;0.52;-0.09;-0.54;-0.29
43.466;-0.15;-0.06;0.59;-0.09;-0.54;-0.29
43.47;-0.15;-0.06;0.59;-0.12;-0.64;-0.31
43.486;-0.18;-0.12;0.69;-0.12;-0.64;-0.31
43.488;-0.18;-0.12;0.69;-0.14;-0.74;-0.31
43.489;-0.22;-0.18;0.78;-0.14;-0.74;-0.31
43.49;-0.22;-0.18;0.78;-0.15;-0.8;-0.3
43.496;-0.24;-0.21;0.89;-0.15;-0.8;-0.3
43.501;-0.24;-0.21;0.89;-0.16;-0.82;-0.28
43.519;-0.25;-0.2;0.96;-0.16;-0.82;-0.28
43.521;-0.25;-0.2;0.96;-0.16;-0.8;-0.25
43.522;-0.25;-0.18;1.02;-0.16;-0.8;-0.25
43.523;-0.25;-0.18;1.02;-0.15;-0.75;-0.2
43.526;-0.23;-0.15;1.06;-0.15;-0.75;-0.2
43.53;-0.23;-0.15;1.06;-0.12;-0.68;-0.15
43.536;-0.22;-0.11;1.09;-0.12;-0.68;-0.15
43.544;-0.22;-0.11;1.09;-0.1;-0.62;-0.11
43.546;-0.21;-0.08;1.12;-0.1;-0.62;-0.11
43.551;-0.21;-0.08;1.12;-0.09;-0.57;-0.09
43.556;-0.23;-0.05;1.18;-0.09;-0.57;-0.09
43.56;-0.23;-0.05;1.18;-0.1;-0.53;-0.07
43.566;-0.26;-0.03;1.27;-0.1;-0.53;-0.07
43.571;-0.26;-0.03;1.27;-0.12;-0.49;-0.04
43.585;-0.33;0.01;1.37;-0.12;-0.49;-0.04
43.588;-0.33;0.01;1.37;-0.14;-0.43;-0.02
43.589;-0.37;0.06;1.44;-0.14;-0.43;-0.02
43.591;-0.37;0.06;1.44;-0.14;-0.35;-0.02
43.617;-0.4;0.08;1.49;-0.14;-0.35;-0.02
43.619;-0.4;0.08;1.49;-0.13;-0.24;-0.07
43.62;-0.42;0.07;1.5;-0.13;-0.24;-0.07
43.625;-0.42;0.07;1.5;-0.09;-0.14;-0.12
43.627;-0.43;0.02;1.42;-0.09;-0.14;-0.12
43.628;-0.43;0.02;1.42;-0.04;-0.05;-0.16
43.629;-0.44;-0.06;1.38;-0.04;-0.05;-0.16
43.631;-0.44;-0.06;1.38;0.03;-0.02;-0.2
43.637;-0.51;-0.17;1.34;0.03;-0.02;-0.2
43.64;-0.51;-0.17;1.34;0.1;0.01;-0.21
43.646;-0.48;-0.24;1.3;0.1;0.01;-0.21
43.65;-0.48;-0.24;1.3;0.13;0.02;-0.19
43.656;-0.4;-0.29;1.32;0.13;0.02;-0.19
43.66;-0.4;-0.29;1.32;0.14;0.03;-0.14
43.666;-0.17;-0.34;1.31;0.14;0.03;-0.14
43.671;-0.17;-0.34;1.31;0.14;0.06;-0.04
43.685;0.07;-0.49;1.24;0.14;0.06;-0.04
43.687;0.07;-0.49;1.24;0.11;0.04;0.12
43.688;0.12;-0.52;1.14;0.11;0.04;0.12
43.723;0.12;-0.52;1.14;0.04;-0.06;0.27
43.725;0.11;-0.39;1.17;0.04;-0.06;0.27
43.727;0.11;-0.39;1.17;-0.02;-0.19;0.36
43.728;0.08;-0.19;1.14;-0.02;-0.19;0.36
43.73;0.08;-0.19;1.14;-0.02;-0.17;0.37
43.731;0.05;-0.06;1.0;-0.02;-0.17;0.37
43.734;0.05;-0.06;1.0;-0.02;0.05;0.31
43.736;0.07;-0.02;0.83;-0.02;0.05;0.31
43.741;0.07;-0.02;0.83;-0.06;0.33;0.25
43.742;0.11;-0.02;0.63;-0.06;0.33;0.25
43.743;0.11;-0.02;0.63;-0.11;0.53;0.23
43.747;0.19;0.03;0.47;-0.11;0.53;0.23
43.751;0.19;0.03;0.47;-0.18;0.6;0.25
43.762;0.28;0.07;0.29;-0.18;0.6;0.25
43.764;0.28;0.07;0.29;-0.25;0.54;0.3
43.766;0.32;0.05;0.15;-0.25;0.54;0.3
43.788;0.32;0.05;0.15;-0.33;0.33;0.33
43.789;0.35;-0.03;0.15;-0.33;0.33;0.33
43.791;0.35;-0.03;0.15;-0.5;0.07;0.35
43.792;0.33;-0.06;0.28;-0.5;0.07;0.35
43.793;0.33;-0.06;0.28;-0.64;-0.32;0.43
43.797;0.33;-0.13;0.49;-0.64;-0.32;0.43
43.8;0.33;-0.13;0.49;-0.62;-0.81;0.68
43.828;0.25;-0.13;0.78;-0.62;-0.81;0.68
43.829;0.25;-0.13;0.78;-0.46;-1.53;0.76
43.831;0.06;-0.14;1.11;-0.46;-1.53;0.76
43.832;0.06;-0.14;1.11;-0.24;-1.65;0.83
43.832;-0.14;-0.14;1.55;-0.24;-1.65;0.83
43.834;-0.14;-0.14;1.55;0.01;-1.64;0.87
43.837;-0.24;-0.1;1.84;0.01;-1.64;0.87
43.841;-0.24;-0.1;1.84;0.25;-1.42;0.92
43.846;-0.32;-0.05;1.96;0.25;-1.42;0.92
43.85;-0.32;-0.05;1.96;0.34;-1.02;0.92
43.867;-0.36;0.02;2.04;0.34;-1.02;0.92
43.869;-0.36;0.02;2.04;0.4;-0.61;0.95
43.871;-0.31;0.09;1.91;0.4;-0.61;0.95
43.872;-0.31;0.09;1.91;0.45;-0.26;0.93
43.901;-0.27;0.12;1.71;0.45;-0.26;0.93
43.904;-0.27;0.12;1.71;0.44;-0.05;0.86
43.905;-0.24;0.19;1.45;0.44;-0.05;0.86
43.906;-0.24;0.19;1.45;0.37;-0.04;0.75
43.908;-0.24;0.26;1.22;0.37;-0.04;0.75
43.909;-0.24;0.26;1.22;0.31;-0.18;0.6
43.91;-0.31;0.33;1.12;0.31;-0.18;0.6
43.911;-0.31;0.33;1.12;0.31;-0.35;0.44
43.916;-0.29;0.41;1.12;0.31;-0.35;0.44
43.925;-0.29;0.41;1.12;0.34;-0.47;0.27
43.927;-0.28;0.46;1.15;0.34;-0.47;0.27
43.93;-0.28;0.46;1.15;0.38;-0.52;0.07
43.936;-0.24;0.47;1.29;0.38;-0.52;0.07
43.94;-0.24;0.47;1.29;0.46;-0.45;-0.11
43.946;-0.2;0.44;1.39;0.46;-0.45;-0.11
43.95;-0.2;0.44;1.39;0.53;-0.35;-0.27
43.967;-0.15;0.41;1.47;0.53;-0.35;-0.27
43.968;-0.15;0.41;1.47;0.55;-0.22;-0.43
43.97;-0.16;0.38;1.52;0.55;-0.22;-0.43
43.971;-0.16;0.38;1.52;0.53;-0.1;-0.61
43.997;-0.22;0.34;1.6;0.53;-0.1;-0.61
43.999;-0.22;0.34;1.6;0.47;0.07;-0.73
44.0;-0.18;0.19;1.51;0.47;0.07;-0.73
44.002;-0.18;0.19;1.51;0.34;0.28;-0.84
44.002;-0.36;0.18;1.47;0.34;0.28;-0.84
44.004;-0.36;0.18;1.47;0.15;0.61;-0.94
44.006;-0.28;0.12;1.2;0.15;0.61;-0.94
44.011;-0.28;0.12;1.2;-0.07;0.85;-1.0
44.016;-0.24;-0.02;0.9;-0.07;0.85;-1.0
44.023;-0.24;-0.02;0.9;-0.32;1.02;-1.01
44.026;-0.2;-0.12;0.65;-0.32;1.02;-1.01
44.031;-0.2;-0.12;0.65;-0.51;1.11;-0.9
44.039;-0.12;-0.16;0.51;-0.51;1.11;-0.9
44.04;-0.12;-0.16;0.51;-0.61;1.18;-0.67
44.046;-0.09;-0.17;0.43;-0.61;1.18;-0.67
44.05;-0.09;-0.17;0.43;-0.64;1.29;-0.41
44.056;0.01;-0.16;0.36;-0.64;1.29;-0.41
44.06;0.01;-0.16;0.36;-0.56;1.58;-0.21
44.066;0.04;-0.17;-0.07;-0.56;1.58;-0.21
44.083;0.04;-0.17;-0.07;-0.47;1.92;-0.08
44.085;0.08;-0.15;-0.16;-0.47;1.92;-0.08
44.087;0.08;-0.15;-0.16;-0.36;1.68;0.06
44.088;0.23;-0.17;-0.27;-0.36;1.68;0.06
44.121;0.23;-0.17;-0.27;-0.19;1.38;0.14
44.122;0.63;-0.18;-0.18;-0.19;1.38;0.14
44.123;0.63;-0.18;-0.18;0.03;1.24;0.17
44.124;1.01;-0.03;-0.01;0.03;1.24;0.17
44.128;1.01;-0.03;-0.01;0.33;1.24;0.12
44.129;1.43;0.15;-0.11;0.33;1.24;0.12
44.131;1.43;0.15;-0.11;0.63;0.77;-0.01
44.131;1.6;0.41;-0.02;0.63;0.77;-0.01
44.132;1.6;0.41;-0.02;0.82;-0.17;-0.3
44.136;0.87;0.68;0.28;0.82;-0.17;-0.3
44.141;0.87;0.68;0.28;0.77;-0.61;-0.69
44.146;0.83;0.45;0.13;0.77;-0.61;-0.69
44.15;0.83;0.45;0.13;0.47;-0.92;-0.92
44.175;-0.03;0.48;0.47;0.47;-0.92;-0.92
44.178;-0.03;0.48;0.47;0.22;-1.11;-0.57
44.179;-0.59;0.01;1.38;0.22;-1.11;-0.57
44.182;-0.59;0.01;1.38;0.63;-2.33;-0.19
44.183;-0.86;-0.42;2.36;0.63;-2.33;-0.19
44.185;-0.86;-0.42;2.36;0.89;-3.29;-0.05
44.187;-0.74;-0.54;2.99;0.89;-3.29;-0.05
44.206;-0.74;-0.54;2.99;0.49;-2.51;-0.05
44.208;-0.6;-0.5;3.47;0.49;-2.51;-0.05
44.209;-0.6;-0.5;3.47;-0.24;-1.52;-0.31
44.213;-0.43;-0.55;2.62;-0.24;-1.52;-0.31
44.214;-0.43;-0.55;2.62;-0.59;-0.35;-0.47
44.216;-0.36;-0.58;2.42;-0.59;-0.35;-0.47
44.222;-0.36;-0.58;2.42;-0.72;0.23;-0.51
44.226;-0.31;-0.53;2.02;-0.72;0.23;-0.51
44.231;-0.31;-0.53;2.02;-0.71;0.59;-0.38
44.238;-0.48;-0.55;1.65;-0.71;0.59;-0.38
44.24;-0.48;-0.55;1.65;-0.56;0.7;-0.05
44.247;-0.46;-0.43;1.35;-0.56;0.7;-0.05
44.251;-0.46;-0.43;1.35;-0.42;0.53;0.33
44.257;-0.4;-0.29;1.21;-0.42;0.53;0.33
44.261;-0.4;-0.29;1.21;-0.35;0.23;0.66
44.266;-0.43;-0.17;1.29;-0.35;0.23;0.66
44.283;-0.43;-0.17;1.29;-0.4;-0.12;0.82
44.284;-0.4;-0.09;1.54;-0.4;-0.12;0.82
44.285;-0.4;-0.09;1.54;-0.47;-0.3;0.88
44.287;-0.49;0.01;1.63;-0.47;-0.3;0.88
44.311;-0.49;0.01;1.63;-0.49;-0.23;0.94
44.313;-0.46;0.09;1.7;-0.49;-0.23;0.94
44.314;-0.46;0.09;1.7;-0.52;-0.01;0.94
44.315;-0.44;0.11;1.66;-0.52;-0.01;0.94
44.316;-0.44;0.11;1.66;-0.5;0.32;0.96
44.317;-0.37;0.06;1.54;-0.5;0.32;0.96
44.322;-0.37;0.06;1.54;-0.49;0.72;0.96
44.326;-0.19;-0.01;1.35;-0.49;0.72;0.96
44.33;-0.19;-0.01;1.35;-0.52;1.16;0.92
44.338;-0.12;-0.08;1.21;-0.52;1.16;0.92
44.34;-0.12;-0.08;1.21;-0.49;1.46;0.85
44.346;-0.02;-0.04;0.87;-0.49;1.46;0.85
44.35;-0.02;-0.04;0.87;-0.37;1.7;0.84
44.357;0.09;-0.06;0.64;-0.37;1.7;0.84
44.36;0.09;-0.06;0.64;-0.2;1.64;0.86
44.366;0.23;-0.04;0.45;-0.2;1.64;0.86
44.392;0.23;-0.04;0.45;-0.01;1.53;0.86
44.394;0.29;-0.03;0.23;-0.01;1.53;0.86
44.395;0.29;-0.03;0.23;0.19;1.53;0.79
44.396;0.33;0.01;0.05;0.19;1.53;0.79
44.397;0.33;0.01;0.05;0.34;1.49;0.73
44.399;0.38;0.07;-0.04;0.34;1.49;0.73
44.4;0.38;0.07;-0.04;0.42;1.46;0.65
44.424;0.36;0.1;-0.2;0.42;1.46;0.65
44.427;0.36;0.1;-0.2;0.46;1.48;0.53
44.427;0.38;0.14;-0.31;0.46;1.48;0.53
44.428;0.38;0.14;-0.31;0.46;1.32;0.39
44.429;0.4;0.22;-0.37;0.46;1.32;0.39
44.431;0.4;0.22;-0.37;0.4;1.06;0.22
44.436;0.57;0.27;-0.22;0.4;1.06;0.22
44.44;0.57;0.27;-0.22;0.32;0.7;0.05
44.446;0.75;0.12;-0.06;0.32;0.7;0.05
44.453;0.75;0.12;-0.06;-0.15;0.0;-0.09
44.456;0.62;-0.09;0.28;-0.15;0.0;-0.09
44.46;0.62;-0.09;0.28;-0.36;-0.13;-0.07
44.466;0.87;-0.22;0.29;-0.36;-0.13;-0.07
44.47;0.87;-0.22;0.29;-0.59;-0.69;0.07
44.476;0.68;-0.3;0.25;-0.59;-0.69;0.07
44.48;0.68;-0.3;0.25;-0.77;-1.27;0.16
44.499;0.29;-0.36;0.41;-0.77;-1.27;0.16
44.501;0.29;-0.36;0.41;-0.96;-1.88;0.14
44.507;-0.02;-0.24;0.89;-0.96;-1.88;0.14
44.508;-0.02;-0.24;0.89;-0.94;-2.43;0.14
44.511;-0.14;-0.18;1.54;-0.94;-2.43;0.14
44.512;-0.14;-0.18;1.54;-0.89;-2.46;0.26
44.529;-0.41;0.04;2.16;-0.89;-2.46;0.26
44.53;-0.41;0.04;2.16;-0.61;-2.0;0.45
44.531;-0.46;0.32;2.31;-0.61;-2.0;0.45
44.532;-0.46;0.32;2.31;-0.2;-1.64;0.44
44.54;-0.49;0.4;2.64;-0.2;-1.64;0.44
44.542;-0.49;0.4;2.64;0.14;-1.2;0.37
44.547;-0.43;0.37;2.8;0.14;-1.2;0.37
44.55;-0.43;0.37;2.8;0.34;-0.57;0.24
44.558;-0.36;0.3;2.54;0.34;-0.57;0.24
44.56;-0.36;0.3;2.54;0.5;-0.11;0.11
44.566;-0.33;0.27;2.13;0.5;-0.11;0.11
44.576;-0.33;0.27;2.13;0.56;0.11;-0.06
44.577;-0.26;0.28;1.7;0.56;0.11;-0.06
44.58;-0.26;0.28;1.7;0.52;0.2;-0.33
44.603;-0.23;0.37;1.33;0.52;0.2;-0.33
44.605;-0.23;0.37;1.33;0.41;0.18;-0.67
44.607;-0.25;0.31;1.19;0.41;0.18;-0.67
44.608;-0.25;0.31;1.19;0.36;0.11;-0.96
44.609;-0.38;0.26;1.25;0.36;0.11;-0.96
44.614;-0.38;0.26;1.25;0.39;0.04;-1.04
44.616;-0.35;0.19;1.32;0.39;0.04;-1.04
44.637;-0.35;0.19;1.32;0.46;-0.12;-1.04
44.64;-0.34;0.07;1.38;0.46;-0.12;-1.04
44.642;-0.34;0.07;1.38;0.52;-0.18;-1.02
44.642;-0.38;0.2;1.49;0.52;-0.18;-1.02
44.643;-0.38;0.2;1.49;0.57;-0.12;-1.06
44.647;-0.43;0.19;1.65;0.57;-0.12;-1.06
44.65;-0.43;0.19;1.65;0.58;0.12;-1.1
44.656;-0.45;0.18;1.69;0.58;0.12;-1.1
44.66;-0.45;0.18;1.69;0.52;0.52;-1.15
44.666;-0.4;0.23;1.56;0.52;0.52;-1.15
44.691;-0.4;0.23;1.56;0.43;0.97;-1.2
44.693;-0.26;0.24;1.22;0.43;0.97;-1.2
44.694;-0.26;0.24;1.22;0.3;1.22;-1.24
44.695;-0.12;0.2;0.83;0.3;1.22;-1.24
44.696;-0.12;0.2;0.83;0.12;1.29;-1.23
44.698;-0.02;0.08;0.54;0.12;1.29;-1.23
44.703;-0.02;0.08;0.54;-0.06;1.26;-1.11
44.724;0.0;-0.05;0.39;-0.06;1.26;-1.11
44.727;0.0;-0.05;0.39;-0.17;1.31;-0.92
44.729;0.11;-0.35;0.1;-0.17;1.31;-0.92
44.73;0.11;-0.35;0.1;-0.25;1.55;-0.7
44.731;0.18;-0.42;0.02;-0.25;1.55;-0.7
44.732;0.18;-0.42;0.02;-0.3;1.61;-0.49
44.738;0.28;-0.48;0.02;-0.3;1.61;-0.49
44.74;0.28;-0.48;0.02;-0.35;1.72;-0.32
44.747;0.3;-0.53;-0.17;-0.35;1.72;-0.32
44.75;0.3;-0.53;-0.17;-0.34;2.11;-0.21
44.757;0.27;-0.51;-0.44;-0.34;2.11;-0.21
44.761;0.27;-0.51;-0.44;-0.27;2.36;-0.1
44.767;0.26;-0.38;-0.66;-0.27;2.36;-0.1
44.771;0.26;-0.38;-0.66;-0.2;2.33;0.0
44.776;0.15;-0.07;-0.59;-0.2;2.33;0.0
44.78;0.15;-0.07;-0.59;-0.08;2.0;0.14
44.797;0.71;-0.41;-0.57;-0.08;2.0;0.14
44.799;0.71;-0.41;-0.57;0.11;1.16;0.24
44.8;1.11;-0.07;0.29;0.11;1.16;0.24
44.801;1.11;-0.07;0.29;0.05;-0.12;0.17
44.827;1.5;0.27;0.49;0.05;-0.12;0.17
44.829;1.5;0.27;0.49;0.21;-0.91;-0.02
44.83;1.66;0.63;0.6;0.21;-0.91;-0.02
44.831;1.66;0.63;0.6;0.5;-1.1;-0.29
44.832;0.89;0.86;0.68;0.5;-1.1;-0.29
44.832;0.89;0.86;0.68;0.63;-1.96;-0.43
44.841;-0.36;1.17;1.41;0.63;-1.96;-0.43
44.843;-0.36;1.17;1.41;0.88;-2.8;-0.19
44.847;-0.39;0.54;1.75;0.88;-2.8;-0.19
44.85;-0.39;0.54;1.75;1.32;-3.45;0.13
44.856;-0.8;-0.26;2.73;1.32;-3.45;0.13
44.86;-0.8;-0.26;2.73;1.36;-4.05;0.1
44.866;-1.19;-0.61;3.93;1.36;-4.05;0.1
44.884;-1.19;-0.61;3.93;1.06;-4.13;-0.02
44.887;-0.87;-0.65;3.71;1.06;-4.13;-0.02
44.89;-0.87;-0.65;3.71;0.06;-1.76;-0.25
44.891;-0.78;-0.67;3.05;0.06;-1.76;-0.25
44.892;-0.78;-0.67;3.05;-0.27;-0.41;-0.37
44.897;-0.67;-0.55;2.76;-0.27;-0.41;-0.37
44.9;-0.67;-0.55;2.76;-0.56;0.52;-0.46
44.915;-0.61;-0.63;1.98;-0.56;0.52;-0.46
44.917;-0.61;-0.63;1.98;-0.64;1.28;-0.36
44.919;-0.39;-0.56;1.41;-0.64;1.28;-0.36
44.927;-0.39;-0.56;1.41;-0.48;1.41;0.09
44.928;-0.44;-0.61;1.05;-0.48;1.41;0.09
44.93;-0.44;-0.61;1.05;-0.26;1.1;0.67
44.938;-0.22;-0.59;0.76;-0.26;1.1;0.67
44.94;-0.22;-0.59;0.76;-0.25;0.83;0.99
44.947;-0.08;-0.26;0.86;-0.25;0.83;0.99
44.951;-0.08;-0.26;0.86;-0.39;0.36;1.15
44.956;-0.14;0.03;1.06;-0.39;0.36;1.15
44.96;-0.14;0.03;1.06;-0.48;0.0;1.21
44.967;-0.3;0.27;1.32;-0.48;0.0;1.21
44.987;-0.3;0.27;1.32;-0.49;-0.2;1.2
44.989;-0.42;0.5;1.54;-0.49;-0.2;1.2
44.99;-0.42;0.5;1.54;-0.43;-0.1;1.17
44.991;-0.38;0.54;1.52;-0.43;-0.1;1.17
44.992;-0.38;0.54;1.52;-0.31;0.26;1.11
44.996;-0.23;0.45;1.35;-0.31;0.26;1.11
45.001;-0.23;0.45;1.35;-0.23;0.73;0.94
45.021;-0.03;0.3;1.08;-0.23;0.73;0.94
45.022;-0.03;0.3;1.08;-0.16;1.13;0.74
45.023;0.02;0.25;0.87;-0.16;1.13;0.74
45.024;0.02;0.25;0.87;-0.05;1.48;0.58
45.027;0.16;0.19;0.68;-0.05;1.48;0.58
45.03;0.16;0.19;0.68;0.09;1.67;0.44
45.036;0.18;0.14;0.47;0.09;1.67;0.44
45.04;0.18;0.14;0.47;0.18;1.94;0.35
45.047;0.22;0.08;0.2;0.18;1.94;0.35
45.05;0.22;0.08;0.2;0.29;2.28;0.28
45.056;0.3;0.02;-0.09;0.29;2.28;0.28
45.06;0.3;0.02;-0.09;0.39;2.44;0.2
45.066;0.36;0.02;-0.26;0.39;2.44;0.2
45.085;0.36;0.02;-0.26;0.48;2.31;0.08
45.087;0.42;0.02;-0.4;0.48;2.31;0.08
45.088;0.42;0.02;-0.4;0.52;2.12;-0.06
45.089;0.48;0.02;-0.53;0.52;2.12;-0.06
45.091;0.48;0.02;-0.53;0.5;1.83;-0.28
45.096;0.46;0.02;-0.61;0.5;1.83;-0.28
45.101;0.46;0.02;-0.61;0.29;1.07;-0.28
45.119;0.35;0.01;-0.66;0.29;1.07;-0.28
45.123;0.35;0.01;-0.66;0.24;0.57;-0.25
45.124;-0.07;0.01;-0.3;0.24;0.57;-0.25
45.125;-0.07;0.01;-0.3;0.24;0.28;-0.26
45.126;0.5;0.19;-0.06;0.24;0.28;-0.26
45.13;0.5;0.19;-0.06;0.32;-0.13;-0.19
45.136;0.66;0.17;0.18;0.32;-0.13;-0.19
45.141;0.66;0.17;0.18;0.34;-0.45;-0.05
45.147;0.95;-0.2;0.26;0.34;-0.45;-0.05
45.152;0.95;-0.2;0.26;-0.04;-0.87;0.16
45.156;1.47;-0.44;0.22;-0.04;-0.87;0.16
45.16;1.47;-0.44;0.22;-0.69;-1.8;0.11
45.166;1.23;-0.83;0.19;-0.69;-1.8;0.11
45.189;1.23;-0.83;0.19;-1.31;-2.67;-0.18
45.191;0.06;-1.07;0.83;-1.31;-2.67;-0.18
45.192;0.06;-1.07;0.83;-1.6;-3.04;-0.2
45.194;-0.61;-0.59;2.1;-1.6;-3.04;-0.2
45.195;-0.61;-0.59;2.1;-1.39;-3.0;0.18
45.197;-0.74;0.25;2.4;-1.39;-3.0;0.18
45.2;-0.74;0.25;2.4;-0.94;-2.95;0.53
45.224;-1.19;0.52;3.23;-0.94;-2.95;0.53
45.227;-1.19;0.52;3.23;-0.48;-2.75;0.66
45.228;-1.01;0.75;3.97;-0.48;-2.75;0.66
45.228;-1.01;0.75;3.97;-0.2;-1.12;0.4
45.23;-0.82;0.34;3.18;-0.2;-1.12;0.4
45.232;-0.82;0.34;3.18;0.12;-0.2;0.33
45.236;-0.68;0.17;2.81;0.12;-0.2;0.33
45.24;-0.68;0.17;2.81;0.2;0.62;0.29
45.247;-0.4;0.15;1.94;0.2;0.62;0.29
45.251;-0.4;0.15;1.94;0.14;0.87;0.13
45.257;0.04;0.02;0.92;0.14;0.87;0.13
45.26;0.04;0.02;0.92;0.01;0.57;-0.15
45.266;-0.24;0.22;0.97;0.01;0.57;-0.15
45.281;-0.24;0.22;0.97;-0.09;0.41;-0.49
45.283;-0.17;0.21;0.85;-0.09;0.41;-0.49
45.284;-0.17;0.21;0.85;-0.15;0.06;-0.66
45.314;-0.23;0.07;0.82;-0.15;0.06;-0.66
45.316;-0.23;0.07;0.82;-0.06;-0.37;-0.68
45.319;-0.3;-0.05;1.02;-0.06;-0.37;-0.68
45.319;-0.3;-0.05;1.02;0.12;-0.68;-0.57
45.322;-0.39;-0.11;1.31;0.12;-0.68;-0.57
45.323;-0.39;-0.11;1.31;0.33;-0.77;-0.43
45.324;-0.5;-0.14;1.46;0.33;-0.77;-0.43
45.325;-0.5;-0.14;1.46;0.45;-0.74;-0.34
45.328;-0.55;-0.11;1.62;0.45;-0.74;-0.34
45.33;-0.55;-0.11;1.62;0.46;-0.46;-0.38
45.338;-0.66;0.0;1.8;0.46;-0.46;-0.38
45.341;-0.66;0.0;1.8;0.38;0.0;-0.46
45.346;-0.55;0.18;1.73;0.38;0.0;-0.46
45.352;-0.55;0.18;1.73;0.3;0.48;-0.54
45.357;-0.3;0.34;1.21;0.3;0.48;-0.54
45.36;-0.3;0.34;1.21;0.18;1.0;-0.69
45.367;-0.19;0.26;0.79;0.18;1.0;-0.69
45.37;-0.19;0.26;0.79;-0.01;1.29;-0.77
45.376;-0.1;0.14;0.57;-0.01;1.29;-0.77
45.38;-0.1;0.14;0.57;-0.21;1.45;-0.72
45.396;0.04;0.09;0.52;-0.21;1.45;-0.72
45.398;0.04;0.09;0.52;-0.34;1.67;-0.58
45.399;0.11;0.0;0.17;-0.34;1.67;-0.58
45.402;0.11;0.0;0.17;-0.38;2.08;-0.41
45.431;0.24;-0.07;0.01;-0.38;2.08;-0.41
45.434;0.24;-0.07;0.01;-0.4;2.21;-0.23
45.435;0.38;-0.17;-0.11;-0.4;2.21;-0.23
45.436;0.38;-0.17;-0.11;-0.41;2.34;-0.12
45.438;0.46;-0.25;-0.32;-0.41;2.34;-0.12
45.439;0.46;-0.25;-0.32;-0.38;2.46;-0.07
45.44;0.43;-0.27;-0.55;-0.38;2.46;-0.07
45.441;0.43;-0.27;-0.55;-0.35;2.38;-0.03
45.447;0.43;-0.31;-0.72;-0.35;2.38;-0.03
45.47;0.43;-0.31;-0.72;-0.31;2.04;0.02
45.472;0.32;-0.34;-0.8;-0.31;2.04;0.02
45.473;0.32;-0.34;-0.8;-0.28;1.59;0.07
45.474;-0.06;-0.17;-0.66;-0.28;1.59;0.07
45.475;-0.06;-0.17;-0.66;-0.19;1.02;0.21
45.477;0.77;-0.36;-0.16;-0.19;1.02;0.21
45.481;0.77;-0.36;-0.16;-0.09;0.26;0.35
45.502;1.35;-0.06;0.4;-0.09;0.26;0.35
45.503;1.35;-0.06;0.4;-0.1;-0.54;0.39
45.504;1.73;0.25;0.73;-0.1;-0.54;0.39
45.505;1.73;0.25;0.73;0.14;-1.21;0.16
45.507;1.78;0.55;0.59;0.14;-1.21;0.16
45.511;1.78;0.55;0.59;0.49;-1.61;-0.15
45.516;0.86;0.78;0.59;0.49;-1.61;-0.15
45.52;0.86;0.78;0.59;0.68;-2.59;-0.42
45.526;-0.81;0.98;1.37;0.68;-2.59;-0.42
45.531;-0.81;0.98;1.37;0.93;-3.39;-0.34
45.537;-0.87;0.43;2.09;0.93;-3.39;-0.34
45.541;-0.87;0.43;2.09;1.55;-4.55;0.04
45.547;-0.91;-0.36;3.55;1.55;-4.55;0.04
45.555;-0.91;-0.36;3.55;1.46;-5.17;0.02
45.558;-1.53;-0.73;3.75;1.46;-5.17;0.02
45.561;-1.53;-0.73;3.75;0.78;-3.84;-0.21
45.566;-1.24;-0.57;3.99;0.78;-3.84;-0.21
45.572;-1.24;-0.57;3.99;-0.03;-2.07;-0.42
45.577;-0.98;-0.49;2.9;-0.03;-2.07;-0.42
45.58;-0.98;-0.49;2.9;-0.44;0.14;-0.46
45.598;-0.63;-0.47;2.27;-0.44;0.14;-0.46
45.602;-0.63;-0.47;2.27;-0.55;1.0;-0.34
45.602;-0.76;-0.58;1.7;-0.55;1.0;-0.34
45.604;-0.76;-0.58;1.7;-0.54;1.38;-0.03
45.627;-0.51;-0.69;1.36;-0.54;1.38;-0.03
45.635;-0.51;-0.69;1.36;-0.45;1.44;0.37
45.638;-0.31;-0.63;0.95;-0.45;1.44;0.37
45.64;-0.31;-0.63;0.95;-0.22;1.12;0.9
45.641;-0.3;-0.43;0.86;-0.22;1.12;0.9
45.642;-0.3;-0.43;0.86;-0.09;0.61;1.19
45.643;-0.31;-0.24;0.89;-0.09;0.61;1.19
45.644;-0.31;-0.24;0.89;-0.11;0.09;1.35
45.647;-0.29;-0.14;1.17;-0.11;0.09;1.35
45.651;-0.29;-0.14;1.17;-0.25;-0.27;1.25
45.656;-0.43;0.1;1.39;-0.25;-0.27;1.25
45.66;-0.43;0.1;1.39;-0.41;-0.22;1.11
45.666;-0.48;0.25;1.49;-0.41;-0.22;1.11
45.671;-0.48;0.25;1.49;-0.47;0.01;1.04
45.677;-0.37;0.33;1.4;-0.47;0.01;1.04
45.681;-0.37;0.33;1.4;-0.45;0.38;0.98
45.698;-0.16;0.34;1.21;-0.45;0.38;0.98
45.701;-0.16;0.34;1.21;-0.42;0.7;0.88
45.702;-0.09;0.33;1.1;-0.42;0.7;0.88
45.703;-0.09;0.33;1.1;-0.32;0.97;0.74
45.722;0.05;0.32;1.0;-0.32;0.97;0.74
45.723;0.05;0.32;1.0;-0.15;1.19;0.61
45.724;0.15;0.3;0.65;-0.15;1.19;0.61
45.724;0.15;0.3;0.65;0.01;1.55;0.51
45.726;0.18;0.26;0.41;0.01;1.55;0.51
45.73;0.18;0.26;0.41;0.15;1.73;0.45
45.736;0.22;0.18;0.2;0.15;1.73;0.45
45.74;0.22;0.18;0.2;0.39;2.0;0.37
45.746;0.33;0.1;-0.03;0.39;2.0;0.37
45.752;0.33;0.1;-0.03;0.49;1.9;0.22
45.756;0.36;0.01;-0.22;0.49;1.9;0.22
45.76;0.36;0.01;-0.22;0.54;1.7;0.05
45.766;0.46;-0.05;-0.33;0.54;1.7;0.05
45.771;0.46;-0.05;-0.33;0.51;1.51;-0.11
45.776;0.47;-0.08;-0.44;0.51;1.51;-0.11
45.78;0.47;-0.08;-0.44;0.46;1.27;-0.18
45.798;0.41;-0.11;-0.52;0.46;1.27;-0.18
45.8;0.41;-0.11;-0.52;0.4;0.97;-0.19
45.802;0.34;-0.09;-0.59;0.4;0.97;-0.19
45.803;0.34;-0.09;-0.59;0.35;0.58;-0.17
45.807;0.26;0.0;-0.48;0.35;0.58;-0.17
45.81;0.26;0.0;-0.48;0.38;0.23;-0.18
45.821;0.27;0.1;0.09;0.38;0.23;-0.18
45.823;0.27;0.1;0.09;0.37;-0.22;-0.15
45.827;0.72;-0.08;0.11;0.37;-0.22;-0.15
45.83;0.72;-0.08;0.11;0.09;-0.59;0.25
45.836;1.16;-0.26;0.2;0.09;-0.59;0.25
45.841;1.16;-0.26;0.2;-0.45;-1.08;0.41
45.846;1.34;-0.42;0.08;-0.45;-1.08;0.41
45.852;1.34;-0.42;0.08;-0.97;-2.11;0.09
45.857;1.0;-0.67;0.04;-0.97;-2.11;0.09
45.86;1.0;-0.67;0.04;-1.35;-3.06;-0.29
45.868;-0.17;-0.77;0.81;-1.35;-3.06;-0.29
45.87;-0.17;-0.77;0.81;-1.36;-3.32;-0.28
45.876;-0.58;-0.47;1.75;-1.36;-3.32;-0.28
45.88;-0.58;-0.47;1.75;-1.16;-3.6;0.04
45.895;-0.75;0.17;2.94;-1.16;-3.6;0.04
45.898;-0.75;0.17;2.94;-0.62;-3.27;0.36
45.899;-0.97;0.69;3.47;-0.62;-3.27;0.36
45.922;-0.97;0.69;3.47;-0.08;-2.51;0.42
45.923;-1.06;1.03;3.96;-0.08;-2.51;0.42
45.924;-1.06;1.03;3.96;0.11;-1.17;0.05
45.925;-0.9;0.57;3.16;0.11;-1.17;0.05
45.926;-0.9;0.57;3.16;0.41;-0.48;-0.14
45.927;-0.69;0.35;2.8;0.41;-0.48;-0.14
45.931;-0.69;0.35;2.8;0.5;0.16;-0.26
45.936;-0.51;0.32;2.07;0.5;0.16;-0.26
45.94;-0.51;0.32;2.07;0.52;0.43;-0.41
45.946;0.01;0.18;1.29;0.52;0.43;-0.41
45.954;0.01;0.18;1.29;0.5;0.38;-0.58
45.956;-0.5;0.45;1.33;0.5;0.38;-0.58
45.96;-0.5;0.45;1.33;0.47;0.37;-0.84
45.971;-0.17;0.47;1.15;0.47;0.37;-0.84
45.972;-0.17;0.47;1.15;0.42;0.05;-1.19
45.976;-0.22;0.32;1.18;0.42;0.05;-1.19
45.98;-0.22;0.32;1.18;0.46;-0.3;-1.31
45.996;-0.33;0.17;1.43;0.46;-0.3;-1.31
45.998;-0.33;0.17;1.43;0.58;-0.52;-1.29
46.0;-0.44;0.01;1.54;0.58;-0.52;-1.29
46.002;-0.44;0.01;1.54;0.65;-0.56;-1.3
46.027;-0.53;-0.04;1.7;0.65;-0.56;-1.3
46.028;-0.53;-0.04;1.7;0.64;-0.35;-1.38
46.029;-0.55;-0.04;1.51;0.64;-0.35;-1.38
46.03;-0.55;-0.04;1.51;0.54;0.09;-1.45
46.031;-0.42;0.02;1.33;0.54;0.09;-1.45
46.032;-0.42;0.02;1.33;0.43;0.54;-1.47
46.04;-0.27;0.01;1.11;0.43;0.54;-1.47
46.042;-0.27;0.01;1.11;0.32;1.02;-1.49
46.047;-0.16;-0.06;0.66;0.32;1.02;-1.49
46.053;-0.16;-0.06;0.66;0.19;1.34;-1.44
46.056;-0.12;-0.15;0.52;0.19;1.34;-1.44
46.06;-0.12;-0.15;0.52;0.04;1.31;-1.31
46.068;-0.04;-0.23;0.43;0.04;1.31;-1.31
46.072;-0.04;-0.23;0.43;-0.1;1.41;-1.09
46.076;0.0;-0.28;0.22;-0.1;1.41;-1.09
46.081;0.0;-0.28;0.22;-0.2;1.72;-0.82
46.1;0.11;-0.3;0.03;-0.2;1.72;-0.82
46.101;0.11;-0.3;0.03;-0.23;1.91;-0.54
46.102;0.27;-0.34;-0.07;-0.23;1.91;-0.54
46.103;0.27;-0.34;-0.07;-0.24;2.07;-0.32
46.106;0.39;-0.36;-0.25;-0.24;2.07;-0.32
46.112;0.39;-0.36;-0.25;-0.24;2.21;-0.17
46.126;0.48;-0.34;-0.45;-0.24;2.21;-0.17
46.128;0.48;-0.34;-0.45;-0.26;2.08;-0.06
46.129;0.44;-0.29;-0.57;-0.26;2.08;-0.06
46.131;0.44;-0.29;-0.57;-0.3;1.82;0.02
46.137;0.37;-0.19;-0.66;-0.3;1.82;0.02
46.142;0.37;-0.19;-0.66;-0.28;1.44;0.08
46.148;0.43;-0.05;-0.54;-0.28;1.44;0.08
46.152;0.43;-0.05;-0.54;-0.12;0.91;0.19
46.156;0.8;-0.23;-0.08;-0.12;0.91;0.19
46.16;0.8;-0.23;-0.08;-0.04;0.35;0.23
46.17;1.3;0.02;0.26;-0.04;0.35;0.23
46.172;1.3;0.02;0.26;-0.08;0.0;-0.05
46.176;1.51;0.43;0.45;-0.08;0.0;-0.05
46.18;1.51;0.43;0.45;0.1;-1.0;-0.27
46.2;1.24;0.56;0.25;0.1;-1.0;-0.27
46.202;1.24;0.56;0.25;0.34;-1.72;-0.39
46.205;0.43;0.64;0.37;0.34;-1.72;-0.39
46.207;0.43;0.64;0.37;0.37;-2.22;-0.52
46.208;-0.98;0.49;1.18;0.37;-2.22;-0.52
46.211;-0.98;0.49;1.18;0.54;-2.8;-0.37
46.231;-0.86;0.01;1.87;0.54;-2.8;-0.37
46.232;-0.86;0.01;1.87;1.04;-3.91;0.16
46.234;-0.93;-0.73;3.25;1.04;-3.91;0.16
46.235;-0.93;-0.73;3.25;1.04;-4.57;0.48
46.237;-1.11;-1.01;3.76;1.04;-4.57;0.48
46.243;-1.11;-1.01;3.76;0.83;-3.72;0.54
46.246;-0.9;-0.65;3.84;0.83;-3.72;0.54
46.254;-0.9;-0.65;3.84;0.12;-1.98;0.39
46.256;-0.71;-0.47;2.7;0.12;-1.98;0.39
46.26;-0.71;-0.47;2.7;-0.25;-0.41;0.3
46.268;-0.69;-0.41;2.42;-0.25;-0.41;0.3
46.27;-0.69;-0.41;2.42;-0.4;0.2;0.22
46.276;-0.45;-0.33;2.25;-0.4;0.2;0.22
46.28;-0.45;-0.33;2.25;-0.45;0.52;0.27
46.296;-0.43;-0.63;1.31;-0.45;0.52;0.27
46.298;-0.43;-0.63;1.31;-0.43;0.85;0.4
46.299;-0.64;-0.47;1.47;-0.43;0.85;0.4
46.301;-0.64;-0.47;1.47;-0.49;0.62;0.71
46.321;-0.44;-0.39;1.15;-0.49;0.62;0.71
46.323;-0.44;-0.39;1.15;-0.45;0.45;1.09
46.323;-0.28;-0.25;1.11;-0.45;0.45;1.09
46.324;-0.28;-0.25;1.11;-0.51;0.12;1.36
46.327;-0.31;-0.06;1.27;-0.51;0.12;1.36
46.331;-0.31;-0.06;1.27;-0.56;-0.15;1.42
46.337;-0.4;0.14;1.45;-0.56;-0.15;1.42
46.34;-0.4;0.14;1.45;-0.58;-0.23;1.47
46.346;-0.44;0.23;1.51;-0.58;-0.23;1.47
46.351;-0.44;0.23;1.51;-0.51;-0.08;1.51
46.356;-0.36;0.24;1.43;-0.51;-0.08;1.51
46.36;-0.36;0.24;1.43;-0.39;0.25;1.51
46.368;-0.31;0.23;1.3;-0.39;0.25;1.51
46.37;-0.31;0.23;1.3;-0.3;0.57;1.46
46.376;-0.15;0.17;1.09;-0.3;0.57;1.46
46.38;-0.15;0.17;1.09;-0.19;0.86;1.33
46.396;-0.06;0.11;0.9;-0.19;0.86;1.33
46.398;-0.06;0.11;0.9;0.01;1.36;1.04
46.402;0.06;0.07;0.68;0.01;1.36;1.04
46.403;0.06;0.07;0.68;0.11;1.63;0.95
46.421;0.16;0.07;0.39;0.11;1.63;0.95
46.422;0.16;0.07;0.39;0.18;1.74;0.89
46.423;0.2;0.08;0.16;0.18;1.74;0.89
46.424;0.2;0.08;0.16;0.24;1.8;0.78
46.427;0.28;0.09;0.02;0.24;1.8;0.78
46.43;0.28;0.09;0.02;0.27;1.88;0.64
46.436;0.33;0.13;-0.16;0.27;1.88;0.64
46.44;0.33;0.13;-0.16;0.29;1.78;0.5
46.446;0.35;0.16;-0.28;0.29;1.78;0.5
46.451;0.35;0.16;-0.28;0.3;1.61;0.37
46.456;0.45;0.17;-0.4;0.3;1.61;0.37
46.461;0.45;0.17;-0.4;0.26;1.33;0.22
46.467;0.47;0.16;-0.53;0.26;1.33;0.22
46.471;0.47;0.16;-0.53;0.2;0.97;0.1
46.476;0.4;0.14;-0.53;0.2;0.97;0.1
46.48;0.4;0.14;-0.53;0.21;0.52;0.05
46.495;0.44;0.22;-0.27;0.21;0.52;0.05
46.499;0.44;0.22;-0.27;0.32;0.07;0.04
46.5;0.65;0.26;0.09;0.32;0.07;0.04
46.501;0.65;0.26;0.09;0.35;-0.15;0.07
46.522;0.64;-0.11;0.37;0.35;-0.15;0.07
46.523;0.64;-0.11;0.37;0.03;-0.68;0.38
46.524;1.37;-0.36;0.39;0.03;-0.68;0.38
46.525;1.37;-0.36;0.39;-0.36;-1.34;0.6
46.526;1.42;-0.45;0.12;-0.36;-1.34;0.6
46.53;1.42;-0.45;0.12;-0.73;-2.1;0.28
46.537;0.74;-0.65;-0.02;-0.73;-2.1;0.28
46.54;0.74;-0.65;-0.02;-1.15;-2.86;-0.05
46.546;-0.49;-0.62;1.15;-1.15;-2.86;-0.05
46.551;-0.49;-0.62;1.15;-1.24;-3.15;-0.11
46.556;-0.52;-0.27;2.1;-1.24;-3.15;-0.11
46.56;-0.52;-0.27;2.1;-1.22;-3.38;0.09
46.568;-0.78;0.36;3.11;-1.22;-3.38;0.09
46.57;-0.78;0.36;3.11;-0.76;-2.67;0.35
46.576;-0.78;1.01;3.86;-0.76;-2.67;0.35
46.58;-0.78;1.01;3.86;-0.4;-1.39;0.12
46.597;-0.91;0.71;3.02;-0.4;-1.39;0.12
46.602;-0.91;0.71;3.02;-0.01;-0.79;-0.09
46.603;-0.73;0.31;2.77;-0.01;-0.79;-0.09
46.603;-0.73;0.31;2.77;0.29;-0.26;-0.18
46.606;-0.58;0.27;2.48;0.29;-0.26;-0.18
46.612;-0.58;0.27;2.48;0.48;0.15;-0.3
46.626;-0.19;0.15;1.66;0.48;0.15;-0.3
46.628;-0.19;0.15;1.66;0.56;0.12;-0.45
46.629;-0.4;0.6;1.76;0.56;0.12;-0.45
46.631;-0.4;0.6;1.76;0.53;0.35;-0.77
46.64;-0.07;0.47;1.5;0.53;0.35;-0.77
46.642;-0.07;0.47;1.5;0.43;0.31;-1.13
46.654;-0.3;0.25;1.39;0.43;0.31;-1.13
46.656;-0.3;0.25;1.39;0.38;0.09;-1.25
46.658;-0.38;0.14;1.49;0.38;0.09;-1.25
46.661;-0.38;0.14;1.49;0.41;-0.17;-1.33
46.671;-0.49;0.01;1.57;0.41;-0.17;-1.33
46.672;-0.49;0.01;1.57;0.48;-0.26;-1.34
46.676;-0.56;-0.06;1.63;0.48;-0.26;-1.34
46.681;-0.56;-0.06;1.63;0.54;-0.21;-1.34
46.703;-0.52;-0.06;1.55;0.54;-0.21;-1.34
46.704;-0.52;-0.06;1.55;0.54;0.05;-1.41
46.706;-0.54;0.01;1.44;0.54;0.05;-1.41
46.707;-0.54;0.01;1.44;0.47;0.41;-1.5
46.709;-0.37;0.03;1.15;0.47;0.41;-1.5
46.71;-0.37;0.03;1.15;0.37;0.87;-1.57
46.729;-0.24;0.05;0.91;0.37;0.87;-1.57
46.732;-0.24;0.05;0.91;0.25;1.18;-1.56
46.733;-0.15;-0.04;0.6;0.25;1.18;-1.56
46.736;-0.15;-0.04;0.6;0.11;1.44;-1.47
46.737;-0.08;-0.13;0.43;0.11;1.44;-1.47
46.742;-0.08;-0.13;0.43;0.0;1.5;-1.28
46.746;0.06;-0.24;0.24;0.0;1.5;-1.28
46.752;0.06;-0.24;0.24;-0.11;1.66;-0.99
46.756;0.15;-0.33;0.06;-0.11;1.66;-0.99
46.76;0.15;-0.33;0.06;-0.19;1.72;-0.69
46.766;0.26;-0.38;0.03;-0.19;1.72;-0.69
46.77;0.26;-0.38;0.03;-0.28;1.82;-0.45
46.776;0.36;-0.41;-0.11;-0.28;1.82;-0.45
46.78;0.36;-0.41;-0.11;-0.37;2.1;-0.27
46.786;0.43;-0.41;-0.37;-0.37;2.1;-0.27
46.79;0.43;-0.41;-0.37;-0.43;2.13;-0.13
46.796;0.43;-0.35;-0.45;-0.43;2.13;-0.13
46.811;0.43;-0.35;-0.45;-0.46;1.87;0.01
46.812;0.42;-0.26;-0.51;-0.46;1.87;0.01
46.813;0.42;-0.26;-0.51;-0.41;1.62;0.12
46.833;0.22;0.05;-0.54;-0.41;1.62;0.12
46.834;0.22;0.05;-0.54;-0.25;1.38;0.24
46.834;0.15;-0.25;-0.78;-0.25;1.38;0.24
46.835;0.15;-0.25;-0.78;-0.09;0.98;0.28
46.836;0.35;-0.24;-0.37;-0.09;0.98;0.28
46.84;0.35;-0.24;-0.37;-0.25;0.57;0.16
46.85;0.91;-0.08;0.03;-0.25;0.57;0.16
46.851;0.91;-0.08;0.03;-0.3;0.57;0.17
46.856;1.25;0.12;0.69;-0.3;0.57;0.17
46.861;1.25;0.12;0.69;-0.19;-0.62;0.03
46.866;1.59;0.37;0.63;-0.19;-0.62;0.03
46.87;1.59;0.37;0.63;0.15;-1.02;-0.22
46.876;1.41;0.72;0.48;0.15;-1.02;-0.22
46.893;1.41;0.72;0.48;0.41;-1.51;-0.47
46.894;0.06;1.0;0.87;0.41;-1.51;-0.47
46.895;0.06;1.0;0.87;0.52;-2.48;-0.51
46.927;-0.97;0.72;1.72;0.52;-2.48;-0.51
46.933;-0.97;0.72;1.72;0.91;-3.11;-0.05
46.935;-1.08;-0.23;2.56;0.91;-3.11;-0.05
46.936;-1.08;-0.23;2.56;1.38;-4.31;0.44
46.937;-1.2;-1.02;3.71;1.38;-4.31;0.44
46.937;-1.2;-1.02;3.71;0.89;-4.31;0.48
46.938;-1.55;-0.98;3.99;0.89;-4.31;0.48
46.939;-1.55;-0.98;3.99;0.28;-3.02;0.38
46.94;-1.12;-0.57;3.72;0.28;-3.02;0.38
46.941;-1.12;-0.57;3.72;-0.33;-1.36;0.15
46.948;-0.7;-0.49;2.73;-0.33;-1.36;0.15
46.95;-0.7;-0.49;2.73;-0.53;0.2;0.09
46.956;-0.86;-0.5;2.29;-0.53;0.2;0.09
46.96;-0.86;-0.5;2.29;-0.57;1.05;0.06
46.967;-0.55;-0.58;1.68;-0.57;1.05;0.06
46.97;-0.55;-0.58;1.68;-0.56;1.45;0.29
46.977;-0.5;-0.57;1.13;-0.56;1.45;0.29
46.98;-0.5;-0.57;1.13;-0.4;1.46;0.79
46.986;-0.32;-0.44;0.78;-0.4;1.46;0.79
46.99;-0.32;-0.44;0.78;-0.29;0.97;1.31
46.996;-0.2;-0.21;0.9;-0.29;0.97;1.31
47.008;-0.2;-0.21;0.9;-0.36;0.22;1.52
47.01;-0.25;-0.01;1.16;-0.36;0.22;1.52
47.011;-0.25;-0.01;1.16;-0.55;-0.41;1.43
47.033;-0.45;0.14;1.54;-0.55;-0.41;1.43
47.034;-0.45;0.14;1.54;-0.55;-0.41;1.43
47.035;-0.57;0.26;1.65;-0.55;-0.41;1.43
47.036;-0.57;0.26;1.65;-0.44;-0.17;1.33
47.037;-0.43;0.25;1.51;-0.44;-0.17;1.33
47.04;-0.43;0.25;1.51;-0.35;0.7;1.25
47.046;-0.36;0.3;1.38;-0.35;0.7;1.25
47.05;-0.36;0.3;1.38;-0.25;1.14;1.1
47.056;-0.11;0.26;1.11;-0.25;1.14;1.1
47.06;-0.11;0.26;1.11;-0.19;1.5;0.9
47.067;0.04;0.26;0.89;-0.19;1.5;0.9
47.07;0.04;0.26;0.89;-0.12;1.85;0.72
47.076;0.19;0.29;0.58;-0.12;1.85;0.72
47.084;0.19;0.29;0.58;-0.01;2.0;0.6
47.087;0.23;0.31;0.31;-0.01;2.0;0.6
47.091;0.23;0.31;0.31;0.13;2.09;0.51
47.111;0.28;0.3;0.13;0.13;2.09;0.51
47.112;0.28;0.3;0.13;0.25;2.2;0.36
47.113;0.36;0.27;-0.14;0.25;2.2;0.36
47.117;0.36;0.27;-0.14;0.37;2.02;0.19
47.118;0.39;0.22;-0.25;0.37;2.02;0.19
47.145;0.39;0.22;-0.25;0.47;1.84;0.08
47.147;0.48;0.16;-0.41;0.47;1.84;0.08
47.148;0.48;0.16;-0.41;0.5;1.55;0.0
47.15;0.48;0.16;-0.41;0.42;1.11;-0.05
47.15;0.52;-0.02;-0.69;0.42;1.11;-0.05
47.151;0.52;-0.02;-0.69;0.34;0.68;-0.06
47.156;0.43;-0.06;-0.6;0.34;0.68;-0.06
47.163;0.43;-0.06;-0.6;0.34;0.33;-0.04
47.169;-0.07;-0.1;-0.26;0.34;0.33;-0.04
47.17;-0.07;-0.1;-0.26;0.3;0.14;-0.05
47.176;0.35;0.06;-0.11;0.3;0.14;-0.05
47.183;0.35;0.06;-0.11;0.47;-0.19;0.04
47.186;0.56;0.19;0.14;0.47;-0.19;0.04
47.19;0.56;0.19;0.14;0.65;-0.47;0.12
47.196;0.76;-0.19;0.27;0.65;-0.47;0.12
47.211;0.76;-0.19;0.27;0.25;-0.72;0.39
47.212;1.48;-0.4;0.31;0.25;-0.72;0.39
47.214;1.48;-0.4;0.31;-0.5;-1.57;0.43
47.233;1.45;-0.68;0.07;-0.5;-1.57;0.43
47.234;1.45;-0.68;0.07;-1.2;-2.81;0.05
47.235;0.86;-1.04;0.33;-1.2;-2.81;0.05
47.236;0.86;-1.04;0.33;-1.64;-3.33;-0.32
47.238;-0.53;-0.97;1.77;-1.64;-3.33;-0.32
47.24;-0.53;-0.97;1.77;-1.55;-3.17;-0.25
47.247;-0.69;-0.03;2.64;-1.55;-3.17;-0.25
47.252;-0.69;-0.03;2.64;-1.15;-3.32;0.07
47.256;-1.32;0.9;3.83;-1.15;-3.32;0.07
47.26;-1.32;0.9;3.83;-0.57;-2.52;0.16
47.266;-1.21;1.23;4.0;-0.57;-2.52;0.16
47.27;-1.21;1.23;4.0;0.0;-0.89;-0.05
47.276;-1.14;0.7;3.23;0.0;-0.89;-0.05
47.28;-1.14;0.7;3.23;0.45;-0.27;-0.11
47.294;-0.47;0.28;1.92;0.45;-0.27;-0.11
47.295;-0.47;0.28;1.92;0.69;0.23;-0.14
47.296;-0.47;0.28;1.17;0.69;0.23;-0.14
47.319;-0.47;0.28;1.17;0.68;0.47;-0.22
47.32;-0.1;0.49;1.03;0.68;0.47;-0.22
47.321;-0.1;0.49;1.03;0.59;0.54;-0.49
47.322;-0.01;0.3;0.95;0.59;0.54;-0.49
47.323;-0.01;0.3;0.95;0.45;0.34;-1.03
47.327;-0.19;0.19;0.93;0.45;0.34;-1.03
47.33;-0.19;0.19;0.93;0.3;-0.02;-1.4
47.336;-0.31;0.06;1.21;0.3;-0.02;-1.4
47.34;-0.31;0.06;1.21;0.26;-0.43;-1.48
47.346;-0.47;-0.08;1.4;0.26;-0.43;-1.48
47.35;-0.47;-0.08;1.4;0.35;-0.71;-1.42
47.357;-0.63;-0.21;1.66;0.35;-0.71;-1.42
47.36;-0.63;-0.21;1.66;0.44;-0.8;-1.28
47.367;-0.75;-0.28;1.84;0.44;-0.8;-1.28
47.37;-0.75;-0.28;1.84;0.5;-0.68;-1.17
47.376;-0.73;-0.22;1.84;0.5;-0.68;-1.17
47.394;-0.73;-0.22;1.84;0.49;-0.3;-1.16
47.397;-0.54;-0.12;1.62;0.49;-0.3;-1.16
47.401;-0.54;-0.12;1.62;0.42;0.2;-1.19
47.402;-0.54;0.0;1.38;0.42;0.2;-1.19
47.403;-0.54;0.0;1.38;0.34;0.7;-1.17
47.406;-0.36;-0.02;1.0;0.34;0.7;-1.17
47.41;-0.36;-0.02;1.0;0.2;1.21;-1.18
47.419;-0.26;-0.04;0.72;0.2;1.21;-1.18
47.42;-0.26;-0.04;0.72;0.05;1.43;-1.11
47.426;-0.14;-0.08;0.55;0.05;1.43;-1.11
47.43;-0.14;-0.08;0.55;-0.09;1.74;-0.92
47.436;-0.06;-0.11;0.14;-0.09;1.74;-0.92
47.44;-0.06;-0.11;0.14;-0.17;2.17;-0.69
47.448;0.08;-0.13;0.04;-0.17;2.17;-0.69
47.45;0.08;-0.13;0.04;-0.19;2.14;-0.45
47.46;0.08;-0.13;0.04;-0.2;2.34;-0.28
47.466;0.51;-0.13;-0.27;-0.2;2.34;-0.28
47.47;0.51;-0.13;-0.27;-0.2;2.38;-0.18
47.477;0.62;-0.16;-0.4;-0.2;2.38;-0.18
47.493;0.62;-0.16;-0.4;-0.22;2.17;-0.13
47.494;0.56;-0.2;-0.51;-0.22;2.17;-0.13
47.495;0.56;-0.2;-0.51;-0.25;1.96;-0.06
47.496;0.6;-0.23;-0.66;-0.25;1.96;-0.06
47.518;0.6;-0.23;-0.66;-0.26;1.72;-0.01
47.519;0.5;-0.18;-0.86;-0.26;1.72;-0.01
47.52;0.5;-0.18;-0.86;-0.25;1.52;0.03
47.521;0.03;-0.04;-0.8;-0.25;1.52;0.03
47.522;0.03;-0.04;-0.8;-0.15;1.16;0.08
47.527;0.71;-0.23;-0.52;-0.15;1.16;0.08
47.531;0.71;-0.23;-0.52;-0.23;0.34;0.09
47.536;1.03;-0.03;0.09;-0.23;0.34;0.09
47.54;1.03;-0.03;0.09;-0.27;-0.47;0.08
47.546;1.56;0.23;0.8;-0.27;-0.47;0.08
47.551;1.56;0.23;0.8;-0.09;-1.25;-0.16
47.557;1.77;0.55;0.64;-0.09;-1.25;-0.16
47.56;1.77;0.55;0.64;0.36;-1.63;-0.47
47.567;1.1;0.68;0.54;0.36;-1.63;-0.47
47.571;1.1;0.68;0.54;0.7;-2.52;-0.62
47.576;-0.61;0.67;1.22;0.7;-2.52;-0.62
47.582;-0.61;0.67;1.22;0.93;-3.47;-0.5
47.586;-1.46;0.14;1.69;0.93;-3.47;-0.5
47.59;-1.46;0.14;1.69;1.3;-3.87;0.08
47.596;-1.32;-0.85;3.84;1.3;-3.87;0.08
47.601;-1.32;-0.85;3.84;1.33;-5.34;0.52
47.618;-1.55;-1.27;3.78;1.33;-5.34;0.52
47.62;-1.55;-1.27;3.78;0.72;-3.77;0.58
47.622;-1.19;-0.88;3.89;0.72;-3.77;0.58
47.627;-1.19;-0.88;3.89;-0.01;-1.94;0.43
47.628;-0.86;-0.45;2.78;-0.01;-1.94;0.43
47.654;-0.86;-0.45;2.78;-0.48;0.11;0.42
47.656;-0.45;-0.68;1.9;-0.48;0.11;0.42
47.658;-0.45;-0.68;1.9;-0.87;0.94;0.3
47.659;-0.76;-0.53;1.73;-0.87;0.94;0.3
47.661;-0.76;-0.53;1.73;-0.96;1.18;0.29
47.664;-0.46;-0.63;1.21;-0.96;1.18;0.29
47.666;-0.46;-0.63;1.21;-0.66;1.3;0.74
47.667;-0.32;-0.49;0.93;-0.66;1.3;0.74
47.67;-0.32;-0.49;0.93;-0.42;0.96;1.29
47.676;-0.19;-0.29;0.65;-0.42;0.96;1.29
47.694;-0.19;-0.29;0.65;-0.35;-0.43;1.83
47.696;-0.03;-0.04;0.91;-0.35;-0.43;1.83
47.697;-0.03;-0.04;0.91;-0.47;-0.87;1.67
47.698;-0.24;0.12;1.28;-0.47;-0.87;1.67
47.721;-0.24;0.12;1.28;-0.56;-1.0;1.48
47.722;-0.52;0.28;1.75;-0.56;-1.0;1.48
47.723;-0.52;0.28;1.75;-0.53;-0.74;1.43
47.724;-0.78;0.43;2.1;-0.53;-0.74;1.43
47.724;-0.78;0.43;2.1;-0.48;-0.08;1.43
47.726;-0.76;0.42;2.08;-0.48;-0.08;1.43
47.73;-0.76;0.42;2.08;-0.46;0.66;1.32
47.736;-0.43;0.26;1.61;-0.46;0.66;1.32
47.74;-0.43;0.26;1.61;-0.44;1.08;1.17
47.748;-0.48;0.33;1.42;-0.44;1.08;1.17
47.751;-0.48;0.33;1.42;-0.35;1.51;0.98
47.756;-0.12;0.2;1.08;-0.35;1.51;0.98
47.76;-0.12;0.2;1.08;-0.26;1.75;0.81
47.766;0.06;0.17;0.77;-0.26;1.75;0.81
47.77;0.06;0.17;0.77;-0.14;1.95;0.7
47.776;0.22;0.2;0.5;-0.14;1.95;0.7
47.8;0.22;0.2;0.5;-0.01;2.13;0.6
47.802;0.27;0.22;0.19;-0.01;2.13;0.6
47.803;0.27;0.22;0.19;0.13;2.17;0.46
47.804;0.35;0.2;0.03;0.13;2.17;0.46
47.805;0.35;0.2;0.03;0.26;2.2;0.29
47.807;0.43;0.18;-0.18;0.26;2.2;0.29
47.811;0.43;0.18;-0.18;0.38;2.07;0.16
47.832;0.47;0.19;-0.31;0.38;2.07;0.16
47.833;0.47;0.19;-0.31;0.49;1.87;0.07
47.834;0.56;0.21;-0.48;0.49;1.87;0.07
47.835;0.56;0.21;-0.48;0.51;1.57;-0.01
47.841;0.56;0.21;-0.48;0.5;1.15;-0.07
47.847;0.61;0.14;-0.77;0.5;1.15;-0.07
47.85;0.61;0.14;-0.77;0.48;0.66;-0.14
47.856;0.33;0.05;-0.71;0.48;0.66;-0.14
47.861;0.33;0.05;-0.71;0.31;0.46;-0.28
47.866;0.36;0.17;-0.47;0.31;0.46;-0.28
47.87;0.36;0.17;-0.47;0.36;-0.15;-0.27
47.876;0.68;0.31;-0.19;0.36;-0.15;-0.27
47.889;0.68;0.31;-0.19;0.6;-0.71;-0.18
47.891;0.76;0.08;0.0;0.6;-0.71;-0.18
47.892;0.76;0.08;0.0;0.43;-1.22;0.08
47.915;1.48;-0.42;0.2;0.43;-1.22;0.08
47.918;1.48;-0.42;0.2;-0.09;-1.76;0.34
47.919;1.48;-0.42;0.2;-0.09;-1.76;0.34
47.919;1.48;-0.42;0.2;-0.6;-2.74;0.2
47.922;1.14;-0.72;0.04;-0.6;-2.74;0.2
47.923;1.14;-0.72;0.04;-1.11;-3.8;-0.21
47.926;0.2;-1.0;0.83;-1.11;-3.8;-0.21
47.931;0.2;-1.0;0.83;-1.32;-3.97;-0.43
47.936;-0.92;-0.69;2.41;-1.32;-3.97;-0.43
47.94;-0.92;-0.69;2.41;-1.4;-3.94;-0.38
47.95;-1.24;0.39;4.0;-1.4;-3.94;-0.38
47.951;-1.24;0.39;4.0;-0.92;-2.84;-0.1
47.956;-1.33;1.01;3.93;-0.92;-2.84;-0.1
47.96;-1.33;1.01;3.93;-0.32;-1.59;-0.19
47.967;-0.93;0.48;2.84;-0.32;-1.59;-0.19
47.97;-0.93;0.48;2.84;0.11;-0.36;-0.33
47.976;-0.62;0.4;2.38;0.11;-0.36;-0.33
47.994;-0.62;0.4;2.38;0.45;0.25;-0.35
47.996;-0.09;0.27;1.69;0.45;0.25;-0.35
47.998;-0.09;0.27;1.69;0.56;0.57;-0.38
47.999;-0.29;0.55;1.14;0.56;0.57;-0.38
48.031;-0.29;0.55;1.14;0.58;0.73;-0.61
48.033;0.1;0.5;0.95;0.58;0.73;-0.61
48.034;0.1;0.5;0.95;0.49;0.59;-1.01
48.035;0.0;0.31;0.89;0.49;0.59;-1.01
48.036;0.0;0.31;0.89;0.3;0.28;-1.47
48.037;-0.14;0.15;1.1;0.3;0.28;-1.47
48.038;-0.14;0.15;1.1;0.13;-0.19;-1.71
48.039;-0.39;-0.01;1.26;0.13;-0.19;-1.71
48.041;-0.39;-0.01;1.26;0.16;-0.48;-1.78
48.05;-0.47;-0.11;1.45;0.16;-0.48;-1.78
48.052;-0.47;-0.11;1.45;0.28;-0.72;-1.61
48.056;-0.53;-0.19;1.67;0.28;-0.72;-1.61
48.06;-0.53;-0.19;1.67;0.39;-0.77;-1.5
48.066;-0.66;-0.24;1.7;0.39;-0.77;-1.5
48.07;-0.66;-0.24;1.7;0.44;-0.54;-1.43
48.076;-0.66;-0.25;1.66;0.44;-0.54;-1.43
48.095;-0.66;-0.25;1.66;0.43;-0.14;-1.41
48.097;-0.58;-0.2;1.43;0.43;-0.14;-1.41
48.098;-0.58;-0.2;1.43;0.35;0.37;-1.39
48.099;-0.47;-0.16;1.17;0.35;0.37;-1.39
48.101;-0.47;-0.16;1.17;0.25;0.87;-1.3
48.106;-0.37;-0.16;0.83;0.25;0.87;-1.3
48.11;-0.37;-0.16;0.83;0.15;1.28;-1.16
48.125;-0.3;-0.22;0.54;0.15;1.28;-1.16
48.127;-0.3;-0.22;0.54;0.03;1.51;-0.96
48.132;-0.2;-0.24;0.38;0.03;1.51;-0.96
48.134;-0.2;-0.24;0.38;-0.06;1.68;-0.69
48.138;-0.03;-0.25;0.15;-0.06;1.68;-0.69
48.14;-0.03;-0.25;0.15;-0.13;1.84;-0.42
48.147;0.14;-0.24;0.1;-0.13;1.84;-0.42
48.15;0.14;-0.24;0.1;-0.17;1.88;-0.23
48.156;0.35;-0.22;-0.04;-0.17;1.88;-0.23
48.16;0.35;-0.22;-0.04;-0.23;2.13;-0.1
48.166;0.5;-0.23;-0.23;-0.23;2.13;-0.1
48.17;0.5;-0.23;-0.23;-0.32;2.2;-0.02
48.176;0.46;-0.24;-0.38;-0.32;2.2;-0.02
48.191;0.46;-0.24;-0.38;-0.4;2.06;0.03
48.192;0.57;-0.24;-0.54;-0.4;2.06;0.03
48.193;0.57;-0.24;-0.54;-0.47;1.87;0.12
48.215;0.48;-0.21;-0.66;-0.47;1.87;0.12
48.217;0.48;-0.21;-0.66;-0.48;1.69;0.18
48.218;0.37;-0.12;-0.89;-0.48;1.69;0.18
48.218;0.37;-0.12;-0.89;-0.41;1.49;0.27
48.219;-0.02;-0.03;-0.73;-0.41;1.49;0.27
48.221;-0.02;-0.03;-0.73;-0.26;1.01;0.4
48.227;0.66;-0.3;-0.58;-0.26;1.01;0.4
48.23;0.66;-0.3;-0.58;-0.35;0.29;0.42
48.236;1.02;-0.03;0.21;-0.35;0.29;0.42
48.24;1.02;-0.03;0.21;-0.51;-0.58;0.37
48.247;1.53;0.13;0.53;-0.51;-0.58;0.37
48.25;1.53;0.13;0.53;-0.3;-1.19;0.16
48.256;1.91;0.51;1.08;-0.3;-1.19;0.16
48.26;1.91;0.51;1.08;0.15;-2.09;-0.1
48.266;1.37;0.81;0.66;0.15;-2.09;-0.1
48.27;1.37;0.81;0.66;0.7;-2.73;-0.28
48.276;-0.16;0.98;1.07;0.7;-2.73;-0.28
48.29;-0.16;0.98;1.07;0.93;-3.63;-0.2
48.292;-1.62;0.41;2.03;0.93;-3.63;-0.2
48.292;-1.62;0.41;2.03;1.35;-4.22;0.26
48.318;-1.37;-0.45;3.76;1.35;-4.22;0.26
48.32;-1.37;-0.45;3.76;1.58;-5.42;0.68
48.322;-1.39;-0.94;3.68;1.58;-5.42;0.68
48.323;-1.39;-0.94;3.68;1.01;-3.66;0.43
48.324;-1.31;-0.67;3.97;1.01;-3.66;0.43
48.326;-1.31;-0.67;3.97;0.2;-2.26;0.16
48.328;-0.95;-0.46;2.93;0.2;-2.26;0.16
48.333;-0.95;-0.46;2.93;-0.7;0.84;0.15
48.336;-0.76;-0.51;2.12;-0.7;0.84;0.15
48.341;-0.76;-0.51;2.12;-0.83;1.37;0.28
48.347;-0.63;-0.48;1.91;-0.83;1.37;0.28
48.35;-0.63;-0.48;1.91;-0.64;1.64;0.6
48.356;-0.34;-0.58;1.34;-0.64;1.64;0.6
48.365;-0.34;-0.58;1.34;-0.36;1.6;1.0
48.367;-0.38;-0.57;0.97;-0.36;1.6;1.0
48.37;-0.38;-0.57;0.97;-0.23;1.01;1.44
48.376;-0.13;-0.29;0.52;-0.23;1.01;1.44
48.38;-0.13;-0.29;0.52;-0.24;0.08;1.52
48.386;0.07;-0.07;0.77;-0.24;0.08;1.52
48.39;0.07;-0.07;0.77;-0.4;-0.34;1.29
48.407;-0.06;0.14;0.87;-0.4;-0.34;1.29
48.409;-0.06;0.14;0.87;-0.54;-0.62;1.04
48.411;-0.28;0.3;1.31;-0.54;-0.62;1.04
48.414;-0.28;0.3;1.31;-0.51;-0.57;0.93
48.438;-0.53;0.47;1.54;-0.51;-0.57;0.93
48.44;-0.53;0.47;1.54;-0.43;-0.24;0.9
48.441;-0.54;0.49;1.55;-0.43;-0.24;0.9
48.442;-0.54;0.49;1.55;-0.35;0.19;0.82
48.444;-0.59;0.48;1.55;-0.35;0.19;0.82
48.445;-0.59;0.48;1.55;-0.2;0.75;0.7
48.448;-0.37;0.37;1.33;-0.2;0.75;0.7
48.454;-0.37;0.37;1.33;-0.2;1.18;0.57
48.456;-0.17;0.3;1.08;-0.2;1.18;0.57
48.461;-0.17;0.3;1.08;0.1;1.54;0.45
48.467;0.04;0.24;0.76;0.1;1.54;0.45
48.47;0.04;0.24;0.76;0.23;1.75;0.33
48.476;0.15;0.19;0.49;0.23;1.75;0.33
48.481;0.15;0.19;0.49;0.37;1.84;0.21
48.486;0.24;0.15;0.31;0.37;1.84;0.21
48.49;0.24;0.15;0.31;0.49;2.05;0.03
48.513;0.3;0.08;0.13;0.49;2.05;0.03
48.514;0.3;0.08;0.13;0.55;2.23;-0.14
48.515;0.4;0.02;-0.08;0.55;2.23;-0.14
48.517;0.4;0.02;-0.08;0.57;2.21;-0.26
48.519;0.41;-0.01;-0.25;0.57;2.21;-0.26
48.521;0.41;-0.01;-0.25;0.58;1.99;-0.31
48.527;0.45;-0.03;-0.41;0.58;1.99;-0.31
48.544;0.45;-0.03;-0.41;0.56;1.63;-0.31
48.546;0.45;-0.01;-0.52;0.56;1.63;-0.31
48.551;0.45;-0.01;-0.52;0.51;1.36;-0.28
48.551;0.41;0.02;-0.68;0.51;1.36;-0.28
48.553;0.41;0.02;-0.68;0.45;0.93;-0.27
48.556;0.61;0.15;-0.65;0.45;0.93;-0.27
48.56;0.61;0.15;-0.65;0.49;0.28;-0.3
48.566;0.41;0.09;-0.06;0.49;0.28;-0.3
48.57;0.41;0.09;-0.06;0.36;0.0;-0.17
48.576;1.07;-0.22;-0.04;0.36;0.0;-0.17
48.596;1.07;-0.22;-0.04;-0.1;-0.95;0.24
48.598;1.49;-0.4;0.17;-0.1;-0.95;0.24
48.599;1.49;-0.4;0.17;-0.5;-1.71;0.36
48.601;0.82;-0.73;0.11;-0.5;-1.71;0.36
48.602;0.82;-0.73;0.11;-0.88;-2.73;0.05
48.607;-0.04;-0.76;1.07;-0.88;-2.73;0.05
48.61;-0.04;-0.76;1.07;-1.21;-3.58;-0.21
48.621;-0.98;-0.47;2.4;-1.21;-3.58;-0.21
48.623;-0.98;-0.47;2.4;-1.17;-3.77;-0.17
48.629;-1.41;0.5;4.0;-1.17;-3.77;-0.17
48.634;-1.41;0.5;4.0;-0.94;-4.24;0.04
48.637;-1.0;1.25;4.0;-0.94;-4.24;0.04
48.641;-1.0;1.25;4.0;-0.39;-3.23;0.27
48.648;-1.07;0.83;3.63;-0.39;-3.23;0.27
48.651;-1.07;0.83;3.63;0.01;-1.24;-0.02
48.656;-0.81;0.44;2.74;0.01;-1.24;-0.02
48.665;-0.81;0.44;2.74;0.38;-0.17;-0.22
48.666;-0.3;0.17;1.82;0.38;-0.17;-0.22
48.67;-0.3;0.17;1.82;0.52;0.35;-0.3
48.676;-0.53;0.53;1.6;0.52;0.35;-0.3
48.693;-0.53;0.53;1.6;0.45;0.59;-0.37
48.695;-0.19;0.39;1.17;0.45;0.59;-0.37
48.699;-0.19;0.39;1.17;0.48;0.97;-0.69
48.7;-0.04;0.4;0.92;0.48;0.97;-0.69
48.701;-0.04;0.4;0.92;0.4;0.87;-1.08
48.706;-0.16;0.19;0.89;0.4;0.87;-1.08
48.71;-0.16;0.19;0.89;0.27;0.55;-1.44
48.722;-0.15;0.09;0.97;0.27;0.55;-1.44
48.724;-0.15;0.09;0.97;0.23;0.08;-1.58
48.726;-0.3;-0.04;1.14;0.23;0.08;-1.58
48.734;-0.3;-0.04;1.14;0.29;-0.34;-1.56
48.736;-0.43;-0.13;1.27;0.29;-0.34;-1.56
48.741;-0.43;-0.13;1.27;0.39;-0.63;-1.47
48.749;-0.58;-0.21;1.5;0.39;-0.63;-1.47
48.751;-0.58;-0.21;1.5;0.47;-0.74;-1.37
48.756;-0.68;-0.24;1.57;0.47;-0.74;-1.37
48.76;-0.68;-0.24;1.57;0.51;-0.5;-1.32
48.766;-0.61;-0.21;1.45;0.51;-0.5;-1.32
48.77;-0.61;-0.21;1.45;0.49;-0.06;-1.27
48.777;-0.53;-0.14;1.25;0.49;-0.06;-1.27
48.798;-0.53;-0.14;1.25;0.43;0.45;-1.19
48.8;-0.36;-0.12;0.96;0.43;0.45;-1.19
48.801;-0.36;-0.12;0.96;0.29;0.9;-1.1
48.803;-0.23;-0.11;0.72;0.29;0.9;-1.1
48.803;-0.23;-0.11;0.72;0.12;1.12;-0.95
48.806;-0.13;-0.14;0.54;0.12;1.12;-0.95
48.81;-0.13;-0.14;0.54;-0.06;1.3;-0.74
48.825;-0.02;-0.13;0.43;-0.06;1.3;-0.74
48.828;-0.02;-0.13;0.43;-0.2;1.45;-0.48
48.83;0.11;-0.14;0.38;-0.2;1.45;-0.48
48.832;0.11;-0.14;0.38;-0.27;1.67;-0.25
48.837;0.2;-0.16;0.13;-0.27;1.67;-0.25
48.84;0.2;-0.16;0.13;-0.29;2.0;-0.06
48.849;0.28;-0.16;0.0;-0.29;2.0;-0.06
48.851;0.28;-0.16;0.0;-0.3;2.14;0.07
48.86;0.28;-0.16;0.0;-0.33;2.22;0.14
48.867;0.38;-0.16;-0.3;-0.33;2.22;0.14
48.87;0.38;-0.16;-0.3;-0.37;2.11;0.16
48.877;0.36;-0.19;-0.46;-0.37;2.11;0.16
48.893;0.36;-0.19;-0.46;-0.35;1.89;0.18
48.895;0.38;-0.21;-0.58;-0.35;1.89;0.18
48.899;0.38;-0.21;-0.58;-0.33;1.65;0.17
48.9;0.38;-0.23;-0.7;-0.33;1.65;0.17
48.902;0.38;-0.23;-0.7;-0.24;1.4;0.18
48.907;0.56;-0.26;-0.47;-0.24;1.4;0.18
48.91;0.56;-0.26;-0.47;-0.13;0.86;0.26
48.932;0.9;0.04;0.25;-0.13;0.86;0.26
48.933;0.9;0.04;0.25;-0.05;0.32;0.29
48.934;1.58;0.12;0.38;-0.05;0.32;0.29
48.935;1.58;0.12;0.38;0.08;-0.29;0.29
48.937;1.91;0.44;0.37;0.08;-0.29;0.29
48.941;1.91;0.44;0.37;0.35;-0.93;-0.28
48.948;1.54;0.56;0.25;0.35;-0.93;-0.28
48.951;1.54;0.56;0.25;0.42;-1.91;-0.53
48.957;0.6;0.49;0.49;0.42;-1.91;-0.53
48.962;0.6;0.49;0.49;0.4;-3.49;-0.52
48.967;-1.69;0.15;1.05;0.4;-3.49;-0.52
48.97;-1.69;0.15;1.05;0.66;-4.73;0.89
48.976;-2.78;-0.95;3.86;0.66;-4.73;0.89
48.994;-2.78;-0.95;3.86;1.2;-4.82;1.08
48.997;-1.58;-0.93;3.88;1.2;-4.82;1.08
48.998;-1.58;-0.93;3.88;-0.22;-2.97;0.77
48.999;-0.79;-0.61;4.0;-0.22;-2.97;0.77
49.001;-0.79;-0.61;4.0;-0.74;-0.67;0.61
49.006;-0.86;-0.38;3.3;-0.74;-0.67;0.61
49.011;-0.86;-0.38;3.3;-0.97;0.34;0.52
49.028;-0.91;-0.48;2.71;-0.97;0.34;0.52
49.03;-0.91;-0.48;2.71;-0.83;1.17;0.58
49.031;-0.61;-0.64;2.31;-0.83;1.17;0.58
49.032;-0.61;-0.64;2.31;-0.49;1.71;0.89
49.036;-0.54;-0.6;1.71;-0.49;1.71;0.89
49.04;-0.54;-0.6;1.71;-0.23;1.78;1.4
49.048;-0.28;-0.42;0.99;-0.23;1.78;1.4
49.051;-0.28;-0.42;0.99;-0.17;1.04;1.73
49.057;-0.15;-0.26;0.59;-0.17;1.04;1.73
49.062;-0.15;-0.26;0.59;-0.31;0.12;1.71
49.066;-0.01;-0.11;0.82;-0.31;0.12;1.71
49.07;-0.01;-0.11;0.82;-0.52;-0.33;1.59
49.076;-0.13;0.05;1.05;-0.52;-0.33;1.59
49.08;-0.13;0.05;1.05;-0.59;-0.51;1.52
49.086;-0.39;0.18;1.33;-0.59;-0.51;1.52
49.09;-0.39;0.18;1.33;-0.53;-0.37;1.51
49.108;-0.54;0.3;1.52;-0.53;-0.37;1.51
49.112;-0.54;0.3;1.52;-0.47;0.05;1.5
49.113;-0.53;0.32;1.53;-0.47;0.05;1.5
49.115;-0.53;0.32;1.53;-0.41;0.56;1.44
49.117;-0.38;0.31;1.36;-0.41;0.56;1.44
49.135;-0.38;0.31;1.36;-0.31;0.97;1.32
49.137;-0.17;0.31;1.17;-0.31;0.97;1.32
49.142;-0.17;0.31;1.17;-0.2;1.33;1.14
49.146;0.04;0.32;0.98;-0.2;1.33;1.14
49.149;0.04;0.32;0.98;-0.06;1.68;0.97
49.15;0.2;0.36;0.67;-0.06;1.68;0.97
49.152;0.2;0.36;0.67;0.13;1.79;0.78
49.156;0.28;0.36;0.45;0.13;1.79;0.78
49.165;0.28;0.36;0.45;0.3;1.97;0.56
49.168;0.3;0.3;0.25;0.3;1.97;0.56
49.171;0.3;0.3;0.25;0.45;2.13;0.32
49.176;0.31;0.21;0.0;0.45;2.13;0.32
49.182;0.31;0.21;0.0;0.54;2.14;0.11
49.186;0.35;0.17;-0.11;0.54;2.14;0.11
49.19;0.35;0.17;-0.11;0.59;2.15;-0.05
49.208;0.4;0.12;-0.32;0.59;2.15;-0.05
49.21;0.4;0.12;-0.32;0.63;1.88;-0.14
49.214;0.41;0.09;-0.54;0.63;1.88;-0.14
49.214;0.41;0.09;-0.54;0.59;1.4;-0.18
49.237;0.42;0.1;-0.62;0.59;1.4;-0.18
49.239;0.42;0.1;-0.62;0.52;1.04;-0.22
49.24;0.45;0.13;-0.72;0.52;1.04;-0.22
49.242;0.45;0.13;-0.72;0.48;0.51;-0.27
49.243;0.68;0.26;0.01;0.48;0.51;-0.27
49.245;0.68;0.26;0.01;0.48;0.04;-0.42
49.248;1.09;-0.15;-0.12;0.48;0.04;-0.42
49.252;1.09;-0.15;-0.12;0.27;-0.25;-0.37
49.257;1.54;-0.19;0.13;0.27;-0.25;-0.37
49.261;1.54;-0.19;0.13;-0.07;-1.27;0.13
49.266;1.56;-0.42;0.02;-0.07;-1.27;0.13
49.27;1.56;-0.42;0.02;-0.38;-1.94;0.29
49.276;1.15;-0.66;-0.06;-0.38;-1.94;0.29
49.292;1.15;-0.66;-0.06;-0.78;-2.95;0.07
49.296;0.51;-0.72;0.72;-0.78;-2.95;0.07
49.298;0.51;-0.72;0.72;-1.27;-4.13;-0.25
49.299;-1.45;-0.43;2.73;-1.27;-4.13;-0.25
49.318;-1.45;-0.43;2.73;-1.36;-4.63;-0.34
49.32;-1.93;0.61;3.84;-1.36;-4.63;-0.34
49.321;-1.93;0.61;3.84;-1.05;-4.25;-0.14
49.322;-1.14;1.09;4.0;-1.05;-4.25;-0.14
49.323;-1.14;1.09;4.0;-0.48;-3.57;-0.05
49.328;-1.2;0.62;3.84;-0.48;-3.57;-0.05
49.331;-1.2;0.62;3.84;-0.1;-1.49;-0.2
49.337;-0.87;0.25;2.62;-0.1;-1.49;-0.2
49.34;-0.87;0.25;2.62;0.27;-0.17;-0.4
49.347;-0.32;0.11;2.04;0.27;-0.17;-0.4
49.351;-0.32;0.11;2.04;0.51;0.5;-0.44
49.356;-0.31;0.44;1.73;0.51;0.5;-0.44
49.361;-0.31;0.44;1.73;0.45;0.8;-0.52
49.366;-0.33;0.49;0.99;0.45;0.8;-0.52
49.37;-0.33;0.49;0.99;0.42;1.13;-0.89
49.376;0.07;0.43;0.96;0.42;1.13;-0.89
49.39;0.07;0.43;0.96;0.27;0.83;-1.24
49.392;-0.03;0.34;0.85;0.27;0.83;-1.24
49.394;-0.03;0.34;0.85;0.11;0.53;-1.59
49.42;-0.09;0.22;0.92;0.11;0.53;-1.59
49.422;-0.09;0.22;0.92;0.13;0.09;-1.7
49.423;-0.27;0.08;1.06;0.13;0.09;-1.7
49.424;-0.27;0.08;1.06;0.27;-0.21;-1.63
49.425;-0.41;-0.03;1.13;0.27;-0.21;-1.63
49.43;-0.41;-0.03;1.13;0.39;-0.44;-1.45
49.431;-0.46;-0.15;1.3;0.39;-0.44;-1.45
49.432;-0.46;-0.15;1.3;0.45;-0.53;-1.3
49.436;-0.59;-0.28;1.43;0.45;-0.53;-1.3
49.441;-0.59;-0.28;1.43;0.42;-0.25;-1.21
49.447;-0.52;-0.32;1.33;0.42;-0.25;-1.21
49.45;-0.52;-0.32;1.33;0.34;0.18;-1.13
49.456;-0.52;-0.29;1.21;0.34;0.18;-1.13
49.461;-0.52;-0.29;1.21;0.23;0.6;-1.02
49.466;-0.38;-0.28;0.97;0.23;0.6;-1.02
49.47;-0.38;-0.28;0.97;0.03;1.04;-0.9
49.481;-0.25;-0.25;0.71;0.03;1.04;-0.9
49.483;-0.25;-0.25;0.71;-0.22;1.41;-0.7
49.486;-0.14;-0.25;0.56;-0.22;1.41;-0.7
49.491;-0.14;-0.25;0.56;-0.41;1.62;-0.49
49.508;0.01;-0.23;0.4;-0.41;1.62;-0.49
49.511;0.01;-0.23;0.4;-0.53;1.79;-0.26
49.512;0.11;-0.22;0.3;-0.53;1.79;-0.26
49.513;0.11;-0.22;0.3;-0.54;1.9;-0.05
49.516;0.2;-0.22;0.15;-0.54;1.9;-0.05
49.52;0.2;-0.22;0.15;-0.5;2.09;0.12
49.534;0.28;-0.23;0.01;-0.5;2.09;0.12
49.538;0.28;-0.23;0.01;-0.47;2.28;0.22
49.539;0.34;-0.24;-0.18;-0.47;2.28;0.22
49.541;0.34;-0.24;-0.18;-0.4;2.38;0.28
49.546;0.29;-0.21;-0.4;-0.4;2.38;0.28
49.551;0.29;-0.21;-0.4;-0.33;2.34;0.34
49.556;0.33;-0.18;-0.54;-0.33;2.34;0.34
49.561;0.33;-0.18;-0.54;-0.25;2.07;0.41
49.567;0.32;-0.13;-0.7;-0.25;2.07;0.41
49.57;0.32;-0.13;-0.7;-0.15;1.76;0.46
49.578;0.4;-0.13;-0.91;-0.15;1.76;0.46
49.58;0.4;-0.13;-0.91;-0.14;1.54;0.49
49.586;0.4;-0.02;-0.33;-0.14;1.54;0.49
49.59;0.4;-0.02;-0.33;-0.19;0.85;0.52
49.605;1.25;-0.01;0.1;-0.19;0.85;0.52
49.607;1.25;-0.01;0.1;-0.19;0.22;0.46
49.608;1.7;0.19;0.45;-0.19;0.22;0.46
49.632;1.7;0.19;0.45;-0.13;-0.9;0.16
49.633;2.12;0.57;0.66;-0.13;-0.9;0.16
49.634;2.12;0.57;0.66;0.46;-1.7;-0.57
49.635;1.63;0.72;0.43;0.46;-1.7;-0.57
49.64;1.63;0.72;0.43;0.59;-3.69;-0.53
49.642;0.19;0.76;0.73;0.59;-3.69;-0.53
49.643;0.19;0.76;0.73;0.99;-4.07;0.05
49.647;-1.96;0.05;1.49;0.99;-4.07;0.05
49.65;-1.96;0.05;1.49;1.3;-5.44;0.63
49.656;-2.37;-0.98;3.53;1.3;-5.44;0.63
49.661;-2.37;-0.98;3.53;0.81;-5.39;0.42
49.666;-1.56;-0.9;4.0;0.81;-5.39;0.42
49.671;-1.56;-0.9;4.0;-0.36;-2.61;0.21
49.678;-1.4;-0.69;4.0;-0.36;-2.61;0.21
49.68;-1.4;-0.69;4.0;-0.58;-0.24;0.3
49.686;-1.51;-0.65;3.32;-0.58;-0.24;0.3
49.69;-1.51;-0.65;3.32;-0.55;0.86;0.57
49.704;-0.83;-0.51;2.47;-0.55;0.86;0.57
49.706;-0.83;-0.51;2.47;-0.47;1.65;0.82
49.707;-0.65;-0.7;1.92;-0.47;1.65;0.82
49.734;-0.65;-0.7;1.92;-0.38;2.01;1.12
49.737;-0.3;-0.68;1.38;-0.38;2.01;1.12
49.739;-0.3;-0.68;1.38;-0.34;1.87;1.48
49.74;-0.19;-0.39;0.69;-0.34;1.87;1.48
49.742;-0.19;-0.39;0.69;-0.42;0.97;1.69
49.746;-0.04;-0.16;0.48;-0.42;0.97;1.69
49.747;-0.04;-0.16;0.48;-0.52;0.16;1.62
49.748;-0.07;0.0;0.68;-0.52;0.16;1.62
49.75;-0.07;0.0;0.68;-0.65;-0.29;1.49
49.756;-0.23;0.18;0.98;-0.65;-0.29;1.49
49.762;-0.23;0.18;0.98;-0.61;-0.41;1.38
49.766;-0.4;0.35;1.3;-0.61;-0.41;1.38
49.771;-0.4;0.35;1.3;-0.47;-0.19;1.31
49.777;-0.49;0.47;1.42;-0.47;-0.19;1.31
49.78;-0.49;0.47;1.42;-0.35;0.07;1.21
49.786;-0.28;0.52;1.34;-0.35;0.07;1.21
49.79;-0.28;0.52;1.34;-0.21;0.44;1.03
49.804;-0.19;0.49;1.3;-0.21;0.44;1.03
49.807;-0.19;0.49;1.3;-0.05;0.85;0.84
49.809;-0.04;0.43;1.04;-0.05;0.85;0.84
49.811;-0.04;0.43;1.04;0.08;1.18;0.68
49.833;0.07;0.38;0.8;0.08;1.18;0.68
49.835;0.07;0.38;0.8;0.21;1.42;0.53
49.836;0.18;0.31;0.5;0.21;1.42;0.53
49.837;0.18;0.31;0.5;0.32;1.44;0.36
49.838;0.22;0.21;0.29;0.32;1.44;0.36
49.84;0.22;0.21;0.29;0.38;1.47;0.16
49.846;0.24;0.09;0.17;0.38;1.47;0.16
49.851;0.24;0.09;0.17;0.38;1.65;0.01
49.856;0.27;0.0;0.06;0.38;1.65;0.01
49.86;0.27;0.0;0.06;0.36;1.8;-0.09
49.866;0.29;-0.03;-0.12;0.36;1.8;-0.09
49.87;0.29;-0.03;-0.12;0.35;1.73;-0.17
49.878;0.34;-0.02;-0.29;0.35;1.73;-0.17
49.88;0.34;-0.02;-0.29;0.33;1.56;-0.24
49.886;0.34;0.0;-0.52;0.33;1.56;-0.24
49.891;0.34;0.0;-0.52;0.35;1.19;-0.29
49.905;0.74;0.11;-0.31;0.35;1.19;-0.29
49.907;0.74;0.11;-0.31;0.41;0.62;-0.38
49.908;0.99;-0.08;-0.21;0.41;0.62;-0.38
49.934;0.99;-0.08;-0.21;0.3;0.11;-0.27
49.935;0.74;-0.21;0.35;0.3;0.11;-0.27
49.936;0.74;-0.21;0.35;-0.06;-0.25;-0.01
49.938;1.31;-0.37;0.02;-0.06;-0.25;-0.01
49.938;1.31;-0.37;0.02;-0.36;-0.46;0.03
49.939;0.73;-0.26;-0.15;-0.36;-0.46;0.03
49.941;0.73;-0.26;-0.15;-0.34;-1.63;0.05
49.946;0.52;-0.21;-0.04;-0.34;-1.63;0.05
49.95;0.52;-0.21;-0.04;-0.31;-2.62;-0.04
49.956;-0.12;-0.19;0.78;-0.31;-2.62;-0.04
49.961;-0.12;-0.19;0.78;-0.58;-3.33;-0.29
49.966;-1.11;0.14;2.21;-0.58;-3.33;-0.29
49.971;-1.11;0.14;2.21;-0.59;-4.19;-0.42
49.977;-1.1;0.82;3.97;-0.59;-4.19;-0.42
49.981;-1.1;0.82;3.97;-0.66;-4.73;-0.43
49.986;-0.86;1.0;3.99;-0.66;-4.73;-0.43
49.991;-0.86;1.0;3.99;-0.53;-2.7;-0.47
50.011;-0.91;0.53;3.4;-0.53;-2.7;-0.47
50.013;-0.91;0.53;3.4;-0.22;-0.96;-0.7
50.014;-0.67;0.31;2.77;-0.22;-0.96;-0.7
50.015;-0.67;0.31;2.77;0.04;-0.21;-0.91
50.018;-0.37;0.15;2.07;0.04;-0.21;-0.91
50.021;-0.37;0.15;2.07;0.2;0.19;-1.04
50.047;-0.5;0.54;1.89;0.2;0.19;-1.04
50.049;-0.5;0.54;1.89;0.36;0.47;-1.18
50.051;-0.45;0.37;1.4;0.36;0.47;-1.18
50.052;-0.45;0.37;1.4;0.55;0.67;-1.48
50.053;-0.26;0.31;1.14;0.55;0.67;-1.48
50.055;-0.26;0.31;1.14;0.55;0.61;-1.67
50.059;-0.2;0.17;1.07;0.55;0.61;-1.67
50.061;-0.2;0.17;1.07;0.53;0.38;-1.84
50.067;-0.26;0.1;1.12;0.53;0.38;-1.84
50.07;-0.26;0.1;1.12;0.52;0.08;-1.89
50.09;-0.21;0.03;1.18;0.52;0.08;-1.89
50.092;-0.21;0.03;1.18;0.55;-0.15;-1.88
50.093;-0.44;-0.12;1.22;0.55;-0.15;-1.88
50.094;-0.44;-0.12;1.22;0.57;-0.23;-1.91
50.122;-0.45;-0.15;1.23;0.57;-0.23;-1.91
50.124;-0.45;-0.15;1.23;0.54;-0.23;-1.9
50.126;-0.48;-0.16;1.28;0.54;-0.23;-1.9
50.131;-0.48;-0.16;1.28;0.5;-0.01;-1.93
50.132;-0.46;-0.16;1.15;0.5;-0.01;-1.93
50.133;-0.46;-0.16;1.15;0.42;0.4;-1.89
50.134;-0.39;-0.19;1.06;0.42;0.4;-1.89
50.139;-0.39;-0.19;1.06;0.32;0.74;-1.79
50.139;-0.32;-0.24;0.75;0.32;0.74;-1.79
50.141;-0.32;-0.24;0.75;0.18;1.08;-1.61
50.147;-0.24;-0.29;0.63;0.18;1.08;-1.61
50.151;-0.24;-0.29;0.63;0.02;1.14;-1.33
50.157;-0.09;-0.33;0.56;0.02;1.14;-1.33
50.162;-0.09;-0.33;0.56;-0.12;1.23;-1.01
50.166;0.05;-0.37;0.47;-0.12;1.23;-1.01
50.171;0.05;-0.37;0.47;-0.2;1.44;-0.69
50.178;0.12;-0.4;0.24;-0.2;1.44;-0.69
50.181;0.12;-0.4;0.24;-0.24;1.74;-0.42
50.186;0.2;-0.37;0.05;-0.24;1.74;-0.42
50.191;0.2;-0.37;0.05;-0.28;1.97;-0.19
50.197;0.25;-0.33;-0.15;-0.28;1.97;-0.19
50.2;0.25;-0.33;-0.15;-0.31;2.04;-0.03
50.207;0.28;-0.31;-0.27;-0.31;2.04;-0.03
50.226;0.28;-0.31;-0.27;-0.33;2.02;0.06
50.227;0.22;-0.31;-0.54;-0.33;2.02;0.06
50.228;0.22;-0.31;-0.54;-0.29;1.96;0.14
50.23;0.2;-0.29;-0.67;-0.29;1.96;0.14
50.231;0.2;-0.29;-0.67;-0.28;1.69;0.23
50.237;0.48;-0.34;-0.61;-0.28;1.69;0.23
50.241;0.48;-0.34;-0.61;-0.26;1.25;0.29
50.261;0.94;-0.02;0.03;-0.26;1.25;0.29
50.264;0.94;-0.02;0.03;-0.16;0.54;0.28
50.265;1.2;0.23;0.57;-0.16;0.54;0.28
50.267;1.2;0.23;0.57;0.11;0.05;0.16
50.268;1.95;0.35;0.49;0.11;0.05;0.16
50.271;1.95;0.35;0.49;0.46;-1.36;-0.53
50.277;1.64;0.76;0.13;0.46;-1.36;-0.53
50.28;1.64;0.76;0.13;0.28;-2.32;-0.59
50.286;0.66;0.83;0.0;0.28;-2.32;-0.59
50.291;0.66;0.83;0.0;0.39;-3.61;-0.23
50.296;-0.11;0.64;0.48;0.39;-3.61;-0.23
50.3;-0.11;0.64;0.48;0.69;-4.43;0.41
50.306;-1.86;-0.31;1.82;0.69;-4.43;0.41
50.325;-1.86;-0.31;1.82;1.17;-5.66;1.1
50.328;-1.62;-1.08;3.96;1.17;-5.66;1.1
50.329;-1.62;-1.08;3.96;0.52;-4.72;0.85
50.331;-1.19;-0.9;4.0;0.52;-4.72;0.85
50.331;-1.19;-0.9;4.0;-0.21;-2.16;0.59
50.336;-1.13;-0.75;4.0;-0.21;-2.16;0.59
50.34;-1.13;-0.75;4.0;-0.45;-0.15;0.47
50.361;-1.14;-0.78;3.54;-0.45;-0.15;0.47
50.363;-1.14;-0.78;3.54;-0.57;1.22;0.5
50.364;-0.56;-0.64;2.41;-0.57;1.22;0.5
50.365;-0.56;-0.64;2.41;-0.52;1.83;0.65
50.367;-0.8;-0.64;1.67;-0.52;1.83;0.65
50.37;-0.8;-0.64;1.67;-0.51;1.95;1.02
50.379;-0.63;-0.63;1.02;-0.51;1.95;1.02
50.383;-0.63;-0.63;1.02;-0.52;1.5;1.54
50.386;-0.23;-0.46;0.82;-0.52;1.5;1.54
50.391;-0.23;-0.46;0.82;-0.61;0.96;1.8
50.397;-0.02;-0.19;0.75;-0.61;0.96;1.8
50.4;-0.02;-0.19;0.75;-0.78;0.53;1.81
50.407;-0.25;-0.07;0.75;-0.78;0.53;1.81
50.429;-0.25;-0.07;0.75;-0.95;0.14;1.78
50.431;-0.22;0.11;0.96;-0.95;0.14;1.78
50.432;-0.22;0.11;0.96;-0.96;0.01;1.68
50.433;-0.26;0.32;1.27;-0.96;0.01;1.68
50.434;-0.26;0.32;1.27;-0.79;0.16;1.61
50.438;-0.25;0.49;1.28;-0.79;0.16;1.61
50.441;-0.25;0.49;1.28;-0.54;0.38;1.5
50.456;-0.13;0.58;1.23;-0.54;0.38;1.5
50.458;-0.13;0.58;1.23;-0.31;0.71;1.33
50.459;0.0;0.63;1.03;-0.31;0.71;1.33
50.46;0.0;0.63;1.03;-0.13;1.02;1.12
50.466;0.11;0.61;0.78;-0.13;1.02;1.12
50.47;0.11;0.61;0.78;0.06;1.24;0.9
50.477;0.21;0.55;0.55;0.06;1.24;0.9
50.48;0.21;0.55;0.55;0.22;1.46;0.67
50.486;0.21;0.54;0.38;0.22;1.46;0.67
50.491;0.21;0.54;0.38;0.38;1.66;0.38
50.497;0.24;0.43;0.15;0.38;1.66;0.38
50.5;0.24;0.43;0.15;0.51;1.65;0.06
50.506;0.29;0.29;0.0;0.51;1.65;0.06
50.521;0.29;0.29;0.0;0.57;1.6;-0.2
50.522;0.32;0.16;-0.11;0.57;1.6;-0.2
50.523;0.32;0.16;-0.11;0.56;1.59;-0.38
50.551;0.38;-0.08;-0.36;0.56;1.59;-0.38
50.554;0.38;-0.08;-0.36;0.4;1.56;-0.57
50.555;0.3;0.09;-0.29;0.4;1.56;-0.57
50.556;0.3;0.09;-0.29;0.25;1.35;-0.65
50.558;0.5;0.17;-0.44;0.25;1.35;-0.65
50.558;0.5;0.17;-0.44;0.37;1.11;-0.51
50.559;0.69;0.09;-0.21;0.37;1.11;-0.51
50.561;0.69;0.09;-0.21;0.45;0.73;-0.48
50.566;0.93;-0.08;-0.12;0.45;0.73;-0.48
50.571;0.93;-0.08;-0.12;0.32;0.33;-0.36
50.578;1.17;-0.23;0.02;0.32;0.33;-0.36
50.58;1.17;-0.23;0.02;0.06;-0.23;-0.15
50.587;0.62;-0.18;0.2;0.06;-0.23;-0.15
50.59;0.62;-0.18;0.2;-0.12;-0.82;-0.07
50.604;1.04;-0.44;-0.12;-0.12;-0.82;-0.07
50.606;1.04;-0.44;-0.12;-0.26;-1.33;-0.2
50.607;0.71;-0.54;0.05;-0.26;-1.33;-0.2
50.633;0.71;-0.54;0.05;-0.65;-2.94;-0.36
50.635;-0.2;-0.44;1.04;-0.65;-2.94;-0.36
50.638;-0.2;-0.44;1.04;-0.94;-4.09;-0.55
50.639;-1.5;0.11;2.68;-0.94;-4.09;-0.55
50.643;-1.5;0.11;2.68;-0.7;-4.49;-0.52
50.645;-1.15;0.94;4.0;-0.7;-4.49;-0.52
50.647;-1.15;0.94;4.0;-0.59;-4.69;-0.28
50.648;-1.02;0.82;4.0;-0.59;-4.69;-0.28
50.651;-1.02;0.82;4.0;-0.29;-2.45;-0.32
50.656;-0.95;0.37;3.35;-0.29;-2.45;-0.32
50.661;-0.95;0.37;3.35;0.08;-0.81;-0.42
50.666;-0.59;0.27;2.68;0.08;-0.81;-0.42
50.67;-0.59;0.27;2.68;0.29;-0.03;-0.56
50.677;-0.25;0.15;1.85;0.29;-0.03;-0.56
50.681;-0.25;0.15;1.85;0.46;0.54;-0.68
50.686;-0.46;0.42;1.72;0.46;0.54;-0.68
50.691;-0.46;0.42;1.72;0.5;0.75;-0.83
50.696;-0.39;0.4;1.06;0.5;0.75;-0.83
50.701;-0.39;0.4;1.06;0.56;1.02;-1.22
50.706;-0.2;0.3;0.99;0.56;1.02;-1.22
50.722;-0.2;0.3;0.99;0.5;0.81;-1.48
50.724;-0.22;0.22;0.91;0.5;0.81;-1.48
50.725;-0.22;0.22;0.91;0.51;0.65;-1.62
50.727;-0.3;0.13;0.88;0.51;0.65;-1.62
50.731;-0.3;0.13;0.88;0.53;0.24;-1.58
50.737;-0.38;0.04;1.07;0.53;0.24;-1.58
50.762;-0.38;0.04;1.07;0.58;-0.15;-1.5
50.766;-0.62;-0.06;1.07;0.58;-0.15;-1.5
50.767;-0.62;-0.06;1.07;0.61;-0.32;-1.43
50.768;-0.6;-0.17;1.29;0.61;-0.32;-1.43
50.771;-0.6;-0.17;1.29;0.6;-0.37;-1.36
50.773;-0.64;-0.19;1.39;0.6;-0.37;-1.36
50.774;-0.64;-0.19;1.39;0.55;0.0;-1.34
50.777;-0.51;-0.18;1.27;0.55;0.0;-1.34
50.781;-0.51;-0.18;1.27;0.47;0.57;-1.33
50.786;-0.36;-0.17;1.06;0.47;0.57;-1.33
50.794;-0.36;-0.17;1.06;0.37;1.05;-1.25
50.796;-0.25;-0.23;0.77;0.37;1.05;-1.25
50.8;-0.25;-0.23;0.77;0.23;1.47;-1.11
50.807;-0.17;-0.29;0.52;0.23;1.47;-1.11
50.824;-0.17;-0.29;0.52;0.09;1.68;-0.91
50.826;-0.05;-0.35;0.44;0.09;1.68;-0.91
50.828;-0.05;-0.35;0.44;-0.06;1.76;-0.64
50.828;0.06;-0.43;0.26;-0.06;1.76;-0.64
50.831;0.06;-0.43;0.26;-0.16;1.92;-0.33
50.836;0.18;-0.44;0.17;-0.16;1.92;-0.33
50.856;0.18;-0.44;0.17;-0.24;2.08;-0.03
50.858;0.33;-0.39;0.03;-0.24;2.08;-0.03
50.862;0.33;-0.39;0.03;-0.28;2.2;0.2
50.863;0.4;-0.37;-0.08;-0.28;2.2;0.2
50.864;0.4;-0.37;-0.08;-0.32;2.17;0.34
50.866;0.34;-0.36;-0.3;-0.32;2.17;0.34
50.87;0.34;-0.36;-0.3;-0.3;2.12;0.43
50.876;0.4;-0.33;-0.46;-0.3;2.12;0.43
50.88;0.4;-0.33;-0.46;-0.25;1.93;0.55
50.887;0.53;-0.37;-0.59;-0.25;1.93;0.55
50.91;0.53;-0.37;-0.59;-0.18;1.64;0.65
50.912;0.8;-0.15;-0.02;-0.18;1.64;0.65
50.913;0.8;-0.15;-0.02;-0.11;1.0;0.79
50.914;1.49;0.09;0.26;-0.11;1.0;0.79
50.915;1.49;0.09;0.26;0.13;0.67;0.33
50.919;1.95;0.35;0.35;0.13;0.67;0.33
50.922;1.95;0.35;0.35;0.65;-1.22;-0.07
50.941;1.75;0.51;0.0;0.65;-1.22;-0.07
50.942;1.75;0.51;0.0;0.54;-1.9;-0.35
50.943;0.78;0.53;-0.02;0.54;-1.9;-0.35
50.944;0.78;0.53;-0.02;0.45;-2.22;-0.17
50.946;0.28;0.73;0.05;0.45;-2.22;-0.17
50.951;0.28;0.73;0.05;0.87;-4.16;0.27
50.956;-1.48;0.02;1.02;0.87;-4.16;0.27
50.961;-1.48;0.02;1.02;1.41;-7.2;0.98
50.966;-2.47;-1.07;3.5;1.41;-7.2;0.98
50.97;-2.47;-1.07;3.5;0.91;-5.99;0.97
50.978;-1.27;-1.13;4.0;0.91;-5.99;0.97
50.981;-1.27;-1.13;4.0;-0.1;-2.47;0.82
50.986;-1.09;-0.62;4.0;-0.1;-2.47;0.82
50.994;-1.09;-0.62;4.0;-0.55;-0.33;0.68
50.997;-0.9;-0.41;3.18;-0.55;-0.33;0.68
51.0;-0.9;-0.41;3.18;-0.58;0.75;0.62
51.008;-1.07;-0.27;2.47;-0.58;0.75;0.62
51.022;-1.07;-0.27;2.47;-0.47;1.47;0.64
51.024;-0.57;-0.35;1.94;-0.47;1.47;0.64
51.025;-0.57;-0.35;1.94;-0.35;1.84;0.86
51.027;-0.36;-0.44;1.38;-0.35;1.84;0.86
51.03;-0.36;-0.44;1.38;-0.36;1.74;1.11
51.036;-0.15;-0.37;0.77;-0.36;1.74;1.11
51.051;-0.15;-0.37;0.77;-0.43;0.98;1.3
51.053;-0.25;-0.18;0.63;-0.43;0.98;1.3
51.054;-0.25;-0.18;0.63;-0.54;0.23;1.49
51.057;-0.2;0.01;0.78;-0.54;0.23;1.49
51.062;-0.2;0.01;0.78;-0.56;-0.32;1.54
51.066;-0.2;0.18;1.14;-0.56;-0.32;1.54
51.07;-0.2;0.18;1.14;-0.45;-0.51;1.5
51.076;-0.34;0.35;1.45;-0.45;-0.51;1.5
51.08;-0.34;0.35;1.45;-0.27;-0.36;1.49
51.086;-0.58;0.41;1.51;-0.27;-0.36;1.49
51.103;-0.58;0.41;1.51;-0.1;-0.09;1.46
51.105;-0.46;0.35;1.47;-0.1;-0.09;1.46
51.106;-0.46;0.35;1.47;0.04;0.4;1.35
51.107;-0.4;0.26;1.34;0.04;0.4;1.35
51.133;-0.4;0.26;1.34;0.15;0.89;1.21
51.134;-0.19;0.17;1.1;0.15;0.89;1.21
51.135;-0.19;0.17;1.1;0.2;1.29;1.05
51.137;-0.01;0.11;0.83;0.2;1.29;1.05
51.142;-0.01;0.11;0.83;0.25;1.64;0.88
51.143;0.11;0.11;0.57;0.25;1.64;0.88
51.144;0.11;0.11;0.57;0.33;1.84;0.7
51.147;0.14;0.11;0.25;0.33;1.84;0.7
51.15;0.14;0.11;0.25;0.41;1.81;0.51
51.158;0.17;0.09;0.13;0.41;1.81;0.51
51.16;0.17;0.09;0.13;0.47;1.93;0.32
51.166;0.25;0.1;0.05;0.47;1.93;0.32
51.17;0.25;0.1;0.05;0.53;2.19;0.17
51.177;0.34;0.09;-0.23;0.53;2.19;0.17
51.18;0.34;0.09;-0.23;0.51;2.07;0.06
51.186;0.4;0.1;-0.45;0.51;2.07;0.06
51.191;0.4;0.1;-0.45;0.46;1.67;-0.02
51.197;0.45;0.12;-0.54;0.46;1.67;-0.02
51.2;0.45;0.12;-0.54;0.43;1.27;-0.06
51.207;0.39;0.12;-0.53;0.43;1.27;-0.06
51.223;0.39;0.12;-0.53;0.41;0.83;-0.1
51.227;0.34;0.14;-0.51;0.41;0.83;-0.1
51.228;0.34;0.14;-0.51;0.44;0.53;-0.1
51.229;0.56;0.27;-0.24;0.44;0.53;-0.1
51.23;0.56;0.27;-0.24;0.55;0.26;-0.07
51.236;0.34;0.1;0.23;0.55;0.26;-0.07
51.25;0.34;0.1;0.23;0.72;-0.02;-0.1
51.252;1.27;-0.17;0.03;0.72;-0.02;-0.1
51.253;1.27;-0.17;0.03;0.63;-0.43;0.07
51.256;1.9;-0.17;0.09;0.63;-0.43;0.07
51.261;1.9;-0.17;0.09;0.12;-1.23;0.45
51.266;1.83;-0.61;-0.15;0.12;-1.23;0.45
51.271;1.83;-0.61;-0.15;-0.52;-2.35;0.29
51.277;1.02;-0.92;0.15;-0.52;-2.35;0.29
51.28;1.02;-0.92;0.15;-1.27;-3.66;-0.2
51.286;0.32;-0.89;0.89;-1.27;-3.66;-0.2
51.291;0.32;-0.89;0.89;-1.91;-3.58;-0.5
51.296;-2.52;-0.3;3.15;-1.91;-3.58;-0.5
51.3;-2.52;-0.3;3.15;-1.58;-4.75;-0.31
51.32;-1.79;0.93;4.0;-1.58;-4.75;-0.31
51.322;-1.79;0.93;4.0;-0.82;-5.62;0.17
51.326;-1.41;0.85;4.0;-0.82;-5.62;0.17
51.327;-1.41;0.85;4.0;-0.39;-2.94;0.1
51.328;-1.24;0.13;3.67;-0.39;-2.94;0.1
51.348;-1.24;0.13;3.67;0.12;-1.1;-0.05
51.35;-1.12;0.46;3.11;0.12;-1.1;-0.05
51.351;-1.12;0.46;3.11;0.4;-0.16;-0.18
51.352;-0.52;0.44;2.42;0.4;-0.16;-0.18
51.353;-0.52;0.44;2.42;0.61;0.84;-0.41
51.361;-0.11;0.62;1.7;0.61;0.84;-0.41
51.362;-0.11;0.62;1.7;0.54;1.37;-0.75
51.367;-0.09;0.54;1.36;0.54;1.37;-0.75
51.371;-0.09;0.54;1.36;0.32;1.49;-1.23
51.377;-0.26;0.39;1.05;0.32;1.49;-1.23
51.38;-0.26;0.39;1.05;0.18;1.32;-1.61
51.386;-0.19;0.35;1.06;0.18;1.32;-1.61
51.391;-0.19;0.35;1.06;0.21;0.89;-1.68
51.396;-0.45;0.26;1.02;0.21;0.89;-1.68
51.401;-0.45;0.26;1.02;0.34;0.52;-1.66
51.42;-0.38;0.23;1.08;0.34;0.52;-1.66
51.422;-0.38;0.23;1.08;0.48;0.16;-1.66
51.424;-0.48;-0.01;1.14;0.48;0.16;-1.66
51.424;-0.48;-0.01;1.14;0.58;0.1;-1.73
51.452;-0.47;-0.23;1.1;0.58;0.1;-1.73
51.454;-0.47;-0.23;1.1;0.57;0.26;-1.75
51.455;-0.38;-0.42;1.06;0.57;0.26;-1.75
51.456;-0.38;-0.42;1.06;0.45;0.54;-1.69
51.46;-0.34;-0.59;0.86;0.45;0.54;-1.69
51.461;-0.34;-0.59;0.86;0.21;0.95;-1.48
51.462;-0.28;-0.66;0.69;0.21;0.95;-1.48
51.463;-0.28;-0.66;0.69;-0.06;1.31;-1.13
51.466;-0.17;-0.64;0.52;-0.06;1.31;-1.13
51.471;-0.17;-0.64;0.52;-0.26;1.58;-0.75
51.476;-0.02;-0.53;0.35;-0.26;1.58;-0.75
51.48;-0.02;-0.53;0.35;-0.4;1.81;-0.42
51.486;0.06;-0.29;0.23;-0.4;1.81;-0.42
51.501;0.06;-0.29;0.23;-0.48;2.0;-0.16
51.503;0.3;-0.24;0.15;-0.48;2.0;-0.16
51.504;0.3;-0.24;0.15;-0.44;2.08;0.08
51.53;0.41;-0.21;-0.04;-0.44;2.08;0.08
51.532;0.41;-0.21;-0.04;-0.36;2.19;0.16
51.533;0.45;-0.14;-0.25;-0.36;2.19;0.16
51.534;0.45;-0.14;-0.25;-0.37;2.17;0.15
51.535;0.29;-0.01;-0.3;-0.37;2.17;0.15
51.536;0.29;-0.01;-0.3;-0.36;2.02;0.2
51.537;0.43;-0.14;-0.62;-0.36;2.02;0.2
51.543;0.43;-0.14;-0.62;-0.19;1.97;0.35
51.546;0.35;-0.09;-0.88;-0.19;1.97;0.35
51.55;0.35;-0.09;-0.88;-0.14;1.65;0.35
51.56;0.22;-0.16;-0.77;-0.14;1.65;0.35
51.561;0.22;-0.16;-0.77;-0.35;0.52;0.23
51.566;1.01;0.04;-0.13;-0.35;0.52;0.23
51.57;1.01;0.04;-0.13;-0.26;-0.33;0.11
51.576;1.55;0.26;0.31;-0.26;-0.33;0.11
51.58;1.55;0.26;0.31;0.07;-0.98;-0.18
51.586;1.82;0.47;0.57;0.07;-0.98;-0.18
51.601;1.82;0.47;0.57;0.34;-1.61;-0.38
51.602;1.73;0.74;0.37;0.34;-1.61;-0.38
51.603;1.73;0.74;0.37;0.36;-2.7;-0.37
51.629;0.77;0.83;0.22;0.36;-2.7;-0.37
51.631;0.77;0.83;0.22;0.47;-3.71;-0.04
51.632;-0.15;0.36;0.63;0.47;-3.71;-0.04
51.632;-0.15;0.36;0.63;0.8;-4.61;0.44
51.634;-2.06;-0.86;1.39;0.8;-4.61;0.44
51.638;-2.06;-0.86;1.39;0.76;-6.46;0.99
51.639;-1.92;-1.63;3.79;0.76;-6.46;0.99
51.644;-1.92;-1.63;3.79;0.59;-5.25;1.04
51.647;-1.5;-1.21;4.0;0.59;-5.25;1.04
51.651;-1.5;-1.21;4.0;-0.1;-2.72;0.83
51.658;-1.34;-0.48;4.0;-0.1;-2.72;0.83
51.661;-1.34;-0.48;4.0;-0.41;-0.15;0.73
51.666;-1.1;-0.32;2.98;-0.41;-0.15;0.73
51.67;-1.1;-0.32;2.98;-0.52;0.84;0.74
51.676;-0.85;-0.21;2.32;-0.52;0.84;0.74
51.68;-0.85;-0.21;2.32;-0.58;1.42;0.79
51.686;-0.53;-0.23;1.88;-0.58;1.42;0.79
51.705;-0.53;-0.23;1.88;-0.63;1.67;1.01
51.71;-0.36;-0.2;1.24;-0.63;1.67;1.01
51.711;-0.36;-0.2;1.24;-0.67;1.4;1.26
51.712;-0.32;-0.23;0.86;-0.67;1.4;1.26
51.713;-0.32;-0.23;0.86;-0.67;0.71;1.55
51.717;-0.51;-0.17;0.89;-0.67;0.71;1.55
51.72;-0.51;-0.17;0.89;-0.75;0.23;1.73
51.742;-0.34;0.0;1.08;-0.75;0.23;1.73
51.743;-0.34;0.0;1.08;-0.8;0.04;1.7
51.744;-0.4;0.11;1.26;-0.8;0.04;1.7
51.745;-0.4;0.11;1.26;-0.77;0.09;1.64
51.747;-0.35;0.15;1.35;-0.77;0.09;1.64
51.751;-0.35;0.15;1.35;-0.66;0.27;1.55
51.757;-0.37;0.17;1.36;-0.66;0.27;1.55
51.76;-0.37;0.17;1.36;-0.49;0.58;1.47
51.766;-0.19;0.19;1.22;-0.49;0.58;1.47
51.771;-0.19;0.19;1.22;-0.34;0.86;1.34
51.777;0.03;0.23;1.01;-0.34;0.86;1.34
51.781;0.03;0.23;1.01;-0.2;1.05;1.17
51.786;0.14;0.29;0.79;-0.2;1.05;1.17
51.806;0.14;0.29;0.79;-0.05;1.19;0.97
51.808;0.19;0.33;0.61;-0.05;1.19;0.97
51.809;0.19;0.33;0.61;0.08;1.42;0.76
51.811;0.19;0.32;0.46;0.08;1.42;0.76
51.812;0.19;0.32;0.46;0.18;1.7;0.58
51.817;0.21;0.26;0.27;0.18;1.7;0.58
51.82;0.21;0.26;0.27;0.24;1.98;0.45
51.842;0.35;0.15;-0.15;0.24;1.98;0.45
51.844;0.35;0.15;-0.15;0.29;2.19;0.36
51.845;0.41;0.11;-0.33;0.29;2.19;0.36
51.847;0.41;0.11;-0.33;0.29;2.07;0.26
51.848;0.43;0.12;-0.46;0.29;2.07;0.26
51.851;0.43;0.12;-0.46;0.28;1.78;0.13
51.858;0.37;0.14;-0.56;0.28;1.78;0.13
51.861;0.37;0.14;-0.56;0.26;1.43;0.01
51.866;0.38;0.2;-0.6;0.26;1.43;0.01
51.87;0.38;0.2;-0.6;0.24;1.08;-0.09
51.877;0.62;0.26;-0.31;0.24;1.08;-0.09
51.881;0.62;0.26;-0.31;0.28;0.64;-0.18
51.887;0.72;-0.04;0.0;0.28;0.64;-0.18
51.904;0.72;-0.04;0.0;0.26;0.16;-0.16
51.906;1.03;-0.2;0.22;0.26;0.16;-0.16
51.907;1.03;-0.2;0.22;-0.13;0.09;0.0
51.908;1.35;-0.35;0.29;-0.13;0.09;0.0
51.91;1.35;-0.35;0.29;-0.53;-0.63;0.26
51.916;1.1;-0.46;-0.16;-0.53;-0.63;0.26
51.92;1.1;-0.46;-0.16;-0.65;-1.44;0.29
51.932;0.61;-0.5;-0.16;-0.65;-1.44;0.29
51.933;0.61;-0.5;-0.16;-0.85;-2.59;0.05
51.936;0.44;-0.26;0.57;-0.85;-2.59;0.05
51.943;0.44;-0.26;0.57;-1.15;-3.7;-0.17
51.946;-0.79;-0.1;1.58;-1.15;-3.7;-0.17
51.951;-0.79;-0.1;1.58;-1.17;-4.45;-0.13
51.957;-1.48;0.61;3.82;-1.17;-4.45;-0.13
51.96;-1.48;0.61;3.82;-0.7;-5.53;0.13
51.966;-1.36;1.04;4.0;-0.7;-5.53;0.13
51.97;-1.36;1.04;4.0;-0.38;-4.2;0.1
51.976;-1.43;0.41;3.93;-0.38;-4.2;0.1
51.98;-1.43;0.41;3.93;-0.16;-2.02;-0.13
51.986;-1.08;0.23;3.36;-0.16;-2.02;-0.13
52.005;-1.08;0.23;3.36;0.23;-0.67;-0.17
52.007;-0.46;0.17;2.52;0.23;-0.67;-0.17
52.008;-0.46;0.17;2.52;0.43;0.11;-0.3
52.009;-0.58;0.52;2.15;0.43;0.11;-0.3
52.01;-0.58;0.52;2.15;0.5;0.62;-0.51
52.017;-0.42;0.6;1.46;0.5;0.62;-0.51
52.02;-0.42;0.6;1.46;0.63;1.02;-0.96
52.035;-0.25;0.58;1.17;0.63;1.02;-0.96
52.037;-0.25;0.58;1.17;0.6;0.98;-1.35
52.038;-0.25;0.34;1.12;0.6;0.98;-1.35
52.046;-0.25;0.34;1.12;0.59;0.67;-1.66
52.048;-0.39;0.33;1.17;0.59;0.67;-1.66
52.05;-0.39;0.33;1.17;0.64;0.36;-1.75
52.057;-0.41;0.2;1.15;0.64;0.36;-1.75
52.06;-0.41;0.2;1.15;0.73;0.15;-1.79
52.066;-0.4;0.16;1.25;0.73;0.15;-1.79
52.07;-0.4;0.16;1.25;0.78;0.05;-1.83
52.076;-0.37;0.08;1.22;0.78;0.05;-1.83
52.08;-0.37;0.08;1.22;0.78;0.26;-1.93
52.086;-0.28;-0.03;1.17;0.78;0.26;-1.93
52.101;-0.28;-0.03;1.17;0.74;0.58;-1.98
52.102;-0.19;-0.15;0.95;0.74;0.58;-1.98
52.103;-0.19;-0.15;0.95;0.65;0.99;-1.91
52.133;-0.13;-0.31;0.64;0.65;0.99;-1.91
52.135;-0.13;-0.31;0.64;0.5;1.16;-1.69
52.136;-0.04;-0.49;0.44;0.5;1.16;-1.69
52.138;-0.04;-0.49;0.44;0.28;1.07;-1.34
52.139;0.08;-0.63;0.35;0.28;1.07;-1.34
52.144;0.08;-0.63;0.35;-0.02;1.0;-0.96
52.145;0.14;-0.71;0.31;-0.02;1.0;-0.96
52.146;0.14;-0.71;0.31;-0.31;1.08;-0.62
52.147;0.12;-0.7;0.25;-0.31;1.08;-0.62
52.151;0.12;-0.7;0.25;-0.54;1.29;-0.35
52.161;0.12;-0.6;0.09;-0.54;1.29;-0.35
52.162;0.12;-0.6;0.09;-0.67;1.54;-0.11
52.166;0.11;-0.47;-0.01;-0.67;1.54;-0.11
52.172;0.11;-0.47;-0.01;-0.69;1.62;0.11
52.176;-0.07;-0.17;-0.06;-0.69;1.62;0.11
52.18;-0.07;-0.17;-0.06;-0.57;1.67;0.31
52.186;0.12;-0.32;-0.24;-0.57;1.67;0.31
52.2;0.12;-0.32;-0.24;-0.28;1.73;0.55
52.201;0.13;-0.41;-0.59;-0.28;1.73;0.55
52.202;0.13;-0.41;-0.59;-0.16;1.58;0.56
52.227;0.27;-0.41;-0.52;-0.16;1.58;0.56
52.228;0.27;-0.41;-0.52;-0.2;0.73;0.58
52.229;0.82;-0.16;0.05;-0.2;0.73;0.58
52.23;0.82;-0.16;0.05;0.01;0.12;0.49
52.231;1.31;0.07;0.23;0.01;0.12;0.49
52.232;1.31;0.07;0.23;0.3;-0.71;0.26
52.236;1.81;0.51;0.58;0.3;-0.71;0.26
52.24;1.81;0.51;0.58;0.56;-1.24;0.01
52.247;1.64;0.7;0.4;0.56;-1.24;0.01
52.25;1.64;0.7;0.4;0.41;-1.49;-0.31
52.256;1.34;1.02;0.0;0.41;-1.49;-0.31
52.26;1.34;1.02;0.0;0.23;-2.98;-0.12
52.266;0.42;0.83;0.12;0.23;-2.98;-0.12
52.27;0.42;0.83;0.12;0.63;-4.81;0.42
52.276;-0.88;0.09;1.08;0.63;-4.81;0.42
52.28;-0.88;0.09;1.08;0.99;-5.85;0.91
52.287;-2.56;-0.98;3.04;0.99;-5.85;0.91
52.304;-2.56;-0.98;3.04;0.78;-5.78;0.8
52.306;-1.51;-0.77;3.98;0.78;-5.78;0.8
52.308;-1.51;-0.77;3.98;-0.06;-3.33;0.31
52.309;-1.22;-0.64;4.0;-0.06;-3.33;0.31
52.311;-1.22;-0.64;4.0;-0.45;-0.76;0.27
52.317;-1.43;-0.68;3.84;-0.45;-0.76;0.27
52.32;-1.43;-0.68;3.84;-0.63;0.92;0.4
52.34;-1.12;-0.73;2.85;-0.63;0.92;0.4
52.342;-1.12;-0.73;2.85;-0.6;2.0;0.67
52.343;-0.96;-0.61;1.99;-0.6;2.0;0.67
52.343;-0.96;-0.61;1.99;-0.56;2.38;1.17
52.347;-0.6;-0.66;1.39;-0.56;2.38;1.17
52.35;-0.6;-0.66;1.39;-0.57;2.34;1.66
52.356;-0.26;-0.57;0.84;-0.57;2.34;1.66
52.361;-0.26;-0.57;0.84;-0.64;1.8;1.93
52.366;-0.16;-0.41;0.64;-0.64;1.8;1.93
52.371;-0.16;-0.41;0.64;-0.77;1.12;2.1
52.376;-0.14;-0.14;0.64;-0.77;1.12;2.1
52.381;-0.14;-0.14;0.64;-0.82;0.59;2.07
52.386;-0.02;-0.12;0.82;-0.82;0.59;2.07
52.405;-0.02;-0.12;0.82;-0.86;0.5;1.9
52.408;-0.03;0.05;0.94;-0.86;0.5;1.9
52.409;-0.03;0.05;0.94;-0.78;0.53;1.79
52.41;-0.02;0.25;0.94;-0.78;0.53;1.79
52.411;-0.02;0.25;0.94;-0.58;0.62;1.71
52.417;0.07;0.43;0.91;-0.58;0.62;1.71
52.421;0.07;0.43;0.91;-0.35;0.78;1.6
52.439;0.2;0.49;0.77;-0.35;0.78;1.6
52.441;0.2;0.49;0.77;-0.14;0.92;1.41
52.443;0.27;0.56;0.61;-0.14;0.92;1.41
52.444;0.27;0.56;0.61;0.04;1.05;1.13
52.447;0.28;0.6;0.46;0.04;1.05;1.13
52.45;0.28;0.6;0.46;0.21;1.17;0.8
52.459;0.26;0.59;0.33;0.21;1.17;0.8
52.461;0.26;0.59;0.33;0.34;1.29;0.5
52.467;0.27;0.54;0.24;0.34;1.29;0.5
52.47;0.27;0.54;0.24;0.41;1.52;0.25
52.477;0.25;0.32;-0.09;0.41;1.52;0.25
52.481;0.25;0.32;-0.09;0.44;1.72;0.04
52.487;0.21;0.21;-0.22;0.44;1.72;0.04
52.49;0.21;0.21;-0.22;0.45;1.69;-0.14
52.497;0.18;0.17;-0.33;0.45;1.69;-0.14
52.501;0.18;0.17;-0.33;0.45;1.54;-0.28
52.524;0.16;-0.14;-0.39;0.45;1.54;-0.28
52.527;0.16;-0.14;-0.39;0.38;1.32;-0.44
52.528;0.06;0.22;-0.23;0.38;1.32;-0.44
52.529;0.06;0.22;-0.23;0.26;1.07;-0.58
52.531;0.29;0.24;-0.16;0.26;1.07;-0.58
52.532;0.29;0.24;-0.16;0.42;0.87;-0.41
52.561;0.68;0.26;0.07;0.42;0.87;-0.41
52.563;0.68;0.26;0.07;0.73;0.61;-0.34
52.563;1.11;-0.02;0.07;0.73;0.61;-0.34
52.564;1.11;-0.02;0.07;0.85;0.14;-0.29
52.565;1.89;-0.3;0.35;0.85;0.14;-0.29
52.567;1.89;-0.3;0.35;0.5;-0.64;-0.03
52.568;1.9;-0.68;0.12;0.5;-0.64;-0.03
52.571;1.9;-0.68;0.12;-0.14;-1.09;-0.03
52.576;2.02;-1.32;-0.23;-0.14;-1.09;-0.03
52.58;2.02;-1.32;-0.23;-1.14;-2.72;-0.24
52.586;0.94;-1.0;0.2;-1.14;-2.72;-0.24
52.6;0.94;-1.0;0.2;-1.99;-4.32;-0.4
52.602;-1.06;-0.93;2.13;-1.99;-4.32;-0.4
52.603;-1.06;-0.93;2.13;-2.16;-4.82;-0.49
52.632;-2.7;0.72;3.95;-2.16;-4.82;-0.49
52.634;-2.7;0.72;3.95;-1.3;-6.38;0.07
52.635;-1.73;1.23;4.0;-1.3;-6.38;0.07
52.637;-1.73;1.23;4.0;-0.27;-4.99;0.13
52.638;-1.44;0.6;3.87;-0.27;-4.99;0.13
52.643;-1.44;0.6;3.87;0.44;-2.37;-0.07
52.644;-1.42;0.93;3.82;0.44;-2.37;-0.07
52.645;-1.42;0.93;3.82;0.61;-0.72;-0.21
52.647;-0.69;0.93;2.53;0.61;-0.72;-0.21
52.651;-0.69;0.93;2.53;0.76;0.92;-0.72
52.659;-0.15;0.86;1.98;0.76;0.92;-0.72
52.661;-0.15;0.86;1.98;0.56;1.86;-1.29
52.666;-0.1;0.68;1.29;0.56;1.86;-1.29
52.672;-0.1;0.68;1.29;0.28;2.28;-1.94
52.676;-0.07;0.71;0.83;0.28;2.28;-1.94
52.68;-0.07;0.71;0.83;0.22;2.05;-2.42
52.688;-0.09;0.51;0.93;0.22;2.05;-2.42
52.692;-0.09;0.51;0.93;0.34;1.46;-2.61
52.696;-0.15;0.09;0.92;0.34;1.46;-2.61
52.7;-0.15;0.09;0.92;0.55;0.99;-2.61
52.721;-0.4;-0.16;0.92;0.55;0.99;-2.61
52.722;-0.4;-0.16;0.92;0.72;0.77;-2.5
52.723;-0.36;-0.31;0.88;0.72;0.77;-2.5
52.724;-0.36;-0.31;0.88;0.82;0.69;-2.25
52.727;-0.3;-0.56;0.83;0.82;0.69;-2.25
52.73;-0.3;-0.56;0.83;0.79;0.75;-1.98
52.736;-0.25;-0.69;0.73;0.79;0.75;-1.98
52.757;-0.25;-0.69;0.73;0.61;0.9;-1.69
52.759;-0.2;-0.76;0.61;0.61;0.9;-1.69
52.761;-0.2;-0.76;0.61;0.3;1.08;-1.3
52.762;-0.16;-0.78;0.52;0.3;1.08;-1.3
52.763;-0.16;-0.78;0.52;0.02;1.27;-0.85
52.766;-0.08;-0.78;0.41;0.02;1.27;-0.85
52.772;-0.08;-0.78;0.41;-0.23;1.54;-0.42
52.776;-0.02;-0.73;0.28;-0.23;1.54;-0.42
52.781;-0.02;-0.73;0.28;-0.45;1.84;-0.07
52.788;0.08;-0.63;0.16;-0.45;1.84;-0.07
52.791;0.08;-0.63;0.16;-0.62;2.1;0.23
52.796;0.22;-0.5;0.13;-0.62;2.1;0.23
52.8;0.22;-0.5;0.13;-0.65;2.19;0.45
52.825;0.22;-0.21;-0.03;-0.65;2.19;0.45
52.827;0.22;-0.21;-0.03;-0.6;2.28;0.56
52.829;0.36;-0.05;-0.15;-0.6;2.28;0.56
52.83;0.36;-0.05;-0.15;-0.5;2.36;0.75
52.831;0.5;-0.35;-0.69;-0.5;2.36;0.75
52.833;0.5;-0.35;-0.69;-0.36;2.38;0.77
52.861;0.42;-0.27;-0.89;-0.36;2.38;0.77
52.863;0.42;-0.27;-0.89;-0.49;1.93;0.63
52.865;0.26;-0.11;-0.83;-0.49;1.93;0.63
52.867;0.26;-0.11;-0.83;-0.5;1.39;0.65
52.868;0.2;-0.07;-0.96;-0.5;1.39;0.65
52.87;0.2;-0.07;-0.96;-0.61;0.07;0.61
52.871;0.28;0.03;-0.36;-0.61;0.07;0.61
52.872;0.28;0.03;-0.36;-0.65;-0.16;0.68
52.877;0.97;0.13;-0.15;-0.65;-0.16;0.68
52.88;0.97;0.13;-0.15;-0.57;-0.62;0.53
52.886;1.66;0.37;0.5;-0.57;-0.62;0.53
52.904;1.66;0.37;0.5;-0.05;-1.41;0.1
52.906;2.43;0.79;1.0;-0.05;-1.41;0.1
52.907;2.43;0.79;1.0;0.66;-2.55;-0.37
52.908;2.42;1.07;0.89;0.66;-2.55;-0.37
52.91;2.42;1.07;0.89;1.1;-4.45;-0.43
52.916;0.86;0.96;0.63;1.1;-4.45;-0.43
52.934;0.86;0.96;0.63;1.2;-5.32;0.28
52.935;-0.8;0.23;0.93;1.2;-5.32;0.28
52.937;-0.8;0.23;0.93;1.22;-6.18;0.87
52.938;-3.73;-1.54;2.69;1.22;-6.18;0.87
52.94;-3.73;-1.54;2.69;0.91;-8.68;0.82
52.946;-2.42;-1.61;4.0;0.91;-8.68;0.82
52.95;-2.42;-1.61;4.0;-0.36;-3.95;0.61
52.957;-2.06;-1.05;4.0;-0.36;-3.95;0.61
52.96;-2.06;-1.05;4.0;-0.73;-0.36;0.84
52.97;-1.42;-0.68;3.96;-0.73;-0.36;0.84
52.971;-1.42;-0.68;3.96;-0.78;2.13;0.98
52.977;-1.78;-0.63;3.11;-0.78;2.13;0.98
52.98;-1.78;-0.63;3.11;-0.65;3.62;1.5
52.986;-0.93;-0.63;1.85;-0.65;3.62;1.5
52.99;-0.93;-0.63;1.85;-0.52;3.99;2.09
52.996;-0.49;-0.57;1.16;-0.52;3.99;2.09
53.0;-0.49;-0.57;1.16;-0.4;3.65;2.62
53.02;-0.06;-0.37;0.45;-0.4;3.65;2.62
53.021;-0.06;-0.37;0.45;-0.48;2.84;2.73
53.022;0.2;-0.16;0.16;-0.48;2.84;2.73
53.023;0.2;-0.16;0.16;-0.64;1.94;2.48
53.026;0.57;0.19;0.11;-0.64;1.94;2.48
53.03;0.57;0.19;0.11;-0.76;1.23;2.01
53.059;0.51;0.44;0.42;-0.76;1.23;2.01
53.061;0.51;0.44;0.42;-0.67;0.69;1.61
53.062;0.56;0.75;0.55;-0.67;0.69;1.61
53.062;0.56;0.75;0.55;-0.35;0.23;1.24
53.063;0.46;1.06;0.64;-0.35;0.23;1.24
53.064;0.46;1.06;0.64;0.07;-0.14;0.95
53.067;0.39;1.16;0.71;0.07;-0.14;0.95
53.072;0.39;1.16;0.71;0.49;-0.24;0.68
53.076;0.31;1.11;0.74;0.49;-0.24;0.68
53.08;0.31;1.11;0.74;0.7;0.07;0.34
53.095;0.21;0.87;0.62;0.7;0.07;0.34
53.097;0.21;0.87;0.62;0.74;0.57;-0.05
53.099;0.08;0.48;0.6;0.74;0.57;-0.05
53.101;0.08;0.48;0.6;0.66;1.27;-0.47
53.107;0.06;0.27;0.23;0.66;1.27;-0.47
53.111;0.06;0.27;0.23;0.46;1.55;-0.66
53.116;0.21;-0.21;0.03;0.46;1.55;-0.66
53.132;0.21;-0.21;0.03;0.27;1.83;-0.76
53.133;0.06;0.08;-0.26;0.27;1.83;-0.76
53.136;0.06;0.08;-0.26;0.39;1.88;-0.72
53.166;0.15;-0.04;-0.49;0.39;1.88;-0.72
53.168;0.15;-0.04;-0.49;0.43;1.7;-0.73
53.17;0.15;-0.04;-0.49;0.4;1.43;-0.76
53.171;0.62;0.05;-0.09;0.4;1.43;-0.76
53.174;0.62;0.05;-0.09;0.58;0.97;-0.86
53.175;1.11;-0.31;-0.09;0.58;0.97;-0.86
53.176;1.11;-0.31;-0.09;0.55;0.48;-0.69
53.177;1.75;-0.57;0.19;0.55;0.48;-0.69
53.18;1.75;-0.57;0.19;0.06;-0.35;-0.31
53.2;1.79;-0.86;-0.08;0.06;-0.35;-0.31
53.202;1.79;-0.86;-0.08;-0.49;-1.11;-0.11
53.203;1.39;-1.07;-0.33;-0.49;-1.11;-0.11
53.204;1.39;-1.07;-0.33;-0.92;-2.33;-0.26
53.23;0.66;-0.95;0.08;-0.92;-2.33;-0.26
53.232;0.66;-0.95;0.08;-1.34;-3.79;-0.71
53.233;-0.65;-0.49;1.88;-1.34;-3.79;-0.71
53.234;-0.65;-0.49;1.88;-1.5;-4.93;-0.8
53.236;-2.91;0.62;3.42;-1.5;-4.93;-0.8
53.238;-2.91;0.62;3.42;-0.64;-5.37;-0.33
53.239;-1.56;1.62;4.0;-0.64;-5.37;-0.33
53.24;-1.56;1.62;4.0;-0.01;-5.75;0.08
53.246;-1.4;1.03;4.0;-0.01;-5.75;0.08
53.25;-1.4;1.03;4.0;0.23;-2.8;-0.29
53.256;-1.17;0.5;3.63;0.23;-2.8;-0.29
53.26;-1.17;0.5;3.63;0.45;-0.63;-0.56
53.266;-0.73;0.71;2.66;0.45;-0.63;-0.56
53.271;-0.73;0.71;2.66;0.42;0.64;-0.71
53.276;-0.36;0.77;1.87;0.42;0.64;-0.71
53.28;-0.36;0.77;1.87;0.43;1.56;-1.14
53.287;-0.05;0.56;1.2;0.43;1.56;-1.14
53.29;-0.05;0.56;1.2;0.39;1.98;-1.78
53.296;0.03;0.33;0.82;0.39;1.98;-1.78
53.3;0.03;0.33;0.82;0.21;1.84;-2.3
53.306;-0.13;0.2;0.76;0.21;1.84;-2.3
53.31;-0.13;0.2;0.76;0.22;1.53;-2.52
53.316;-0.19;0.05;0.65;0.22;1.53;-2.52
53.334;-0.19;0.05;0.65;0.44;1.02;-2.45
53.335;-0.35;-0.24;0.81;0.44;1.02;-2.45
53.336;-0.35;-0.24;0.81;0.7;0.41;-2.34
53.337;-0.4;-0.47;0.82;0.7;0.41;-2.34
53.367;-0.4;-0.47;0.82;0.81;0.19;-2.14
53.368;-0.41;-0.71;0.88;0.81;0.19;-2.14
53.37;-0.41;-0.71;0.88;0.75;0.19;-1.92
53.371;-0.36;-0.76;0.79;0.75;0.19;-1.92
53.371;-0.36;-0.76;0.79;0.52;0.35;-1.62
53.372;-0.35;-0.86;0.75;0.52;0.35;-1.62
53.373;-0.35;-0.86;0.75;0.21;0.55;-1.2
53.378;-0.29;-0.76;0.64;0.21;0.55;-1.2
53.38;-0.29;-0.76;0.64;-0.07;0.86;-0.72
53.39;-0.17;-0.61;0.53;-0.07;0.86;-0.72
53.392;-0.17;-0.61;0.53;-0.25;1.22;-0.28
53.396;-0.06;-0.48;0.37;-0.25;1.22;-0.28
53.405;-0.06;-0.48;0.37;-0.38;1.59;0.1
53.418;0.07;-0.33;0.26;-0.38;1.59;0.1
53.419;0.07;-0.33;0.26;-0.42;1.89;0.42
53.42;0.23;-0.2;0.15;-0.42;1.89;0.42
53.422;0.23;-0.2;0.15;-0.37;2.08;0.65
53.427;0.25;0.0;0.0;-0.37;2.08;0.65
53.431;0.25;0.0;0.0;-0.31;2.15;0.76
53.453;0.45;-0.06;-0.26;-0.31;2.15;0.76
53.454;0.45;-0.06;-0.26;-0.27;2.15;0.84
53.455;0.2;-0.1;-0.44;-0.27;2.15;0.84
53.456;0.2;-0.1;-0.44;-0.24;2.11;0.79
53.457;0.4;-0.27;-0.83;-0.24;2.11;0.79
53.46;0.4;-0.27;-0.83;-0.23;2.14;0.74
53.466;0.58;-0.25;-0.52;-0.23;2.14;0.74
53.471;0.58;-0.25;-0.52;-0.33;1.43;0.67
53.476;0.96;-0.2;0.05;-0.33;1.43;0.67
53.48;0.96;-0.2;0.05;-0.33;0.53;0.71
53.486;1.66;0.05;0.42;-0.33;0.53;0.71
53.49;1.66;0.05;0.42;-0.25;0.16;0.11
53.496;1.91;0.49;0.43;-0.25;0.16;0.11
53.5;1.91;0.49;0.43;0.37;-1.78;-0.1
53.519;1.57;0.74;0.07;0.37;-1.78;-0.1
53.526;1.57;0.74;0.07;0.51;-3.0;-0.04
53.527;0.62;0.84;-0.02;0.51;-3.0;-0.04
53.528;0.62;0.84;-0.02;0.78;-4.24;0.32
53.529;-0.27;0.36;0.33;0.78;-4.24;0.32
53.531;-0.27;0.36;0.33;1.24;-6.32;0.87
53.546;-3.17;-0.93;2.21;1.24;-6.32;0.87
53.551;-3.17;-0.93;2.21;1.1;-8.14;1.32
53.552;-2.39;-1.55;4.0;1.1;-8.14;1.32
53.553;-2.39;-1.55;4.0;0.36;-5.67;1.15
53.559;-1.57;-0.77;4.0;0.36;-5.67;1.15
53.566;-1.57;-0.77;4.0;-0.01;-0.82;1.18
53.567;-1.37;-0.52;3.87;-0.01;-0.82;1.18
53.572;-1.37;-0.52;3.87;-0.22;1.82;1.19
53.576;-1.21;-0.33;3.12;-0.22;1.82;1.19
53.581;-1.21;-0.33;3.12;-0.36;3.2;1.13
53.587;-0.43;-0.41;2.18;-0.36;3.2;1.13
53.59;-0.43;-0.41;2.18;-0.47;3.98;1.23
53.596;-0.46;-0.45;1.16;-0.47;3.98;1.23
53.6;-0.46;-0.45;1.16;-0.64;3.68;1.6
53.606;-0.24;-0.36;0.42;-0.64;3.68;1.6
53.61;-0.24;-0.36;0.42;-0.78;2.63;1.83
53.616;0.04;-0.17;0.12;-0.78;2.63;1.83
53.631;0.04;-0.17;0.12;-0.94;1.61;1.81
53.633;0.16;-0.03;0.2;-0.94;1.61;1.81
53.638;0.16;-0.03;0.2;-1.15;0.98;1.79
53.642;0.25;0.16;0.35;-1.15;0.98;1.79
53.642;0.25;0.16;0.35;-1.15;0.52;1.71
53.663;0.25;0.36;0.47;-1.15;0.52;1.71
53.664;0.25;0.36;0.47;-0.89;0.05;1.57
53.665;0.14;0.54;0.72;-0.89;0.05;1.57
53.666;0.14;0.54;0.72;-0.47;-0.15;1.39
53.667;0.14;0.58;0.81;-0.47;-0.15;1.39
53.674;0.14;0.58;0.81;-0.09;-0.07;1.14
53.676;0.14;0.59;0.78;-0.09;-0.07;1.14
53.68;0.14;0.59;0.78;0.16;0.17;0.85
53.687;0.12;0.54;0.65;0.16;0.17;0.85
53.69;0.12;0.54;0.65;0.29;0.46;0.56
53.696;0.06;0.5;0.54;0.29;0.46;0.56
53.714;0.06;0.5;0.54;0.37;0.81;0.29
53.715;0.03;0.51;0.43;0.37;0.81;0.29
53.718;0.03;0.51;0.43;0.42;1.2;0.05
53.719;0.03;0.42;0.28;0.42;1.2;0.05
53.743;0.03;0.42;0.28;0.46;1.59;-0.13
53.744;0.11;0.35;0.16;0.46;1.59;-0.13
53.745;0.11;0.35;0.16;0.48;1.89;-0.28
53.746;0.12;0.2;-0.06;0.48;1.89;-0.28
53.748;0.12;0.2;-0.06;0.34;1.88;-0.44
53.751;0.21;-0.12;-0.4;0.34;1.88;-0.44
53.752;0.21;-0.12;-0.4;0.13;1.74;-0.48
53.756;0.12;0.25;-0.22;0.13;1.74;-0.48
53.76;0.12;0.25;-0.22;0.31;1.59;-0.39
53.766;0.23;0.15;-0.41;0.31;1.59;-0.39
53.771;0.23;0.15;-0.41;0.5;1.29;-0.37
53.776;0.58;0.25;-0.03;0.5;1.29;-0.37
53.78;0.58;0.25;-0.03;0.66;1.01;-0.45
53.787;0.86;-0.14;-0.04;0.66;1.01;-0.45
53.791;0.86;-0.14;-0.04;0.83;0.8;-0.6
53.797;1.58;-0.48;0.23;0.83;0.8;-0.6
53.8;1.58;-0.48;0.23;0.42;-0.04;-0.23
53.806;2.0;-0.67;0.01;0.42;-0.04;-0.23
53.81;2.0;-0.67;0.01;-0.25;-1.02;0.17
53.816;1.59;-1.18;-0.4;-0.25;-1.02;0.17
53.829;1.59;-1.18;-0.4;-0.94;-2.22;-0.24
53.831;0.83;-0.97;0.17;-0.94;-2.22;-0.24
53.832;0.83;-0.97;0.17;-1.69;-3.59;-1.01
53.859;-0.03;-0.5;1.47;-1.69;-3.59;-1.01
53.861;-0.03;-0.5;1.47;-2.01;-4.33;-1.14
53.862;-2.35;0.3;3.6;-2.01;-4.33;-1.14
53.863;-2.35;0.3;3.6;-1.15;-5.71;-0.66
53.865;-1.97;1.34;4.0;-1.15;-5.71;-0.66
53.866;-1.97;1.34;4.0;-0.39;-5.73;-0.25
53.868;-1.48;0.89;4.0;-0.39;-5.73;-0.25
53.872;-1.48;0.89;4.0;0.21;-3.03;-0.31
53.876;-1.04;0.23;3.36;0.21;-3.03;-0.31
53.88;-1.04;0.23;3.36;0.59;-0.94;-0.32
53.887;-0.99;0.67;2.87;0.59;-0.94;-0.32
53.89;-0.99;0.67;2.87;0.73;0.09;-0.27
53.896;-0.37;0.57;1.78;0.73;0.09;-0.27
53.9;-0.37;0.57;1.78;0.77;0.97;-0.6
53.906;-0.08;0.43;1.15;0.77;0.97;-0.6
53.91;-0.08;0.43;1.15;0.52;1.28;-1.13
53.916;-0.11;0.25;0.93;0.52;1.28;-1.13
53.934;-0.11;0.25;0.93;0.27;1.19;-1.75
53.937;-0.37;0.05;0.92;0.27;1.19;-1.75
53.938;-0.37;0.05;0.92;0.19;0.93;-2.15
53.939;-0.48;-0.01;1.02;0.19;0.93;-2.15
53.941;-0.48;-0.01;1.02;0.32;0.51;-2.06
53.946;-0.55;-0.13;1.06;0.32;0.51;-2.06
53.95;-0.55;-0.13;1.06;0.53;0.12;-1.85
53.967;-0.59;-0.27;1.33;0.53;0.12;-1.85
53.971;-0.59;-0.27;1.33;0.68;-0.19;-1.69
53.972;-0.73;-0.44;1.41;0.68;-0.19;-1.69
53.974;-0.73;-0.44;1.41;0.71;-0.13;-1.55
53.976;-0.69;-0.51;1.43;0.71;-0.13;-1.55
53.981;-0.69;-0.51;1.43;0.7;0.08;-1.4
53.988;-0.58;-0.48;1.22;0.7;0.08;-1.4
53.991;-0.58;-0.48;1.22;0.6;0.45;-1.22
53.996;-0.43;-0.43;0.94;0.6;0.45;-1.22
54.0;-0.43;-0.43;0.94;0.42;0.82;-1.0
54.006;-0.28;-0.41;0.76;0.42;0.82;-1.0
54.01;-0.28;-0.41;0.76;0.13;1.23;-0.77
54.016;-0.15;-0.41;0.45;0.13;1.23;-0.77
54.031;-0.15;-0.41;0.45;-0.19;1.63;-0.52
54.033;0.01;-0.38;0.45;-0.19;1.63;-0.52
54.034;0.01;-0.38;0.45;-0.43;1.73;-0.25
54.061;0.12;-0.32;0.31;-0.43;1.73;-0.25
54.063;0.12;-0.32;0.31;-0.54;2.03;0.02
54.063;0.22;-0.25;0.14;-0.54;2.03;0.02
54.064;0.22;-0.25;0.14;-0.52;2.19;0.28
54.065;0.32;-0.2;-0.04;-0.52;2.19;0.28
54.067;0.32;-0.2;-0.04;-0.45;2.12;0.53
54.068;0.41;-0.14;-0.21;-0.45;2.12;0.53
54.072;0.41;-0.14;-0.21;-0.49;2.1;0.66
54.076;0.35;-0.11;-0.29;-0.49;2.1;0.66
54.081;0.35;-0.11;-0.29;-0.48;2.11;0.67
54.087;0.36;-0.13;-0.58;-0.48;2.11;0.67
54.09;0.36;-0.13;-0.58;-0.38;2.15;0.68
54.096;0.34;-0.12;-0.81;-0.38;2.15;0.68
54.1;0.34;-0.12;-0.81;-0.23;1.71;0.7
54.106;0.34;-0.05;-0.78;-0.23;1.71;0.7
54.11;0.34;-0.05;-0.78;-0.17;1.12;0.73
54.117;0.92;0.03;-0.13;-0.17;1.12;0.73
54.131;0.92;0.03;-0.13;-0.11;0.63;0.77
54.132;1.59;0.19;0.14;-0.11;0.63;0.77
54.133;1.59;0.19;0.14;0.02;-0.24;0.51
54.138;1.99;0.5;0.29;0.02;-0.24;0.51
54.163;1.99;0.5;0.29;0.61;-1.96;-0.3
54.165;1.91;0.73;0.26;0.61;-1.96;-0.3
54.167;1.91;0.73;0.26;0.67;-3.2;-0.47
54.168;1.03;0.77;0.25;0.67;-3.2;-0.47
54.169;1.03;0.77;0.25;0.74;-4.14;-0.14
54.172;0.12;0.51;0.57;0.74;-4.14;-0.14
54.173;0.12;0.51;0.57;1.11;-5.33;0.37
54.176;-1.69;-0.48;1.54;1.11;-5.33;0.37
54.18;-1.69;-0.48;1.54;1.07;-7.52;0.68
54.189;-2.68;-1.46;3.93;1.07;-7.52;0.68
54.191;-2.68;-1.46;3.93;0.73;-5.68;0.6
54.196;-1.58;-0.87;4.0;0.73;-5.68;0.6
54.2;-1.58;-0.87;4.0;0.04;-2.73;0.52
54.214;-1.51;-0.45;4.0;0.04;-2.73;0.52
54.216;-1.51;-0.45;4.0;-0.33;0.44;0.45
54.217;-1.29;-0.51;3.31;-0.33;0.44;0.45
54.246;-1.29;-0.51;3.31;-0.24;1.76;0.66
54.248;-1.14;-0.32;2.64;-0.24;1.76;0.66
54.25;-1.14;-0.32;2.64;-0.27;2.59;0.76
54.251;-0.32;-0.29;1.81;-0.27;2.59;0.76
54.252;-0.32;-0.29;1.81;-0.47;3.2;0.82
54.254;-0.48;-0.39;1.11;-0.47;3.2;0.82
54.254;-0.48;-0.39;1.11;-0.64;3.0;1.15
54.258;-0.37;-0.23;0.42;-0.64;3.0;1.15
54.261;-0.37;-0.23;0.42;-0.71;1.87;1.51
54.266;-0.18;-0.15;0.36;-0.71;1.87;1.51
54.271;-0.18;-0.15;0.36;-0.72;0.96;1.63
54.276;-0.09;0.08;0.54;-0.72;0.96;1.63
54.28;-0.09;0.08;0.54;-0.73;0.55;1.62
54.286;0.01;0.3;0.73;-0.73;0.55;1.62
54.291;0.01;0.3;0.73;-0.62;0.35;1.47
54.296;0.01;0.45;0.86;-0.62;0.35;1.47
54.316;0.01;0.45;0.86;-0.41;0.29;1.3
54.318;0.0;0.48;0.91;-0.41;0.29;1.3
54.319;0.0;0.48;0.91;-0.16;0.36;1.14
54.32;0.05;0.48;0.87;-0.16;0.36;1.14
54.321;0.05;0.48;0.87;0.07;0.55;0.94
54.326;0.07;0.48;0.78;0.07;0.55;0.94
54.33;0.07;0.48;0.78;0.25;0.86;0.7
54.348;0.07;0.43;0.65;0.25;0.86;0.7
54.35;0.07;0.43;0.65;0.39;1.15;0.46
54.351;0.11;0.43;0.41;0.39;1.15;0.46
54.352;0.11;0.43;0.41;0.45;1.42;0.17
54.362;0.12;0.29;0.24;0.45;1.42;0.17
54.364;0.12;0.29;0.24;0.5;1.61;-0.07
54.367;0.25;0.18;0.08;0.5;1.61;-0.07
54.372;0.25;0.18;0.08;0.5;1.75;-0.25
54.376;0.26;0.15;-0.02;0.5;1.75;-0.25
54.38;0.26;0.15;-0.02;0.48;1.87;-0.38
54.386;0.3;0.08;-0.17;0.48;1.87;-0.38
54.391;0.3;0.08;-0.17;0.41;1.8;-0.45
54.396;0.35;0.08;-0.41;0.41;1.8;-0.45
54.4;0.35;0.08;-0.41;0.34;1.4;-0.5
54.416;0.36;-0.05;-0.45;0.34;1.4;-0.5
54.42;0.36;-0.05;-0.45;0.29;1.15;-0.61
54.422;0.33;0.17;-0.35;0.29;1.15;-0.61
54.423;0.33;0.17;-0.35;0.31;0.89;-0.55
54.427;0.67;0.24;-0.21;0.31;0.89;-0.55
54.43;0.67;0.24;-0.21;0.59;0.46;-0.39
54.445;0.91;0.0;-0.11;0.59;0.46;-0.39
54.45;0.91;0.0;-0.11;0.78;0.06;-0.33
54.451;1.49;-0.28;-0.1;0.78;0.06;-0.33
54.452;1.49;-0.28;-0.1;0.52;-0.43;-0.05
54.457;1.08;-0.25;0.31;0.52;-0.43;-0.05
54.46;1.08;-0.25;0.31;0.02;-1.2;0.02
54.467;1.6;-0.95;-0.28;0.02;-1.2;0.02
54.471;1.6;-0.95;-0.28;-0.47;-1.85;-0.34
54.476;0.67;-0.89;0.22;-0.47;-1.85;-0.34
54.48;0.67;-0.89;0.22;-1.12;-3.63;-0.44
54.486;-0.07;-0.53;1.31;-1.12;-3.63;-0.44
54.49;-0.07;-0.53;1.31;-1.46;-4.55;-0.34
54.496;-2.13;0.32;3.34;-1.46;-4.55;-0.34
54.514;-2.13;0.32;3.34;-1.14;-5.03;-0.05
54.518;-1.95;1.45;4.0;-1.14;-5.03;-0.05
54.519;-1.95;1.45;4.0;-0.65;-4.81;0.14
54.522;-1.28;1.18;4.0;-0.65;-4.81;0.14
54.523;-1.28;1.18;4.0;-0.45;-3.37;-0.19
54.548;-1.25;0.59;3.89;-0.45;-3.37;-0.19
54.551;-1.25;0.59;3.89;-0.07;-0.91;-0.62
54.552;-0.58;0.21;2.75;-0.07;-0.91;-0.62
54.553;-0.58;0.21;2.75;0.18;0.49;-0.8
54.554;-0.57;0.78;2.19;0.18;0.49;-0.8
54.555;-0.57;0.78;2.19;0.14;1.11;-0.96
54.557;-0.23;0.56;1.3;0.14;1.11;-0.96
54.562;-0.23;0.56;1.3;0.22;1.58;-1.59
54.575;-0.04;0.42;0.96;0.22;1.58;-1.59
54.577;-0.04;0.42;0.96;0.1;1.54;-2.03
54.578;-0.31;0.09;0.84;0.1;1.54;-2.03
54.58;-0.31;0.09;0.84;0.06;1.18;-2.25
54.587;-0.29;-0.02;0.78;0.06;1.18;-2.25
54.59;-0.29;-0.02;0.78;0.16;0.65;-2.11
54.596;-0.36;-0.12;1.03;0.16;0.65;-2.11
54.614;-0.36;-0.12;1.03;0.31;0.11;-2.0
54.616;-0.49;-0.29;1.11;0.31;0.11;-2.0
54.617;-0.49;-0.29;1.11;0.41;-0.1;-1.93
54.618;-0.6;-0.46;1.27;0.41;-0.1;-1.93
54.645;-0.6;-0.46;1.27;0.48;-0.08;-1.84
54.647;-0.6;-0.52;1.23;0.48;-0.08;-1.84
54.648;-0.6;-0.52;1.23;0.51;0.15;-1.67
54.652;-0.57;-0.55;1.13;0.51;0.15;-1.67
54.654;-0.57;-0.55;1.13;0.5;0.46;-1.41
54.655;-0.44;-0.53;0.91;0.5;0.46;-1.41
54.657;-0.44;-0.53;0.91;0.4;0.84;-1.12
54.658;-0.31;-0.5;0.67;0.4;0.84;-1.12
54.661;-0.31;-0.5;0.67;0.2;1.09;-0.76
54.667;-0.17;-0.47;0.56;0.2;1.09;-0.76
54.671;-0.17;-0.47;0.56;-0.05;1.25;-0.41
54.676;-0.06;-0.43;0.33;-0.05;1.25;-0.41
54.68;-0.06;-0.43;0.33;-0.27;1.51;-0.1
54.686;0.05;-0.36;0.26;-0.27;1.51;-0.1
54.691;0.05;-0.36;0.26;-0.42;1.58;0.18
54.696;0.23;-0.27;0.24;-0.42;1.58;0.18
54.713;0.23;-0.27;0.24;-0.49;1.72;0.42
54.715;0.36;-0.22;0.07;-0.49;1.72;0.42
54.716;0.36;-0.22;0.07;-0.49;1.88;0.57
54.718;0.38;-0.17;-0.15;-0.49;1.88;0.57
54.744;0.38;-0.17;-0.15;-0.55;1.97;0.63
54.746;0.3;-0.13;-0.2;-0.55;1.97;0.63
54.747;0.3;-0.13;-0.2;-0.6;2.04;0.64
54.748;0.33;-0.11;-0.6;-0.6;2.04;0.64
54.749;0.33;-0.11;-0.6;-0.53;2.23;0.67
54.751;0.25;-0.07;-0.83;-0.53;2.23;0.67
54.752;0.25;-0.07;-0.83;-0.41;1.81;0.66
54.756;0.24;-0.04;-0.91;-0.41;1.81;0.66
54.761;0.24;-0.04;-0.91;-0.34;1.26;0.7
54.766;0.17;0.2;-0.71;-0.34;1.26;0.7
54.772;0.17;0.2;-0.71;-0.22;0.79;0.79
54.776;1.04;-0.05;-0.16;-0.22;0.79;0.79
54.78;1.04;-0.05;-0.16;-0.23;0.22;0.81
54.786;1.65;0.2;0.34;-0.23;0.22;0.81
54.791;1.65;0.2;0.34;0.25;-1.44;0.0
54.796;2.31;0.67;0.75;0.25;-1.44;0.0
54.813;2.31;0.67;0.75;0.88;-2.25;-0.36
54.814;2.08;0.95;0.54;0.88;-2.25;-0.36
54.815;2.08;0.95;0.54;1.16;-3.46;-0.29
54.818;0.96;1.18;0.44;1.16;-3.46;-0.29
54.844;0.96;1.18;0.44;1.41;-4.52;0.37
54.846;0.15;0.74;0.57;1.41;-4.52;0.37
54.847;0.15;0.74;0.57;1.63;-5.65;0.76
54.848;-2.05;-0.43;1.34;1.63;-5.65;0.76
54.849;-2.05;-0.43;1.34;1.05;-7.79;0.67
54.851;-2.74;-1.62;3.93;1.05;-7.79;0.67
54.851;-2.74;-1.62;3.93;0.31;-6.45;0.34
54.856;-1.73;-1.1;4.0;0.31;-6.45;0.34
54.86;-1.73;-1.1;4.0;-0.46;-2.26;0.26
54.868;-1.74;-0.88;4.0;-0.46;-2.26;0.26
54.87;-1.74;-0.88;4.0;-0.77;1.31;0.39
54.876;-1.1;-0.69;3.36;-0.77;1.31;0.39
54.88;-1.1;-0.69;3.36;-0.73;2.68;0.59
54.886;-1.19;-0.58;2.1;-0.73;2.68;0.59
54.89;-1.19;-0.58;2.1;-0.62;3.11;1.02
54.896;-0.48;-0.54;1.29;-0.62;3.11;1.02
54.917;-0.48;-0.54;1.29;-0.59;3.1;1.48
54.919;-0.06;-0.38;0.75;-0.59;3.1;1.48
54.921;-0.06;-0.38;0.75;-0.56;2.37;1.8
54.922;-0.12;-0.17;0.41;-0.56;2.37;1.8
54.923;-0.12;-0.17;0.41;-0.68;1.34;1.97
54.926;0.03;0.19;0.23;-0.68;1.34;1.97
54.931;0.03;0.19;0.23;-0.84;0.31;1.74
54.951;0.23;0.57;0.56;-0.84;0.31;1.74
54.952;0.23;0.57;0.56;-0.94;-0.09;1.3
54.954;-0.1;0.65;0.89;-0.94;-0.09;1.3
54.955;-0.1;0.65;0.89;-0.78;-0.25;1.05
54.957;-0.13;0.7;1.14;-0.78;-0.25;1.05
54.962;-0.13;0.7;1.14;-0.46;-0.16;0.87
54.968;-0.26;0.8;1.13;-0.46;-0.16;0.87
54.971;-0.26;0.8;1.13;-0.16;0.05;0.73
54.976;-0.16;0.73;1.11;-0.16;0.05;0.73
54.981;-0.16;0.73;1.11;0.14;0.34;0.58
54.986;-0.11;0.59;1.0;0.14;0.34;0.58
54.99;-0.11;0.59;1.0;0.35;0.63;0.47
54.996;-0.01;0.49;0.76;0.35;0.63;0.47
55.013;-0.01;0.49;0.76;0.48;0.85;0.33
55.014;0.16;0.33;0.55;0.48;0.85;0.33
55.016;0.16;0.33;0.55;0.56;1.13;0.14
55.017;0.05;0.26;0.5;0.56;1.13;0.14
55.046;0.05;0.26;0.5;0.67;1.48;-0.12
55.048;0.25;-0.09;0.3;0.67;1.48;-0.12
55.049;0.25;-0.09;0.3;0.62;1.86;-0.44
55.051;0.19;0.06;0.21;0.62;1.86;-0.44
55.051;0.19;0.06;0.21;0.63;2.03;-0.57
55.052;0.28;0.09;0.04;0.63;2.03;-0.57
55.053;0.28;0.09;0.04;0.73;2.0;-0.6
55.059;0.26;-0.05;-0.36;0.73;2.0;-0.6
55.061;0.26;-0.05;-0.36;0.66;2.05;-0.57
55.07;0.2;-0.09;-0.57;0.66;2.05;-0.57
55.072;0.2;-0.09;-0.57;0.56;1.84;-0.54
55.076;0.32;-0.03;-0.6;0.56;1.84;-0.54
55.081;0.32;-0.03;-0.6;0.51;1.44;-0.5
55.086;0.68;0.02;-0.22;0.51;1.44;-0.5
55.091;0.68;0.02;-0.22;0.57;0.9;-0.5
55.096;1.05;-0.31;-0.12;0.57;0.9;-0.5
55.113;1.05;-0.31;-0.12;0.51;0.38;-0.41
55.115;1.11;-0.38;0.36;0.51;0.38;-0.41
55.117;1.11;-0.38;0.36;-0.01;-0.17;-0.04
55.118;1.62;-0.61;-0.01;-0.01;-0.17;-0.04
55.147;1.62;-0.61;-0.01;-0.43;-0.49;0.01
55.15;1.1;-0.87;-0.17;-0.43;-0.49;0.01
55.151;1.1;-0.87;-0.17;-0.89;-1.99;-0.37
55.155;0.23;-0.55;0.05;-0.89;-1.99;-0.37
55.157;0.23;-0.55;0.05;-1.28;-2.95;-0.67
55.158;-0.14;-0.37;1.02;-1.28;-2.95;-0.67
55.159;-0.14;-0.37;1.02;-1.36;-3.41;-0.49
55.16;-1.64;-0.12;2.96;-1.36;-3.41;-0.49
55.161;-1.64;-0.12;2.96;-0.81;-4.91;0.1
55.166;-1.51;0.7;3.99;-0.81;-4.91;0.1
55.17;-1.51;0.7;3.99;-0.03;-5.07;0.68
55.176;-1.4;0.96;4.0;-0.03;-5.07;0.68
55.18;-1.4;0.96;4.0;0.46;-3.42;0.57
55.187;-1.2;0.65;3.87;0.46;-3.42;0.57
55.19;-1.2;0.65;3.87;0.54;-1.61;0.16
55.196;-0.68;0.27;2.69;0.54;-1.61;0.16
55.213;-0.68;0.27;2.69;0.47;-0.17;-0.26
55.215;-0.81;0.65;2.32;0.47;-0.17;-0.26
55.216;-0.81;0.65;2.32;0.3;0.64;-0.55
55.218;-0.29;0.53;1.62;0.3;0.64;-0.55
55.245;-0.29;0.53;1.62;0.14;1.29;-1.1
55.247;-0.16;0.32;1.24;0.14;1.29;-1.1
55.248;-0.16;0.32;1.24;0.01;1.49;-1.57
55.25;-0.43;0.18;0.95;0.01;1.49;-1.57
55.251;-0.43;0.18;0.95;0.06;1.32;-1.78
55.252;-0.32;0.19;1.08;0.06;1.32;-1.78
55.254;-0.32;0.19;1.08;0.23;0.82;-1.62
55.258;-0.32;0.11;0.91;0.23;0.82;-1.62
55.261;-0.32;0.11;0.91;0.5;0.48;-1.44
55.268;-0.37;-0.03;0.95;0.5;0.48;-1.44
55.27;-0.37;-0.03;0.95;0.66;0.16;-1.38
55.276;-0.38;-0.12;1.0;0.66;0.16;-1.38
55.28;-0.38;-0.12;1.0;0.71;0.01;-1.4
55.286;-0.37;-0.22;1.01;0.71;0.01;-1.4
55.291;-0.37;-0.22;1.01;0.68;0.07;-1.4
55.296;-0.42;-0.3;0.83;0.68;0.07;-1.4
55.313;-0.42;-0.3;0.83;0.53;0.24;-1.37
55.314;-0.3;-0.34;0.87;0.53;0.24;-1.37
55.316;-0.3;-0.34;0.87;0.3;0.33;-1.25
55.318;-0.32;-0.37;0.71;0.3;0.33;-1.25
55.321;-0.32;-0.37;0.71;0.03;0.51;-1.02
55.346;-0.24;-0.41;0.67;0.03;0.51;-1.02
55.348;-0.24;-0.41;0.67;-0.22;0.66;-0.72
55.352;-0.15;-0.38;0.63;-0.22;0.66;-0.72
55.354;-0.15;-0.38;0.63;-0.42;0.92;-0.43
55.356;-0.09;-0.29;0.53;-0.42;0.92;-0.43
55.357;-0.09;-0.29;0.53;-0.52;1.28;-0.19
55.358;0.0;-0.19;0.48;-0.52;1.28;-0.19
55.362;0.0;-0.19;0.48;-0.53;1.64;0.02
55.367;0.12;-0.14;0.22;-0.53;1.64;0.02
55.372;0.12;-0.14;0.22;-0.47;2.07;0.19
55.376;0.21;-0.11;0.06;-0.47;2.07;0.19
55.38;0.21;-0.11;0.06;-0.32;2.14;0.29
55.386;0.27;-0.1;-0.13;-0.32;2.14;0.29
55.39;0.27;-0.1;-0.13;-0.25;2.1;0.34
55.396;0.27;-0.1;-0.31;-0.25;2.1;0.34
55.412;0.27;-0.1;-0.31;-0.21;1.99;0.35
55.414;0.21;-0.13;-0.51;-0.21;1.99;0.35
55.416;0.21;-0.13;-0.51;-0.15;2.02;0.34
55.417;0.2;-0.14;-0.8;-0.15;2.02;0.34
55.445;0.2;-0.14;-0.8;-0.09;1.9;0.35
55.447;0.3;-0.16;-0.92;-0.09;1.9;0.35
55.448;0.3;-0.16;-0.92;-0.11;1.3;0.37
55.449;0.61;-0.15;-0.54;-0.11;1.3;0.37
55.451;0.61;-0.15;-0.54;-0.33;0.25;0.35
55.452;1.14;0.07;0.01;-0.33;0.25;0.35
55.454;1.14;0.07;0.01;-0.15;-0.26;0.02
55.458;1.23;0.48;0.79;-0.15;-0.26;0.02
55.461;1.23;0.48;0.79;0.44;-0.83;-0.4
55.468;2.51;0.59;0.67;0.44;-0.83;-0.4
55.471;2.51;0.59;0.67;0.82;-2.45;-0.62
55.476;2.11;0.92;0.44;0.82;-2.45;-0.62
55.48;2.11;0.92;0.44;0.86;-4.22;-0.38
55.486;0.74;0.75;0.23;0.86;-4.22;-0.38
55.49;0.74;0.75;0.23;0.71;-5.07;0.45
55.496;-0.32;0.16;0.44;0.71;-5.07;0.45
55.513;-0.32;0.16;0.44;0.94;-6.37;1.1
55.516;-3.56;-1.9;2.64;0.94;-6.37;1.1
55.518;-3.56;-1.9;2.64;0.99;-8.56;1.24
55.52;-1.84;-1.44;4.0;0.99;-8.56;1.24
55.521;-1.84;-1.44;4.0;-0.39;-4.41;0.51
55.545;-1.44;-1.03;4.0;-0.39;-4.41;0.51
55.547;-1.44;-1.03;4.0;-0.84;-0.79;0.72
55.548;-1.42;-0.83;3.9;-0.84;-0.79;0.72
55.549;-1.42;-0.83;3.9;-1.0;1.29;0.85
55.551;-1.42;-0.63;2.87;-1.0;1.29;0.85
55.552;-1.42;-0.63;2.87;-0.76;2.54;1.15
55.557;-0.64;-0.42;2.01;-0.76;2.54;1.15
55.561;-0.64;-0.42;2.01;-0.59;3.11;1.58
55.568;-0.41;-0.45;1.15;-0.59;3.11;1.58
55.571;-0.41;-0.45;1.15;-0.47;2.72;2.05
55.576;-0.27;-0.25;0.67;-0.47;2.72;2.05
55.581;-0.27;-0.25;0.67;-0.41;1.78;2.37
55.586;0.01;0.03;0.33;-0.41;1.78;2.37
55.59;0.01;0.03;0.33;-0.47;0.73;2.31
55.596;0.08;0.29;0.55;-0.47;0.73;2.31
55.612;0.08;0.29;0.55;-0.59;0.15;2.07
55.615;0.02;0.47;0.83;-0.59;0.15;2.07
55.616;0.02;0.47;0.83;-0.6;-0.09;1.78
55.618;-0.07;0.57;1.04;-0.6;-0.09;1.78
55.645;-0.07;0.57;1.04;-0.44;-0.08;1.53
55.647;-0.14;0.68;1.15;-0.44;-0.08;1.53
55.648;-0.14;0.68;1.15;-0.19;0.1;1.37
55.652;-0.1;0.74;1.13;-0.19;0.1;1.37
55.654;-0.1;0.74;1.13;0.05;0.42;1.17
55.655;-0.01;0.7;0.99;0.05;0.42;1.17
55.656;-0.01;0.7;0.99;0.24;0.75;0.91
55.657;0.04;0.61;0.79;0.24;0.75;0.91
55.661;0.04;0.61;0.79;0.36;1.05;0.64
55.671;0.07;0.45;0.61;0.36;1.05;0.64
55.673;0.07;0.45;0.61;0.42;1.33;0.36
55.676;0.13;0.3;0.49;0.42;1.33;0.36
55.68;0.13;0.3;0.49;0.45;1.67;0.1
55.686;0.22;0.13;0.42;0.45;1.67;0.1
55.691;0.22;0.13;0.42;0.49;2.03;-0.08
55.696;0.41;0.02;0.05;0.49;2.03;-0.08
55.712;0.41;0.02;0.05;0.51;2.18;-0.21
55.715;0.41;-0.21;-0.3;0.51;2.18;-0.21
55.716;0.41;-0.21;-0.3;0.47;2.33;-0.32
55.718;0.31;-0.02;-0.42;0.47;2.33;-0.32
55.749;0.31;-0.02;-0.42;0.29;2.19;-0.44
55.751;0.36;0.12;-0.41;0.29;2.19;-0.44
55.752;0.36;0.12;-0.41;0.31;1.75;-0.36
55.753;0.75;0.12;-0.57;0.31;1.75;-0.36
55.754;0.75;0.12;-0.57;0.54;1.16;-0.23
55.755;1.04;-0.15;-0.33;0.54;1.16;-0.23
55.757;1.04;-0.15;-0.33;0.42;0.34;-0.11
55.759;1.39;-0.41;-0.13;0.42;0.34;-0.11
55.76;1.39;-0.41;-0.13;-0.09;-0.29;0.21
55.767;0.65;-0.23;0.25;-0.09;-0.29;0.21
55.771;0.65;-0.23;0.25;-0.49;-1.06;0.32
55.776;1.14;-0.7;-0.13;-0.49;-1.06;0.32
55.78;1.14;-0.7;-0.13;-0.78;-1.65;0.04
55.787;0.42;-0.46;0.22;-0.78;-1.65;0.04
55.79;0.42;-0.46;0.22;-1.18;-3.02;-0.14
55.796;-0.32;-0.35;1.36;-1.18;-3.02;-0.14
55.814;-0.32;-0.35;1.36;-1.16;-3.79;-0.12
55.817;-1.4;0.31;3.16;-1.16;-3.79;-0.12
55.818;-1.4;0.31;3.16;-0.74;-4.85;0.13
55.819;-1.01;1.11;3.96;-0.74;-4.85;0.13
55.821;-1.01;1.11;3.96;-0.51;-4.62;0.21
55.827;-0.9;1.02;3.99;-0.51;-4.62;0.21
55.831;-0.9;1.02;3.99;-0.14;-2.78;-0.09
55.849;-0.91;0.44;3.16;-0.14;-2.78;-0.09
55.852;-0.91;0.44;3.16;0.12;-0.92;-0.45
55.853;-0.52;0.23;2.27;0.12;-0.92;-0.45
55.854;-0.52;0.23;2.27;0.27;-0.12;-0.62
55.856;-0.43;0.58;1.97;0.27;-0.12;-0.62
55.861;-0.43;0.58;1.97;0.22;0.31;-0.81
55.867;-0.3;0.4;1.44;0.22;0.31;-0.81
55.87;-0.3;0.4;1.44;0.2;0.59;-1.1
55.876;-0.3;0.26;1.15;0.2;0.59;-1.1
55.881;-0.3;0.26;1.15;0.2;0.6;-1.42
55.886;-0.32;0.18;1.06;0.2;0.6;-1.42
55.89;-0.32;0.18;1.06;0.2;0.35;-1.57
55.896;-0.38;0.01;1.08;0.2;0.35;-1.57
55.914;-0.38;0.01;1.08;0.33;0.06;-1.53
55.915;-0.4;-0.08;1.16;0.33;0.06;-1.53
55.916;-0.4;-0.08;1.16;0.49;-0.2;-1.38
55.918;-0.44;-0.17;1.29;0.49;-0.2;-1.38
55.92;-0.44;-0.17;1.29;0.56;-0.34;-1.26
55.926;-0.56;-0.28;1.42;0.56;-0.34;-1.26
55.93;-0.56;-0.28;1.42;0.56;-0.3;-1.2
55.945;-0.63;-0.3;1.45;0.56;-0.3;-1.2
55.948;-0.63;-0.3;1.45;0.52;-0.05;-1.13
55.949;-0.59;-0.23;1.34;0.52;-0.05;-1.13
55.952;-0.59;-0.23;1.34;0.41;0.35;-1.05
55.956;-0.44;-0.14;1.11;0.41;0.35;-1.05
55.96;-0.44;-0.14;1.11;0.23;0.73;-0.97
55.967;-0.33;-0.08;0.89;0.23;0.73;-0.97
55.97;-0.33;-0.08;0.89;-0.03;1.02;-0.9
55.976;-0.23;-0.08;0.71;-0.03;1.02;-0.9
55.98;-0.23;-0.08;0.71;-0.28;1.21;-0.78
55.986;-0.1;-0.12;0.61;-0.28;1.21;-0.78
55.991;-0.1;-0.12;0.61;-0.53;1.47;-0.59
55.996;-0.03;-0.17;0.39;-0.53;1.47;-0.59
56.012;-0.03;-0.17;0.39;-0.65;1.67;-0.38
56.013;0.02;-0.17;0.32;-0.65;1.67;-0.38
56.014;0.02;-0.17;0.32;-0.67;1.81;-0.19
56.043;0.12;-0.16;0.18;-0.67;1.81;-0.19
56.044;0.12;-0.16;0.18;-0.61;2.01;-0.04
56.046;0.19;-0.16;0.02;-0.61;2.01;-0.04
56.048;0.19;-0.16;0.02;-0.52;2.16;0.06
56.052;0.27;-0.16;-0.18;-0.52;2.16;0.06
56.053;0.27;-0.16;-0.18;-0.4;2.22;0.11
56.054;0.31;-0.17;-0.36;-0.4;2.22;0.11
56.054;0.31;-0.17;-0.36;-0.24;2.11;0.16
56.057;0.26;-0.17;-0.59;-0.24;2.11;0.16
56.061;0.26;-0.17;-0.59;-0.11;1.98;0.27
56.066;0.35;-0.15;-0.77;-0.11;1.98;0.27
56.071;0.35;-0.15;-0.77;-0.08;1.73;0.4
56.076;0.36;-0.12;-0.85;-0.08;1.73;0.4
56.082;0.36;-0.12;-0.85;-0.07;1.19;0.46
56.086;0.28;-0.1;-0.88;-0.07;1.19;0.46
56.09;0.28;-0.1;-0.88;-0.33;0.3;0.39
56.097;0.31;-0.05;-0.62;-0.33;0.3;0.39
56.101;0.31;-0.05;-0.62;-0.41;0.24;0.37
56.106;0.39;-0.03;-0.13;-0.41;0.24;0.37
56.111;0.39;-0.03;-0.13;-0.48;-0.37;0.27
56.126;1.35;0.04;0.43;-0.48;-0.37;0.27
56.127;1.35;0.04;0.43;-0.22;-0.94;-0.09
56.128;1.88;0.39;0.79;-0.22;-0.94;-0.09
56.163;1.88;0.39;0.79;0.44;-1.66;-0.54
56.168;2.59;0.86;0.99;0.44;-1.66;-0.54
56.169;2.59;0.86;0.99;0.92;-3.12;-0.93
56.171;1.68;1.1;0.51;0.92;-3.12;-0.93
56.172;1.68;1.1;0.51;1.07;-4.79;-0.56
56.173;0.08;1.11;0.57;1.07;-4.79;-0.56
56.174;0.08;1.11;0.57;1.39;-5.8;0.26
56.176;-1.98;-0.12;1.66;1.39;-5.8;0.26
56.178;-1.98;-0.12;1.66;1.71;-7.11;0.77
56.179;-3.28;-1.36;3.84;1.71;-7.11;0.77
56.181;-3.28;-1.36;3.84;0.8;-6.38;0.36
56.186;-1.76;-1.12;4.0;0.8;-6.38;0.36
56.191;-1.76;-1.12;4.0;-0.02;-2.85;0.18
56.21;-1.46;-0.78;4.0;-0.02;-2.85;0.18
56.211;-1.46;-0.78;4.0;-0.61;1.03;0.27
56.213;-1.21;-0.67;3.36;-0.61;1.03;0.27
56.214;-1.21;-0.67;3.36;-0.85;2.51;0.46
56.242;-1.29;-0.57;2.08;-0.85;2.51;0.46
56.243;-1.29;-0.57;2.08;-0.87;3.18;0.71
56.245;-0.6;-0.48;1.32;-0.87;3.18;0.71
56.25;-0.6;-0.48;1.32;-0.78;3.15;1.22
56.252;-0.28;-0.41;0.84;-0.78;3.15;1.22
56.255;-0.28;-0.41;0.84;-0.72;2.63;1.62
56.258;-0.16;-0.25;0.26;-0.72;2.63;1.62
56.259;-0.16;-0.25;0.26;-0.72;1.45;1.79
56.259;0.04;0.16;0.3;-0.72;1.45;1.79
56.261;0.04;0.16;0.3;-0.76;0.45;1.58
56.266;0.07;0.46;0.62;-0.76;0.45;1.58
56.271;0.07;0.46;0.62;-0.75;0.03;1.26
56.276;0.04;0.65;0.96;-0.75;0.03;1.26
56.282;0.04;0.65;0.96;-0.6;-0.09;0.99
56.286;-0.02;0.72;1.09;-0.6;-0.09;0.99
56.291;-0.02;0.72;1.09;-0.36;-0.05;0.84
56.296;-0.04;0.81;1.08;-0.36;-0.05;0.84
56.3;-0.04;0.81;1.08;-0.11;0.14;0.72
56.306;-0.06;0.77;1.04;-0.11;0.14;0.72
56.311;-0.06;0.77;1.04;0.12;0.42;0.6
56.329;-0.03;0.61;0.89;0.12;0.42;0.6
56.331;-0.03;0.61;0.89;0.31;0.67;0.43
56.332;0.05;0.55;0.62;0.31;0.67;0.43
56.333;0.05;0.55;0.62;0.36;0.85;0.17
56.336;0.03;0.32;0.51;0.36;0.85;0.17
56.34;0.03;0.32;0.51;0.39;1.04;-0.09
56.346;0.11;0.14;0.5;0.39;1.04;-0.09
56.361;0.11;0.14;0.5;0.43;1.34;-0.31
56.362;0.21;-0.06;0.14;0.43;1.34;-0.31
56.363;0.21;-0.06;0.14;0.39;1.71;-0.6
56.374;0.2;0.05;0.11;0.39;1.71;-0.6
56.377;0.2;0.05;0.11;0.42;1.91;-0.73
56.378;0.22;-0.08;-0.09;0.42;1.91;-0.73
56.381;0.22;-0.08;-0.09;0.6;1.89;-0.72
56.387;0.14;-0.11;-0.31;0.6;1.89;-0.72
56.39;0.14;-0.11;-0.31;0.59;1.98;-0.69
56.396;0.15;-0.08;-0.53;0.59;1.98;-0.69
56.4;0.15;-0.08;-0.53;0.47;1.89;-0.61
56.406;0.34;0.05;-0.52;0.47;1.89;-0.61
56.41;0.34;0.05;-0.52;0.41;1.41;-0.56
56.428;0.69;0.12;-0.13;0.41;1.41;-0.56
56.429;0.69;0.12;-0.13;0.54;0.65;-0.55
56.431;1.16;-0.2;-0.01;0.54;0.65;-0.55
56.431;1.16;-0.2;-0.01;0.47;0.06;-0.41
56.462;1.39;-0.34;0.47;0.47;0.06;-0.41
56.464;1.39;-0.34;0.47;-0.06;-0.43;-0.04
56.465;1.52;-0.62;0.08;-0.06;-0.43;-0.04
56.466;1.52;-0.62;0.08;-0.5;-0.55;0.01
56.467;0.91;-0.78;-0.34;-0.5;-0.55;0.01
56.468;0.91;-0.78;-0.34;-0.92;-1.94;-0.3
56.47;0.6;-0.56;0.26;-0.92;-1.94;-0.3
56.472;0.6;-0.56;0.26;-1.24;-2.75;-0.63
56.476;-0.73;-0.36;1.61;-1.24;-2.75;-0.63
56.485;-0.73;-0.36;1.61;-1.26;-4.06;-0.68
56.488;-1.87;0.6;3.56;-1.26;-4.06;-0.68
56.49;-1.87;0.6;3.56;-0.77;-5.41;-0.44
56.496;-1.48;1.24;4.0;-0.77;-5.41;-0.44
56.501;-1.48;1.24;4.0;-0.25;-4.45;-0.33
56.506;-1.29;0.9;3.97;-0.25;-4.45;-0.33
56.511;-1.29;0.9;3.97;0.24;-2.08;-0.46
56.527;-0.94;0.36;2.96;0.24;-2.08;-0.46
56.528;-0.94;0.36;2.96;0.53;-0.51;-0.66
56.53;-0.88;0.82;2.62;0.53;-0.51;-0.66
56.531;-0.88;0.82;2.62;0.58;0.14;-0.81
56.562;-0.39;0.62;1.96;0.58;0.14;-0.81
56.564;-0.39;0.62;1.96;0.55;0.82;-1.19
56.565;-0.23;0.42;1.45;0.55;0.82;-1.19
56.566;-0.23;0.42;1.45;0.39;1.16;-1.59
56.567;-0.22;0.26;1.15;0.39;1.16;-1.59
56.568;-0.22;0.26;1.15;0.3;1.08;-1.92
56.569;-0.18;0.1;1.09;0.3;1.08;-1.92
56.57;-0.18;0.1;1.09;0.29;0.77;-2.07
56.576;-0.41;0.0;1.11;0.29;0.77;-2.07
56.583;-0.41;0.0;1.11;0.41;0.56;-2.02
56.587;-0.39;-0.09;1.16;0.41;0.56;-2.02
56.59;-0.39;-0.09;1.16;0.61;0.33;-1.85
56.596;-0.36;-0.23;1.1;0.61;0.33;-1.85
56.6;-0.36;-0.23;1.1;0.76;0.19;-1.72
56.606;-0.37;-0.38;1.05;0.76;0.19;-1.72
56.611;-0.37;-0.38;1.05;0.79;0.18;-1.66
56.629;-0.31;-0.49;0.97;0.79;0.18;-1.66
56.63;-0.31;-0.49;0.97;0.72;0.27;-1.58
56.631;-0.24;-0.57;0.83;0.72;0.27;-1.58
56.632;-0.24;-0.57;0.83;0.57;0.41;-1.46
56.636;-0.25;-0.62;0.71;0.57;0.41;-1.46
56.641;-0.25;-0.62;0.71;0.35;0.59;-1.25
56.661;-0.2;-0.59;0.67;0.35;0.59;-1.25
56.664;-0.2;-0.59;0.67;0.1;0.8;-0.93
56.665;-0.18;-0.59;0.33;0.1;0.8;-0.93
56.666;-0.18;-0.59;0.33;-0.15;1.15;-0.59
56.668;-0.15;-0.49;0.3;-0.15;1.15;-0.59
56.671;-0.15;-0.49;0.3;-0.34;1.17;-0.24
56.676;-0.06;-0.34;0.27;-0.34;1.17;-0.24
56.681;-0.06;-0.34;0.27;-0.48;1.33;0.05
56.687;0.05;-0.14;0.21;-0.48;1.33;0.05
56.69;0.05;-0.14;0.21;-0.52;1.52;0.24
56.698;0.17;-0.02;0.14;-0.52;1.52;0.24
56.701;0.17;-0.02;0.14;-0.47;1.69;0.37
56.706;0.24;0.05;0.0;-0.47;1.69;0.37
56.71;0.24;0.05;0.0;-0.38;1.8;0.39
56.729;0.27;0.08;-0.17;-0.38;1.8;0.39
56.731;0.27;0.08;-0.17;-0.17;1.84;0.34
56.732;0.24;0.22;-0.27;-0.17;1.84;0.34
56.733;0.24;0.22;-0.27;0.01;1.76;0.39
56.736;0.27;-0.01;-0.51;0.01;1.76;0.39
56.74;0.27;-0.01;-0.51;0.1;1.54;0.32
56.771;0.19;0.07;-0.75;0.1;1.54;0.32
56.772;0.19;0.07;-0.75;0.08;0.9;0.33
56.773;0.43;0.0;-0.7;0.08;0.9;0.33
56.774;0.43;0.0;-0.7;-0.08;0.31;0.31
56.775;0.8;-0.02;-0.05;-0.08;0.31;0.31
56.775;0.8;-0.02;-0.05;-0.12;-0.14;0.1
56.778;1.16;0.07;0.25;-0.12;-0.14;0.1
56.782;1.16;0.07;0.25;0.17;-0.23;-0.32
56.786;1.76;0.37;0.52;0.17;-0.23;-0.32
56.79;1.76;0.37;0.52;0.46;-1.25;-0.49
56.798;2.08;0.69;0.49;0.46;-1.25;-0.49
56.8;2.08;0.69;0.49;0.53;-2.86;-0.49
56.806;1.56;0.76;-0.05;0.53;-2.86;-0.49
56.81;1.56;0.76;-0.05;0.34;-3.99;-0.27
56.825;0.42;0.46;0.03;0.34;-3.99;-0.27
56.827;0.42;0.46;0.03;0.51;-5.25;0.19
56.83;-1.04;-0.39;0.83;0.51;-5.25;0.19
56.831;-1.04;-0.39;0.83;1.06;-8.08;0.81
56.861;-3.65;-1.88;3.29;1.06;-8.08;0.81
56.862;-3.65;-1.88;3.29;0.56;-7.61;0.68
56.864;-1.62;-1.22;4.0;0.56;-7.61;0.68
56.864;-1.62;-1.22;4.0;-0.24;-3.36;0.44
56.867;-1.59;-0.91;4.0;-0.24;-3.36;0.44
56.868;-1.59;-0.91;4.0;-0.39;0.03;0.76
56.868;-1.24;-0.65;3.89;-0.39;0.03;0.76
56.871;-1.24;-0.65;3.89;-0.42;1.78;0.97
56.877;-1.33;-0.69;2.57;-0.42;1.78;0.97
56.881;-1.33;-0.69;2.57;-0.33;2.64;1.35
56.886;-0.51;-0.5;1.86;-0.33;2.64;1.35
56.891;-0.51;-0.5;1.86;-0.32;2.98;1.65
56.898;-0.03;-0.23;1.1;-0.32;2.98;1.65
56.901;-0.03;-0.23;1.1;-0.5;2.67;1.74
56.906;-0.17;-0.33;0.71;-0.5;2.67;1.74
56.911;-0.17;-0.33;0.71;-0.66;1.81;1.89
56.918;-0.31;-0.12;0.48;-0.66;1.81;1.89
56.921;-0.31;-0.12;0.48;-0.71;0.76;1.92
56.926;-0.13;0.03;0.83;-0.71;0.76;1.92
56.946;-0.13;0.03;0.83;-0.67;0.32;1.78
56.948;-0.16;0.15;1.03;-0.67;0.32;1.78
56.949;-0.16;0.15;1.03;-0.57;0.27;1.66
56.951;-0.17;0.23;1.05;-0.57;0.27;1.66
56.953;-0.17;0.23;1.05;-0.38;0.3;1.58
56.957;-0.15;0.34;1.07;-0.38;0.3;1.58
56.96;-0.15;0.34;1.07;-0.13;0.48;1.55
56.978;-0.06;0.43;1.0;-0.13;0.48;1.55
56.981;-0.06;0.43;1.0;0.11;0.7;1.45
56.982;0.15;0.54;0.6;0.11;0.7;1.45
56.983;0.15;0.54;0.6;0.29;0.91;1.23
56.986;0.15;0.6;0.6;0.29;0.91;1.23
56.991;0.15;0.6;0.6;0.39;1.09;0.91
56.999;0.24;0.52;0.32;0.39;1.09;0.91
57.001;0.24;0.52;0.32;0.42;1.29;0.59
57.006;0.24;0.43;0.18;0.42;1.29;0.59
57.011;0.24;0.43;0.18;0.4;1.56;0.41
57.016;0.28;0.34;0.02;0.4;1.56;0.41
57.021;0.28;0.34;0.02;0.36;1.77;0.29
57.026;0.34;0.23;-0.1;0.36;1.77;0.29
57.049;0.34;0.23;-0.1;0.34;1.88;0.18
57.051;0.4;0.19;-0.23;0.34;1.88;0.18
57.052;0.4;0.19;-0.23;0.34;1.76;0.08
57.053;0.41;0.08;-0.32;0.34;1.76;0.08
57.054;0.41;0.08;-0.32;0.35;1.52;-0.04
57.056;0.27;-0.13;-0.38;0.35;1.52;-0.04
57.061;0.27;-0.13;-0.38;0.34;1.39;-0.24
57.088;0.3;0.13;-0.32;0.34;1.39;-0.24
57.089;0.3;0.13;-0.32;0.35;1.23;-0.35
57.091;0.66;0.11;-0.19;0.35;1.23;-0.35
57.091;0.66;0.11;-0.19;0.64;0.8;-0.16
57.092;0.99;-0.28;-0.14;0.64;0.8;-0.16
57.093;0.99;-0.28;-0.14;0.7;0.25;0.06
57.099;1.48;-0.65;-0.07;0.7;0.25;0.06
57.102;1.48;-0.65;-0.07;0.26;-0.44;0.44
57.106;0.94;-0.4;0.32;0.26;-0.44;0.44
57.111;0.94;-0.4;0.32;-0.23;-1.34;0.58
57.132;1.39;-1.17;-0.3;-0.23;-1.34;0.58
57.134;1.39;-1.17;-0.3;-0.55;-2.01;0.21
57.135;0.7;-0.89;0.32;-0.55;-2.01;0.21
57.136;0.7;-0.89;0.32;-1.13;-3.66;-0.11
57.141;0.16;-0.36;1.35;-1.13;-3.66;-0.11
57.142;0.16;-0.36;1.35;-1.23;-4.7;-0.13
57.174;-1.91;0.11;3.28;-1.23;-4.7;-0.13
57.176;-1.91;0.11;3.28;-0.59;-5.38;0.18
57.178;-1.59;1.42;4.0;-0.59;-5.38;0.18
57.179;-1.59;1.42;4.0;-0.04;-5.69;0.51
57.182;-1.28;1.09;4.0;-0.04;-5.69;0.51
57.183;-1.28;1.09;4.0;0.11;-3.26;0.12
57.185;-1.28;0.54;3.68;0.11;-3.26;0.12
57.187;-1.28;0.54;3.68;0.36;-1.02;-0.15
57.2;-0.67;0.3;2.4;0.36;-1.02;-0.15
57.202;-0.67;0.3;2.4;0.36;0.24;-0.27
57.203;-0.58;0.7;2.14;0.36;0.24;-0.27
57.204;-0.58;0.7;2.14;0.27;0.9;-0.52
57.207;-0.21;0.48;1.59;0.27;0.9;-0.52
57.211;-0.21;0.48;1.59;0.16;1.44;-1.07
57.219;-0.13;0.48;1.11;0.16;1.44;-1.07
57.222;-0.13;0.48;1.11;0.04;1.48;-1.47
57.226;-0.12;0.37;0.95;0.04;1.48;-1.47
57.246;-0.12;0.37;0.95;0.08;1.04;-1.75
57.248;-0.31;0.21;1.07;0.08;1.04;-1.75
57.249;-0.31;0.21;1.07;0.22;0.59;-1.88
57.251;-0.35;0.05;1.17;0.22;0.59;-1.88
57.252;-0.35;0.05;1.17;0.4;0.22;-1.84
57.257;-0.49;-0.12;1.25;0.4;0.22;-1.84
57.26;-0.49;-0.12;1.25;0.55;0.04;-1.79
57.281;-0.52;-0.23;1.29;0.55;0.04;-1.79
57.283;-0.52;-0.23;1.29;0.62;0.07;-1.74
57.284;-0.57;-0.32;1.15;0.62;0.07;-1.74
57.286;-0.57;-0.32;1.15;0.61;0.36;-1.68
57.287;-0.41;-0.31;1.1;0.61;0.36;-1.68
57.29;-0.41;-0.31;1.1;0.5;0.72;-1.59
57.297;-0.31;-0.29;0.81;0.5;0.72;-1.59
57.3;-0.31;-0.29;0.81;0.31;1.17;-1.41
57.306;-0.16;-0.26;0.59;0.31;1.17;-1.41
57.311;-0.16;-0.26;0.59;0.1;1.42;-1.11
57.316;-0.03;-0.31;0.42;0.1;1.42;-1.11
57.32;-0.03;-0.31;0.42;-0.13;1.48;-0.77
57.326;0.06;-0.4;0.36;-0.13;1.48;-0.77
57.344;0.06;-0.4;0.36;-0.32;1.55;-0.42
57.347;0.14;-0.44;0.19;-0.32;1.55;-0.42
57.348;0.14;-0.44;0.19;-0.45;1.77;-0.14
57.349;0.16;-0.46;0.19;-0.45;1.77;-0.14
57.35;0.16;-0.46;0.19;-0.55;1.84;0.07
57.356;0.18;-0.45;-0.07;-0.55;1.84;0.07
57.36;0.18;-0.45;-0.07;-0.65;1.82;0.23
57.376;0.25;-0.41;-0.14;-0.65;1.82;0.23
57.378;0.25;-0.41;-0.14;-0.68;1.89;0.33
57.379;0.28;-0.34;-0.39;-0.68;1.89;0.33
57.381;0.28;-0.34;-0.39;-0.47;1.82;0.44
57.391;0.25;-0.25;-0.61;-0.47;1.82;0.44
57.393;0.25;-0.25;-0.61;-0.32;1.25;0.5
57.405;0.29;-0.18;-0.7;-0.32;1.25;0.5
57.408;0.29;-0.18;-0.7;-0.21;0.75;0.54
57.411;0.22;0.06;-0.71;-0.21;0.75;0.54
57.412;0.22;0.06;-0.71;-0.11;0.56;0.65
57.429;0.22;0.06;-0.71;-0.41;0.48;0.64
57.431;0.54;-0.16;-0.48;-0.41;0.48;0.64
57.432;0.54;-0.16;-0.48;-0.59;0.06;0.6
57.436;0.9;-0.08;0.01;-0.59;0.06;0.6
57.441;0.9;-0.08;0.01;-0.45;-0.54;0.42
57.461;1.39;0.13;0.55;-0.45;-0.54;0.42
57.462;1.39;0.13;0.55;-0.02;-1.22;0.18
57.463;2.15;0.46;0.8;-0.02;-1.22;0.18
57.464;2.15;0.46;0.8;0.46;-2.3;-0.06
57.466;2.48;0.89;0.83;0.46;-2.3;-0.06
57.47;2.48;0.89;0.83;0.64;-3.98;-0.1
57.476;0.95;0.87;0.51;0.64;-3.98;-0.1
57.48;0.95;0.87;0.51;0.68;-5.3;0.58
57.486;-1.01;0.14;1.19;0.68;-5.3;0.58
57.49;-1.01;0.14;1.19;0.88;-5.85;1.28
57.496;-3.72;-1.55;3.3;0.88;-5.85;1.28
57.5;-3.72;-1.55;3.3;0.62;-6.91;1.22
57.506;-2.38;-1.48;4.0;0.62;-6.91;1.22
57.51;-2.38;-1.48;4.0;-0.21;-4.03;0.72
57.516;-1.74;-0.58;4.0;-0.21;-4.03;0.72
57.52;-1.74;-0.58;4.0;-0.52;0.43;0.77
57.526;-1.54;-0.87;3.53;-0.52;0.43;0.77
57.541;-1.54;-0.87;3.53;-0.87;2.54;0.8
57.543;-1.38;-0.54;2.77;-0.87;2.54;0.8
57.544;-1.38;-0.54;2.77;-0.82;3.79;1.09
57.574;-0.57;-0.44;1.67;-0.82;3.79;1.09
57.576;-0.57;-0.44;1.67;-0.83;4.15;1.62
57.578;-0.33;-0.5;0.7;-0.83;4.15;1.62
57.579;-0.33;-0.5;0.7;-0.83;3.35;2.11
57.581;0.35;-0.33;0.3;-0.83;3.35;2.11
57.582;0.35;-0.33;0.3;-0.8;2.26;2.18
57.584;0.18;-0.05;0.01;-0.8;2.26;2.18
57.584;0.18;-0.05;0.01;-0.81;1.13;2.13
57.588;0.33;0.31;0.15;-0.81;1.13;2.13
57.591;0.33;0.31;0.15;-0.79;0.33;1.84
57.601;0.27;0.51;0.42;-0.79;0.33;1.84
57.602;0.27;0.51;0.42;-0.62;-0.18;1.51
57.606;0.25;0.67;0.61;-0.62;-0.18;1.51
57.612;0.25;0.67;0.61;-0.32;-0.51;1.19
57.632;0.06;0.84;0.78;-0.32;-0.51;1.19
57.634;0.06;0.84;0.78;0.03;-0.51;0.94
57.635;-0.05;0.89;0.92;0.03;-0.51;0.94
57.636;-0.05;0.89;0.92;0.35;-0.24;0.73
57.638;0.03;0.71;0.71;0.35;-0.24;0.73
57.642;0.03;0.71;0.71;0.5;0.11;0.44
57.669;0.01;0.55;0.6;0.5;0.11;0.44
57.671;0.01;0.55;0.6;0.51;0.5;0.17
57.672;-0.01;0.32;0.44;0.51;0.5;0.17
57.673;-0.01;0.32;0.44;0.42;0.93;-0.04
57.674;0.14;-0.33;0.15;0.42;0.93;-0.04
57.675;0.14;-0.33;0.15;0.28;1.3;-0.18
57.677;0.02;0.28;0.41;0.28;1.3;-0.18
57.681;0.02;0.28;0.41;0.03;1.67;-0.26
57.686;0.14;0.07;0.16;0.03;1.67;-0.26
57.691;0.14;0.07;0.16;0.23;1.98;-0.2
57.697;0.19;-0.02;-0.19;0.23;1.98;-0.2
57.701;0.19;-0.02;-0.19;0.39;1.98;-0.24
57.706;0.24;-0.09;-0.34;0.39;1.98;-0.24
57.712;0.24;-0.09;-0.34;0.33;1.85;-0.31
57.732;0.16;-0.08;-0.4;0.33;1.85;-0.31
57.734;0.16;-0.08;-0.4;0.33;1.64;-0.35
57.735;0.53;0.08;-0.24;0.33;1.64;-0.35
57.737;0.53;0.08;-0.24;0.55;1.37;-0.39
57.738;0.81;-0.17;0.0;0.55;1.37;-0.39
57.74;0.81;-0.17;0.0;0.79;0.72;-0.42
57.766;1.47;-0.65;0.26;0.79;0.72;-0.42
57.768;1.47;-0.65;0.26;0.45;0.06;-0.02
57.769;2.05;-0.79;0.25;0.45;0.06;-0.02
57.77;2.05;-0.79;0.25;-0.31;-0.75;0.5
57.771;1.68;-1.09;-0.13;-0.31;-0.75;0.5
57.772;1.68;-1.09;-0.13;-0.94;-2.15;0.26
57.776;0.84;-0.88;0.11;-0.94;-2.15;0.26
57.781;0.84;-0.88;0.11;-1.53;-3.34;-0.41
57.788;-0.7;-0.68;1.97;-1.53;-3.34;-0.41
57.791;-0.7;-0.68;1.97;-1.59;-4.68;-0.53
57.796;-2.25;0.69;3.95;-1.59;-4.68;-0.53
57.801;-2.25;0.69;3.95;-0.75;-5.94;-0.03
57.807;-1.74;1.38;4.0;-0.75;-5.94;-0.03
57.81;-1.74;1.38;4.0;0.03;-4.74;0.08
57.826;-1.47;1.07;4.0;0.03;-4.74;0.08
57.829;-1.47;1.07;4.0;0.5;-2.15;-0.1
57.831;-0.95;0.46;2.77;0.5;-2.15;-0.1
57.833;-0.95;0.46;2.77;0.61;-0.19;-0.25
57.836;-0.87;1.07;2.29;0.61;-0.19;-0.25
57.84;-0.87;1.07;2.29;0.49;0.55;-0.37
57.862;-0.27;0.79;1.73;0.49;0.55;-0.37
57.864;-0.27;0.79;1.73;0.31;1.29;-0.98
57.865;0.03;0.49;1.25;0.31;1.29;-0.98
57.866;0.03;0.49;1.25;0.15;1.62;-1.59
57.867;-0.21;0.33;0.99;0.15;1.62;-1.59
57.871;-0.21;0.33;0.99;0.12;1.52;-2.08
57.876;-0.23;0.25;0.8;0.12;1.52;-2.08
57.881;-0.23;0.25;0.8;0.14;1.03;-2.28
57.886;-0.23;0.05;1.08;0.14;1.03;-2.28
57.89;-0.23;0.05;1.08;0.34;0.4;-2.28
57.896;-0.32;-0.14;1.19;0.34;0.4;-2.28
57.9;-0.32;-0.14;1.19;0.59;0.08;-2.13
57.906;-0.41;-0.35;1.28;0.59;0.08;-2.13
57.91;-0.41;-0.35;1.28;0.83;-0.09;-1.95
57.925;-0.48;-0.53;1.26;0.83;-0.09;-1.95
57.927;-0.48;-0.53;1.26;0.96;-0.03;-1.76
57.928;-0.45;-0.6;1.13;0.96;-0.03;-1.76
57.962;-0.45;-0.6;1.13;0.94;0.23;-1.58
57.964;-0.36;-0.56;0.97;0.94;0.23;-1.58
57.965;-0.36;-0.56;0.97;0.82;0.52;-1.37
57.967;-0.28;-0.48;0.76;0.82;0.52;-1.37
57.97;-0.28;-0.48;0.76;0.58;0.86;-1.13
57.971;-0.17;-0.39;0.53;0.58;0.86;-1.13
57.973;-0.17;-0.39;0.53;0.29;1.1;-0.81
57.974;-0.07;-0.37;0.41;0.29;1.1;-0.81
57.975;-0.07;-0.37;0.41;0.0;1.22;-0.5
57.982;-0.07;-0.37;0.41;-0.26;1.46;-0.22
57.987;0.0;-0.34;0.15;-0.26;1.46;-0.22
57.99;0.0;-0.34;0.15;-0.48;1.84;-0.03
57.999;0.07;-0.28;0.01;-0.48;1.84;-0.03
58.0;0.07;-0.28;0.01;-0.6;1.96;0.11
58.006;0.13;-0.22;-0.09;-0.6;1.96;0.11
58.012;0.13;-0.22;-0.09;-0.6;1.89;0.2
58.016;0.17;-0.21;-0.15;-0.6;1.89;0.2
58.02;0.17;-0.21;-0.15;-0.45;1.88;0.22
58.026;0.21;-0.17;-0.24;-0.45;1.88;0.22
58.04;0.21;-0.17;-0.24;-0.25;2.11;0.26
58.042;0.19;-0.15;-0.55;-0.25;2.11;0.26
58.043;0.19;-0.15;-0.55;-0.09;1.65;0.35
58.076;0.23;-0.09;-0.71;-0.09;1.65;0.35
58.077;0.23;-0.09;-0.71;0.1;1.0;0.48
58.078;0.21;0.16;-0.55;0.1;1.0;0.48
58.079;0.21;0.16;-0.55;0.09;0.56;0.55
58.08;0.31;-0.09;-0.61;0.09;0.56;0.55
58.081;0.31;-0.09;-0.61;-0.21;0.16;0.46
58.082;0.48;-0.17;-0.58;-0.21;0.16;0.46
58.083;0.48;-0.17;-0.58;-0.46;0.28;0.51
58.086;0.92;-0.07;-0.13;-0.46;0.28;0.51
58.09;0.92;-0.07;-0.13;-0.48;-0.14;0.35
58.099;1.4;0.25;0.3;-0.48;-0.14;0.35
58.101;1.4;0.25;0.3;-0.11;-1.15;0.02
58.128;1.4;0.25;0.3;0.39;-2.2;-0.31
58.131;2.54;0.85;0.86;0.39;-2.2;-0.31
58.132;2.54;0.85;0.86;0.67;-3.91;-0.25
58.133;1.25;1.0;0.54;0.67;-3.91;-0.25
58.134;1.25;1.0;0.54;0.83;-5.57;0.38
58.136;-0.22;0.49;0.81;0.83;-5.57;0.38
58.14;-0.22;0.49;0.81;1.01;-6.55;0.95
58.163;-3.52;-1.33;2.99;1.01;-6.55;0.95
58.17;-3.52;-1.33;2.99;0.8;-7.7;0.98
58.173;-2.54;-1.65;4.0;0.8;-7.7;0.98
58.175;-2.54;-1.65;4.0;0.01;-4.91;0.38
58.177;-1.8;-1.09;4.0;0.01;-4.91;0.38
58.178;-1.8;-1.09;4.0;-0.55;-0.15;0.39
58.181;-1.48;-0.58;3.83;-0.55;-0.15;0.39
58.182;-1.48;-0.58;3.83;-0.89;2.55;0.42
58.187;-1.63;-0.58;2.78;-0.89;2.55;0.42
58.19;-1.63;-0.58;2.78;-0.89;3.67;0.73
58.212;-0.73;-0.59;1.62;-0.89;3.67;0.73
58.214;-0.73;-0.59;1.62;-0.75;4.04;1.29
58.215;-0.1;-0.52;1.0;-0.75;4.04;1.29
58.216;-0.1;-0.52;1.0;-0.61;3.69;1.84
58.217;-0.14;-0.46;0.55;-0.61;3.69;1.84
58.221;-0.14;-0.46;0.55;-0.64;2.88;2.27
58.248;0.0;-0.12;-0.1;-0.64;2.88;2.27
58.25;0.0;-0.12;-0.1;-0.64;1.41;2.24
58.251;0.23;0.08;0.13;-0.64;1.41;2.24
58.252;0.23;0.08;0.13;-0.69;0.49;1.95
58.253;0.27;0.24;0.32;-0.69;0.49;1.95
58.254;0.27;0.24;0.32;-0.7;0.04;1.64
58.257;0.17;0.41;0.58;-0.7;0.04;1.64
58.261;0.17;0.41;0.58;-0.49;-0.28;1.37
58.266;0.16;0.65;0.69;-0.49;-0.28;1.37
58.27;0.16;0.65;0.69;-0.19;-0.42;1.12
58.278;0.13;0.86;0.75;-0.19;-0.42;1.12
58.28;0.13;0.86;0.75;0.17;-0.35;0.9
58.286;0.13;0.97;0.61;0.17;-0.35;0.9
58.29;0.13;0.97;0.61;0.44;-0.08;0.66
58.298;0.21;0.87;0.47;0.44;-0.08;0.66
58.3;0.21;0.87;0.47;0.51;0.26;0.35
58.306;0.12;0.64;0.44;0.51;0.26;0.35
58.314;0.12;0.64;0.44;0.48;0.66;0.06
58.316;0.08;0.33;0.33;0.48;0.66;0.06
58.32;0.08;0.33;0.33;0.47;0.96;-0.17
58.341;0.24;-0.34;0.02;0.47;0.96;-0.17
58.343;0.24;-0.34;0.02;0.41;1.26;-0.38
58.343;0.1;0.3;0.18;0.41;1.26;-0.38
58.345;0.1;0.3;0.18;0.13;1.58;-0.58
58.375;0.13;0.09;0.04;0.13;1.58;-0.58
58.377;0.13;0.09;0.04;0.29;1.56;-0.54
58.378;0.13;0.09;0.04;0.44;1.57;-0.54
58.379;0.15;-0.13;-0.4;0.44;1.57;-0.54
58.379;0.15;-0.13;-0.4;0.39;1.35;-0.54
58.38;0.23;-0.06;-0.29;0.39;1.35;-0.54
58.381;0.23;-0.06;-0.29;0.41;1.12;-0.49
58.386;0.6;-0.03;-0.09;0.41;1.12;-0.49
58.391;0.6;-0.03;-0.09;0.68;0.7;-0.51
58.396;0.94;-0.34;0.06;0.68;0.7;-0.51
58.4;0.94;-0.34;0.06;0.72;0.08;-0.4
58.406;1.6;-0.67;0.2;0.72;0.08;-0.4
58.424;1.6;-0.67;0.2;0.29;-0.62;0.0
58.426;1.98;-0.88;0.01;0.29;-0.62;0.0
58.427;1.98;-0.88;0.01;-0.33;-1.67;0.26
58.428;1.52;-1.14;-0.25;-0.33;-1.67;0.26
58.458;1.52;-1.14;-0.25;-1.04;-3.15;0.02
58.463;0.56;-0.86;0.29;-1.04;-3.15;0.02
58.464;0.56;-0.86;0.29;-1.73;-4.46;-0.44
58.466;-1.82;-0.66;2.87;-1.73;-4.46;-0.44
58.468;-1.82;-0.66;2.87;-1.73;-5.35;-0.36
58.469;-2.33;1.25;4.0;-1.73;-5.35;-0.36
58.47;-2.33;1.25;4.0;-0.8;-6.53;0.14
58.472;-1.52;1.25;4.0;-0.8;-6.53;0.14
58.473;-1.52;1.25;4.0;-0.16;-3.97;0.02
58.477;-1.35;0.56;3.67;-0.16;-3.97;0.02
58.48;-1.35;0.56;3.67;0.36;-1.35;-0.06
58.486;-1.12;0.88;3.12;0.36;-1.35;-0.06
58.49;-1.12;0.88;3.12;0.44;-1.35;-0.15
58.496;-0.54;0.8;2.11;0.44;-1.35;-0.15
58.5;-0.54;0.8;2.11;0.45;1.07;-0.59
58.506;-0.05;0.72;1.64;0.45;1.07;-0.59
58.526;-0.05;0.72;1.64;0.23;1.6;-1.15
58.528;0.08;0.53;1.21;0.23;1.6;-1.15
58.529;0.08;0.53;1.21;0.01;1.76;-1.73
58.53;-0.12;0.31;0.95;0.01;1.76;-1.73
58.531;-0.12;0.31;0.95;-0.1;1.54;-2.26
58.536;-0.11;0.15;0.96;-0.1;1.54;-2.26
58.54;-0.11;0.15;0.96;-0.02;1.05;-2.47
58.561;-0.28;0.06;1.04;-0.02;1.05;-2.47
58.563;-0.28;0.06;1.04;0.2;0.58;-2.37
58.564;-0.3;-0.11;0.99;0.2;0.58;-2.37
58.565;-0.3;-0.11;0.99;0.45;0.34;-2.17
58.567;-0.28;-0.31;0.91;0.45;0.34;-2.17
58.571;-0.28;-0.31;0.91;0.64;0.24;-1.97
58.578;-0.39;-0.53;0.75;0.64;0.24;-1.97
58.581;-0.39;-0.53;0.75;0.67;0.33;-1.76
58.587;-0.35;-0.71;0.74;0.67;0.33;-1.76
58.591;-0.35;-0.71;0.74;0.54;0.47;-1.54
58.597;-0.36;-0.72;0.7;0.54;0.47;-1.54
58.601;-0.36;-0.72;0.7;0.39;0.68;-1.25
58.606;-0.28;-0.64;0.55;0.39;0.68;-1.25
58.611;-0.28;-0.64;0.55;0.22;0.95;-0.86
58.616;-0.16;-0.53;0.45;0.22;0.95;-0.86
58.62;-0.16;-0.53;0.45;0.02;1.16;-0.43
58.639;-0.07;-0.44;0.33;0.02;1.16;-0.43
58.642;-0.07;-0.44;0.33;-0.19;1.41;-0.06
58.643;-0.01;-0.36;0.24;-0.19;1.41;-0.06
58.644;-0.01;-0.36;0.24;-0.38;1.63;0.21
58.674;0.1;-0.29;0.16;-0.38;1.63;0.21
58.676;0.1;-0.29;0.16;-0.47;1.78;0.39
58.681;0.18;-0.24;0.0;-0.47;1.78;0.39
58.683;0.18;-0.24;0.0;-0.53;2.01;0.51
58.684;0.28;-0.19;-0.14;-0.53;2.01;0.51
58.687;0.28;-0.19;-0.14;-0.51;2.1;0.54
58.688;0.29;0.06;-0.25;-0.51;2.1;0.54
58.689;0.29;0.06;-0.25;-0.39;1.89;0.64
58.692;0.42;-0.14;-0.62;-0.39;1.89;0.64
58.693;0.42;-0.14;-0.62;-0.31;1.44;0.63
58.698;0.31;-0.03;-0.61;-0.31;1.44;0.63
58.7;0.31;-0.03;-0.61;-0.21;1.1;0.56
58.706;0.44;-0.11;-0.85;-0.21;1.1;0.56
58.725;0.44;-0.11;-0.85;-0.35;0.65;0.49
58.727;0.38;-0.11;-0.63;-0.35;0.65;0.49
58.729;0.38;-0.11;-0.63;-0.55;0.28;0.55
58.73;0.6;-0.04;0.03;-0.55;0.28;0.55
58.731;0.6;-0.04;0.03;-0.41;-0.12;0.42
58.737;1.69;0.2;0.33;-0.41;-0.12;0.42
58.74;1.69;0.2;0.33;-0.03;-1.33;0.15
58.76;2.2;0.62;0.73;-0.03;-1.33;0.15
58.762;2.2;0.62;0.73;0.45;-2.31;-0.13
58.763;2.05;0.89;0.57;0.45;-2.31;-0.13
58.764;2.05;0.89;0.57;0.61;-3.37;-0.14
58.766;0.8;0.89;0.36;0.61;-3.37;-0.14
58.771;0.8;0.89;0.36;0.72;-4.07;0.33
58.779;-0.17;0.47;0.62;0.72;-4.07;0.33
58.781;-0.17;0.47;0.62;1.28;-5.95;0.82
58.786;-3.19;-1.29;1.97;1.28;-5.95;0.82
58.791;-3.19;-1.29;1.97;0.98;-8.41;1.0
58.796;-2.4;-1.62;4.0;0.98;-8.41;1.0
58.8;-2.4;-1.62;4.0;0.03;-5.15;0.57
58.806;-1.68;-1.04;4.0;0.03;-5.15;0.57
58.823;-1.68;-1.04;4.0;-0.35;-0.76;0.75
58.825;-1.56;-0.85;3.92;-0.35;-0.76;0.75
58.827;-1.56;-0.85;3.92;-0.59;1.67;0.89
58.829;-1.4;-0.5;3.41;-0.59;1.67;0.89
58.855;-1.4;-0.5;3.41;-0.6;3.23;1.06
58.857;-0.72;-0.47;2.04;-0.6;3.23;1.06
58.858;-0.72;-0.47;2.04;-0.58;3.78;1.37
58.859;-0.5;-0.5;1.27;-0.58;3.78;1.37
58.862;-0.5;-0.5;1.27;-0.49;3.42;1.84
58.863;-0.06;-0.34;0.73;-0.49;3.42;1.84
58.864;-0.06;-0.34;0.73;-0.45;2.61;2.07
58.869;0.06;-0.17;0.32;-0.45;2.61;2.07
58.87;0.06;-0.17;0.32;-0.53;1.66;2.08
58.881;0.11;0.01;0.27;-0.53;1.66;2.08
58.883;0.11;0.01;0.27;-0.59;0.79;1.89
58.886;0.2;0.24;0.48;-0.59;0.79;1.89
58.89;0.2;0.24;0.48;-0.56;0.32;1.65
58.896;0.18;0.45;0.58;-0.56;0.32;1.65
58.9;0.18;0.45;0.58;-0.44;0.07;1.44
58.906;0.13;0.65;0.78;-0.44;0.07;1.44
58.922;0.13;0.65;0.78;-0.15;-0.01;1.27
58.925;0.16;0.79;0.74;-0.15;-0.01;1.27
58.927;0.16;0.79;0.74;0.12;0.0;1.05
58.928;0.16;0.87;0.64;0.12;0.0;1.05
58.959;0.16;0.87;0.64;0.29;0.12;0.78
58.96;0.24;0.75;0.41;0.29;0.12;0.78
58.962;0.24;0.75;0.41;0.31;0.42;0.47
58.963;0.22;0.52;0.23;0.31;0.42;0.47
58.964;0.22;0.52;0.23;0.25;0.71;0.12
58.965;0.19;0.34;0.32;0.25;0.71;0.12
58.967;0.19;0.34;0.32;0.23;0.85;-0.19
58.968;0.15;-0.2;0.09;0.23;0.85;-0.19
58.97;0.15;-0.2;0.09;0.25;1.22;-0.4
58.978;0.12;0.25;0.08;0.25;1.22;-0.4
58.983;0.12;0.25;0.08;0.08;1.49;-0.61
58.986;0.19;0.09;0.03;0.08;1.49;-0.61
58.99;0.19;0.09;0.03;0.12;1.41;-0.61
58.997;0.17;0.04;-0.22;0.12;1.41;-0.61
59.0;0.17;0.04;-0.22;0.33;1.46;-0.55
59.007;0.21;0.01;-0.31;0.33;1.46;-0.55
59.012;0.21;0.01;-0.31;0.44;1.4;-0.53
59.017;0.56;0.15;-0.15;0.44;1.4;-0.53
59.02;0.56;0.15;-0.15;0.55;1.13;-0.55
59.042;0.9;-0.09;0.03;0.55;1.13;-0.55
59.043;0.9;-0.09;0.03;0.66;0.5;-0.56
59.045;1.44;-0.51;0.16;0.66;0.5;-0.56
59.046;1.44;-0.51;0.16;0.37;-0.11;-0.27
59.05;1.4;-0.65;0.36;0.37;-0.11;-0.27
59.051;1.4;-0.65;0.36;-0.2;-0.53;0.0
59.073;1.4;-0.65;0.36;-0.86;-1.65;-0.19
59.074;0.7;-1.0;-0.17;-0.86;-1.65;-0.19
59.076;0.7;-1.0;-0.17;-1.46;-3.26;-0.51
59.078;-0.47;-0.84;1.81;-1.46;-3.26;-0.51
59.085;-0.47;-0.84;1.81;-1.79;-5.22;-0.6
59.087;-2.23;0.31;3.96;-1.79;-5.22;-0.6
59.091;-2.23;0.31;3.96;-1.25;-6.05;-0.34
59.097;-1.47;0.99;4.0;-1.25;-6.05;-0.34
59.1;-1.47;0.99;4.0;-0.48;-4.82;-0.08
59.106;-1.29;0.65;3.99;-0.48;-4.82;-0.08
59.11;-1.29;0.65;3.99;0.1;-2.34;-0.16
59.116;-1.08;0.38;3.22;0.1;-2.34;-0.16
59.12;-1.08;0.38;3.22;0.49;-0.34;-0.23
59.151;-0.48;0.41;2.23;0.49;-0.34;-0.23
59.152;-0.48;0.41;2.23;0.58;0.54;-0.3
59.153;-0.41;0.74;1.78;0.58;0.54;-0.3
59.154;-0.41;0.74;1.78;0.49;1.05;-0.62
59.155;-0.1;0.47;1.3;0.49;1.05;-0.62
59.156;-0.1;0.47;1.3;0.31;1.33;-1.23
59.182;-0.1;0.47;1.3;0.13;1.21;-1.74
59.187;-0.09;0.32;1.05;0.13;1.21;-1.74
59.187;-0.09;0.32;1.05;0.12;0.88;-1.99
59.188;-0.22;0.17;1.01;0.12;0.88;-1.99
59.19;-0.22;0.17;1.01;0.28;0.48;-1.91
59.194;-0.17;0.05;0.87;0.28;0.48;-1.91
59.195;-0.17;0.05;0.87;0.54;0.16;-1.72
59.198;-0.18;-0.16;0.88;0.54;0.16;-1.72
59.201;-0.18;-0.16;0.88;0.68;-0.15;-1.62
59.208;-0.28;-0.37;0.98;0.68;-0.15;-1.62
59.213;-0.28;-0.37;0.98;0.66;-0.29;-1.58
59.216;-0.49;-0.55;1.0;0.66;-0.29;-1.58
59.22;-0.49;-0.55;1.0;0.54;-0.17;-1.51
59.235;-0.42;-0.58;1.03;0.54;-0.17;-1.51
59.237;-0.42;-0.58;1.03;0.37;0.01;-1.33
59.239;-0.45;-0.55;0.97;0.37;0.01;-1.33
59.243;-0.45;-0.55;0.97;0.22;0.33;-1.08
59.274;-0.44;-0.5;0.71;0.22;0.33;-1.08
59.276;-0.44;-0.5;0.71;0.03;0.75;-0.78
59.278;-0.34;-0.44;0.6;0.03;0.75;-0.78
59.279;-0.34;-0.44;0.6;-0.15;1.0;-0.41
59.279;-0.24;-0.39;0.44;-0.15;1.0;-0.41
59.28;-0.24;-0.39;0.44;-0.32;1.29;-0.05
59.282;-0.14;-0.34;0.37;-0.32;1.29;-0.05
59.282;-0.14;-0.34;0.37;-0.44;1.56;0.25
59.286;-0.07;-0.33;0.26;-0.44;1.56;0.25
59.292;-0.07;-0.33;0.26;-0.46;1.93;0.49
59.296;0.06;-0.29;0.09;-0.46;1.93;0.49
59.3;0.06;-0.29;0.09;-0.41;2.17;0.67
59.306;0.17;-0.24;0.01;-0.41;2.17;0.67
59.311;0.17;-0.24;0.01;-0.32;2.21;0.83
59.316;0.3;-0.2;-0.13;-0.32;2.21;0.83
59.32;0.3;-0.2;-0.13;-0.16;2.2;0.85
59.339;0.36;-0.15;-0.31;-0.16;2.2;0.85
59.341;0.36;-0.15;-0.31;-0.17;2.07;0.86
59.342;0.34;0.02;-0.48;-0.17;2.07;0.86
59.343;0.34;0.02;-0.48;-0.14;1.71;0.95
59.374;0.42;-0.12;-0.7;-0.14;1.71;0.95
59.378;0.42;-0.12;-0.7;-0.09;1.38;0.92
59.379;0.25;0.0;-0.74;-0.09;1.38;0.92
59.379;0.25;0.0;-0.74;-0.15;1.08;0.86
59.38;0.42;-0.09;-1.04;-0.15;1.08;0.86
59.381;0.42;-0.09;-1.04;-0.55;0.47;0.74
59.382;0.54;-0.15;-0.35;-0.55;0.47;0.74
59.383;0.54;-0.15;-0.35;-0.58;0.09;0.73
59.386;0.83;-0.13;0.15;-0.58;0.09;0.73
59.39;0.83;-0.13;0.15;-0.44;-0.5;0.55
59.396;1.94;0.05;0.63;-0.44;-0.5;0.55
59.401;1.94;0.05;0.63;-0.03;-1.55;0.35
59.406;2.73;0.58;0.83;-0.03;-1.55;0.35
59.423;2.73;0.58;0.83;0.35;-3.3;-0.03
59.425;2.51;0.74;0.64;0.35;-3.3;-0.03
59.426;2.51;0.74;0.64;0.34;-4.85;-0.15
59.427;0.51;0.41;0.49;0.34;-4.85;-0.15
59.459;0.51;0.41;0.49;0.3;-4.94;0.54
59.461;-1.98;-0.45;1.47;0.3;-4.94;0.54
59.462;-1.98;-0.45;1.47;1.58;-9.51;1.39
59.463;-3.62;-1.34;3.56;1.58;-9.51;1.39
59.464;-3.62;-1.34;3.56;0.71;-7.84;0.89
59.465;-1.76;-0.68;4.0;0.71;-7.84;0.89
59.466;-1.76;-0.68;4.0;-0.14;-1.92;0.82
59.467;-1.66;-0.4;4.0;-0.14;-1.92;0.82
59.47;-1.66;-0.4;4.0;-0.52;1.68;0.87
59.481;-1.93;-0.57;3.33;-0.52;1.68;0.87
59.482;-1.93;-0.57;3.33;-0.53;3.38;1.25
59.486;-0.96;-0.45;2.2;-0.53;3.38;1.25
59.49;-0.96;-0.45;2.2;-0.37;4.2;1.72
59.496;-0.38;-0.37;1.26;-0.37;4.2;1.72
59.5;-0.38;-0.37;1.26;-0.36;4.22;2.12
59.506;-0.19;-0.44;0.68;-0.36;4.22;2.12
59.523;-0.19;-0.44;0.68;-0.41;3.51;2.36
59.524;0.11;-0.24;-0.05;-0.41;3.51;2.36
59.525;0.11;-0.24;-0.05;-0.44;2.06;2.21
59.563;0.36;0.03;-0.05;-0.44;2.06;2.21
59.564;0.36;0.03;-0.05;-0.48;0.88;1.78
59.566;0.37;0.26;0.3;-0.48;0.88;1.78
59.566;0.37;0.26;0.3;-0.49;0.36;1.35
59.572;0.36;0.4;0.63;-0.49;0.36;1.35
59.573;0.36;0.4;0.63;-0.33;0.0;0.94
59.574;0.1;0.76;0.75;-0.33;0.0;0.94
59.575;0.1;0.76;0.75;-0.05;-0.19;0.65
59.577;0.1;0.76;0.75;0.27;-0.19;0.52
59.578;0.05;0.84;0.74;0.27;-0.19;0.52
59.581;0.05;0.84;0.74;0.5;0.03;0.39
59.587;0.14;0.63;0.61;0.5;0.03;0.39
59.592;0.14;0.63;0.61;0.57;0.4;0.2
59.599;0.09;0.37;0.49;0.57;0.4;0.2
59.6;0.09;0.37;0.49;0.56;0.76;0.01
59.61;0.09;0.37;0.49;0.58;1.1;-0.11
59.616;0.1;0.04;0.21;0.58;1.1;-0.11
59.62;0.1;0.04;0.21;0.59;1.5;-0.21
59.64;0.25;-0.29;-0.14;0.59;1.5;-0.21
59.642;0.25;-0.29;-0.14;0.54;1.82;-0.34
59.643;0.03;0.1;-0.15;0.54;1.82;-0.34
59.644;0.03;0.1;-0.15;0.37;1.94;-0.46
59.646;0.19;0.01;-0.36;0.37;1.94;-0.46
59.65;0.19;0.01;-0.36;0.45;1.8;-0.37
59.656;0.2;-0.03;-0.5;0.45;1.8;-0.37
59.672;0.2;-0.03;-0.5;0.59;1.59;-0.39
59.673;0.22;-0.01;-0.7;0.59;1.59;-0.39
59.674;0.22;-0.01;-0.7;0.65;1.42;-0.48
59.681;0.4;0.19;-0.16;0.65;1.42;-0.48
59.683;0.4;0.19;-0.16;0.7;0.83;-0.58
59.687;0.96;-0.2;-0.16;0.7;0.83;-0.58
59.691;0.96;-0.2;-0.16;0.75;0.22;-0.64
59.699;1.63;-0.5;0.15;0.75;0.22;-0.64
59.701;1.63;-0.5;0.15;0.3;-0.72;-0.23
59.706;2.2;-0.68;0.26;0.3;-0.72;-0.23
59.71;2.2;-0.68;0.26;-0.39;-1.7;0.05
59.717;1.67;-1.05;-0.04;-0.39;-1.7;0.05
59.72;1.67;-1.05;-0.04;-1.01;-2.93;-0.27
59.742;0.81;-0.86;0.47;-1.01;-2.93;-0.27
59.743;0.81;-0.86;0.47;-1.59;-4.16;-0.82
59.744;-1.09;-0.4;2.12;-1.59;-4.16;-0.82
59.763;-1.09;-0.4;2.12;-1.69;-5.07;-0.98
59.764;-2.74;0.97;3.98;-1.69;-5.07;-0.98
59.766;-2.74;0.97;3.98;-0.6;-6.22;-0.49
59.767;-1.58;1.17;4.0;-0.6;-6.22;-0.49
59.768;-1.58;1.17;4.0;-0.11;-4.96;-0.35
59.769;-1.57;0.62;3.98;-0.11;-4.96;-0.35
59.77;-1.57;0.62;3.98;0.33;-1.85;-0.48
59.782;-1.04;0.1;2.87;0.33;-1.85;-0.48
59.783;-1.04;0.1;2.87;0.64;-0.23;-0.46
59.787;-0.81;0.73;2.44;0.64;-0.23;-0.46
59.79;-0.81;0.73;2.44;0.63;0.54;-0.46
59.796;-0.31;0.61;1.86;0.63;0.54;-0.46
59.8;-0.31;0.61;1.86;0.55;1.4;-0.98
59.806;-0.07;0.47;1.23;0.55;1.4;-0.98
59.81;-0.07;0.47;1.23;0.38;1.85;-1.53
59.816;-0.12;0.28;0.87;0.38;1.85;-1.53
59.82;-0.12;0.28;0.87;0.24;1.71;-1.97
59.839;-0.19;0.13;0.88;0.24;1.71;-1.97
59.841;-0.19;0.13;0.88;0.23;1.23;-2.2
59.842;-0.26;0.01;0.85;0.23;1.23;-2.2
59.843;-0.26;0.01;0.85;0.38;0.74;-2.17
59.846;-0.36;-0.12;0.99;0.38;0.74;-2.17
59.85;-0.36;-0.12;0.99;0.53;0.29;-2.06
59.878;-0.41;-0.31;1.06;0.53;0.29;-2.06
59.88;-0.41;-0.31;1.06;0.64;0.09;-1.93
59.881;-0.43;-0.49;1.07;0.64;0.09;-1.93
59.882;-0.43;-0.49;1.07;0.65;0.11;-1.77
59.883;-0.41;-0.58;1.05;0.65;0.11;-1.77
59.884;-0.41;-0.58;1.05;0.55;0.3;-1.58
59.886;-0.42;-0.64;0.91;0.55;0.3;-1.58
59.894;-0.42;-0.64;0.91;0.36;0.59;-1.34
59.896;-0.37;-0.6;0.85;0.36;0.59;-1.34
59.903;-0.37;-0.6;0.85;-0.08;1.31;-0.66
59.91;-0.26;-0.51;0.58;-0.08;1.31;-0.66
59.917;-0.18;-0.46;0.46;-0.08;1.31;-0.66
59.92;-0.18;-0.46;0.46;-0.26;1.55;-0.32
59.946;-0.02;-0.33;0.39;-0.26;1.55;-0.32
59.948;-0.02;-0.33;0.39;-0.35;1.79;-0.02
59.949;0.15;-0.23;0.27;-0.35;1.79;-0.02
59.95;0.15;-0.23;0.27;-0.3;1.94;0.2
59.951;0.25;-0.2;0.12;-0.3;1.94;0.2
59.952;0.25;-0.2;0.12;-0.26;2.1;0.32
59.987;0.36;-0.15;-0.06;-0.26;2.1;0.32
59.989;0.36;-0.15;-0.06;-0.24;2.41;0.38
59.991;0.38;-0.12;-0.41;-0.24;2.41;0.38
59.992;0.38;-0.12;-0.41;-0.22;1.86;0.41
59.994;0.37;-0.07;-0.54;-0.22;1.86;0.41
59.995;0.37;-0.07;-0.54;-0.22;1.55;0.43
59.997;0.34;0.07;-0.51;-0.22;1.55;0.43
59.998;0.34;0.07;-0.51;-0.02;1.65;0.49
60.0;0.33;0.09;-0.69;-0.02;1.65;0.49
60.002;0.33;0.09;-0.69;0.05;1.36;0.47
60.008;0.64;-0.11;-1.12;0.05;1.36;0.47
60.024;0.64;-0.11;-1.12;-0.29;0.4;0.3
60.026;0.84;-0.07;-0.36;-0.29;0.4;0.3
60.027;0.84;-0.07;-0.36;-0.26;-0.3;0.11
60.028;1.53;0.12;0.21;-0.26;-0.3;0.11
60.03;1.53;0.12;0.21;0.09;-0.67;-0.25
60.036;1.67;0.29;0.63;0.09;-0.67;-0.25
60.06;1.67;0.29;0.63;0.47;-1.61;-0.5
60.062;2.12;0.64;0.55;0.47;-1.61;-0.5
60.064;2.12;0.64;0.55;0.58;-3.08;-0.32
60.064;1.07;0.88;0.09;0.58;-3.08;-0.32
60.066;1.07;0.88;0.09;0.56;-4.33;0.27
60.067;0.13;0.67;0.37;0.56;-4.33;0.27
60.07;0.13;0.67;0.37;0.79;-5.58;0.69
60.078;-1.69;-0.42;0.73;0.79;-5.58;0.69
60.08;-1.69;-0.42;0.73;0.57;-8.05;0.85
60.086;-3.12;-2.26;3.89;0.57;-8.05;0.85
60.09;-3.12;-2.26;3.89;0.39;-7.2;0.78
60.096;-1.48;-1.28;4.0;0.39;-7.2;0.78
60.1;-1.48;-1.28;4.0;-0.09;-2.46;0.65
60.106;-1.68;-0.6;4.0;-0.09;-2.46;0.65
60.123;-1.68;-0.6;4.0;-0.28;0.83;0.64
60.127;-1.02;-0.38;3.33;-0.28;0.83;0.64
60.128;-1.02;-0.38;3.33;-0.45;2.24;0.64
60.129;-1.39;-0.29;2.17;-0.45;2.24;0.64
60.13;-1.39;-0.29;2.17;-0.47;2.72;0.93
60.136;-0.63;-0.54;1.54;-0.47;2.72;0.93
60.155;-0.63;-0.54;1.54;-0.46;2.85;1.4
60.157;-0.32;-0.47;1.02;-0.46;2.85;1.4
60.158;-0.32;-0.47;1.02;-0.53;2.37;1.85
60.159;-0.25;-0.24;0.52;-0.53;2.37;1.85
60.161;-0.25;-0.24;0.52;-0.66;1.52;2.14
60.167;-0.1;0.0;0.42;-0.66;1.52;2.14
60.174;-0.1;0.0;0.42;-0.83;0.8;2.12
60.177;0.0;0.18;0.49;-0.83;0.8;2.12
60.186;0.08;0.3;0.62;-0.83;0.8;2.12
60.191;0.08;0.3;0.62;-0.93;0.09;1.69
60.196;0.04;0.42;0.78;-0.93;0.09;1.69
60.2;0.04;0.42;0.78;-0.77;-0.01;1.45
60.206;0.0;0.52;0.96;-0.77;-0.01;1.45
60.21;0.0;0.52;0.96;-0.5;0.1;1.22
60.216;0.08;0.57;1.01;-0.5;0.1;1.22
60.22;0.08;0.57;1.01;-0.2;0.31;0.99
60.234;0.12;0.6;0.8;-0.2;0.31;0.99
60.236;0.12;0.6;0.8;0.09;0.63;0.73
60.237;0.14;0.56;0.57;0.09;0.63;0.73
60.264;0.14;0.56;0.57;0.3;0.98;0.46
60.265;0.18;0.45;0.45;0.3;0.98;0.46
60.267;0.18;0.45;0.45;0.44;1.31;0.19
60.268;0.21;0.37;0.26;0.44;1.31;0.19
60.269;0.21;0.37;0.26;0.59;1.64;-0.05
60.27;0.25;0.25;0.05;0.59;1.64;-0.05
60.272;0.25;0.25;0.05;0.71;1.88;-0.28
60.276;0.27;0.13;-0.16;0.71;1.88;-0.28
60.28;0.27;0.13;-0.16;0.74;1.95;-0.43
60.286;0.32;-0.15;-0.38;0.74;1.95;-0.43
60.291;0.32;-0.15;-0.38;0.68;1.76;-0.47
60.296;0.23;0.05;-0.36;0.68;1.76;-0.47
60.301;0.23;0.05;-0.36;0.48;1.54;-0.58
60.307;0.22;0.1;-0.43;0.48;1.54;-0.58
60.31;0.22;0.1;-0.43;0.36;1.42;-0.57
60.316;0.24;0.1;-0.51;0.36;1.42;-0.57
60.32;0.24;0.1;-0.51;0.4;1.4;-0.41
60.334;0.43;0.17;-0.6;0.4;1.4;-0.41
60.336;0.43;0.17;-0.6;0.51;1.27;-0.33
60.338;0.75;0.25;-0.23;0.51;1.27;-0.33
60.367;0.75;0.25;-0.23;0.67;0.62;-0.47
60.368;1.02;-0.07;-0.14;0.67;0.62;-0.47
60.369;1.02;-0.07;-0.14;0.73;-0.17;-0.61
60.37;1.82;-0.33;0.19;0.73;-0.17;-0.61
60.371;1.82;-0.33;0.19;0.27;-0.92;-0.29
60.372;1.76;-0.43;0.39;0.27;-0.92;-0.29
60.373;1.76;-0.43;0.39;-0.38;-1.73;-0.01
60.377;1.89;-1.21;-0.05;-0.38;-1.73;-0.01
60.384;1.89;-1.21;-0.05;-1.2;-3.02;-0.37
60.386;0.66;-1.08;0.6;-1.2;-3.02;-0.37
60.396;-2.26;-0.79;2.9;-1.2;-3.02;-0.37
60.4;-2.26;-0.79;2.9;-1.98;-5.79;-0.64
60.419;-2.79;1.46;4.0;-1.98;-5.79;-0.64
60.423;-2.79;1.46;4.0;-0.58;-6.44;0.15
60.424;-1.58;1.26;4.0;-0.58;-6.44;0.15
60.426;-1.58;1.26;4.0;-0.05;-4.59;-0.34
60.428;-1.45;0.88;3.97;-0.05;-4.59;-0.34
60.43;-1.45;0.88;3.97;0.41;-1.38;-0.43
60.436;-0.79;0.43;2.54;0.41;-1.38;-0.43
60.456;-0.79;0.43;2.54;0.58;0.34;-0.53
60.458;-0.77;0.96;2.23;0.58;0.34;-0.53
60.459;-0.77;0.96;2.23;0.61;1.12;-0.72
60.459;0.0;0.71;1.33;0.61;1.12;-0.72
60.461;0.0;0.71;1.33;0.54;1.89;-1.46
60.466;-0.08;0.63;1.01;0.54;1.89;-1.46
60.47;-0.08;0.63;1.01;0.39;1.87;-2.16
60.476;-0.05;0.33;0.86;0.39;1.87;-2.16
60.48;-0.05;0.33;0.86;0.24;1.7;-2.54
60.486;-0.14;0.15;0.79;0.24;1.7;-2.54
60.493;-0.14;0.15;0.79;0.29;1.24;-2.64
60.497;-0.24;-0.03;0.77;0.29;1.24;-2.64
60.501;-0.24;-0.03;0.77;0.45;0.63;-2.47
60.508;-0.28;-0.23;0.84;0.45;0.63;-2.47
60.511;-0.28;-0.23;0.84;0.56;0.27;-2.29
60.516;-0.32;-0.43;0.86;0.56;0.27;-2.29
60.521;-0.32;-0.43;0.86;0.62;0.12;-2.03
60.538;-0.29;-0.67;0.81;0.62;0.12;-2.03
60.539;-0.29;-0.67;0.81;0.59;0.11;-1.71
60.541;-0.23;-0.88;0.73;0.59;0.11;-1.71
60.542;-0.23;-0.88;0.73;0.39;0.2;-1.4
60.547;-0.22;-0.98;0.7;0.39;0.2;-1.4
60.551;-0.22;-0.98;0.7;0.06;0.36;-1.06
60.574;-0.25;-0.94;0.69;0.06;0.36;-1.06
60.575;-0.25;-0.94;0.69;-0.23;0.61;-0.7
60.576;-0.24;-0.75;0.58;-0.23;0.61;-0.7
60.578;-0.24;-0.75;0.58;-0.43;1.02;-0.31
60.579;-0.16;-0.46;0.43;-0.43;1.02;-0.31
60.581;-0.16;-0.46;0.43;-0.56;1.44;0.06
60.586;-0.07;-0.3;0.27;-0.56;1.44;0.06
60.593;-0.07;-0.3;0.27;-0.65;1.78;0.36
60.597;0.09;0.11;0.3;-0.65;1.78;0.36
60.601;0.09;0.11;0.3;-0.63;1.9;0.78
60.609;0.29;-0.06;0.07;-0.63;1.9;0.78
60.611;0.29;-0.06;0.07;-0.5;2.21;0.68
60.616;0.31;-0.11;-0.2;-0.5;2.21;0.68
60.62;0.31;-0.11;-0.2;-0.49;2.16;0.51
60.635;0.24;0.05;-0.34;-0.49;2.16;0.51
60.637;0.24;0.05;-0.34;-0.41;1.86;0.47
60.638;0.32;0.04;-0.52;-0.41;1.86;0.47
60.669;0.32;0.04;-0.52;-0.38;1.47;0.42
60.671;0.31;0.01;-0.65;-0.38;1.47;0.42
60.672;0.31;0.01;-0.65;-0.33;1.14;0.36
60.673;0.21;-0.06;-0.67;-0.33;1.14;0.36
60.674;0.21;-0.06;-0.67;-0.41;0.89;0.26
60.676;0.68;0.04;-0.33;-0.41;0.89;0.26
60.678;0.68;0.04;-0.33;-0.45;0.24;0.19
60.679;1.28;0.36;0.2;-0.45;0.24;0.19
60.68;1.28;0.36;0.2;-0.1;-0.2;-0.07
60.686;1.76;0.61;0.53;-0.1;-0.2;-0.07
60.694;1.76;0.61;0.53;0.35;-0.72;-0.31
60.696;2.14;0.94;0.52;0.35;-0.72;-0.31
60.701;2.14;0.94;0.52;0.74;-2.42;-0.43
60.708;2.1;1.12;0.52;0.74;-2.42;-0.43
60.711;2.1;1.12;0.52;1.0;-4.63;-0.1
60.716;0.8;0.8;0.52;1.0;-4.63;-0.1
60.721;0.8;0.8;0.52;1.14;-6.19;0.61
60.727;-1.0;-0.2;1.02;1.14;-6.19;0.61
60.73;-1.0;-0.2;1.02;1.11;-7.55;1.02
60.736;-3.57;-2.51;3.73;1.11;-7.55;1.02
60.752;-3.57;-2.51;3.73;0.45;-6.61;0.55
60.754;-1.46;-1.42;4.0;0.45;-6.61;0.55
60.755;-1.46;-1.42;4.0;-0.73;-2.89;0.26
60.757;-1.75;-0.86;4.0;-0.73;-2.89;0.26
60.785;-1.75;-0.86;4.0;-0.93;0.04;0.52
60.787;-1.39;-0.93;3.68;-0.93;0.04;0.52
60.789;-1.39;-0.93;3.68;-0.86;1.6;0.84
60.79;-1.56;-0.53;2.73;-0.86;1.6;0.84
60.791;-1.56;-0.53;2.73;-0.6;2.46;1.35
60.792;-0.64;-0.47;1.95;-0.6;2.46;1.35
60.794;-0.64;-0.47;1.95;-0.45;2.97;1.8
60.797;-0.07;-0.34;1.07;-0.45;2.97;1.8
60.8;-0.07;-0.34;1.07;-0.42;2.73;2.12
60.81;-0.17;-0.29;0.79;-0.42;2.73;2.12
60.813;-0.17;-0.29;0.79;-0.51;1.99;2.34
60.816;-0.12;0.02;0.22;-0.51;1.99;2.34
60.835;0.03;0.19;0.59;-0.51;1.99;2.34
60.837;0.03;0.19;0.59;-0.79;0.52;2.09
60.838;0.1;0.36;0.77;-0.79;0.52;2.09
60.871;0.1;0.36;0.77;-0.8;0.33;1.81
60.873;0.08;0.53;0.92;-0.8;0.33;1.81
60.874;0.08;0.53;0.92;-0.61;0.23;1.56
60.875;0.04;0.71;1.06;-0.61;0.23;1.56
60.877;0.04;0.71;1.06;-0.3;0.34;1.36
60.878;0.14;0.8;1.08;-0.3;0.34;1.36
60.879;0.14;0.8;1.08;0.01;0.62;1.1
60.88;0.16;0.78;0.72;0.01;0.62;1.1
60.881;0.16;0.78;0.72;0.25;1.0;0.75
60.886;0.13;0.64;0.53;0.25;1.0;0.75
60.891;0.13;0.64;0.53;0.42;1.43;0.41
60.896;0.19;0.49;0.32;0.42;1.43;0.41
60.9;0.19;0.49;0.32;0.59;1.88;0.12
60.909;0.24;0.34;0.07;0.59;1.88;0.12
60.911;0.24;0.34;0.07;0.76;2.13;-0.13
60.916;0.31;0.01;-0.14;0.76;2.13;-0.13
60.92;0.31;0.01;-0.14;0.85;2.09;-0.3
60.926;0.32;0.01;-0.22;0.85;2.09;-0.3
60.93;0.32;0.01;-0.22;0.7;2.02;-0.5
60.936;0.31;0.08;-0.4;0.7;2.02;-0.5
60.953;0.31;0.08;-0.4;0.5;1.72;-0.61
60.954;0.36;0.11;-0.46;0.5;1.72;-0.61
60.955;0.36;0.11;-0.46;0.48;1.6;-0.42
60.957;0.36;0.04;-0.77;0.48;1.6;-0.42
61.002;0.36;0.04;-0.77;0.53;1.71;-0.34
61.003;0.24;0.0;-0.85;0.53;1.71;-0.34
61.005;0.24;0.0;-0.85;0.55;1.28;-0.38
61.006;0.27;0.02;-0.61;0.55;1.28;-0.38
61.007;0.27;0.02;-0.61;0.53;0.63;-0.43
61.008;0.57;0.21;-0.13;0.53;0.63;-0.43
61.009;0.57;0.21;-0.13;0.6;0.05;-0.54
61.01;0.67;0.03;0.05;0.6;0.05;-0.54
61.011;0.67;0.03;0.05;0.72;-0.4;-0.69
61.012;1.51;-0.22;0.05;0.72;-0.4;-0.69
61.013;1.51;-0.22;0.05;0.48;-1.1;-0.5
61.017;1.49;-0.3;0.25;0.48;-1.1;-0.5
61.021;1.49;-0.3;0.25;-0.1;-1.94;-0.19
61.036;2.13;-1.04;0.14;-0.1;-1.94;-0.19
61.038;2.13;-1.04;0.14;-1.0;-2.92;-0.27
61.039;1.01;-1.02;0.49;-1.0;-2.92;-0.27
61.041;1.01;-1.02;0.49;-2.11;-4.18;-0.55
61.047;-0.97;-0.74;2.09;-2.11;-4.18;-0.55
61.05;-0.97;-0.74;2.09;-2.25;-5.01;-0.72
61.077;-3.11;0.78;3.8;-2.25;-5.01;-0.72
61.079;-3.11;0.78;3.8;-1.04;-5.78;-0.14
61.08;-2.09;1.5;4.0;-1.04;-5.78;-0.14
61.081;-2.09;1.5;4.0;-0.23;-5.18;-0.29
61.083;-1.55;0.96;4.0;-0.23;-5.18;-0.29
61.084;-1.55;0.96;4.0;0.4;-2.55;-0.49
61.087;-1.36;0.73;3.62;0.4;-2.55;-0.49
61.093;-1.36;0.73;3.62;0.72;-0.01;-0.52
61.097;-0.5;0.57;1.95;0.72;-0.01;-0.52
61.101;-0.5;0.57;1.95;0.73;1.23;-0.72
61.106;-0.2;0.81;1.53;0.73;1.23;-0.72
61.111;-0.2;0.81;1.53;0.68;1.84;-1.12
61.116;0.17;0.44;1.04;0.68;1.84;-1.12
61.12;0.17;0.44;1.04;0.57;2.13;-1.89
61.126;0.04;0.34;0.81;0.57;2.13;-1.89
61.13;0.04;0.34;0.81;0.4;2.0;-2.37
61.136;0.01;0.22;0.4;0.4;2.0;-2.37
61.151;0.01;0.22;0.4;0.37;1.7;-2.49
61.152;-0.04;0.01;0.59;0.37;1.7;-2.49
61.154;-0.04;0.01;0.59;0.48;0.86;-2.47
61.183;-0.13;-0.18;0.57;0.48;0.86;-2.47
61.185;-0.13;-0.18;0.57;0.58;0.39;-2.38
61.186;-0.22;-0.42;0.69;0.58;0.39;-2.38
61.189;-0.22;-0.42;0.69;0.62;0.01;-2.25
61.192;-0.36;-0.66;0.79;0.62;0.01;-2.25
61.193;-0.36;-0.66;0.79;0.57;-0.15;-2.0
61.194;-0.43;-0.89;0.83;0.57;-0.15;-2.0
61.195;-0.43;-0.89;0.83;0.39;-0.06;-1.65
61.201;-0.38;-0.97;0.89;0.39;-0.06;-1.65
61.202;-0.38;-0.97;0.89;0.18;0.13;-1.23
61.207;-0.4;-1.0;0.78;0.18;0.13;-1.23
61.21;-0.4;-1.0;0.78;-0.01;0.44;-0.78
61.216;-0.29;-0.8;0.71;-0.01;0.44;-0.78
61.221;-0.29;-0.8;0.71;-0.2;0.81;-0.34
61.227;-0.14;-0.53;0.6;-0.2;0.81;-0.34
61.232;-0.14;-0.53;0.6;-0.34;1.32;0.03
61.236;-0.01;-0.26;0.32;-0.34;1.32;0.03
61.254;-0.01;-0.26;0.32;-0.41;1.75;0.31
61.255;0.15;0.1;0.36;-0.41;1.75;0.31
61.256;0.15;0.1;0.36;-0.27;1.93;0.71
61.257;0.27;-0.13;0.12;-0.27;1.93;0.71
61.26;0.27;-0.13;0.12;-0.22;2.09;0.66
61.267;0.26;-0.16;-0.22;-0.22;2.09;0.66
61.271;0.26;-0.16;-0.22;-0.3;2.04;0.56
61.288;0.22;-0.09;-0.38;-0.3;2.04;0.56
61.29;0.22;-0.09;-0.38;-0.36;1.86;0.54
61.291;0.12;0.05;-0.51;-0.36;1.86;0.54
61.293;0.12;0.05;-0.51;-0.36;1.54;0.58
61.296;0.25;-0.04;-0.64;-0.36;1.54;0.58
61.3;0.25;-0.04;-0.64;-0.35;1.16;0.53
61.307;0.35;-0.08;-0.77;-0.35;1.16;0.53
61.31;0.35;-0.08;-0.77;-0.41;0.69;0.45
61.316;0.56;-0.1;-0.12;-0.41;0.69;0.45
61.321;0.56;-0.1;-0.12;-0.43;0.48;0.18
61.326;1.3;0.13;0.26;-0.43;0.48;0.18
61.331;1.3;0.13;0.26;-0.06;-0.63;-0.15
61.336;1.9;0.47;0.72;-0.06;-0.63;-0.15
61.354;1.9;0.47;0.72;0.45;-1.43;-0.39
61.356;2.19;0.74;0.59;0.45;-1.43;-0.39
61.358;2.19;0.74;0.59;0.53;-2.56;-0.4
61.358;1.66;0.93;0.2;0.53;-2.56;-0.4
61.361;1.66;0.93;0.2;0.44;-4.2;-0.02
61.367;0.31;0.71;0.18;0.44;-4.2;-0.02
61.37;0.31;0.71;0.18;0.41;-4.78;0.53
61.391;-1.65;-0.33;1.09;0.41;-4.78;0.53
61.393;-1.65;-0.33;1.09;0.86;-7.38;1.06
61.394;-3.42;-1.98;3.82;0.86;-7.38;1.06
61.395;-3.42;-1.98;3.82;0.3;-6.76;0.82
61.397;-1.65;-1.2;4.0;0.3;-6.76;0.82
61.401;-1.65;-1.2;4.0;-0.34;-2.7;0.76
61.409;-1.46;-0.92;4.0;-0.34;-2.7;0.76
61.411;-1.46;-0.92;4.0;-0.53;0.28;1.0
61.416;-1.79;-0.64;3.6;-0.53;0.28;1.0
61.421;-1.79;-0.64;3.6;-0.67;1.98;1.14
61.426;-0.95;-0.58;2.51;-0.67;1.98;1.14
61.431;-0.95;-0.58;2.51;-0.54;2.8;1.36
61.436;-0.45;-0.37;1.75;-0.54;2.8;1.36
61.451;-0.45;-0.37;1.75;-0.5;3.19;1.79
61.452;-0.54;-0.34;0.99;-0.5;3.19;1.79
61.454;-0.54;-0.34;0.99;-0.5;2.49;2.26
61.488;-0.1;-0.19;0.49;-0.5;2.49;2.26
61.49;-0.1;-0.19;0.49;-0.55;1.47;2.31
61.492;0.03;0.05;0.39;-0.55;1.47;2.31
61.492;0.03;0.05;0.39;-0.7;0.68;2.13
61.493;0.07;0.19;0.58;-0.7;0.68;2.13
61.494;0.07;0.19;0.58;-0.78;0.29;1.87
61.495;0.05;0.29;0.74;-0.78;0.29;1.87
61.497;0.05;0.29;0.74;-0.71;0.1;1.65
61.498;0.02;0.43;0.86;-0.71;0.1;1.65
61.5;0.02;0.43;0.86;-0.51;0.03;1.47
61.506;0.01;0.56;0.99;-0.51;0.03;1.47
61.511;0.01;0.56;0.99;-0.22;0.15;1.34
61.516;0.18;0.66;0.87;-0.22;0.15;1.34
61.52;0.18;0.66;0.87;0.06;0.39;1.18
61.534;0.21;0.61;0.7;0.06;0.39;1.18
61.536;0.21;0.61;0.7;0.25;0.68;0.92
61.537;0.19;0.54;0.51;0.25;0.68;0.92
61.542;0.19;0.54;0.51;0.33;1.0;0.61
61.568;0.2;0.42;0.38;0.33;1.0;0.61
61.572;0.2;0.42;0.38;0.35;1.33;0.32
61.573;0.25;0.31;0.29;0.35;1.33;0.32
61.574;0.25;0.31;0.29;0.41;1.66;0.06
61.575;0.28;0.18;0.1;0.41;1.66;0.06
61.576;0.28;0.18;0.1;0.48;1.94;-0.17
61.578;0.31;0.06;-0.11;0.48;1.94;-0.17
61.587;0.31;0.06;-0.11;0.5;2.05;-0.33
61.589;0.35;-0.22;-0.28;0.5;2.05;-0.33
61.591;0.35;-0.22;-0.28;0.45;1.94;-0.41
61.598;0.18;0.04;-0.32;0.45;1.94;-0.41
61.6;0.18;0.04;-0.32;0.3;1.87;-0.54
61.607;0.19;0.03;-0.47;0.3;1.87;-0.54
61.61;0.19;0.03;-0.47;0.32;1.82;-0.38
61.616;0.25;-0.01;-0.69;0.32;1.82;-0.38
61.622;0.25;-0.01;-0.69;0.43;1.71;-0.18
61.626;0.54;0.18;-0.46;0.43;1.71;-0.18
61.63;0.54;0.18;-0.46;0.56;1.13;-0.13
61.636;0.69;0.05;-0.22;0.56;1.13;-0.13
61.65;0.69;0.05;-0.22;0.72;0.33;-0.25
61.652;1.2;-0.25;-0.16;0.72;0.33;-0.25
61.653;1.2;-0.25;-0.16;0.53;-0.32;-0.14
61.689;1.94;-0.52;0.08;0.53;-0.32;-0.14
61.691;1.94;-0.52;0.08;-0.12;-1.14;0.15
61.693;1.72;-0.66;0.22;-0.12;-1.14;0.15
61.694;1.72;-0.66;0.22;-0.86;-2.18;0.03
61.695;1.41;-1.12;0.13;-0.86;-2.18;0.03
61.697;1.41;-1.12;0.13;-1.7;-3.88;-0.65
61.698;0.09;-0.65;1.38;-1.7;-3.88;-0.65
61.699;0.09;-0.65;1.38;-1.96;-5.37;-0.95
61.704;-3.62;0.44;3.64;-1.96;-5.37;-0.95
61.706;-3.62;0.44;3.64;-0.99;-6.34;-0.52
61.708;-2.11;1.7;4.0;-0.99;-6.34;-0.52
61.712;-2.11;1.7;4.0;-0.01;-6.12;-0.18
61.716;-1.37;0.93;4.0;-0.01;-6.12;-0.18
61.723;-1.37;0.93;4.0;0.4;-3.07;-0.44
61.726;-1.28;0.31;3.31;0.4;-3.07;-0.44
61.731;-1.28;0.31;3.31;0.76;-0.71;-0.44
61.736;-0.88;0.83;2.48;0.76;-0.71;-0.44
61.757;-0.88;0.83;2.48;0.78;0.43;-0.53
61.759;-0.24;0.67;1.96;0.78;0.43;-0.53
61.76;-0.24;0.67;1.96;0.76;1.35;-1.04
61.761;-0.14;0.47;1.33;0.76;1.35;-1.04
61.762;-0.14;0.47;1.33;0.59;1.93;-1.62
61.766;0.02;0.37;0.98;0.59;1.93;-1.62
61.79;0.02;0.37;0.98;0.37;2.03;-2.08
61.792;-0.04;0.28;0.76;0.37;2.03;-2.08
61.792;-0.04;0.28;0.76;0.36;1.69;-2.51
61.794;-0.08;0.21;0.79;0.36;1.69;-2.51
61.795;-0.08;0.21;0.79;0.5;1.09;-2.65
61.796;-0.12;0.02;0.69;0.5;1.09;-2.65
61.8;-0.12;0.02;0.69;0.66;0.7;-2.61
61.807;-0.13;-0.17;0.69;0.66;0.7;-2.61
61.81;-0.13;-0.17;0.69;0.79;0.43;-2.49
61.816;-0.18;-0.41;0.66;0.79;0.43;-2.49
61.834;-0.18;-0.41;0.66;0.87;0.22;-2.23
61.836;-0.22;-0.65;0.57;0.87;0.22;-2.23
61.838;-0.22;-0.65;0.57;0.81;0.18;-1.87
61.839;-0.17;-0.81;0.54;0.81;0.18;-1.87
61.871;-0.17;-0.81;0.54;0.52;0.3;-1.46
61.872;-0.13;-0.87;0.54;0.52;0.3;-1.46
61.874;-0.13;-0.87;0.54;0.16;0.42;-1.07
61.875;-0.17;-0.84;0.56;0.16;0.42;-1.07
61.876;-0.17;-0.84;0.56;-0.15;0.63;-0.7
61.878;-0.18;-0.7;0.48;-0.15;0.63;-0.7
61.879;-0.18;-0.7;0.48;-0.34;1.03;-0.3
61.88;-0.16;-0.5;0.28;-0.34;1.03;-0.3
61.881;-0.16;-0.5;0.28;-0.47;1.5;0.08
61.891;-0.04;-0.34;0.2;-0.47;1.5;0.08
61.893;-0.04;-0.34;0.2;-0.58;1.76;0.39
61.896;0.1;-0.24;0.16;-0.58;1.76;0.39
61.9;0.1;-0.24;0.16;-0.51;2.02;0.57
61.907;0.21;0.11;0.04;-0.51;2.02;0.57
61.91;0.21;0.11;0.04;-0.36;2.04;0.6
61.916;0.12;-0.13;-0.1;-0.36;2.04;0.6
61.934;0.12;-0.13;-0.1;-0.2;2.1;0.5
61.936;0.34;-0.24;-0.45;-0.2;2.1;0.5
61.937;0.34;-0.24;-0.45;-0.17;1.66;0.3
61.939;0.3;-0.14;-0.56;-0.17;1.66;0.3
61.971;0.3;-0.14;-0.56;-0.25;1.22;0.2
61.973;0.22;-0.07;-0.6;-0.25;1.22;0.2
61.974;0.22;-0.07;-0.6;-0.29;0.88;0.27
61.976;0.31;-0.04;-0.53;-0.29;0.88;0.27
61.977;0.31;-0.04;-0.53;-0.34;0.72;0.36
61.979;0.59;-0.11;0.03;-0.34;0.72;0.36
61.98;0.59;-0.11;0.03;-0.33;0.28;0.25
61.982;1.27;0.29;0.28;-0.33;0.28;0.25
61.982;1.27;0.29;0.28;0.17;-0.82;0.04
61.987;1.82;0.66;0.45;0.17;-0.82;0.04
61.99;1.82;0.66;0.45;0.64;-1.89;-0.23
61.996;2.32;0.86;0.57;0.64;-1.89;-0.23
62.001;2.32;0.86;0.57;0.79;-3.19;-0.41
62.006;1.85;0.95;0.49;0.79;-3.19;-0.41
62.01;1.85;0.95;0.49;0.62;-3.77;0.01
62.016;0.44;0.61;0.37;0.62;-3.77;0.01
62.032;0.44;0.61;0.37;0.66;-4.88;0.89
62.034;-1.71;-0.71;1.29;0.66;-4.88;0.89
62.035;-1.71;-0.71;1.29;1.1;-8.53;1.31
62.074;-3.38;-2.22;3.82;1.1;-8.53;1.31
62.077;-1.47;-1.3;4.0;1.1;-8.53;1.31
62.078;-1.47;-1.3;4.0;-0.21;-6.91;0.47
62.079;-1.46;-0.91;4.0;-0.21;-6.91;0.47
62.08;-1.46;-0.91;4.0;-0.83;0.83;0.87
62.082;-1.83;-0.7;3.54;-0.83;0.83;0.87
62.083;-1.83;-0.7;3.54;-0.7;2.45;1.24
62.084;-0.94;-0.56;2.36;-0.7;2.45;1.24
62.085;-0.94;-0.56;2.36;-0.48;3.02;1.63
62.087;-0.44;-0.32;1.64;-0.48;3.02;1.63
62.09;-0.44;-0.32;1.64;-0.39;3.17;2.04
62.097;-0.16;-0.18;1.06;-0.39;3.17;2.04
62.1;-0.16;-0.18;1.06;-0.35;2.61;2.29
62.106;0.06;0.04;0.49;-0.35;2.61;2.29
62.111;0.06;0.04;0.49;-0.39;1.55;2.23
62.116;-0.13;0.16;0.32;-0.39;1.55;2.23
62.136;-0.13;0.16;0.32;-0.46;0.46;2.08
62.138;0.07;0.32;0.57;-0.46;0.46;2.08
62.138;0.07;0.32;0.57;-0.49;-0.05;1.78
62.139;0.08;0.36;0.83;-0.49;-0.05;1.78
62.142;0.08;0.36;0.83;-0.45;-0.13;1.55
62.146;-0.03;0.46;0.87;-0.45;-0.13;1.55
62.15;-0.03;0.46;0.87;-0.3;-0.11;1.38
62.172;-0.09;0.55;0.99;-0.3;-0.11;1.38
62.174;-0.09;0.55;0.99;-0.1;0.14;1.25
62.175;0.09;0.58;0.85;-0.1;0.14;1.25
62.177;0.09;0.58;0.85;0.04;0.56;1.06
62.178;0.15;0.53;0.63;0.04;0.56;1.06
62.18;0.15;0.53;0.63;0.15;0.9;0.79
62.188;0.1;0.44;0.47;0.15;0.9;0.79
62.19;0.1;0.44;0.47;0.2;1.16;0.48
62.196;0.14;0.32;0.35;0.2;1.16;0.48
62.201;0.14;0.32;0.35;0.25;1.41;0.22
62.206;0.21;0.21;0.24;0.25;1.41;0.22
62.211;0.21;0.21;0.24;0.34;1.71;0.01
62.217;0.29;0.11;0.03;0.34;1.71;0.01
62.237;0.29;0.11;0.03;0.42;1.98;-0.15
62.238;0.36;0.05;-0.13;0.42;1.98;-0.15
62.239;0.36;0.05;-0.13;0.48;1.95;-0.24
62.24;0.38;-0.01;-0.27;0.48;1.95;-0.24
62.241;0.38;-0.01;-0.27;0.52;1.83;-0.27
62.247;0.26;-0.23;-0.48;0.52;1.83;-0.27
62.251;0.26;-0.23;-0.48;0.47;1.96;-0.32
62.275;0.23;-0.01;-0.62;0.47;1.96;-0.32
62.277;0.23;-0.01;-0.62;0.34;2.0;-0.4
62.278;0.2;0.01;-0.75;0.34;2.0;-0.4
62.279;0.2;0.01;-0.75;0.35;1.64;-0.3
62.28;0.29;0.05;-0.77;0.35;1.64;-0.3
62.282;0.29;0.05;-0.77;0.45;0.98;-0.14
62.286;0.58;0.24;-0.15;0.45;0.98;-0.14
62.291;0.58;0.24;-0.15;0.6;0.17;-0.16
62.297;0.72;0.08;-0.11;0.6;0.17;-0.16
62.3;0.72;0.08;-0.11;0.81;-0.36;-0.33
62.306;1.44;-0.22;0.2;0.81;-0.36;-0.33
62.311;1.44;-0.22;0.2;0.53;-1.08;-0.16
62.316;1.99;-0.41;0.21;0.53;-1.08;-0.16
62.331;1.99;-0.41;0.21;-0.18;-1.69;0.16
62.333;1.97;-0.77;0.23;-0.18;-1.69;0.16
62.334;1.97;-0.77;0.23;-0.96;-2.74;-0.16
62.37;1.47;-1.14;0.59;-0.96;-2.74;-0.16
62.372;1.47;-1.14;0.59;-1.91;-4.31;-1.0
62.374;-1.0;-0.79;2.5;-1.91;-4.31;-1.0
62.375;-1.0;-0.79;2.5;-2.16;-5.47;-1.38
62.377;-3.15;1.2;4.0;-2.16;-5.47;-1.38
62.379;-3.15;1.2;4.0;-0.72;-6.62;-0.88
62.38;-1.92;1.37;4.0;-0.72;-6.62;-0.88
62.381;-1.92;1.37;4.0;-0.13;-4.68;-0.72
62.382;-1.57;0.83;3.92;-0.13;-4.68;-0.72
62.383;-1.57;0.83;3.92;0.34;-2.15;-0.61
62.388;-1.2;0.3;2.83;0.34;-2.15;-0.61
62.39;-1.2;0.3;2.83;0.73;-0.44;-0.63
62.396;-0.64;0.75;2.37;0.73;-0.44;-0.63
62.401;-0.64;0.75;2.37;0.85;0.27;-0.6
62.406;-0.57;0.54;1.77;0.85;0.27;-0.6
62.41;-0.57;0.54;1.77;0.85;1.17;-0.97
62.416;0.06;0.54;1.07;0.85;1.17;-0.97
62.433;0.06;0.54;1.07;0.62;1.61;-1.34
62.435;0.09;0.33;0.92;0.62;1.61;-1.34
62.436;0.09;0.33;0.92;0.38;1.44;-1.96
62.438;-0.04;0.16;0.83;0.38;1.44;-1.96
62.441;-0.04;0.16;0.83;0.3;1.27;-2.37
62.447;-0.08;0.0;0.81;0.3;1.27;-2.37
62.469;-0.08;0.0;0.81;0.41;0.83;-2.44
62.471;-0.31;-0.22;0.83;0.41;0.83;-2.44
62.472;-0.31;-0.22;0.83;0.59;0.32;-2.32
62.473;-0.34;-0.44;0.92;0.59;0.32;-2.32
62.474;-0.34;-0.44;0.92;0.69;0.06;-2.1
62.477;-0.4;-0.69;1.02;0.69;0.06;-2.1
62.48;-0.4;-0.69;1.02;0.73;-0.02;-1.83
62.487;-0.49;-0.89;0.98;0.73;-0.02;-1.83
62.49;-0.49;-0.89;0.98;0.66;0.13;-1.51
62.496;-0.48;-0.97;0.94;0.66;0.13;-1.51
62.501;-0.48;-0.97;0.94;0.48;0.42;-1.18
62.507;-0.41;-0.88;0.8;0.48;0.42;-1.18
62.511;-0.41;-0.88;0.8;0.22;0.81;-0.84
62.516;-0.3;-0.66;0.68;0.22;0.81;-0.84
62.53;-0.3;-0.66;0.68;-0.09;1.19;-0.49
62.532;-0.19;-0.41;0.56;-0.09;1.19;-0.49
62.533;-0.19;-0.41;0.56;-0.34;1.61;-0.15
62.564;-0.02;-0.2;0.42;-0.34;1.61;-0.15
62.566;-0.02;-0.2;0.42;-0.4;1.96;0.34
62.567;0.16;-0.1;0.36;-0.4;1.96;0.34
62.568;0.16;-0.1;0.36;-0.25;2.03;0.48
62.57;0.25;0.15;0.27;-0.25;2.03;0.48
62.571;0.25;0.15;0.27;-0.09;2.3;0.63
62.573;0.39;-0.06;0.0;-0.09;2.3;0.63
62.574;0.39;-0.06;0.0;-0.03;2.39;0.58
62.578;0.43;-0.06;-0.46;-0.03;2.39;0.58
62.58;0.43;-0.06;-0.46;-0.08;1.92;0.48
62.586;0.26;0.07;-0.44;-0.08;1.92;0.48
62.59;0.26;0.07;-0.44;-0.05;1.81;0.5
62.596;0.41;-0.01;-0.6;-0.05;1.81;0.5
62.6;0.41;-0.01;-0.6;-0.02;1.77;0.43
62.606;0.34;-0.04;-0.84;-0.02;1.77;0.43
62.61;0.34;-0.04;-0.84;-0.06;1.51;0.39
62.616;0.09;-0.17;-0.83;-0.06;1.51;0.39
62.632;0.09;-0.17;-0.83;-0.23;0.79;0.39
62.634;0.91;-0.07;-0.2;-0.23;0.79;0.39
62.635;0.91;-0.07;-0.2;-0.14;-0.24;0.28
62.667;1.48;0.18;0.29;-0.14;-0.24;0.28
62.669;1.48;0.18;0.29;0.31;-1.05;-0.08
62.67;2.16;0.46;0.76;0.31;-1.05;-0.08
62.671;2.16;0.46;0.76;0.75;-1.8;-0.46
62.672;2.27;0.75;0.67;0.75;-1.8;-0.46
62.673;2.27;0.75;0.67;0.81;-3.03;-0.53
62.674;1.3;0.81;0.27;0.81;-3.03;-0.53
62.676;1.3;0.81;0.27;0.8;-4.57;-0.07
62.677;0.13;0.32;0.28;0.8;-4.57;-0.07
62.68;0.13;0.32;0.28;0.71;-5.94;0.59
62.692;-2.14;-0.85;1.29;0.71;-5.94;0.59
62.694;-2.14;-0.85;1.29;0.58;-8.37;1.05
62.696;-3.01;-2.18;4.0;0.58;-8.37;1.05
62.702;-3.01;-2.18;4.0;0.05;-6.51;0.89
62.707;-1.47;-1.06;4.0;0.05;-6.51;0.89
62.711;-1.47;-1.06;4.0;-0.52;-1.82;0.81
62.717;-1.69;-0.68;4.0;-0.52;-1.82;0.81
62.743;-1.69;-0.68;4.0;-0.62;1.0;0.94
62.745;-1.01;-0.7;3.36;-0.62;1.0;0.94
62.746;-1.01;-0.7;3.36;-0.68;2.45;1.1
62.747;-1.18;-0.41;2.43;-0.68;2.45;1.1
62.748;-1.18;-0.41;2.43;-0.6;3.16;1.44
62.749;-0.66;-0.44;1.38;-0.6;3.16;1.44
62.751;-0.66;-0.44;1.38;-0.58;2.93;2.0
62.779;-0.18;-0.32;0.87;-0.58;2.93;2.0
62.781;-0.18;-0.32;0.87;-0.63;2.18;2.29
62.782;0.02;-0.16;0.45;-0.63;2.18;2.29
62.783;0.02;-0.16;0.45;-0.74;1.13;2.37
62.784;0.06;0.06;0.48;-0.74;1.13;2.37
62.785;0.06;0.06;0.48;-0.81;0.39;2.27
62.787;0.13;0.27;0.69;-0.81;0.39;2.27
62.792;0.13;0.27;0.69;-0.81;-0.03;1.96
62.796;0.07;0.4;0.9;-0.81;-0.03;1.96
62.8;0.07;0.4;0.9;-0.7;-0.17;1.62
62.806;-0.06;0.45;1.01;-0.7;-0.17;1.62
62.81;-0.06;0.45;1.01;-0.51;-0.13;1.4
62.816;-0.05;0.54;1.09;-0.51;-0.13;1.4
62.833;-0.05;0.54;1.09;-0.28;0.16;1.27
62.835;0.0;0.54;0.97;-0.28;0.16;1.27
62.838;0.0;0.54;0.97;-0.09;0.54;1.12
62.839;0.08;0.48;0.78;-0.09;0.54;1.12
62.87;0.08;0.48;0.78;0.05;0.95;0.94
62.871;0.13;0.42;0.57;0.05;0.95;0.94
62.873;0.13;0.42;0.57;0.14;1.3;0.7
62.874;0.19;0.37;0.46;0.14;1.3;0.7
62.875;0.19;0.37;0.46;0.2;1.6;0.46
62.876;0.26;0.24;0.25;0.2;1.6;0.46
62.878;0.26;0.24;0.25;0.25;1.99;0.23
62.879;0.34;0.2;0.11;0.25;1.99;0.23
62.88;0.34;0.2;0.11;0.33;2.24;0.02
62.888;0.33;0.14;-0.12;0.33;2.24;0.02
62.891;0.33;0.14;-0.12;0.44;2.28;-0.14
62.896;0.34;0.08;-0.28;0.44;2.28;-0.14
62.9;0.34;0.08;-0.28;0.46;2.09;-0.2
62.907;0.33;-0.15;-0.44;0.46;2.09;-0.2
62.911;0.33;-0.15;-0.44;0.47;1.89;-0.24
62.916;0.22;0.06;-0.44;0.47;1.89;-0.24
62.92;0.22;0.06;-0.44;0.39;1.8;-0.36
62.926;0.19;0.13;-0.58;0.39;1.8;-0.36
62.931;0.19;0.13;-0.58;0.45;1.67;-0.26
62.948;0.21;0.16;-0.75;0.45;1.67;-0.26
62.95;0.21;0.16;-0.75;0.57;1.34;-0.09
62.951;0.5;0.35;-0.38;0.57;1.34;-0.09
62.952;0.5;0.35;-0.38;0.63;0.72;-0.1
62.984;0.7;0.24;-0.16;0.63;0.72;-0.1
62.986;0.7;0.24;-0.16;0.74;0.1;-0.31
62.987;1.19;-0.05;-0.04;0.74;0.1;-0.31
62.988;1.19;-0.05;-0.04;0.5;-0.41;-0.28
62.989;1.86;-0.34;0.31;0.5;-0.41;-0.28
62.99;1.86;-0.34;0.31;-0.17;-1.14;-0.01
62.991;1.81;-0.7;0.19;-0.17;-1.14;-0.01
62.992;1.81;-0.7;0.19;-0.85;-2.25;-0.16
63.001;1.81;-0.7;0.19;-1.79;-3.95;-0.79
63.006;-0.43;-0.97;1.79;-1.79;-3.95;-0.79
63.011;-0.43;-0.97;1.79;-2.26;-5.16;-1.13
63.016;-3.32;0.35;3.85;-2.26;-5.16;-1.13
63.032;-3.32;0.35;3.85;-1.33;-6.34;-0.68
63.034;-2.3;1.21;4.0;-1.33;-6.34;-0.68
63.035;-2.3;1.21;4.0;-0.41;-5.4;-0.44
63.066;-1.51;0.67;4.0;-0.41;-5.4;-0.44
63.071;-1.51;0.67;4.0;0.16;-2.58;-0.34
63.073;-1.28;0.5;3.4;0.16;-2.58;-0.34
63.074;-1.28;0.5;3.4;0.81;-0.29;-0.17
63.076;-0.62;0.46;2.13;0.81;-0.29;-0.17
63.077;-0.62;0.46;2.13;0.97;0.63;-0.16
63.078;-0.25;0.65;1.7;0.97;0.63;-0.16
63.078;-0.25;0.65;1.7;0.93;1.26;-0.46
63.079;-0.15;0.59;1.04;0.93;1.26;-0.46
63.08;-0.15;0.59;1.04;0.82;1.79;-1.15
63.086;0.06;0.48;0.91;0.82;1.79;-1.15
63.091;0.06;0.48;0.91;0.61;1.56;-1.69
63.096;0.0;0.37;0.74;0.61;1.56;-1.69
63.105;0.0;0.37;0.74;0.45;1.31;-2.13
63.107;-0.09;0.28;0.75;0.45;1.31;-2.13
63.11;-0.09;0.28;0.75;0.51;0.8;-2.29
63.116;-0.22;0.1;0.78;0.51;0.8;-2.29
63.122;-0.22;0.1;0.78;0.67;0.3;-2.29
63.127;-0.28;-0.14;0.81;0.67;0.3;-2.29
63.13;-0.28;-0.14;0.81;0.77;0.06;-2.24
63.147;-0.32;-0.35;0.86;0.77;0.06;-2.24
63.148;-0.32;-0.35;0.86;0.76;0.01;-2.11
63.149;-0.3;-0.59;0.86;0.76;0.01;-2.11
63.151;-0.3;-0.59;0.86;0.62;0.15;-1.9
63.183;-0.31;-0.8;0.75;0.62;0.15;-1.9
63.185;-0.31;-0.8;0.75;0.33;0.37;-1.62
63.187;-0.28;-0.92;0.72;0.33;0.37;-1.62
63.188;-0.28;-0.92;0.72;-0.04;0.59;-1.24
63.191;-0.25;-0.9;0.6;-0.04;0.59;-1.24
63.192;-0.25;-0.9;0.6;-0.39;0.96;-0.88
63.193;-0.22;-0.78;0.55;-0.39;0.96;-0.88
63.194;-0.22;-0.78;0.55;-0.73;1.84;-0.14
63.196;-0.15;-0.53;0.37;-0.73;1.84;-0.14
63.201;-0.15;-0.53;0.37;-0.68;2.02;0.27
63.211;0.05;-0.31;0.34;-0.68;2.02;0.27
63.212;0.05;-0.31;0.34;-0.49;2.05;0.55
63.218;0.2;-0.14;0.25;-0.49;2.05;0.55
63.221;0.2;-0.14;0.25;-0.38;2.26;0.65
63.241;0.28;0.17;0.09;-0.38;2.26;0.65
63.243;0.28;0.17;0.09;-0.23;2.43;0.69
63.244;0.35;0.0;-0.21;-0.23;2.43;0.69
63.245;0.35;0.0;-0.21;-0.12;2.26;0.57
63.247;0.25;0.06;-0.45;-0.12;2.26;0.57
63.276;0.25;0.06;-0.45;-0.07;1.88;0.43
63.278;0.33;-0.06;-0.64;-0.07;1.88;0.43
63.279;0.33;-0.06;-0.64;-0.13;1.51;0.32
63.279;0.24;-0.03;-0.69;-0.13;1.51;0.32
63.28;0.24;-0.03;-0.69;-0.16;1.29;0.3
63.281;0.25;-0.05;-0.76;-0.16;1.29;0.3
63.282;0.25;-0.05;-0.76;-0.36;1.04;0.23
63.287;0.63;-0.05;-0.16;-0.36;1.04;0.23
63.29;0.63;-0.05;-0.16;-0.43;0.29;0.07
63.296;1.24;0.17;0.15;-0.43;0.29;0.07
63.302;1.24;0.17;0.15;0.0;-0.63;-0.16
63.307;1.78;0.48;0.52;0.0;-0.63;-0.16
63.31;1.78;0.48;0.52;0.44;-1.42;-0.44
63.316;2.17;0.69;0.5;0.44;-1.42;-0.44
63.32;2.17;0.69;0.5;0.47;-2.92;-0.53
63.326;1.92;0.81;0.32;0.47;-2.92;-0.53
63.33;1.92;0.81;0.32;0.43;-4.85;-0.21
63.348;0.55;0.54;0.22;0.43;-4.85;-0.21
63.35;0.55;0.54;0.22;0.37;-5.27;0.3
63.352;-0.92;-0.36;0.58;0.37;-5.27;0.3
63.352;-0.92;-0.36;0.58;0.69;-8.51;0.98
63.383;-3.73;-2.36;3.53;0.69;-8.51;0.98
63.387;-3.73;-2.36;3.53;0.19;-8.58;0.74
63.388;-1.29;-1.18;4.0;0.19;-8.58;0.74
63.389;-1.29;-1.18;4.0;-0.7;-3.27;0.42
63.391;-1.45;-0.97;4.0;-0.7;-3.27;0.42
63.392;-1.45;-0.97;4.0;-0.83;0.38;0.69
63.393;-1.84;-0.57;3.81;-0.83;0.38;0.69
63.394;-1.84;-0.57;3.81;-0.8;2.49;0.94
63.397;-0.94;-0.48;2.44;-0.8;2.49;0.94
63.402;-0.94;-0.48;2.44;-0.58;3.38;1.31
63.406;-0.71;-0.54;1.45;-0.58;3.38;1.31
63.411;-0.71;-0.54;1.45;-0.49;3.43;1.9
63.416;-0.34;-0.5;0.92;-0.49;3.43;1.9
63.42;-0.34;-0.5;0.92;-0.38;2.68;2.38
63.426;-0.03;-0.19;0.35;-0.38;2.68;2.38
63.43;-0.03;-0.19;0.35;-0.4;1.59;2.42
63.446;-0.01;0.03;0.38;-0.4;1.59;2.42
63.448;-0.01;0.03;0.38;-0.51;0.78;2.25
63.449;0.06;0.25;0.42;-0.51;0.78;2.25
63.451;0.06;0.25;0.42;-0.68;0.21;1.92
63.482;0.08;0.34;0.98;-0.68;0.21;1.92
63.484;0.08;0.34;0.98;-0.67;-0.06;1.63
63.485;0.0;0.63;1.1;-0.67;-0.06;1.63
63.486;0.0;0.63;1.1;-0.43;-0.08;1.45
63.488;0.09;0.79;1.1;-0.43;-0.08;1.45
63.489;0.09;0.79;1.1;-0.11;0.08;1.29
63.491;0.16;0.81;0.97;-0.11;0.08;1.29
63.492;0.16;0.81;0.97;0.2;0.4;1.06
63.496;0.17;0.83;0.78;0.2;0.4;1.06
63.502;0.17;0.83;0.78;0.39;0.82;0.79
63.506;0.13;0.65;0.49;0.39;0.82;0.79
63.51;0.13;0.65;0.49;0.46;1.26;0.5
63.516;0.21;0.5;0.4;0.46;1.26;0.5
63.522;0.21;0.5;0.4;0.49;1.63;0.24
63.526;0.15;0.29;0.13;0.49;1.63;0.24
63.531;0.15;0.29;0.13;0.54;2.04;-0.01
63.536;0.29;-0.03;-0.09;0.54;2.04;-0.01
63.54;0.29;-0.03;-0.09;0.56;2.09;-0.21
63.546;0.32;-0.09;-0.17;0.56;2.09;-0.21
63.561;0.32;-0.09;-0.17;0.44;2.03;-0.46
63.563;0.2;0.06;-0.24;0.44;2.03;-0.46
63.564;0.2;0.06;-0.24;0.31;1.93;-0.54
63.566;0.31;0.0;-0.39;0.31;1.93;-0.54
63.598;0.31;0.0;-0.39;0.39;2.03;-0.39
63.599;0.26;-0.12;-0.61;0.39;2.03;-0.39
63.601;0.26;-0.12;-0.61;0.49;2.02;-0.3
63.602;0.26;-0.12;-0.8;0.49;2.02;-0.3
63.603;0.26;-0.12;-0.8;0.52;1.72;-0.23
63.604;0.53;0.02;-0.62;0.52;1.72;-0.23
63.606;0.53;0.02;-0.62;0.51;1.02;-0.26
63.607;0.73;-0.02;-0.29;0.51;1.02;-0.26
63.61;0.73;-0.02;-0.29;0.63;0.23;-0.4
63.635;1.13;-0.29;-0.17;0.63;0.23;-0.4
63.637;1.13;-0.29;-0.17;0.54;-0.52;-0.29
63.639;1.28;-0.23;0.32;0.54;-0.52;-0.29
63.64;1.28;-0.23;0.32;-0.05;-1.27;0.21
63.642;2.27;-0.82;0.14;-0.05;-1.27;0.21
63.643;2.27;-0.82;0.14;-0.8;-2.06;0.33
63.647;1.44;-1.19;-0.02;-0.8;-2.06;0.33
63.651;1.44;-1.19;-0.02;-1.63;-3.55;-0.21
63.671;0.64;-0.83;0.75;-1.63;-3.55;-0.21
63.673;0.64;-0.83;0.75;-2.09;-4.63;-0.67
63.674;-2.0;-0.44;2.9;-2.09;-4.63;-0.67
63.674;-2.0;-0.44;2.9;-1.71;-5.8;-0.5
63.676;-2.77;1.71;4.0;-1.71;-5.8;-0.5
63.68;-2.77;1.71;4.0;-0.14;-7.49;0.06
63.686;-1.53;0.97;4.0;-0.14;-7.49;0.06
63.69;-1.53;0.97;4.0;0.01;-4.53;-0.29
63.696;-1.57;0.55;3.96;0.01;-4.53;-0.29
63.701;-1.57;0.55;3.96;0.48;-1.62;-0.31
63.707;-0.95;0.26;2.79;0.48;-1.62;-0.31
63.71;-0.95;0.26;2.79;0.66;0.13;-0.3
63.718;-0.68;0.7;1.97;0.66;0.13;-0.3
63.72;-0.68;0.7;1.97;0.65;1.16;-0.37
63.726;0.0;0.57;1.5;0.65;1.16;-0.37
63.73;0.0;0.57;1.5;0.52;1.78;-0.82
63.745;-0.11;0.5;0.98;0.52;1.78;-0.82
63.747;-0.11;0.5;0.98;0.29;1.85;-1.35
63.748;0.03;0.42;0.8;0.29;1.85;-1.35
63.751;0.03;0.42;0.8;0.14;1.65;-1.78
63.786;-0.09;0.31;0.66;0.14;1.65;-1.78
63.787;-0.09;0.31;0.66;0.2;1.24;-2.01
63.788;-0.16;0.15;0.78;0.2;1.24;-2.01
63.789;-0.16;0.15;0.78;0.4;0.47;-2.01
63.79;-0.27;-0.06;0.84;0.4;0.47;-2.01
63.791;-0.27;-0.06;0.84;0.57;0.07;-1.94
63.792;-0.33;-0.25;0.9;0.57;0.07;-1.94
63.793;-0.33;-0.25;0.9;0.67;-0.1;-1.84
63.796;-0.43;-0.43;0.95;0.67;-0.1;-1.84
63.804;-0.43;-0.43;0.95;0.69;-0.07;-1.69
63.806;-0.44;-0.59;0.94;0.69;-0.07;-1.69
63.811;-0.44;-0.59;0.94;0.65;0.13;-1.43
63.821;-0.4;-0.69;0.81;0.65;0.13;-1.43
63.822;-0.4;-0.69;0.81;0.3;0.44;-0.76
63.826;-0.33;-0.65;0.71;0.3;0.44;-0.76
63.831;-0.33;-0.65;0.71;0.3;0.78;-0.44
63.848;-0.24;-0.56;0.56;0.3;0.78;-0.44
63.85;-0.24;-0.56;0.56;-0.3;1.57;-0.15
63.851;-0.12;-0.49;0.42;-0.3;1.57;-0.15
63.852;-0.12;-0.49;0.42;-0.49;1.84;0.07
63.856;0.0;-0.38;0.41;-0.49;1.84;0.07
63.86;0.0;-0.38;0.41;-0.54;2.01;0.28
63.889;0.16;-0.27;0.25;-0.54;2.01;0.28
63.891;0.16;-0.27;0.25;-0.53;2.02;0.42
63.892;0.22;-0.23;0.11;-0.53;2.02;0.42
63.893;0.22;-0.23;0.11;-0.5;2.0;0.49
63.894;0.24;-0.1;-0.04;-0.5;2.0;0.49
63.895;0.24;-0.1;-0.04;-0.4;2.06;0.54
63.897;0.41;0.03;-0.22;-0.4;2.06;0.54
63.901;0.41;0.03;-0.22;-0.26;1.81;0.49
63.906;0.28;-0.02;-0.5;-0.26;1.81;0.49
63.91;0.28;-0.02;-0.5;-0.2;1.53;0.44
63.921;0.35;-0.08;-0.62;-0.2;1.53;0.44
63.923;0.35;-0.08;-0.62;-0.19;1.3;0.4
63.926;0.33;-0.09;-0.76;-0.19;1.3;0.4
63.931;0.33;-0.09;-0.76;-0.22;0.88;0.46
63.936;0.59;-0.14;-0.49;-0.22;0.88;0.46
63.94;0.59;-0.14;-0.49;-0.3;0.37;0.29
63.946;1.04;0.1;0.22;-0.3;0.37;0.29
63.966;1.04;0.1;0.22;-0.09;-0.66;-0.03
63.97;1.75;0.33;0.45;-0.09;-0.66;-0.03
63.971;1.75;0.33;0.45;0.3;-1.39;-0.32
63.972;2.1;0.68;0.59;0.3;-1.39;-0.32
63.973;2.1;0.68;0.59;0.55;-2.18;-0.62
63.976;1.54;0.84;0.31;0.55;-2.18;-0.62
63.981;1.54;0.84;0.31;0.63;-3.03;-0.55
64.005;0.1;0.54;0.3;0.63;-3.03;-0.55
64.007;0.1;0.54;0.3;0.67;-3.28;0.08
64.008;-1.11;-0.13;0.61;0.67;-3.28;0.08
64.01;-1.11;-0.13;0.61;1.25;-7.22;0.77
64.011;-3.19;-1.78;3.02;1.25;-7.22;0.77
64.013;-3.19;-1.78;3.02;0.96;-7.63;1.06
64.018;-2.02;-1.44;4.0;0.96;-7.63;1.06
64.021;-2.02;-1.44;4.0;-0.18;-3.42;0.86
64.027;-1.68;-0.85;4.0;-0.18;-3.42;0.86
64.031;-1.68;-0.85;4.0;-0.42;-0.29;1.02
64.049;-1.35;-0.53;3.89;-0.42;-0.29;1.02
64.054;-1.35;-0.53;3.89;-0.53;1.49;1.01
64.055;-1.08;-0.41;2.71;-0.53;1.49;1.01
64.057;-1.08;-0.41;2.71;-0.61;2.38;1.08
64.059;-0.61;-0.45;1.89;-0.61;2.38;1.08
64.061;-0.61;-0.45;1.89;-0.58;2.76;1.4
64.083;-0.43;-0.33;1.2;-0.58;2.76;1.4
64.085;-0.43;-0.33;1.2;-0.64;2.45;1.79
64.087;-0.28;-0.22;0.57;-0.64;2.45;1.79
64.087;-0.28;-0.22;0.57;-0.66;1.49;2.01
64.088;0.09;-0.05;0.5;-0.66;1.49;2.01
64.091;0.09;-0.05;0.5;-0.75;0.78;2.05
64.096;0.09;0.21;0.5;-0.75;0.78;2.05
64.101;0.09;0.21;0.5;-0.89;0.31;1.9
64.107;0.04;0.51;0.88;-0.89;0.31;1.9
64.111;0.04;0.51;0.88;-0.9;0.04;1.67
64.118;-0.02;0.64;0.91;-0.9;0.04;1.67
64.12;-0.02;0.64;0.91;-0.73;-0.09;1.46
64.126;-0.05;0.72;0.99;-0.73;-0.09;1.46
64.13;-0.05;0.72;0.99;-0.48;-0.13;1.26
64.136;0.02;0.72;0.98;-0.48;-0.13;1.26
64.14;0.02;0.72;0.98;-0.2;0.04;1.07
64.146;0.05;0.64;0.86;-0.2;0.04;1.07
64.161;0.05;0.64;0.86;0.06;0.35;0.85
64.162;0.07;0.53;0.68;0.06;0.35;0.85
64.163;0.07;0.53;0.68;0.24;0.65;0.6
64.199;0.08;0.38;0.54;0.24;0.65;0.6
64.2;0.08;0.38;0.54;0.35;0.93;0.35
64.202;0.12;0.19;0.45;0.35;0.93;0.35
64.202;0.12;0.19;0.45;0.42;1.24;0.11
64.203;0.11;0.08;0.29;0.42;1.24;0.11
64.205;0.11;0.08;0.29;0.47;1.6;-0.06
64.206;0.26;-0.24;0.01;0.47;1.6;-0.06
64.208;0.26;-0.24;0.01;0.48;1.86;-0.22
64.212;0.1;0.07;-0.05;0.48;1.86;-0.22
64.213;0.1;0.07;-0.05;0.36;2.0;-0.41
64.218;0.18;0.02;-0.22;0.36;2.0;-0.41
64.22;0.18;0.02;-0.22;0.41;1.94;-0.35
64.226;0.21;-0.02;-0.41;0.41;1.94;-0.35
64.231;0.21;-0.02;-0.41;0.53;1.71;-0.3
64.238;0.18;-0.01;-0.53;0.53;1.71;-0.3
64.24;0.18;-0.01;-0.53;0.53;1.56;-0.32
64.247;0.3;0.04;-0.62;0.53;1.56;-0.32
64.26;0.3;0.04;-0.62;0.46;1.37;-0.39
64.262;0.65;0.22;-0.22;0.46;1.37;-0.39
64.263;0.65;0.22;-0.22;0.49;0.8;-0.52
64.298;0.87;0.04;-0.07;0.49;0.8;-0.52
64.3;0.87;0.04;-0.07;0.58;0.28;-0.64
64.301;1.48;-0.26;0.09;0.58;0.28;-0.64
64.302;1.48;-0.26;0.09;0.21;-0.18;-0.36
64.303;1.32;-0.3;0.49;0.21;-0.18;-0.36
64.304;1.32;-0.3;0.49;-0.42;-0.81;0.0
64.305;2.11;-0.97;-0.05;-0.42;-0.81;0.0
64.306;2.11;-0.97;-0.05;-0.97;-1.61;-0.21
64.307;0.92;-0.99;0.26;-0.97;-1.61;-0.21
64.31;0.92;-0.99;0.26;-1.62;-3.54;-0.77
64.319;-0.1;-0.56;1.35;-1.62;-3.54;-0.77
64.321;-0.1;-0.56;1.35;-1.72;-4.33;-0.92
64.326;-2.93;0.39;3.66;-1.72;-4.33;-0.92
64.33;-2.93;0.39;3.66;-0.76;-5.91;-0.59
64.336;-2.05;1.33;4.0;-0.76;-5.91;-0.59
64.34;-2.05;1.33;4.0;-0.24;-5.79;-0.43
64.346;-1.51;0.75;4.0;-0.24;-5.79;-0.43
64.36;-1.51;0.75;4.0;0.19;-2.83;-0.44
64.362;-1.21;0.41;3.4;0.19;-2.83;-0.44
64.363;-1.21;0.41;3.4;0.56;-0.95;-0.3
64.407;-0.93;0.84;2.75;0.56;-0.95;-0.3
64.408;-0.93;0.84;2.75;0.7;0.18;-0.4
64.409;-0.27;0.7;1.96;0.7;0.18;-0.4
64.41;-0.27;0.7;1.96;0.6;1.14;-0.91
64.411;0.15;0.6;1.37;0.6;1.14;-0.91
64.412;0.15;0.6;1.37;0.33;1.65;-1.44
64.413;-0.07;0.34;1.2;0.33;1.65;-1.44
64.414;-0.07;0.34;1.2;0.16;1.7;-2.07
64.415;-0.18;0.27;0.81;0.16;1.7;-2.07
64.416;-0.18;0.27;0.81;0.15;1.55;-2.36
64.418;-0.14;0.19;0.87;0.15;1.55;-2.36
64.422;-0.14;0.19;0.87;0.31;0.9;-2.36
64.426;-0.22;0.05;0.85;0.31;0.9;-2.36
64.43;-0.22;0.05;0.85;0.53;0.44;-2.27
64.444;-0.27;-0.16;0.84;0.53;0.44;-2.27
64.445;-0.27;-0.16;0.84;0.66;0.17;-2.2
64.447;-0.33;-0.37;0.87;0.66;0.17;-2.2
64.485;-0.33;-0.37;0.87;0.71;0.07;-2.07
64.487;-0.38;-0.6;0.9;0.71;0.07;-2.07
64.488;-0.38;-0.6;0.9;0.67;0.14;-1.84
64.488;-0.41;-0.79;0.76;0.67;0.14;-1.84
64.489;-0.41;-0.79;0.76;0.52;0.37;-1.53
64.49;-0.37;-0.88;0.68;0.52;0.37;-1.53
64.49;-0.37;-0.88;0.68;-0.1;0.99;-0.71
64.491;-0.29;-0.83;0.57;-0.1;0.99;-0.71
64.492;-0.29;-0.83;0.57;-0.42;1.41;-0.35
64.496;-0.16;-0.71;0.45;-0.42;1.41;-0.35
64.5;-0.16;-0.71;0.45;-0.63;1.73;-0.03
64.507;-0.02;-0.51;0.37;-0.63;1.73;-0.03
64.511;-0.02;-0.51;0.37;-0.67;1.9;0.24
64.517;0.12;-0.35;0.31;-0.67;1.9;0.24
64.52;0.12;-0.35;0.31;-0.6;1.99;0.44
64.526;0.22;-0.22;0.2;-0.6;1.99;0.44
64.531;0.22;-0.22;0.2;-0.56;2.1;0.51
64.536;0.28;-0.12;0.05;-0.56;2.1;0.51
64.54;0.28;-0.12;0.05;-0.45;2.19;0.56
64.547;0.33;0.21;-0.09;-0.45;2.19;0.56
64.564;0.33;0.21;-0.09;-0.29;2.21;0.59
64.566;0.25;0.02;-0.39;-0.29;2.21;0.59
64.567;0.25;0.02;-0.39;-0.25;2.09;0.53
64.569;0.28;-0.03;-0.62;-0.25;2.09;0.53
64.571;0.28;-0.03;-0.62;-0.24;1.66;0.43
64.576;0.23;-0.03;-0.72;-0.24;1.66;0.43
64.58;0.23;-0.03;-0.72;-0.16;1.18;0.41
64.605;0.36;0.04;-0.76;-0.16;1.18;0.41
64.607;0.36;0.04;-0.76;-0.15;0.66;0.4
64.608;0.48;-0.05;-0.17;-0.15;0.66;0.4
64.609;0.48;-0.05;-0.17;-0.1;-0.08;0.27
64.61;1.26;0.2;0.27;-0.1;-0.08;0.27
64.612;1.26;0.2;0.27;0.31;-0.86;0.03
64.617;1.83;0.51;0.5;0.31;-0.86;0.03
64.62;1.83;0.51;0.5;0.65;-1.44;-0.33
64.626;1.97;0.72;0.41;0.65;-1.44;-0.33
64.631;1.97;0.72;0.41;0.64;-2.41;-0.62
64.645;1.48;0.89;0.11;0.64;-2.41;-0.62
64.647;1.48;0.89;0.11;0.54;-3.62;-0.59
64.648;0.29;0.7;0.23;0.54;-3.62;-0.59
64.651;0.29;0.7;0.23;0.47;-3.75;-0.33
64.684;-0.58;0.08;0.35;0.47;-3.75;-0.33
64.687;-0.58;0.08;0.35;0.75;-7.26;0.12
64.688;-3.49;-1.7;2.98;0.75;-7.26;0.12
64.689;-3.49;-1.7;2.98;0.47;-8.39;0.33
64.69;-1.77;-1.42;4.0;0.47;-8.39;0.33
64.691;-1.77;-1.42;4.0;-0.39;-4.03;0.21
64.692;-1.72;-1.05;4.0;-0.39;-4.03;0.21
64.693;-1.72;-1.05;4.0;-0.43;-0.34;0.59
64.696;-1.35;-0.77;3.94;-0.43;-0.34;0.59
64.7;-1.35;-0.77;3.94;-0.4;1.69;0.81
64.706;-1.44;-0.66;2.79;-0.4;1.69;0.81
64.71;-1.44;-0.66;2.79;-0.32;2.55;1.16
64.717;-0.65;-0.45;1.63;-0.32;2.55;1.16
64.721;-0.65;-0.45;1.63;-0.37;2.59;1.46
64.726;-0.25;-0.27;0.95;-0.37;2.59;1.46
64.731;-0.25;-0.27;0.95;-0.51;2.06;1.52
64.736;-0.01;-0.18;0.54;-0.51;2.06;1.52
64.74;-0.01;-0.18;0.54;-0.63;1.29;1.45
64.746;-0.05;-0.05;0.6;-0.63;1.29;1.45
64.763;-0.05;-0.05;0.6;-0.76;0.6;1.37
64.765;-0.15;0.17;0.69;-0.76;0.6;1.37
64.766;-0.15;0.17;0.69;-0.88;0.22;1.32
64.767;-0.12;0.26;0.88;-0.88;0.22;1.32
64.77;-0.12;0.26;0.88;-0.89;-0.02;1.26
64.777;-0.1;0.38;1.05;-0.89;-0.02;1.26
64.78;-0.1;0.38;1.05;-0.75;-0.09;1.21
64.802;-0.1;0.5;1.11;-0.75;-0.09;1.21
64.804;-0.1;0.5;1.11;-0.52;0.02;1.17
64.805;0.02;0.53;1.05;-0.52;0.02;1.17
64.807;0.02;0.53;1.05;-0.2;0.24;1.12
64.808;0.1;0.55;0.91;-0.2;0.24;1.12
64.811;0.1;0.55;0.91;0.15;0.45;1.0
64.819;0.11;0.53;0.76;0.15;0.45;1.0
64.822;0.11;0.53;0.76;0.45;0.63;0.77
64.826;0.13;0.47;0.64;0.45;0.63;0.77
64.831;0.13;0.47;0.64;0.69;0.87;0.5
64.836;0.21;0.36;0.45;0.69;0.87;0.5
64.84;0.21;0.36;0.45;0.86;1.17;0.21
64.846;0.24;0.25;0.3;0.86;1.17;0.21
64.861;0.24;0.25;0.3;0.9;1.56;-0.08
64.864;0.25;0.12;0.1;0.9;1.56;-0.08
64.867;0.25;0.12;0.1;0.86;1.94;-0.36
64.868;0.26;0.05;-0.05;0.86;1.94;-0.36
64.9;0.26;0.05;-0.05;0.76;2.15;-0.56
64.902;0.21;0.01;-0.23;0.76;2.15;-0.56
64.902;0.21;0.01;-0.23;0.64;2.24;-0.66
64.903;0.19;-0.12;-0.4;0.64;2.24;-0.66
64.904;0.19;-0.12;-0.4;0.53;2.18;-0.7
64.905;0.13;0.05;-0.49;0.53;2.18;-0.7
64.906;0.13;0.05;-0.49;0.4;1.99;-0.79
64.907;0.19;0.14;-0.47;0.4;1.99;-0.79
64.911;0.19;0.14;-0.47;0.36;1.73;-0.78
64.916;0.49;0.24;-0.34;0.36;1.73;-0.78
64.921;0.49;0.24;-0.34;0.49;1.35;-0.69
64.926;0.63;-0.01;-0.22;0.49;1.35;-0.69
64.93;0.63;-0.01;-0.22;0.57;0.77;-0.61
64.947;1.3;-0.24;-0.12;0.57;0.77;-0.61
64.951;1.3;-0.24;-0.12;0.17;0.25;-0.22
64.952;2.0;-0.55;0.01;0.17;0.25;-0.22
64.952;2.0;-0.55;0.01;-0.41;-0.6;0.07
64.957;1.38;-0.5;0.18;-0.41;-0.6;0.07
64.961;1.38;-0.5;0.18;-0.9;-2.11;-0.17
64.985;1.23;-1.14;0.08;-0.9;-2.11;-0.17
64.987;1.23;-1.14;0.08;-1.34;-3.74;-0.87
64.988;0.39;-0.81;0.7;-1.34;-3.74;-0.87
64.989;0.39;-0.81;0.7;-1.56;-5.18;-1.0
64.99;-2.84;-0.41;3.18;-1.56;-5.18;-1.0
64.991;-2.84;-0.41;3.18;-0.93;-6.73;-0.48
64.996;-2.39;1.12;4.0;-0.93;-6.73;-0.48
65.001;-2.39;1.12;4.0;0.0;-7.12;0.11
65.006;-1.28;0.8;4.0;0.0;-7.12;0.11
65.011;-1.28;0.8;4.0;0.42;-3.63;0.02
65.016;-1.03;0.28;3.57;0.42;-3.63;0.02
65.021;-1.03;0.28;3.57;0.8;-1.26;0.06
65.026;-0.98;0.73;2.86;0.8;-1.26;0.06
65.043;-0.98;0.73;2.86;0.94;0.12;-0.06
65.044;-0.33;0.58;1.92;0.94;0.12;-0.06
65.046;-0.33;0.58;1.92;0.81;1.09;-0.56
65.047;-0.12;0.39;1.46;0.81;1.09;-0.56
65.081;-0.12;0.39;1.46;0.55;1.68;-1.05
65.083;-0.08;0.3;1.03;0.55;1.68;-1.05
65.084;-0.08;0.3;1.03;0.36;1.79;-1.48
65.085;-0.11;0.33;1.02;0.36;1.79;-1.48
65.086;-0.11;0.33;1.02;0.3;1.52;-1.86
65.088;-0.27;0.26;0.72;0.3;1.52;-1.86
65.089;-0.27;0.26;0.72;0.44;1.19;-2.01
65.09;-0.15;0.17;0.82;0.44;1.19;-2.01
65.091;-0.15;0.17;0.82;0.66;0.57;-2.02
65.096;-0.22;0.02;0.78;0.66;0.57;-2.02
65.101;-0.22;0.02;0.78;0.84;0.18;-1.99
65.106;-0.29;-0.17;0.8;0.84;0.18;-1.99
65.11;-0.29;-0.17;0.8;0.88;-0.02;-1.93
65.117;-0.33;-0.34;0.85;0.88;-0.02;-1.93
65.121;-0.33;-0.34;0.85;0.67;0.0;-1.63
65.126;-0.35;-0.56;0.81;0.67;0.0;-1.63
65.146;-0.35;-0.56;0.81;0.44;0.41;-1.31
65.147;-0.37;-0.71;0.78;0.44;0.41;-1.31
65.148;-0.37;-0.71;0.78;0.14;0.7;-0.89
65.15;-0.33;-0.74;0.73;0.14;0.7;-0.89
65.152;-0.33;-0.74;0.73;-0.12;1.07;-0.46
65.156;-0.23;-0.66;0.65;-0.12;1.07;-0.46
65.161;-0.23;-0.66;0.65;-0.3;1.49;-0.07
65.187;-0.11;-0.51;0.51;-0.3;1.49;-0.07
65.189;-0.11;-0.51;0.51;-0.43;1.86;0.25
65.19;-0.01;-0.35;0.33;-0.43;1.86;0.25
65.192;-0.01;-0.35;0.33;-0.47;1.95;0.48
65.193;0.15;-0.25;0.28;-0.47;1.95;0.48
65.195;0.15;-0.25;0.28;-0.41;2.05;0.6
65.197;0.22;-0.18;0.15;-0.41;2.05;0.6
65.2;0.22;-0.18;0.15;-0.35;2.13;0.62
65.206;0.27;-0.16;0.0;-0.35;2.13;0.62
65.211;0.27;-0.16;0.0;-0.23;2.18;0.6
65.22;0.29;-0.11;-0.17;-0.23;2.18;0.6
65.222;0.29;-0.11;-0.17;-0.1;2.13;0.56
65.227;0.21;-0.11;-0.45;-0.1;2.13;0.56
65.233;0.21;-0.11;-0.45;-0.05;1.81;0.61
65.236;0.28;0.1;-0.58;-0.05;1.81;0.61
65.24;0.28;0.1;-0.58;0.02;1.37;0.69
65.246;0.38;-0.1;-0.59;0.02;1.37;0.69
65.267;0.38;-0.1;-0.59;0.02;0.99;0.61
65.269;0.84;-0.21;-0.37;0.02;0.99;0.61
65.27;0.84;-0.21;-0.37;-0.12;0.54;0.35
65.271;1.18;0.06;0.13;-0.12;0.54;0.35
65.272;1.18;0.06;0.13;0.0;0.02;-0.08
65.276;1.38;0.13;0.3;0.0;0.02;-0.08
65.307;1.38;0.13;0.3;0.17;-0.67;-0.43
65.309;2.14;0.47;0.37;0.17;-0.67;-0.43
65.311;2.14;0.47;0.37;0.16;-2.25;-0.54
65.312;1.9;0.73;0.12;0.16;-2.25;-0.54
65.314;1.9;0.73;0.12;0.06;-3.49;-0.35
65.316;0.48;0.39;0.09;0.06;-3.49;-0.35
65.317;0.48;0.39;0.09;0.26;-4.72;0.43
65.318;-0.37;0.01;0.29;0.26;-4.72;0.43
65.32;-0.37;0.01;0.29;0.91;-7.88;1.29
65.326;-3.85;-1.84;3.19;0.91;-7.88;1.29
65.36;-3.85;-1.84;3.19;0.78;-7.97;1.43
65.362;-1.6;-0.85;4.0;0.78;-7.97;1.43
65.363;-1.6;-0.85;4.0;-0.51;-4.53;0.61
65.364;-1.44;-0.73;4.0;-0.51;-4.53;0.61
65.365;-1.44;-0.73;4.0;-0.78;-0.89;0.82
65.366;-1.38;-0.57;4.0;-0.78;-0.89;0.82
65.367;-1.38;-0.57;4.0;-0.72;1.35;0.98
65.367;-1.43;-0.46;2.84;-0.72;1.35;0.98
65.397;-1.43;-0.46;2.84;-0.54;2.38;1.3
65.398;-0.79;-0.32;1.92;-0.54;2.38;1.3
65.399;-0.79;-0.32;1.92;-0.45;2.8;1.61
65.401;-0.28;-0.26;1.18;-0.45;2.8;1.61
65.402;-0.28;-0.26;1.18;-0.49;2.53;1.85
65.402;-0.04;-0.17;0.55;-0.49;2.53;1.85
65.403;-0.04;-0.17;0.55;-0.55;1.73;1.93
65.406;-0.03;0.1;0.57;-0.55;1.73;1.93
65.41;-0.03;0.1;0.57;-0.57;0.83;1.99
65.416;0.14;0.19;0.82;-0.57;0.83;1.99
65.42;0.14;0.19;0.82;-0.58;0.23;1.92
65.426;0.0;0.3;0.88;-0.58;0.23;1.92
65.448;0.0;0.3;0.88;-0.54;0.08;1.78
65.45;-0.03;0.48;0.94;-0.54;0.08;1.78
65.451;-0.03;0.48;0.94;-0.42;0.05;1.62
65.452;0.0;0.58;0.98;-0.42;0.05;1.62
65.452;0.0;0.58;0.98;-0.21;0.14;1.44
65.456;0.05;0.6;0.91;-0.21;0.14;1.44
65.461;0.05;0.6;0.91;0.01;0.33;1.25
65.492;0.11;0.57;0.8;0.01;0.33;1.25
65.493;0.11;0.57;0.8;0.21;0.6;0.98
65.494;0.12;0.48;0.66;0.21;0.6;0.98
65.495;0.12;0.48;0.66;0.36;0.92;0.66
65.495;0.13;0.37;0.54;0.36;0.92;0.66
65.497;0.13;0.37;0.54;0.45;1.25;0.38
65.5;0.16;0.24;0.4;0.45;1.25;0.38
65.501;0.16;0.24;0.4;0.53;1.6;0.15
65.506;0.21;0.15;0.23;0.53;1.6;0.15
65.51;0.21;0.15;0.23;0.58;1.97;-0.01
65.516;0.28;0.09;0.03;0.58;1.97;-0.01
65.52;0.28;0.09;0.03;0.59;2.22;-0.13
65.526;0.33;0.06;-0.14;0.59;2.22;-0.13
65.542;0.33;0.06;-0.14;0.58;2.24;-0.21
65.543;0.32;0.04;-0.31;0.58;2.24;-0.21
65.544;0.32;0.04;-0.31;0.54;2.2;-0.29
65.577;0.25;0.02;-0.57;0.54;2.2;-0.29
65.579;0.25;0.02;-0.57;0.5;2.17;-0.33
65.579;0.33;-0.08;-0.77;0.5;2.17;-0.33
65.581;0.33;-0.08;-0.77;0.45;1.83;-0.35
65.582;0.4;0.1;-0.44;0.45;1.83;-0.35
65.582;0.4;0.1;-0.44;0.4;1.14;-0.49
65.583;0.66;0.07;-0.26;0.4;1.14;-0.49
65.584;0.66;0.07;-0.26;0.42;0.58;-0.51
65.589;1.21;-0.21;-0.09;0.42;0.58;-0.51
65.59;1.21;-0.21;-0.09;0.14;0.0;-0.14
65.6;1.73;-0.39;0.05;0.14;0.0;-0.14
65.602;1.73;-0.39;0.05;-0.31;-0.8;0.25
65.606;1.3;-0.36;0.31;-0.31;-0.8;0.25
65.61;1.3;-0.36;0.31;-0.72;-1.56;0.21
65.616;1.72;-0.98;-0.01;-0.72;-1.56;0.21
65.621;1.72;-0.98;-0.01;-1.28;-2.62;-0.29
65.626;0.77;-0.69;0.52;-1.28;-2.62;-0.29
65.644;0.77;-0.69;0.52;-1.83;-4.16;-0.61
65.645;-1.16;-0.47;2.04;-1.83;-4.16;-0.61
65.647;-1.16;-0.47;2.04;-1.6;-5.4;-0.56
65.648;-3.39;1.13;3.91;-1.6;-5.4;-0.56
65.681;-3.39;1.13;3.91;-0.42;-6.96;0.03
65.689;-1.64;1.19;4.0;-0.42;-6.96;0.03
65.69;-1.64;1.19;4.0;-0.01;-5.11;-0.18
65.691;-1.46;0.52;3.83;-0.01;-5.11;-0.18
65.692;-1.46;0.52;3.83;0.52;-1.72;-0.24
65.693;-1.14;0.69;3.22;0.52;-1.72;-0.24
65.694;-1.14;0.69;3.22;0.69;-0.18;-0.22
65.695;-0.61;0.67;2.23;0.69;-0.18;-0.22
65.697;-0.61;0.67;2.23;0.71;0.93;-0.59
65.698;-0.1;0.62;1.73;0.71;0.93;-0.59
65.702;-0.1;0.62;1.73;0.45;1.5;-1.09
65.706;0.01;0.44;1.43;0.45;1.5;-1.09
65.71;0.01;0.44;1.43;0.29;1.78;-1.67
65.716;-0.07;0.38;0.85;0.29;1.78;-1.67
65.72;-0.07;0.38;0.85;0.29;1.76;-2.11
65.729;-0.1;0.24;0.77;0.29;1.76;-2.11
65.73;-0.1;0.24;0.77;0.38;1.1;-2.26
65.743;-0.2;0.11;0.89;0.38;1.1;-2.26
65.744;-0.2;0.11;0.89;0.58;0.46;-2.24
65.786;-0.27;-0.02;0.89;0.58;0.46;-2.24
65.788;-0.27;-0.02;0.89;0.72;0.18;-2.12
65.788;-0.33;-0.22;0.87;0.72;0.18;-2.12
65.79;-0.33;-0.22;0.87;0.77;0.04;-1.97
65.792;-0.4;-0.42;0.92;0.77;0.04;-1.97
65.794;-0.4;-0.42;0.92;0.71;0.03;-1.63
65.795;-0.4;-0.58;0.93;0.71;0.03;-1.63
65.798;-0.4;-0.58;0.93;0.4;0.46;-1.35
65.799;-0.45;-0.66;0.85;0.4;0.46;-1.35
65.801;-0.45;-0.66;0.85;0.16;0.69;-0.98
65.801;-0.29;-0.63;0.81;0.16;0.69;-0.98
65.802;-0.29;-0.63;0.81;-0.08;1.03;-0.63
65.806;-0.2;-0.58;0.7;-0.08;1.03;-0.63
65.81;-0.2;-0.58;0.7;-0.31;1.45;-0.34
65.816;-0.09;-0.5;0.51;-0.31;1.45;-0.34
65.82;-0.09;-0.5;0.51;-0.47;1.69;-0.08
65.826;0.03;-0.42;0.41;-0.47;1.69;-0.08
65.842;0.03;-0.42;0.41;-0.52;1.78;0.16
65.844;0.18;-0.38;0.32;-0.52;1.78;0.16
65.845;0.18;-0.38;0.32;-0.48;1.83;0.36
65.847;0.23;-0.35;0.18;-0.48;1.83;0.36
65.879;0.23;-0.35;0.18;-0.47;1.92;0.51
65.88;0.31;-0.3;0.0;-0.47;1.92;0.51
65.881;0.31;-0.3;0.0;-0.45;2.0;0.6
65.882;0.33;-0.24;-0.17;-0.45;2.0;0.6
65.883;0.33;-0.24;-0.17;-0.36;1.83;0.65
65.884;0.3;-0.15;-0.36;-0.36;1.83;0.65
65.884;0.3;-0.15;-0.36;-0.31;1.55;0.66
65.886;0.3;-0.12;-0.56;-0.31;1.55;0.66
65.89;0.3;-0.12;-0.56;-0.24;1.34;0.7
65.897;0.03;0.21;-0.38;-0.24;1.34;0.7
65.901;0.03;0.21;-0.38;-0.06;1.27;0.82
65.906;0.36;-0.19;-0.95;-0.06;1.27;0.82
65.91;0.36;-0.19;-0.95;-0.32;0.82;0.75
65.917;0.56;-0.26;-0.45;-0.32;0.82;0.75
65.92;0.56;-0.26;-0.45;-0.54;0.43;0.63
65.926;1.02;-0.01;0.25;-0.54;0.43;0.63
65.938;1.02;-0.01;0.25;-0.36;-0.04;0.26
65.94;1.49;0.04;0.62;-0.36;-0.04;0.26
65.941;1.49;0.04;0.62;-0.04;-0.37;-0.13
65.977;2.22;0.33;0.67;-0.04;-0.37;-0.13
65.979;2.22;0.33;0.67;0.07;-1.87;-0.42
65.983;1.92;0.63;0.53;0.07;-1.87;-0.42
65.984;1.92;0.63;0.53;0.15;-3.91;-0.29
65.985;0.5;0.72;0.56;0.15;-3.91;-0.29
65.986;0.5;0.72;0.56;0.51;-4.88;0.59
65.986;-1.19;0.56;0.75;0.51;-4.88;0.59
65.987;-1.19;0.56;0.75;1.11;-6.02;1.27
65.988;-3.72;-1.27;3.23;1.11;-6.02;1.27
65.993;-3.72;-1.27;3.23;0.91;-7.41;1.2
66.003;-1.77;-0.74;4.0;0.91;-7.41;1.2
66.005;-1.77;-0.74;4.0;-0.46;-3.88;0.48
66.007;-1.51;-0.52;4.0;-0.46;-3.88;0.48
66.01;-1.51;-0.52;4.0;-0.71;-0.46;0.54
66.016;-1.38;-0.56;3.92;-0.71;-0.46;0.54
66.02;-1.38;-0.56;3.92;-0.71;1.78;0.69
66.026;-1.39;-0.6;2.54;-0.71;1.78;0.69
66.046;-1.39;-0.6;2.54;-0.63;2.53;1.02
66.047;-0.69;-0.34;1.67;-0.63;2.53;1.02
66.048;-0.69;-0.34;1.67;-0.56;2.77;1.36
66.049;-0.12;-0.14;0.53;-0.56;2.77;1.36
66.051;-0.12;-0.14;0.53;-0.55;2.42;1.62
66.056;-0.13;-0.02;0.18;-0.55;2.42;1.62
66.061;-0.13;-0.02;0.18;-0.58;1.49;1.78
66.087;0.0;0.16;0.42;-0.58;1.49;1.78
66.088;0.0;0.16;0.42;-0.63;0.38;1.77
66.089;-0.06;0.23;0.72;-0.63;0.38;1.77
66.09;-0.06;0.23;0.72;-0.68;-0.25;1.57
66.091;-0.2;0.32;0.99;-0.68;-0.25;1.57
66.092;-0.2;0.32;0.99;-0.65;-0.48;1.37
66.098;-0.23;0.44;1.19;-0.65;-0.48;1.37
66.1;-0.23;0.44;1.19;-0.5;-0.47;1.22
66.106;-0.2;0.49;1.22;-0.5;-0.47;1.22
66.111;-0.2;0.49;1.22;-0.27;-0.29;1.08
66.116;-0.13;0.52;1.15;-0.27;-0.29;1.08
66.12;-0.13;0.52;1.15;-0.03;0.07;0.95
66.126;-0.01;0.49;0.98;-0.03;0.07;0.95
66.14;-0.01;0.49;0.98;0.18;0.49;0.79
66.142;0.0;0.41;0.77;0.18;0.49;0.79
66.143;0.0;0.41;0.77;0.34;0.87;0.59
66.181;0.06;0.29;0.62;0.34;0.87;0.59
66.183;0.06;0.29;0.62;0.43;1.27;0.39
66.183;0.14;0.15;0.38;0.43;1.27;0.39
66.184;0.14;0.15;0.38;0.48;1.68;0.22
66.185;0.26;0.08;0.28;0.48;1.68;0.22
66.186;0.26;0.08;0.28;0.54;1.85;0.04
66.187;0.34;0.01;0.03;0.54;1.85;0.04
66.188;0.34;0.01;0.03;0.54;2.09;-0.12
66.189;0.36;-0.01;-0.12;0.54;2.09;-0.12
66.19;0.36;-0.01;-0.12;0.51;2.02;-0.23
66.199;0.3;-0.03;-0.23;0.51;2.02;-0.23
66.201;0.3;-0.03;-0.23;0.5;1.96;-0.28
66.206;0.31;0.0;-0.53;0.5;1.96;-0.28
66.21;0.31;0.0;-0.53;0.51;2.13;-0.3
66.216;0.28;0.02;-0.7;0.51;2.13;-0.3
66.22;0.28;0.02;-0.7;0.55;1.91;-0.34
66.226;0.52;0.14;-0.62;0.55;1.91;-0.34
66.239;0.52;0.14;-0.62;0.63;1.23;-0.36
66.24;0.75;-0.02;-0.23;0.63;1.23;-0.36
66.241;0.75;-0.02;-0.23;0.69;0.31;-0.36
66.278;0.94;-0.38;0.15;0.69;0.31;-0.36
66.28;0.94;-0.38;0.15;0.33;-0.26;-0.07
66.281;1.54;-0.44;0.33;0.33;-0.26;-0.07
66.283;1.54;-0.44;0.33;-0.29;-0.42;0.23
66.284;1.62;-0.67;0.18;-0.29;-0.42;0.23
66.286;1.62;-0.67;0.18;-0.79;-1.59;0.25
66.287;0.91;-0.77;-0.01;-0.79;-1.59;0.25
66.288;0.91;-0.77;-0.01;-1.2;-2.8;-0.17
66.29;0.27;-0.53;0.99;-1.2;-2.8;-0.17
66.29;0.27;-0.53;0.99;-1.47;-3.66;-0.49
66.299;-1.84;-0.07;3.0;-1.47;-3.66;-0.49
66.3;-1.84;-0.07;3.0;-0.92;-5.65;-0.2
66.306;-1.8;1.48;4.0;-0.92;-5.65;-0.2
66.31;-1.8;1.48;4.0;-0.22;-5.98;0.09
66.316;-1.22;1.24;4.0;-0.22;-5.98;0.09
66.32;-1.22;1.24;4.0;-0.1;-3.38;-0.3
66.326;-1.36;0.52;3.57;-0.1;-3.38;-0.3
66.341;-1.36;0.52;3.57;0.22;-0.99;-0.5
66.343;-0.64;0.22;2.33;0.22;-0.99;-0.5
66.344;-0.64;0.22;2.33;0.33;0.02;-0.53
66.38;-0.59;0.71;2.1;0.33;0.02;-0.53
66.382;-0.59;0.71;2.1;0.37;0.53;-0.61
66.383;-0.59;0.71;2.1;0.39;1.08;-1.16
66.383;-0.09;0.45;1.16;0.39;1.08;-1.16
66.384;-0.09;0.45;1.16;0.34;1.25;-1.64
66.385;-0.06;0.26;0.96;0.34;1.25;-1.64
66.386;-0.06;0.26;0.96;0.42;1.04;-1.96
66.387;-0.16;0.08;0.89;0.42;1.04;-1.96
66.39;-0.16;0.08;0.89;0.55;0.66;-2.1
66.396;-0.26;-0.08;0.91;0.55;0.66;-2.1
66.401;-0.26;-0.08;0.91;0.66;0.31;-2.09
66.406;-0.32;-0.22;0.99;0.66;0.31;-2.09
66.411;-0.32;-0.22;0.99;0.76;0.02;-1.97
66.416;-0.44;-0.37;1.05;0.76;0.02;-1.97
66.42;-0.44;-0.37;1.05;0.76;-0.14;-1.7
66.426;-0.51;-0.48;1.13;0.76;-0.14;-1.7
66.442;-0.51;-0.48;1.13;0.66;0.13;-1.55
66.443;-0.57;-0.53;1.04;0.66;0.13;-1.55
66.444;-0.57;-0.53;1.04;0.48;0.41;-1.37
66.478;-0.48;-0.48;0.99;0.48;0.41;-1.37
66.479;-0.48;-0.48;0.99;0.24;0.77;-1.13
66.48;-0.39;-0.36;0.87;0.24;0.77;-1.13
66.482;-0.39;-0.36;0.87;0.0;1.16;-0.84
66.483;-0.24;-0.26;0.69;0.0;1.16;-0.84
66.484;-0.24;-0.26;0.69;-0.2;1.48;-0.57
66.485;-0.1;-0.2;0.53;-0.2;1.48;-0.57
66.486;-0.1;-0.2;0.53;-0.34;1.71;-0.33
66.487;0.05;-0.17;0.46;-0.34;1.71;-0.33
66.49;0.05;-0.17;0.46;-0.38;1.95;-0.14
66.498;0.19;-0.14;0.38;-0.38;1.95;-0.14
66.501;0.19;-0.14;0.38;-0.36;2.17;0.0
66.506;0.25;-0.16;0.18;-0.36;2.17;0.0
66.511;0.25;-0.16;0.18;-0.34;2.24;0.07
66.516;0.29;-0.16;-0.04;-0.34;2.24;0.07
66.52;0.29;-0.16;-0.04;-0.31;2.22;0.08
66.526;0.31;-0.14;-0.24;-0.31;2.22;0.08
66.542;0.31;-0.14;-0.24;-0.23;1.97;0.07
66.543;0.25;-0.12;-0.41;-0.23;1.97;0.07
66.544;0.25;-0.12;-0.41;-0.17;1.69;0.09
66.579;0.29;-0.11;-0.54;-0.17;1.69;0.09
66.58;0.29;-0.11;-0.54;-0.09;1.43;0.09
66.582;0.25;-0.17;-0.68;-0.09;1.43;0.09
66.582;0.25;-0.17;-0.68;0.0;1.11;0.14
66.583;0.36;-0.24;-0.85;0.0;1.11;0.14
66.584;0.36;-0.24;-0.85;-0.1;0.72;0.21
66.585;0.55;-0.14;-0.17;-0.1;0.72;0.21
66.586;0.55;-0.14;-0.17;-0.11;0.72;0.13
66.587;1.01;0.08;0.3;-0.11;0.72;0.13
66.591;1.01;0.08;0.3;0.06;0.17;-0.26
66.596;1.7;0.22;0.35;0.06;0.17;-0.26
66.6;1.7;0.22;0.35;0.22;-0.94;-0.58
66.606;2.03;0.45;0.37;0.22;-0.94;-0.58
66.61;2.03;0.45;0.37;0.11;-2.35;-0.79
66.616;1.8;0.52;0.32;0.11;-2.35;-0.79
66.62;1.8;0.52;0.32;0.11;-4.23;-0.53
66.626;0.38;0.42;0.41;0.11;-4.23;-0.53
66.645;0.38;0.42;0.41;0.39;-5.29;0.34
66.647;-0.48;0.06;0.45;0.39;-5.29;0.34
66.648;-0.48;0.06;0.45;0.79;-6.95;1.22
66.649;-3.75;-2.06;3.16;0.79;-6.95;1.22
66.65;-3.75;-2.06;3.16;0.77;-7.93;1.46
66.656;-1.37;-1.05;4.0;0.77;-7.93;1.46
66.661;-1.37;-1.05;4.0;-0.56;-4.23;0.54
66.682;-1.24;-0.84;4.0;-0.56;-4.23;0.54
66.684;-1.24;-0.84;4.0;-0.81;-0.15;0.66
66.685;-1.04;-0.57;3.73;-0.81;-0.15;0.66
66.686;-1.04;-0.57;3.73;-0.91;1.93;0.75
66.687;-0.61;-0.4;1.63;-0.91;1.93;0.75
66.69;-0.61;-0.4;1.63;-0.81;2.79;0.95
66.696;-0.31;-0.37;1.34;-0.81;2.79;0.95
66.701;-0.31;-0.37;1.34;-0.66;2.91;1.35
66.706;-0.42;-0.18;0.58;-0.66;2.91;1.35
66.712;-0.42;-0.18;0.58;-0.55;2.7;1.84
66.717;-0.16;0.06;0.38;-0.55;2.7;1.84
66.72;-0.16;0.06;0.38;-0.58;1.66;2.14
66.726;0.05;0.16;0.7;-0.58;1.66;2.14
66.741;0.05;0.16;0.7;-0.61;0.53;1.97
66.743;-0.05;0.22;0.82;-0.61;0.53;1.97
66.749;-0.05;0.22;0.82;-0.78;0.17;1.73
66.75;-0.17;0.23;0.96;-0.78;0.17;1.73
66.751;-0.17;0.23;0.96;-0.78;-0.04;1.58
66.78;-0.18;0.29;1.05;-0.78;-0.04;1.58
66.782;-0.18;0.29;1.05;-0.59;-0.11;1.56
66.783;-0.13;0.38;1.03;-0.59;-0.11;1.56
66.783;-0.13;0.38;1.03;-0.32;-0.01;1.58
66.784;-0.01;0.49;0.93;-0.32;-0.01;1.58
66.785;-0.01;0.49;0.93;-0.05;0.23;1.55
66.786;0.04;0.53;0.79;-0.05;0.23;1.55
66.79;0.04;0.53;0.79;0.19;0.49;1.39
66.797;0.09;0.5;0.61;0.19;0.49;1.39
66.801;0.09;0.5;0.61;0.39;0.74;1.12
66.807;0.14;0.43;0.46;0.39;0.74;1.12
66.81;0.14;0.43;0.46;0.48;0.97;0.81
66.816;0.17;0.33;0.33;0.48;0.97;0.81
66.82;0.17;0.33;0.33;0.49;1.24;0.5
66.826;0.24;0.21;0.23;0.49;1.24;0.5
66.84;0.24;0.21;0.23;0.48;1.48;0.22
66.843;0.32;0.12;0.14;0.48;1.48;0.22
66.845;0.32;0.12;0.14;0.47;1.68;-0.01
66.847;0.35;0.07;0.03;0.47;1.68;-0.01
66.881;0.35;0.07;0.03;0.44;1.81;-0.16
66.883;0.31;0.05;-0.12;0.44;1.81;-0.16
66.883;0.31;0.05;-0.12;0.46;1.78;-0.22
66.884;0.29;0.07;-0.2;0.46;1.78;-0.22
66.885;0.29;0.07;-0.2;0.49;1.78;-0.23
66.886;0.3;0.09;-0.44;0.49;1.78;-0.23
66.887;0.3;0.09;-0.44;0.52;1.9;-0.25
66.888;0.53;0.19;-0.42;0.52;1.9;-0.25
66.891;0.53;0.19;-0.42;0.59;1.52;-0.27
66.896;0.73;-0.01;-0.29;0.59;1.52;-0.27
66.9;0.73;-0.01;-0.29;0.66;0.67;-0.23
66.906;1.07;-0.32;-0.11;0.66;0.67;-0.23
66.912;1.07;-0.32;-0.11;0.3;0.12;-0.01
66.916;1.19;-0.21;0.26;0.3;0.12;-0.01
66.92;1.19;-0.21;0.26;-0.23;-0.32;0.12
66.927;1.78;-0.55;-0.1;-0.23;-0.32;0.12
66.932;1.78;-0.55;-0.1;-0.63;-1.37;0.06
66.936;1.16;-0.59;-0.05;-0.63;-1.37;0.06
66.94;1.16;-0.59;-0.05;-0.96;-3.32;-0.14
66.957;0.73;-0.39;0.4;-0.96;-3.32;-0.14
66.959;0.73;-0.39;0.4;-1.12;-4.39;-0.43
66.961;-1.45;-0.56;2.51;-1.12;-4.39;-0.43
66.962;-1.45;-0.56;2.51;-0.94;-6.05;-0.37
66.998;-2.54;1.09;4.0;-0.94;-6.05;-0.37
67.0;-2.54;1.09;4.0;-0.33;-7.0;-0.07
67.001;-1.16;1.09;4.0;-0.33;-7.0;-0.07
67.002;-1.16;1.09;4.0;-0.17;-4.28;-0.29
67.003;-1.29;0.46;3.88;-0.17;-4.28;-0.29
67.005;-1.29;0.46;3.88;0.26;-1.38;-0.43
67.006;-0.81;0.5;2.88;0.26;-1.38;-0.43
67.007;-0.81;0.5;2.88;0.45;0.08;-0.44
67.008;-0.59;0.68;2.27;0.45;0.08;-0.44
67.013;-0.59;0.68;2.27;0.51;0.86;-0.7
67.016;-0.2;0.69;1.63;0.51;0.86;-0.7
67.02;-0.2;0.69;1.63;0.33;1.46;-1.06
67.027;-0.09;0.57;1.23;0.33;1.46;-1.06
67.032;-0.09;0.57;1.23;0.21;1.56;-1.53
67.036;0.02;0.36;1.2;0.21;1.56;-1.53
67.041;0.02;0.36;1.2;0.2;1.44;-2.16
67.057;-0.3;0.32;0.8;0.2;1.44;-2.16
67.058;-0.3;0.32;0.8;0.29;1.27;-2.16
67.06;-0.12;0.19;0.84;0.29;1.27;-2.16
67.061;-0.12;0.19;0.84;0.43;0.65;-2.12
67.096;-0.21;0.03;0.9;0.43;0.65;-2.12
67.098;-0.21;0.03;0.9;0.68;0.23;-2.05
67.099;-0.38;-0.19;0.96;0.68;0.23;-2.05
67.1;-0.38;-0.19;0.96;0.71;0.24;-1.86
67.101;-0.53;-0.4;0.94;0.71;0.24;-1.86
67.102;-0.53;-0.4;0.94;0.62;0.56;-1.62
67.103;-0.49;-0.52;0.83;0.62;0.56;-1.62
67.104;-0.49;-0.52;0.83;0.44;0.85;-1.33
67.106;-0.39;-0.59;0.74;0.44;0.85;-1.33
67.115;-0.39;-0.59;0.74;0.2;1.11;-0.98
67.117;-0.35;-0.6;0.67;0.2;1.11;-0.98
67.12;-0.35;-0.6;0.67;-0.06;1.44;-0.63
67.128;-0.19;-0.56;0.52;-0.06;1.44;-0.63
67.131;-0.19;-0.56;0.52;-0.24;1.71;-0.32
67.136;-0.05;-0.54;0.49;-0.24;1.71;-0.32
67.14;-0.05;-0.54;0.49;-0.34;1.95;-0.02
67.157;0.11;-0.48;0.33;-0.34;1.95;-0.02
67.158;0.11;-0.48;0.33;-0.39;2.03;0.21
67.16;0.17;-0.46;0.19;-0.39;2.03;0.21
67.193;0.17;-0.46;0.19;-0.43;2.17;0.35
67.194;0.3;-0.41;0.02;-0.43;2.17;0.35
67.195;0.3;-0.41;0.02;-0.46;2.25;0.42
67.197;0.37;-0.34;-0.17;-0.46;2.25;0.42
67.198;0.37;-0.34;-0.17;-0.44;1.94;0.44
67.198;0.39;-0.25;-0.32;-0.44;1.94;0.44
67.199;0.39;-0.25;-0.32;-0.39;1.59;0.46
67.2;0.36;-0.15;-0.39;-0.39;1.59;0.46
67.201;0.36;-0.15;-0.39;-0.36;1.69;0.43
67.206;0.23;0.13;-0.44;-0.36;1.69;0.43
67.214;0.23;0.13;-0.44;-0.11;1.73;0.49
67.218;0.28;0.03;-0.71;-0.11;1.73;0.49
67.22;0.28;0.03;-0.71;-0.02;1.29;0.49
67.228;0.45;-0.11;-1.11;-0.02;1.29;0.49
67.23;0.45;-0.11;-1.11;-0.34;0.36;0.4
67.236;0.52;-0.08;-0.49;-0.34;0.36;0.4
67.24;0.52;-0.08;-0.49;-0.5;-0.2;0.29
67.258;1.15;0.03;0.12;-0.5;-0.2;0.29
67.26;1.15;0.03;0.12;-0.23;-0.48;0.01
67.261;1.38;0.26;0.62;-0.23;-0.48;0.01
67.262;1.38;0.26;0.62;0.21;-1.29;-0.32
67.298;2.16;0.59;0.7;0.21;-1.29;-0.32
67.3;2.16;0.59;0.7;0.48;-2.54;-0.52
67.302;1.94;0.85;0.65;0.48;-2.54;-0.52
67.303;1.94;0.85;0.65;0.64;-4.17;-0.24
67.304;0.55;0.65;0.64;0.64;-4.17;-0.24
67.306;0.55;0.65;0.64;0.81;-5.05;0.55
67.308;-0.25;0.11;0.46;0.81;-5.05;0.55
67.309;-0.25;0.11;0.46;0.72;-6.78;1.04
67.311;-3.6;-1.89;2.88;0.72;-6.78;1.04
67.312;-3.6;-1.89;2.88;0.67;-8.48;1.32
67.316;-1.82;-1.33;4.0;0.67;-8.48;1.32
67.32;-1.82;-1.33;4.0;-0.45;-3.52;0.95
67.338;-1.73;-0.92;4.0;-0.45;-3.52;0.95
67.34;-1.73;-0.92;4.0;-0.63;-0.15;1.13
67.341;-1.5;-0.35;2.8;-0.63;-0.15;1.13
67.342;-1.5;-0.35;2.8;-0.68;1.48;1.34
67.384;-0.54;-0.26;1.8;-0.68;1.48;1.34
67.386;-0.54;-0.26;1.8;-0.57;2.46;1.47
67.387;-0.18;-0.21;1.43;-0.57;2.46;1.47
67.388;-0.18;-0.21;1.43;-0.68;3.05;1.48
67.388;-0.19;-0.17;0.58;-0.68;3.05;1.48
67.389;-0.19;-0.17;0.58;-0.77;3.02;1.63
67.39;-0.03;0.04;0.24;-0.77;3.02;1.63
67.391;-0.03;0.04;0.24;-0.91;1.96;1.88
67.392;0.11;0.24;0.52;-0.91;1.96;1.88
67.394;0.11;0.24;0.52;-0.98;0.82;1.96
67.397;0.11;0.38;0.85;-0.98;0.82;1.96
67.4;0.11;0.38;0.85;-0.99;0.24;1.88
67.406;-0.03;0.49;0.99;-0.99;0.24;1.88
67.414;-0.03;0.49;0.99;-0.8;0.02;1.72
67.418;0.01;0.65;1.13;-0.8;0.02;1.72
67.42;0.01;0.65;1.13;-0.51;-0.09;1.58
67.428;0.02;0.72;1.12;-0.51;-0.09;1.58
67.43;0.02;0.72;1.12;-0.2;-0.07;1.41
67.436;0.08;0.75;1.06;-0.2;-0.07;1.41
67.44;0.08;0.75;1.06;0.09;0.11;1.25
67.454;0.07;0.68;0.87;0.09;0.11;1.25
67.455;0.07;0.68;0.87;0.31;0.44;1.01
67.456;0.01;0.51;0.64;0.31;0.44;1.01
67.498;0.01;0.51;0.64;0.41;0.84;0.75
67.499;0.0;0.3;0.45;0.41;0.84;0.75
67.5;0.0;0.3;0.45;0.44;1.21;0.49
67.501;0.09;0.04;0.32;0.44;1.21;0.49
67.502;0.09;0.04;0.32;0.44;1.48;0.25
67.504;0.19;-0.26;0.08;0.44;1.48;0.25
67.505;0.19;-0.26;0.08;0.36;1.87;0.07
67.506;0.13;-0.05;-0.03;0.36;1.87;0.07
67.508;0.13;-0.05;-0.03;0.16;2.07;-0.14
67.508;0.24;-0.01;-0.11;0.16;2.07;-0.14
67.511;0.24;-0.01;-0.11;0.1;2.09;-0.13
67.517;0.31;-0.04;-0.28;0.1;2.09;-0.13
67.521;0.31;-0.04;-0.28;0.2;2.18;-0.13
67.529;0.31;-0.02;-0.56;0.2;2.18;-0.13
67.531;0.31;-0.02;-0.56;0.26;2.27;-0.19
67.536;0.33;0.06;-0.72;0.26;2.27;-0.19
67.54;0.33;0.06;-0.72;0.32;2.01;-0.23
67.546;0.62;0.19;-0.54;0.32;2.01;-0.23
67.55;0.62;0.19;-0.54;0.44;1.26;-0.28
67.556;0.86;0.04;-0.3;0.44;1.26;-0.28
67.573;0.86;0.04;-0.3;0.4;0.38;-0.26
67.575;1.38;-0.28;-0.08;0.4;0.38;-0.26
67.579;1.38;-0.28;-0.08;0.02;-0.41;0.08
67.581;1.18;-0.19;0.44;0.02;-0.41;0.08
67.582;1.18;-0.19;0.44;-0.53;-0.92;0.44
67.612;1.99;-0.8;0.19;-0.53;-0.92;0.44
67.614;1.99;-0.8;0.19;-0.84;-1.63;0.29
67.614;1.13;-0.77;0.0;-0.84;-1.63;0.29
67.615;1.13;-0.77;0.0;-1.12;-3.32;-0.14
67.617;0.81;-0.3;0.77;-1.12;-3.32;-0.14
67.618;0.81;-0.3;0.77;-1.08;-4.67;-0.58
67.619;-1.37;0.08;2.48;-1.08;-4.67;-0.58
67.621;-1.37;0.08;2.48;-0.68;-6.0;-0.8
67.63;-3.0;1.7;4.0;-0.68;-6.0;-0.8
67.633;-3.0;1.7;4.0;0.27;-7.0;-0.63
67.636;-1.27;1.03;4.0;0.27;-7.0;-0.63
67.64;-1.27;1.03;4.0;0.13;-4.25;-0.79
67.646;-1.48;0.54;3.94;0.13;-4.25;-0.79
67.651;-1.48;0.54;3.94;0.42;-1.21;-0.72
67.656;-0.79;0.47;2.7;0.42;-1.21;-0.72
67.673;-0.79;0.47;2.7;0.53;0.43;-0.58
67.674;-0.5;0.69;2.22;0.53;0.43;-0.58
67.675;-0.5;0.69;2.22;0.58;1.11;-0.76
67.677;-0.01;0.42;1.52;0.58;1.11;-0.76
67.714;-0.01;0.42;1.52;0.53;1.53;-1.21
67.716;0.08;0.47;1.34;0.53;1.53;-1.21
67.717;0.08;0.47;1.34;0.45;1.74;-1.66
67.718;-0.19;0.23;0.94;0.45;1.74;-1.66
67.718;-0.19;0.23;0.94;0.55;1.67;-2.02
67.719;-0.17;0.11;0.79;0.55;1.67;-2.02
67.724;-0.17;0.11;0.79;0.72;1.06;-2.07
67.725;-0.13;-0.04;0.88;0.72;1.06;-2.07
67.727;-0.13;-0.04;0.88;0.98;0.11;-2.13
67.728;-0.3;-0.21;0.85;0.98;0.11;-2.13
67.732;-0.3;-0.21;0.85;0.93;-0.05;-2.11
67.737;-0.37;-0.36;0.95;0.93;-0.05;-2.11
67.74;-0.37;-0.36;0.95;0.81;0.06;-2.07
67.757;-0.41;-0.43;0.96;0.81;0.06;-2.07
67.759;-0.41;-0.43;0.96;0.65;0.29;-1.94
67.763;-0.38;-0.49;0.9;0.65;0.29;-1.94
67.764;-0.38;-0.49;0.9;0.43;0.54;-1.73
67.799;-0.35;-0.5;0.86;0.43;0.54;-1.73
67.802;-0.35;-0.5;0.86;0.18;0.86;-1.42
67.803;-0.3;-0.48;0.78;0.18;0.86;-1.42
67.804;-0.3;-0.48;0.78;-0.04;1.26;-1.06
67.804;-0.26;-0.45;0.62;-0.04;1.26;-1.06
67.806;-0.26;-0.45;0.62;-0.22;1.61;-0.68
67.807;-0.19;-0.4;0.52;-0.22;1.61;-0.68
67.808;-0.19;-0.4;0.52;-0.32;1.95;-0.33
67.81;0.01;-0.37;0.47;-0.32;1.95;-0.33
67.811;0.01;-0.37;0.47;-0.3;2.21;-0.06
67.816;0.13;-0.33;0.22;-0.3;2.21;-0.06
67.821;0.13;-0.33;0.22;-0.28;2.24;0.14
67.838;0.26;-0.33;0.07;-0.28;2.24;0.14
67.839;0.26;-0.33;0.07;-0.3;2.27;0.28
67.841;0.36;-0.28;-0.1;-0.3;2.27;0.28
67.842;0.36;-0.28;-0.1;-0.25;2.05;0.34
67.879;0.44;-0.21;-0.27;-0.25;2.05;0.34
67.881;0.44;-0.21;-0.27;-0.17;1.82;0.33
67.882;0.38;-0.15;-0.32;-0.17;1.82;0.33
67.883;0.38;-0.15;-0.32;-0.13;1.96;0.28
67.884;0.48;-0.12;-0.59;-0.13;1.96;0.28
67.885;0.48;-0.12;-0.59;0.0;1.78;0.26
67.887;0.51;0.1;-0.49;0.0;1.78;0.26
67.888;0.51;0.1;-0.49;0.23;1.08;0.26
67.889;1.2;-0.01;-0.4;0.23;1.08;0.26
67.891;1.2;-0.01;-0.4;0.31;0.22;-0.12
67.896;1.24;0.06;0.07;0.31;0.22;-0.12
67.901;1.24;0.06;0.07;0.34;-0.12;-0.51
67.906;1.38;0.23;-0.07;0.34;-0.12;-0.51
67.911;1.38;0.23;-0.07;0.15;-1.15;-0.52
67.916;1.08;0.44;-0.31;0.15;-1.15;-0.52
67.92;1.08;0.44;-0.31;-0.1;-2.32;-0.22
67.927;0.64;0.43;-0.21;-0.1;-2.32;-0.22
67.93;0.64;0.43;-0.21;-0.03;-3.22;0.0
67.936;0.27;0.3;0.02;-0.03;-3.22;0.0
67.94;0.27;0.3;0.02;0.32;-4.72;0.25
67.946;0.05;-0.16;0.36;0.32;-4.72;0.25
67.95;0.05;-0.16;0.36;0.38;-7.08;0.59
67.956;-2.73;-1.41;2.82;0.38;-7.08;0.59
67.971;-2.73;-1.41;2.82;0.49;-7.19;0.96
67.973;-1.65;-1.47;4.0;0.49;-7.19;0.96
67.974;-1.65;-1.47;4.0;0.14;-4.44;0.88
68.015;-1.33;-0.71;3.95;0.14;-4.44;0.88
68.017;-1.33;-0.71;3.95;-0.16;-1.18;0.73
68.018;-0.89;-0.41;3.06;-0.16;-1.18;0.73
68.019;-0.89;-0.41;3.06;-0.18;0.8;0.8
68.02;-0.86;-0.2;2.39;-0.18;0.8;0.8
68.021;-0.86;-0.2;2.39;-0.4;1.5;0.86
68.022;-0.64;-0.3;1.5;-0.4;1.5;0.86
68.023;-0.64;-0.3;1.5;-0.57;2.13;0.99
68.024;-0.3;-0.24;1.2;-0.57;2.13;0.99
68.025;-0.3;-0.24;1.2;-0.72;2.07;1.22
68.028;-0.17;-0.08;0.89;-0.72;2.07;1.22
68.03;-0.17;-0.08;0.89;-0.8;1.79;1.46
68.037;-0.25;-0.04;0.83;-0.8;1.79;1.46
68.041;-0.25;-0.04;0.83;-0.85;1.41;1.54
68.054;-0.14;0.1;0.63;-0.85;1.41;1.54
68.056;-0.14;0.1;0.63;-0.88;1.12;1.61
68.057;-0.01;0.13;0.69;-0.88;1.12;1.61
68.099;-0.01;0.13;0.69;-0.83;0.7;1.58
68.101;-0.05;0.18;0.65;-0.83;0.7;1.58
68.102;-0.05;0.18;0.65;-0.76;0.45;1.55
68.103;-0.03;0.24;0.69;-0.76;0.45;1.55
68.104;-0.03;0.24;0.69;-0.63;0.26;1.58
68.106;0.03;0.32;0.75;-0.63;0.26;1.58
68.108;0.03;0.32;0.75;-0.42;0.17;1.58
68.112;0.08;0.36;0.69;-0.42;0.17;1.58
68.113;0.08;0.36;0.69;-0.18;0.24;1.51
68.114;0.12;0.38;0.57;-0.18;0.24;1.51
68.114;0.12;0.38;0.57;0.02;0.39;1.34
68.117;0.17;0.37;0.46;0.02;0.39;1.34
68.12;0.17;0.37;0.46;0.16;0.57;1.08
68.129;0.22;0.34;0.35;0.16;0.57;1.08
68.131;0.22;0.34;0.35;0.23;0.79;0.77
68.136;0.25;0.3;0.26;0.23;0.79;0.77
68.14;0.25;0.3;0.26;0.26;0.99;0.42
68.154;0.26;0.29;0.14;0.26;0.99;0.42
68.156;0.26;0.29;0.14;0.27;1.21;0.12
68.157;0.21;0.28;0.02;0.27;1.21;0.12
68.198;0.21;0.28;0.02;0.3;1.36;-0.1
68.201;0.17;0.25;-0.08;0.3;1.36;-0.1
68.202;0.17;0.25;-0.08;0.36;1.37;-0.25
68.203;0.11;0.25;-0.2;0.36;1.37;-0.25
68.204;0.11;0.25;-0.2;0.41;1.36;-0.34
68.205;0.08;0.24;-0.27;0.41;1.36;-0.34
68.207;0.08;0.24;-0.27;0.47;1.25;-0.38
68.209;0.27;0.28;-0.16;0.47;1.25;-0.38
68.211;0.27;0.28;-0.16;0.57;1.01;-0.41
68.212;0.66;0.09;0.1;0.57;1.01;-0.41
68.218;0.66;0.09;0.1;0.7;0.74;-0.55
68.219;0.65;0.12;0.17;0.7;0.74;-0.55
68.222;0.65;0.12;0.17;0.69;0.48;-0.8
68.233;1.28;-0.06;0.15;0.69;0.48;-0.8
68.235;1.28;-0.06;0.15;0.45;0.12;-0.44
68.238;1.87;-0.35;0.07;0.45;0.12;-0.44
68.24;1.87;-0.35;0.07;0.09;-0.72;0.02
68.261;1.38;-0.42;0.02;0.09;-0.72;0.02
68.262;1.38;-0.42;0.02;-0.41;-2.03;0.08
68.263;1.14;-0.87;-0.14;-0.41;-2.03;0.08
68.264;1.14;-0.87;-0.14;-1.02;-2.8;-0.34
68.266;1.09;-1.09;0.47;-1.02;-2.8;-0.34
68.27;1.09;-1.09;0.47;-1.66;-4.55;-0.7
68.303;-2.25;-0.81;3.19;-1.66;-4.55;-0.7
68.304;-2.25;-0.81;3.19;-1.46;-7.14;-0.75
68.306;-2.64;0.69;4.0;-1.46;-7.14;-0.75
68.307;-2.64;0.69;4.0;-0.62;-5.74;-0.25
68.309;-1.29;0.55;4.0;-0.62;-5.74;-0.25
68.31;-1.29;0.55;4.0;-0.15;-3.24;-0.16
68.311;-1.03;0.29;3.58;-0.15;-3.24;-0.16
68.314;-1.03;0.29;3.58;0.46;-1.08;-0.04
68.317;-0.9;0.81;3.17;0.46;-1.08;-0.04
68.32;-0.9;0.81;3.17;0.7;-0.1;-0.1
68.33;-0.49;0.72;2.44;0.7;-0.1;-0.1
68.332;-0.49;0.72;2.44;0.75;0.8;-0.55
68.336;-0.04;0.76;1.87;0.75;0.8;-0.55
68.34;-0.04;0.76;1.87;0.56;1.3;-0.93
68.355;-0.5;0.58;1.46;0.56;1.3;-0.93
68.357;-0.5;0.58;1.46;0.43;1.52;-1.42
68.358;-0.2;0.62;1.16;0.43;1.52;-1.42
68.398;-0.2;0.62;1.16;0.47;1.43;-1.92
68.399;-0.2;0.47;1.12;0.47;1.43;-1.92
68.4;-0.2;0.47;1.12;0.61;0.83;-2.05
68.401;-0.13;0.32;1.18;0.61;0.83;-2.05
68.402;-0.13;0.32;1.18;0.74;0.79;-2.1
68.403;-0.29;0.07;1.08;0.74;0.79;-2.1
68.404;-0.29;0.07;1.08;0.79;0.79;-2.0
68.405;-0.31;-0.15;1.01;0.79;0.79;-2.0
68.406;-0.31;-0.15;1.01;0.79;0.93;-1.82
68.407;-0.24;-0.34;0.98;0.79;0.93;-1.82
68.411;-0.24;-0.34;0.98;0.67;1.21;-1.59
68.416;-0.24;-0.57;0.7;0.67;1.21;-1.59
68.42;-0.24;-0.57;0.7;0.4;1.35;-1.33
68.427;-0.24;-0.76;0.48;0.4;1.35;-1.33
68.431;-0.24;-0.76;0.48;0.05;1.55;-1.02
68.436;-0.21;-0.84;0.35;0.05;1.55;-1.02
68.441;-0.21;-0.84;0.35;-0.3;1.86;-0.7
68.446;-0.14;-0.84;0.17;-0.3;1.86;-0.7
68.45;-0.14;-0.84;0.17;-0.56;1.93;-0.35
68.456;0.05;-0.73;0.17;-0.56;1.93;-0.35
68.472;0.05;-0.73;0.17;-0.62;1.9;0.0
68.473;0.2;-0.65;0.24;-0.62;1.9;0.0
68.474;0.2;-0.65;0.24;-0.59;2.12;0.3
68.478;0.31;-0.57;0.13;-0.59;2.12;0.3
68.511;0.31;-0.57;0.13;-0.58;2.33;0.55
68.513;0.31;-0.31;-0.01;-0.58;2.33;0.55
68.514;0.31;-0.31;-0.01;-0.51;2.18;0.82
68.515;0.41;-0.08;-0.07;-0.51;2.18;0.82
68.516;0.41;-0.08;-0.07;-0.43;2.14;0.95
68.517;0.6;-0.39;-0.5;-0.43;2.14;0.95
68.518;0.6;-0.39;-0.5;-0.58;2.0;0.76
68.519;0.59;-0.32;-0.66;-0.58;2.0;0.76
68.521;0.59;-0.32;-0.66;-0.65;1.74;0.58
68.527;0.33;-0.2;-0.66;-0.65;1.74;0.58
68.531;0.33;-0.2;-0.66;-0.54;1.43;0.55
68.536;0.27;-0.02;-0.76;-0.54;1.43;0.55
68.54;0.27;-0.02;-0.76;-0.53;0.72;0.55
68.547;0.34;0.05;-0.73;-0.53;0.72;0.55
68.55;0.34;0.05;-0.73;-0.51;0.16;0.69
68.556;0.5;0.14;-0.64;-0.51;0.16;0.69
68.572;0.5;0.14;-0.64;-0.59;-0.28;0.74
68.574;0.86;0.23;0.11;-0.59;-0.28;0.74
68.578;0.86;0.23;0.11;-0.41;-0.53;0.51
68.579;1.54;0.49;0.71;-0.41;-0.53;0.51
68.611;1.54;0.49;0.71;0.11;-1.0;0.13
68.612;1.68;0.65;0.56;0.11;-1.0;0.13
68.614;1.68;0.65;0.56;0.5;-2.16;-0.02
68.615;1.76;0.85;0.54;0.5;-2.16;-0.02
68.618;1.76;0.85;0.54;0.62;-4.08;0.17
68.619;0.83;0.81;0.69;0.62;-4.08;0.17
68.621;0.83;0.81;0.69;0.74;-5.39;0.66
68.622;-0.33;0.1;3.13;0.74;-5.39;0.66
68.623;-0.33;0.1;3.13;0.51;-6.67;0.85
68.626;-3.4;-1.56;4.0;0.51;-6.67;0.85
68.631;-3.4;-1.56;4.0;0.15;-7.18;0.94
68.636;-1.83;-0.51;4.0;0.15;-7.18;0.94
68.642;-1.83;-0.51;4.0;-0.43;-3.75;0.73
68.646;-1.51;-0.86;3.68;-0.43;-3.75;0.73
68.65;-1.51;-0.86;3.68;-0.45;-0.07;0.94
68.656;-1.69;-0.57;2.92;-0.45;-0.07;0.94
68.672;-1.69;-0.57;2.92;-0.63;1.58;1.1
68.674;-0.71;-0.46;2.14;-0.63;1.58;1.1
68.677;-0.71;-0.46;2.14;-0.54;2.42;1.4
68.678;-0.08;-0.36;1.42;-0.54;2.42;1.4
68.712;-0.08;-0.36;1.42;-0.57;2.86;1.62
68.713;-0.05;-0.24;0.94;-0.57;2.86;1.62
68.714;-0.05;-0.24;0.94;-0.72;2.85;1.72
68.715;-0.17;-0.03;0.33;-0.72;2.85;1.72
68.717;-0.17;-0.03;0.33;-0.83;2.21;1.94
68.718;-0.02;0.09;0.48;-0.83;2.21;1.94
68.725;-0.02;0.09;0.48;-0.88;1.0;2.05
68.727;0.04;0.17;0.77;-0.88;1.0;2.05
68.728;0.04;0.17;0.77;-0.85;0.34;1.99
68.729;-0.02;0.29;0.91;-0.85;0.34;1.99
68.731;-0.02;0.29;0.91;-0.82;0.11;1.84
68.736;-0.1;0.47;1.04;-0.82;0.11;1.84
68.757;-0.1;0.47;1.04;-0.66;0.0;1.7
68.759;-0.11;0.68;1.12;-0.66;0.0;1.7
68.761;-0.11;0.68;1.12;-0.39;0.05;1.62
68.764;-0.06;0.74;1.04;-0.39;0.05;1.62
68.766;-0.06;0.74;1.04;-0.09;0.37;1.5
68.767;0.09;0.67;0.78;-0.09;0.37;1.5
68.77;0.09;0.67;0.78;0.13;0.73;1.29
68.798;0.07;0.56;0.64;0.13;0.73;1.29
68.8;0.07;0.56;0.64;0.32;1.02;1.02
68.801;0.11;0.35;0.43;0.32;1.02;1.02
68.802;0.11;0.35;0.43;0.47;1.3;0.73
68.803;0.17;0.15;0.29;0.47;1.3;0.73
68.804;0.17;0.15;0.29;0.54;1.52;0.49
68.807;0.23;0.02;0.19;0.54;1.52;0.49
68.812;0.23;0.02;0.19;0.55;1.65;0.32
68.816;0.29;-0.03;-0.01;0.55;1.65;0.32
68.82;0.29;-0.03;-0.01;0.5;1.81;0.2
68.826;0.39;-0.13;-0.26;0.5;1.81;0.2
68.831;0.39;-0.13;-0.26;0.4;1.97;0.12
68.836;0.34;-0.06;-0.3;0.4;1.97;0.12
68.854;0.34;-0.06;-0.3;0.29;1.94;-0.05
68.857;0.3;0.12;-0.44;0.29;1.94;-0.05
68.858;0.3;0.12;-0.44;0.26;1.87;-0.16
68.859;0.28;0.12;-0.61;0.26;1.87;-0.16
68.895;0.28;0.12;-0.61;0.35;1.63;-0.09
68.898;0.23;0.15;-0.73;0.35;1.63;-0.09
68.898;0.23;0.15;-0.73;0.45;1.14;-0.04
68.899;0.46;0.25;-0.27;0.45;1.14;-0.04
68.9;0.46;0.25;-0.27;0.5;0.55;-0.04
68.901;0.7;0.17;-0.08;0.5;0.55;-0.04
68.902;0.7;0.17;-0.08;0.59;0.08;-0.12
68.903;1.17;-0.18;0.05;0.59;0.08;-0.12
68.904;1.17;-0.18;0.05;0.46;-0.51;0.04
68.907;1.16;-0.29;0.31;0.46;-0.51;0.04
68.911;1.16;-0.29;0.31;-0.11;-1.21;0.35
68.916;1.9;-0.79;-0.03;-0.11;-1.21;0.35
68.92;1.9;-0.79;-0.03;-0.79;-1.93;0.13
68.926;1.15;-0.95;0.4;-0.79;-1.93;0.13
68.931;1.15;-0.95;0.4;-1.6;-3.4;-0.31
68.936;0.58;-0.57;1.32;-1.6;-3.4;-0.31
68.954;0.58;-0.57;1.32;-1.84;-4.32;-0.71
68.956;-1.05;-0.05;2.46;-1.84;-4.32;-0.71
68.957;-1.05;-0.05;2.46;-1.26;-5.64;-0.71
68.959;-2.65;1.45;4.0;-1.26;-5.64;-0.71
69.001;-2.65;1.45;4.0;-0.09;-6.43;-0.6
69.003;-1.67;1.14;4.0;-0.09;-6.43;-0.6
69.004;-1.67;1.14;4.0;-0.03;-4.2;-0.91
69.005;-1.58;0.73;3.85;-0.03;-4.2;-0.91
69.007;-1.58;0.73;3.85;0.33;-1.33;-0.88
69.008;-0.78;0.29;2.44;0.33;-1.33;-0.88
69.01;-0.78;0.29;2.44;0.6;-0.18;-0.72
69.011;-0.67;0.97;2.29;0.6;-0.18;-0.72
69.012;-0.67;0.97;2.29;0.62;0.19;-0.64
69.013;-0.11;0.74;1.65;0.62;0.19;-0.64
69.014;-0.11;0.74;1.65;0.49;1.11;-1.68
69.017;-0.04;0.41;1.29;0.49;1.11;-1.68
69.02;-0.04;0.41;1.29;0.45;0.85;-2.09
69.027;-0.18;0.44;0.95;0.45;0.85;-2.09
69.03;-0.18;0.44;0.95;0.5;0.37;-2.38
69.036;-0.14;0.27;1.02;0.5;0.37;-2.38
69.041;-0.14;0.27;1.02;0.65;0.13;-2.57
69.046;-0.31;0.06;1.11;0.65;0.13;-2.57
69.051;-0.31;0.06;1.11;0.75;0.01;-2.57
69.058;-0.38;-0.08;1.21;0.75;0.01;-2.57
69.074;-0.38;-0.08;1.21;0.82;0.06;-2.53
69.075;-0.41;-0.27;1.27;0.82;0.06;-2.53
69.078;-0.41;-0.27;1.27;0.8;0.33;-2.42
69.079;-0.43;-0.48;1.27;0.8;0.33;-2.42
69.08;-0.43;-0.48;1.27;0.69;0.73;-2.22
69.087;-0.44;-0.66;1.12;0.69;0.73;-2.22
69.115;-0.44;-0.66;1.12;0.48;1.14;-1.87
69.117;-0.44;-0.77;0.96;0.48;1.14;-1.87
69.118;-0.44;-0.77;0.96;0.22;1.56;-1.46
69.119;-0.38;-0.75;0.71;0.22;1.56;-1.46
69.12;-0.38;-0.75;0.71;0.22;1.85;-1.01
69.121;-0.27;-0.64;0.42;0.22;1.85;-1.01
69.124;-0.27;-0.64;0.42;-0.23;1.94;-0.61
69.129;-0.15;-0.52;0.34;-0.23;1.94;-0.61
69.131;-0.15;-0.52;0.34;-0.31;1.98;-0.27
69.137;0.09;-0.41;0.31;-0.31;1.98;-0.27
69.144;0.09;-0.41;0.31;-0.29;2.04;-0.01
69.146;0.25;-0.35;0.22;-0.29;2.04;-0.01
69.15;0.25;-0.35;0.22;-0.25;2.21;0.16
69.169;0.37;-0.31;0.0;-0.25;2.21;0.16
69.17;0.37;-0.31;0.0;-0.2;2.02;0.27
69.171;0.48;-0.24;-0.12;-0.2;2.02;0.27
69.173;0.48;-0.24;-0.12;-0.14;1.74;0.35
69.207;0.46;-0.16;-0.22;-0.14;1.74;0.35
69.209;0.46;-0.16;-0.22;-0.11;1.98;0.4
69.21;0.32;-0.01;-0.28;-0.11;1.98;0.4
69.211;0.32;-0.01;-0.28;0.03;2.31;0.48
69.212;0.4;0.04;-0.58;0.03;2.31;0.48
69.213;0.4;0.04;-0.58;0.14;2.11;0.52
69.214;0.51;-0.15;-1.1;0.14;2.11;0.52
69.221;0.51;-0.15;-1.1;-0.04;1.43;0.43
69.223;0.42;-0.19;-1.19;-0.04;1.43;0.43
69.224;0.42;-0.19;-1.19;-0.31;0.48;0.35
69.229;0.51;-0.21;-0.42;-0.31;0.48;0.35
69.231;0.51;-0.21;-0.42;-0.38;-0.39;0.14
69.237;1.18;0.01;0.32;-0.38;-0.39;0.14
69.241;1.18;0.01;0.32;-0.05;-0.74;-0.17
69.246;1.66;0.22;0.51;-0.05;-0.74;-0.17
69.251;1.66;0.22;0.51;0.35;-1.34;-0.4
69.271;2.04;0.55;0.59;0.35;-1.34;-0.4
69.275;2.04;0.55;0.59;0.44;-2.57;-0.55
69.277;1.47;0.73;0.42;0.44;-2.57;-0.55
69.278;1.47;0.73;0.42;0.38;-3.86;-0.29
69.279;-1.05;-0.19;0.79;0.38;-3.86;-0.29
69.311;-1.05;-0.19;0.79;0.5;-4.9;0.31
69.313;-3.32;-1.91;3.37;0.5;-4.9;0.31
69.314;-3.32;-1.91;3.37;0.69;-7.66;0.8
69.315;-1.88;-1.23;4.0;0.69;-7.66;0.8
69.316;-1.88;-1.23;4.0;0.74;-7.89;1.18
69.319;-1.75;-0.78;4.0;0.74;-7.89;1.18
69.321;-1.75;-0.78;4.0;-0.05;-3.04;1.0
69.323;-1.54;-0.45;3.8;-0.05;-3.04;1.0
69.324;-1.54;-0.45;3.8;-0.24;0.26;1.01
69.328;-0.94;-0.43;2.1;-0.24;0.26;1.01
69.33;-0.94;-0.43;2.1;-0.48;1.74;1.01
69.336;-0.53;-0.25;1.61;-0.48;1.74;1.01
69.342;-0.53;-0.25;1.61;-0.68;2.38;1.06
69.346;-0.05;-0.2;1.29;-0.68;2.38;1.06
69.35;-0.05;-0.2;1.29;-0.8;2.7;1.09
69.372;-0.36;-0.17;0.6;-0.8;2.7;1.09
69.374;-0.36;-0.17;0.6;-0.88;2.52;1.35
69.375;-0.22;0.01;0.38;-0.88;2.52;1.35
69.375;-0.22;0.01;0.38;-1.03;1.6;1.78
69.377;0.02;0.21;0.61;-1.03;1.6;1.78
69.38;0.02;0.21;0.61;-1.01;0.58;1.92
69.387;0.03;0.37;0.74;-1.01;0.58;1.92
69.414;0.03;0.37;0.74;-1.0;0.08;1.79
69.417;-0.08;0.4;0.96;-1.0;0.08;1.79
69.418;-0.08;0.4;0.96;-0.97;-0.14;1.52
69.419;-0.21;0.45;1.06;-0.97;-0.14;1.52
69.421;-0.21;0.45;1.06;-0.8;-0.22;1.3
69.423;-0.2;0.5;1.13;-0.8;-0.22;1.3
69.424;-0.2;0.5;1.13;-0.52;-0.17;1.18
69.429;-0.12;0.54;1.09;-0.52;-0.17;1.18
69.431;-0.12;0.54;1.09;-0.21;0.12;1.09
69.436;0.01;0.48;0.88;-0.21;0.12;1.09
69.441;0.01;0.48;0.88;0.05;0.53;0.94
69.446;0.03;0.47;0.69;0.05;0.53;0.94
69.45;0.03;0.47;0.69;0.22;0.88;0.75
69.469;0.1;0.37;0.52;0.22;0.88;0.75
69.471;0.1;0.37;0.52;0.35;1.21;0.54
69.472;0.23;0.26;0.35;0.35;1.21;0.54
69.473;0.23;0.26;0.35;0.44;1.45;0.29
69.515;0.26;0.18;0.18;0.44;1.45;0.29
69.518;0.26;0.18;0.18;0.46;1.7;0.05
69.519;0.33;0.11;0.0;0.46;1.7;0.05
69.523;0.33;0.11;0.0;0.46;1.78;-0.15
69.527;0.32;0.09;-0.11;0.46;1.78;-0.15
69.528;0.32;0.09;-0.11;0.46;1.83;-0.29
69.529;0.32;0.03;-0.32;0.46;1.83;-0.29
69.53;0.32;0.03;-0.32;0.48;1.96;-0.33
69.531;0.27;-0.13;-0.42;0.48;1.96;-0.33
69.532;0.27;-0.13;-0.42;0.5;1.9;-0.42
69.532;0.16;0.08;-0.46;0.5;1.9;-0.42
69.533;0.16;0.08;-0.46;0.52;1.72;-0.51
69.536;0.16;0.13;-0.64;0.52;1.72;-0.51
69.552;0.16;0.13;-0.64;0.62;1.44;-0.36
69.554;0.53;0.28;-0.32;0.62;1.44;-0.36
69.555;0.53;0.28;-0.32;0.73;0.85;-0.23
69.598;0.78;0.09;-0.02;0.73;0.85;-0.23
69.599;0.78;0.09;-0.02;0.83;0.22;-0.26
69.601;1.36;-0.18;0.09;0.83;0.22;-0.26
69.602;1.36;-0.18;0.09;0.51;-0.21;0.0
69.603;1.77;-0.32;0.2;0.51;-0.21;0.0
69.604;1.77;-0.32;0.2;-0.13;-0.96;0.29
69.605;1.49;-0.64;0.14;-0.13;-0.96;0.29
69.607;1.49;-0.64;0.14;-0.78;-1.96;0.01
69.608;1.04;-1.04;0.19;-0.78;-1.96;0.01
69.609;1.04;-1.04;0.19;-1.55;-3.36;-0.52
69.611;0.39;-0.68;1.23;-1.55;-3.36;-0.52
69.611;0.39;-0.68;1.23;-1.82;-4.67;-0.54
69.616;-1.52;-0.42;3.09;-1.82;-4.67;-0.54
69.621;-1.52;-0.42;3.09;-1.21;-6.14;-0.23
69.627;-2.34;1.2;4.0;-1.21;-6.14;-0.23
69.63;-2.34;1.2;4.0;-0.16;-6.08;0.1
69.636;-1.45;1.07;4.0;-0.16;-6.08;0.1
69.641;-1.45;1.07;4.0;-0.02;-4.09;-0.22
69.646;-1.46;0.71;3.8;-0.02;-4.09;-0.22
69.65;-1.46;0.71;3.8;0.46;-1.19;-0.33
69.669;-0.72;0.39;2.74;0.46;-1.19;-0.33
69.671;-0.72;0.39;2.74;0.7;0.68;-0.46
69.672;-0.7;0.92;2.25;0.7;0.68;-0.46
69.673;-0.7;0.92;2.25;0.59;1.39;-0.99
69.709;-0.19;0.85;1.29;0.59;1.39;-0.99
69.711;-0.19;0.85;1.29;0.44;1.29;-1.67
69.712;-0.19;0.85;1.29;0.39;1.13;-2.08
69.714;0.03;0.43;0.96;0.39;1.13;-2.08
69.714;0.03;0.43;0.96;0.47;0.74;-2.31
69.715;-0.08;0.08;1.07;0.47;0.74;-2.31
69.716;-0.08;0.08;1.07;0.64;0.44;-2.27
69.722;-0.39;0.08;0.91;0.64;0.44;-2.27
69.723;-0.39;0.08;0.91;0.78;0.06;-2.11
69.726;-0.3;-0.07;1.1;0.78;0.06;-2.11
69.73;-0.3;-0.07;1.1;0.83;0.07;-2.06
69.736;-0.39;-0.24;1.11;0.83;0.07;-2.06
69.741;-0.39;-0.24;1.11;0.73;0.24;-1.99
69.746;-0.46;-0.46;1.1;0.73;0.24;-1.99
69.751;-0.46;-0.46;1.1;0.56;0.55;-1.86
69.769;-0.41;-0.58;1.06;0.56;0.55;-1.86
69.771;-0.41;-0.58;1.06;0.33;0.93;-1.63
69.773;-0.4;-0.7;0.84;0.33;0.93;-1.63
69.774;-0.4;-0.7;0.84;0.07;1.2;-1.36
69.807;-0.34;-0.65;0.73;0.07;1.2;-1.36
69.809;-0.34;-0.65;0.73;-0.2;1.56;-1.02
69.81;-0.22;-0.55;0.58;-0.2;1.56;-1.02
69.811;-0.22;-0.55;0.58;-0.41;1.85;-0.66
69.812;-0.11;-0.46;0.42;-0.41;1.85;-0.66
69.813;-0.11;-0.46;0.42;-0.53;2.05;-0.32
69.814;0.06;-0.36;0.38;-0.53;2.05;-0.32
69.815;0.06;-0.36;0.38;-0.53;2.15;0.01
69.816;0.23;-0.3;0.33;-0.53;2.15;0.01
69.821;0.23;-0.3;0.33;-0.5;2.31;0.26
69.827;0.31;-0.27;0.19;-0.5;2.31;0.26
69.831;0.31;-0.27;0.19;-0.47;2.48;0.41
69.836;0.36;-0.22;-0.06;-0.47;2.48;0.41
69.841;0.36;-0.22;-0.06;-0.43;2.29;0.45
69.846;0.35;-0.17;-0.17;-0.43;2.29;0.45
69.85;0.35;-0.17;-0.17;-0.37;2.14;0.47
69.867;0.41;-0.11;-0.28;-0.37;2.14;0.47
69.869;0.41;-0.11;-0.28;-0.38;2.35;0.41
69.87;0.19;0.04;-0.33;-0.38;2.35;0.41
69.871;0.19;0.04;-0.33;-0.25;2.57;0.45
69.906;0.24;0.06;-0.55;-0.25;2.57;0.45
69.908;0.24;0.06;-0.55;-0.14;2.29;0.5
69.909;0.54;-0.16;-0.94;-0.14;2.29;0.5
69.91;0.54;-0.16;-0.94;-0.29;1.37;0.37
69.911;0.83;-0.13;-0.34;-0.29;1.37;0.37
69.912;0.83;-0.13;-0.34;-0.26;0.58;0.02
69.913;1.18;0.05;0.22;-0.26;0.58;0.02
69.915;1.18;0.05;0.22;0.09;-0.23;-0.37
69.916;1.64;0.46;0.34;0.09;-0.23;-0.37
69.921;1.64;0.46;0.34;0.36;-1.39;-0.51
69.928;1.1;0.7;0.15;0.36;-1.39;-0.51
69.93;1.1;0.7;0.15;0.26;-2.97;-0.38
69.936;0.3;0.4;0.27;0.26;-2.97;-0.38
69.951;0.3;0.4;0.27;0.26;-4.16;0.09
69.953;0.02;-0.28;0.57;0.26;-4.16;0.09
69.954;0.02;-0.28;0.57;0.53;-5.72;0.52
69.994;-3.37;-1.85;3.1;0.53;-5.72;0.52
69.996;-3.37;-1.85;3.1;0.28;-8.14;0.62
69.998;-1.53;-1.07;4.0;0.28;-8.14;0.62
69.999;-1.53;-1.07;4.0;0.39;-8.37;0.9
70.001;-1.68;-0.74;4.0;0.39;-8.37;0.9
70.002;-1.68;-0.74;4.0;-0.5;-3.86;0.58
70.003;-1.53;-0.6;3.82;-0.5;-3.86;0.58
70.004;-1.53;-0.6;3.82;-0.58;-0.25;0.72
70.005;-1.11;-0.74;2.69;-0.58;-0.25;0.72
70.007;-1.11;-0.74;2.69;-0.51;1.35;0.97
70.008;-0.92;-0.52;1.79;-0.51;1.35;0.97
70.012;-0.92;-0.52;1.79;-0.44;1.97;1.33
70.016;-0.2;-0.31;1.31;-0.44;1.97;1.33
70.02;-0.2;-0.31;1.31;-0.45;2.16;1.65
70.026;-0.28;-0.16;0.91;-0.45;2.16;1.65
70.03;-0.28;-0.16;0.91;-0.53;2.01;1.82
70.036;-0.24;0.0;0.72;-0.53;2.01;1.82
70.05;-0.24;0.0;0.72;-0.69;1.46;1.97
70.051;-0.23;0.15;0.71;-0.69;1.46;1.97
70.052;-0.23;0.15;0.71;-0.81;0.72;1.95
70.088;-0.05;0.24;1.12;-0.81;0.72;1.95
70.092;-0.05;0.24;1.12;-0.81;0.1;1.81
70.093;-0.12;0.34;1.1;-0.81;0.1;1.81
70.094;-0.12;0.34;1.1;-0.75;0.07;1.63
70.095;-0.13;0.42;1.14;-0.75;0.07;1.63
70.097;-0.13;0.42;1.14;-0.62;0.12;1.48
70.098;-0.1;0.51;1.11;-0.62;0.12;1.48
70.099;-0.1;0.51;1.11;-0.4;0.34;1.37
70.1;-0.01;0.53;0.94;-0.4;0.34;1.37
70.101;-0.01;0.53;0.94;-0.18;0.65;1.27
70.107;-0.03;0.57;0.81;-0.18;0.65;1.27
70.11;-0.03;0.57;0.81;0.06;0.94;1.11
70.116;0.06;0.49;0.6;0.06;0.94;1.11
70.12;0.06;0.49;0.6;0.29;1.26;0.88
70.126;0.12;0.4;0.39;0.29;1.26;0.88
70.13;0.12;0.4;0.39;0.46;1.57;0.63
70.136;0.25;0.27;0.24;0.46;1.57;0.63
70.151;0.25;0.27;0.24;0.56;1.82;0.38
70.153;0.36;0.14;0.11;0.56;1.82;0.38
70.154;0.36;0.14;0.11;0.62;1.95;0.13
70.192;0.46;0.04;-0.15;0.62;1.95;0.13
70.194;0.46;0.04;-0.15;0.58;2.22;-0.06
70.195;0.43;-0.09;-0.31;0.58;2.22;-0.06
70.195;0.43;-0.09;-0.31;0.52;2.3;-0.2
70.197;0.48;-0.05;-0.43;0.52;2.3;-0.2
70.198;0.48;-0.05;-0.43;0.48;2.17;-0.25
70.199;0.43;0.0;-0.49;0.48;2.17;-0.25
70.201;0.43;0.0;-0.49;0.5;2.0;-0.27
70.203;0.33;0.0;-0.77;0.5;2.0;-0.27
70.204;0.33;0.0;-0.77;0.58;1.83;-0.25
70.208;0.37;0.0;-0.9;0.58;1.83;-0.25
70.211;0.37;0.0;-0.9;0.6;1.3;-0.21
70.217;0.58;0.21;-0.35;0.6;1.3;-0.21
70.221;0.58;0.21;-0.35;0.56;0.45;-0.27
70.226;0.54;0.14;0.04;0.56;0.45;-0.27
70.23;0.54;0.14;0.04;0.51;-0.06;-0.3
70.237;1.36;-0.11;0.16;0.51;-0.06;-0.3
70.254;1.36;-0.11;0.16;0.24;-0.7;0.0
70.26;1.76;-0.25;0.14;0.24;-0.7;0.0
70.262;1.76;-0.25;0.14;-0.17;-1.3;0.38
70.263;1.74;-0.59;-0.12;-0.17;-1.3;0.38
70.264;1.74;-0.59;-0.12;-0.71;-2.49;0.26
70.266;0.99;-0.83;0.05;-0.71;-2.49;0.26
70.271;0.99;-0.83;0.05;-1.36;-4.05;-0.33
70.296;0.43;-0.43;1.1;-1.36;-4.05;-0.33
70.298;0.43;-0.43;1.1;-1.84;-5.19;-0.64
70.299;-2.96;0.07;3.32;-1.84;-5.19;-0.64
70.3;-2.96;0.07;3.32;-1.19;-7.44;-0.49
70.302;-1.88;1.64;4.0;-1.19;-7.44;-0.49
70.303;-1.88;1.64;4.0;-0.13;-2.99;-0.83
70.307;-1.58;0.87;4.0;-0.13;-2.99;-0.83
70.311;-1.58;0.87;4.0;0.4;-0.46;-0.76
70.316;-1.35;0.22;3.59;0.4;-0.46;-0.76
70.32;-1.35;0.22;3.59;0.66;0.81;-0.71
70.326;-1.01;0.62;2.77;0.66;0.81;-0.71
70.331;-1.01;0.62;2.77;0.78;1.61;-0.95
70.336;-0.26;0.64;1.88;0.78;1.61;-0.95
70.34;-0.26;0.64;1.88;0.68;1.9;-1.36
70.346;-0.18;0.59;1.25;0.68;1.9;-1.36
70.351;-0.18;0.59;1.25;0.58;1.83;-1.77
70.368;0.13;0.46;1.04;0.58;1.83;-1.77
70.371;0.13;0.46;1.04;0.59;1.63;-2.12
70.372;0.12;0.31;0.73;0.59;1.63;-2.12
70.408;0.12;0.31;0.73;0.65;1.06;-2.27
70.41;0.06;0.12;0.78;0.65;1.06;-2.27
70.411;0.06;0.12;0.78;0.74;0.49;-2.23
70.411;-0.13;-0.08;0.63;0.74;0.49;-2.23
70.412;-0.13;-0.08;0.63;0.75;0.02;-2.16
70.413;-0.16;-0.28;0.83;0.75;0.02;-2.16
70.414;-0.16;-0.28;0.83;0.71;-0.06;-2.06
70.415;-0.31;-0.46;0.9;0.71;-0.06;-2.06
70.416;-0.31;-0.46;0.9;0.63;0.11;-1.86
70.418;-0.45;-0.62;0.92;0.63;0.11;-1.86
70.425;-0.45;-0.62;0.92;0.49;0.41;-1.55
70.427;-0.46;-0.73;0.88;0.49;0.41;-1.55
70.43;-0.46;-0.73;0.88;0.31;0.69;-1.2
70.436;-0.41;-0.74;0.79;0.31;0.69;-1.2
70.442;-0.41;-0.74;0.79;0.09;0.95;-0.83
70.446;-0.34;-0.7;0.7;0.09;0.95;-0.83
70.45;-0.34;-0.7;0.7;-0.14;1.24;-0.43
70.467;-0.26;-0.63;0.64;-0.14;1.24;-0.43
70.469;-0.26;-0.63;0.64;-0.33;1.62;-0.04
70.471;-0.16;-0.51;0.56;-0.33;1.62;-0.04
70.472;-0.16;-0.51;0.56;-0.43;1.92;0.27
70.511;-0.04;-0.42;0.36;-0.43;1.92;0.27
70.513;-0.04;-0.42;0.36;-0.49;2.01;0.5
70.514;0.03;-0.36;0.25;-0.49;2.01;0.5
70.515;0.03;-0.36;0.25;-0.52;2.15;0.64
70.515;0.17;-0.28;0.09;-0.52;2.15;0.64
70.516;0.17;-0.28;0.09;-0.52;2.29;0.68
70.518;0.3;-0.22;-0.12;-0.52;2.29;0.68
70.519;0.3;-0.22;-0.12;-0.47;2.04;0.66
70.52;0.35;0.06;-0.2;-0.47;2.04;0.66
70.521;0.35;0.06;-0.2;-0.37;1.97;0.69
70.527;0.42;-0.09;-0.35;-0.37;1.97;0.69
70.531;0.42;-0.09;-0.35;-0.28;2.2;0.61
70.536;0.34;-0.02;-0.62;-0.28;2.2;0.61
70.54;0.34;-0.02;-0.62;-0.19;1.97;0.56
70.546;0.43;-0.06;-0.89;-0.19;1.97;0.56
70.55;0.43;-0.06;-0.89;-0.28;1.22;0.56
70.57;0.65;-0.02;-0.93;-0.28;1.22;0.56
70.573;0.65;-0.02;-0.93;-0.53;0.24;0.45
70.574;0.85;0.03;0.43;-0.53;0.24;0.45
70.575;0.85;0.03;0.43;-0.38;-0.32;0.13
70.577;2.3;0.68;0.64;-0.38;-0.32;0.13
70.58;2.3;0.68;0.64;-0.06;-0.72;-0.17
70.586;2.01;0.89;0.44;-0.06;-0.72;-0.17
70.614;2.01;0.89;0.44;0.29;-1.48;-0.48
70.616;1.14;0.79;0.11;0.29;-1.48;-0.48
70.618;1.14;0.79;0.11;0.26;-2.15;-0.5
70.618;0.0;-0.04;0.32;0.26;-2.15;-0.5
70.619;0.0;-0.04;0.32;0.7;-4.66;0.09
70.624;-2.62;-1.38;1.86;0.7;-4.66;0.09
70.625;-2.62;-1.38;1.86;1.11;-7.46;0.72
70.627;-2.92;-2.05;3.99;1.11;-7.46;0.72
70.631;-2.92;-2.05;3.99;1.51;-10.24;1.4
70.636;-1.54;-0.77;4.0;1.51;-10.24;1.4
70.656;-1.54;-0.77;4.0;0.43;-6.25;1.05
70.659;-1.27;-0.32;3.98;0.43;-6.25;1.05
70.66;-1.27;-0.32;3.98;-0.34;-1.31;0.93
70.661;-1.66;-0.33;2.98;-0.34;-1.31;0.93
70.662;-1.66;-0.33;2.98;-0.66;1.32;0.96
70.694;-0.66;-0.22;1.95;-0.66;1.32;0.96
70.695;-0.66;-0.22;1.95;-0.76;2.54;1.02
70.695;-0.32;-0.13;1.11;-0.76;2.54;1.02
70.696;-0.32;-0.13;1.11;-0.81;3.09;1.2
70.696;-0.34;-0.22;0.69;-0.81;3.09;1.2
70.696;-0.34;-0.22;0.69;-0.91;2.99;1.46
70.697;-0.29;-0.18;0.22;-0.91;2.99;1.46
70.738;-0.29;-0.18;0.22;-0.91;2.21;1.83
70.739;-0.01;0.07;0.4;-0.91;2.21;1.83
70.739;-0.01;0.07;0.4;-0.85;0.88;2.09
70.743;0.15;0.19;0.62;-0.85;0.88;2.09
70.744;0.15;0.19;0.62;-0.84;0.13;2.08
70.745;0.09;0.29;0.84;-0.84;0.13;2.08
70.745;0.09;0.29;0.84;-0.81;-0.24;1.87
70.746;-0.08;0.37;0.99;-0.81;-0.24;1.87
70.746;-0.08;0.37;0.99;-0.7;-0.36;1.63
70.747;-0.13;0.45;1.12;-0.7;-0.36;1.63
70.751;-0.13;0.45;1.12;-0.49;-0.31;1.45
70.757;-0.06;0.5;1.1;-0.49;-0.31;1.45
70.761;-0.06;0.5;1.1;-0.21;-0.1;1.34
70.766;-0.03;0.56;1.02;-0.21;-0.1;1.34
70.781;-0.03;0.56;1.02;0.06;0.23;1.19
70.782;0.01;0.58;0.84;0.06;0.23;1.19
70.783;0.01;0.58;0.84;0.33;0.66;0.95
70.786;0.05;0.55;0.65;0.33;0.66;0.95
70.826;0.05;0.55;0.65;0.55;1.09;0.65
70.827;0.12;0.45;0.47;0.55;1.09;0.65
70.827;0.12;0.45;0.47;0.72;1.51;0.32
70.827;0.19;0.29;0.26;0.72;1.51;0.32
70.828;0.19;0.29;0.26;0.84;1.89;0.0
70.828;0.26;0.15;0.11;0.84;1.89;0.0
70.828;0.26;0.15;0.11;0.89;2.08;-0.26
70.829;0.28;0.04;-0.08;0.89;2.08;-0.26
70.83;0.28;0.04;-0.08;0.86;2.08;-0.41
70.836;0.28;-0.03;-0.34;0.86;2.08;-0.41
70.842;0.28;-0.03;-0.34;0.76;2.06;-0.39
70.846;0.25;-0.06;-0.42;0.76;2.06;-0.39
70.85;0.25;-0.06;-0.42;0.61;2.02;-0.33
70.868;0.27;-0.05;-0.56;0.61;2.02;-0.33
70.871;0.27;-0.05;-0.56;0.54;1.99;-0.27
70.872;0.4;-0.01;-0.75;0.54;1.99;-0.27
70.873;0.4;-0.01;-0.75;0.5;1.76;-0.27
70.877;0.74;-0.01;-0.36;0.5;1.76;-0.27
70.88;0.74;-0.01;-0.36;0.5;1.16;-0.38
70.886;0.93;-0.1;-0.27;0.5;1.16;-0.38
70.912;0.93;-0.1;-0.27;0.43;0.54;-0.57
70.914;1.37;-0.28;0.1;0.43;0.54;-0.57
70.915;1.37;-0.28;0.1;-0.03;-0.33;-0.17
70.915;1.49;-0.35;0.31;-0.03;-0.33;-0.17
70.917;1.49;-0.35;0.31;-0.59;-0.79;0.19
70.918;1.77;-0.84;-0.02;-0.59;-0.79;0.19
70.923;1.77;-0.84;-0.02;-1.05;-1.99;-0.05
70.927;0.8;-0.89;-0.01;-1.05;-1.99;-0.05
70.931;0.8;-0.89;-0.01;-1.44;-3.44;-0.59
70.937;0.37;-0.35;0.84;-1.44;-3.44;-0.59
70.94;0.37;-0.35;0.84;-1.58;-4.25;-0.74
70.946;-1.5;-0.21;2.44;-1.58;-4.25;-0.74
70.95;-1.5;-0.21;2.44;-0.05;-5.94;0.07
70.971;-2.7;1.51;4.0;-0.05;-5.94;0.07
70.972;-2.7;1.51;4.0;0.03;-4.06;-0.36
70.974;-1.37;1.16;4.0;0.03;-4.06;-0.36
70.975;-1.37;1.16;4.0;0.33;-1.4;-0.53
70.976;-1.17;0.59;3.92;0.33;-1.4;-0.53
70.98;-1.17;0.59;3.92;0.43;0.12;-0.71
70.986;-1.08;0.8;3.12;0.43;0.12;-0.71
71.014;-1.08;0.8;3.12;0.45;1.1;-1.05
71.015;-0.41;0.61;2.0;0.45;1.1;-1.05
71.016;-0.41;0.61;2.0;0.32;1.5;-1.43
71.018;-0.02;0.5;1.6;0.32;1.5;-1.43
71.018;-0.02;0.5;1.6;0.36;1.81;-1.87
71.021;0.0;0.27;1.28;0.36;1.81;-1.87
71.022;0.0;0.27;1.28;0.46;1.7;-2.1
71.026;-0.09;0.2;0.86;0.46;1.7;-2.1
71.031;-0.09;0.2;0.86;0.62;1.04;-2.06
71.051;-0.18;0.04;0.75;0.62;1.04;-2.06
71.052;-0.18;0.04;0.75;0.82;0.44;-1.93
71.053;-0.12;-0.11;0.87;0.82;0.44;-1.93
71.054;-0.12;-0.11;0.87;0.92;0.19;-1.81
71.096;-0.28;-0.27;0.81;0.92;0.19;-1.81
71.098;-0.28;-0.27;0.81;0.87;-0.01;-1.67
71.099;-0.39;-0.44;0.87;0.87;-0.01;-1.67
71.1;-0.39;-0.44;0.87;0.76;-0.05;-1.54
71.101;-0.43;-0.56;0.94;0.76;-0.05;-1.54
71.103;-0.43;-0.56;0.94;0.57;0.13;-1.43
71.103;-0.41;-0.61;0.9;0.57;0.13;-1.43
71.105;-0.41;-0.61;0.9;0.32;0.34;-1.3
71.107;-0.38;-0.59;0.85;0.32;0.34;-1.3
71.108;-0.38;-0.59;0.85;0.07;0.57;-1.08
71.109;-0.32;-0.5;0.81;0.07;0.57;-1.08
71.112;-0.32;-0.5;0.81;-0.17;0.97;-0.82
71.116;-0.25;-0.41;0.7;-0.17;0.97;-0.82
71.124;-0.25;-0.41;0.7;-0.36;1.4;-0.53
71.128;-0.16;-0.3;0.56;-0.36;1.4;-0.53
71.131;-0.16;-0.3;0.56;-0.49;1.75;-0.25
71.139;-0.03;-0.21;0.41;-0.49;1.75;-0.25
71.141;-0.03;-0.21;0.41;-0.53;1.93;-0.01
71.146;0.12;-0.13;0.35;-0.53;1.93;-0.01
71.151;0.12;-0.13;0.35;-0.51;2.13;0.16
71.166;0.19;-0.11;0.18;-0.51;2.13;0.16
71.167;0.19;-0.11;0.18;-0.49;2.3;0.28
71.168;0.21;-0.08;0.01;-0.49;2.3;0.28
71.171;0.21;-0.08;0.01;-0.45;2.4;0.34
71.217;0.24;-0.07;-0.16;-0.45;2.4;0.34
71.221;0.24;-0.07;-0.16;-0.34;2.23;0.33
71.222;0.21;-0.07;-0.38;-0.34;2.23;0.33
71.224;0.21;-0.07;-0.38;-0.25;2.05;0.34
71.226;0.13;-0.09;-0.47;-0.25;2.05;0.34
71.227;0.13;-0.09;-0.47;-0.17;1.96;0.38
71.228;0.21;-0.11;-0.63;-0.17;1.96;0.38
71.228;0.21;-0.11;-0.63;-0.09;1.59;0.4
71.233;1.03;-0.12;0.03;-0.09;1.59;0.4
71.234;1.03;-0.12;0.03;0.1;1.06;0.48
71.237;1.51;0.06;0.55;0.1;1.06;0.48
71.238;1.51;0.06;0.55;0.25;0.5;0.17
71.24;1.59;0.26;0.64;0.25;0.5;0.17
71.242;1.59;0.26;0.64;0.61;-0.16;-0.37
71.247;1.97;0.61;0.28;0.61;-0.16;-0.37
71.251;1.97;0.61;0.28;0.82;-0.72;-0.81
71.268;0.79;0.78;0.17;0.82;-0.72;-0.81
71.271;0.79;0.78;0.17;0.62;-2.51;-0.66
71.272;0.26;0.45;0.07;0.62;-2.51;-0.66
71.274;0.26;0.45;0.07;0.38;-3.39;0.0
71.276;-0.43;-0.51;0.78;0.38;-3.39;0.0
71.28;-0.43;-0.51;0.78;0.66;-6.0;0.55
71.318;-3.42;-1.7;3.51;0.66;-6.0;0.55
71.321;-3.42;-1.7;3.51;0.24;-8.12;0.98
71.322;-1.59;-0.95;4.0;0.24;-8.12;0.98
71.324;-1.59;-0.95;4.0;-0.34;-6.76;1.04
71.325;-1.8;-0.71;4.0;-0.34;-6.76;1.04
71.327;-1.8;-0.71;4.0;-0.63;-2.64;0.7
71.328;-1.33;-0.63;3.74;-0.63;-2.64;0.7
71.33;-1.33;-0.63;3.74;-0.62;0.51;0.84
71.331;-1.16;-0.65;2.45;-0.62;0.51;0.84
71.332;-1.16;-0.65;2.45;-0.57;2.28;0.96
71.338;-0.61;-0.53;1.52;-0.57;2.28;0.96
71.341;-0.61;-0.53;1.52;-0.58;2.99;1.27
71.347;-0.37;-0.55;1.01;-0.58;2.99;1.27
71.351;-0.37;-0.55;1.01;-0.65;2.99;1.56
71.357;-0.08;-0.34;0.39;-0.65;2.99;1.56
71.361;-0.08;-0.34;0.39;-0.73;2.48;1.89
71.366;-0.03;-0.21;0.31;-0.73;2.48;1.89
71.386;-0.03;-0.21;0.31;-0.87;1.49;2.0
71.387;-0.03;-0.21;0.31;-1.03;0.6;2.01
71.388;0.02;-0.02;0.53;-1.03;0.6;2.01
71.391;0.02;-0.02;0.53;-1.09;0.1;1.95
71.396;-0.02;0.26;0.86;-1.09;0.1;1.95
71.4;-0.02;0.26;0.86;-1.01;-0.13;1.87
71.429;-0.02;0.45;1.07;-1.01;-0.13;1.87
71.431;-0.02;0.45;1.07;-0.78;-0.2;1.77
71.432;0.03;0.64;1.1;-0.78;-0.2;1.77
71.434;0.03;0.64;1.1;-0.4;-0.08;1.7
71.436;0.13;0.76;1.02;-0.4;-0.08;1.7
71.438;0.13;0.76;1.02;0.04;0.12;1.61
71.439;0.16;0.82;0.87;0.04;0.12;1.61
71.44;0.16;0.82;0.87;0.44;0.39;1.39
71.446;0.13;0.8;0.67;0.44;0.39;1.39
71.451;0.13;0.8;0.67;0.66;0.83;1.1
71.471;0.11;0.66;0.42;0.66;0.83;1.1
71.472;0.11;0.66;0.42;0.72;1.35;0.76
71.473;0.14;0.42;0.17;0.72;1.35;0.76
71.474;0.14;0.42;0.17;0.73;1.73;0.37
71.476;0.11;0.28;0.13;0.73;1.73;0.37
71.48;0.11;0.28;0.13;0.71;1.84;0.02
71.508;0.33;-0.17;-0.17;0.71;1.84;0.02
71.509;0.33;-0.17;-0.17;0.6;1.98;-0.28
71.511;0.07;0.17;-0.11;0.6;1.98;-0.28
71.512;0.07;0.17;-0.11;0.31;1.97;-0.54
71.512;0.18;0.11;-0.3;0.31;1.97;-0.54
71.514;0.18;0.11;-0.3;0.16;2.26;-0.43
71.516;0.23;0.06;-0.44;0.16;2.26;-0.43
71.521;0.23;0.06;-0.44;0.19;2.25;-0.31
71.526;0.26;0.03;-0.55;0.19;2.25;-0.31
71.53;0.26;0.03;-0.55;0.25;2.15;-0.29
71.54;0.31;-0.03;-0.72;0.25;2.15;-0.29
71.542;0.31;-0.03;-0.72;0.37;1.83;-0.33
71.55;0.31;-0.03;-0.72;0.45;1.3;-0.39
71.555;0.86;0.03;-0.29;0.45;1.3;-0.39
71.556;0.86;0.03;-0.29;0.45;1.3;-0.39
71.56;0.86;0.03;-0.29;0.55;0.53;-0.53
71.566;1.37;-0.31;-0.03;0.55;0.53;-0.53
71.581;1.37;-0.31;-0.03;0.45;-0.46;-0.46
71.583;1.31;-0.39;0.44;0.45;-0.46;-0.46
71.584;1.31;-0.39;0.44;-0.08;-1.45;-0.02
71.624;2.18;-0.98;-0.07;-0.08;-1.45;-0.02
71.626;2.18;-0.98;-0.07;-1.59;-2.17;0.01
71.627;1.3;-1.09;-0.12;-1.59;-2.17;0.01
71.628;1.3;-1.09;-0.12;-2.0;-5.08;-0.53
71.628;0.53;-0.77;0.86;-2.0;-5.08;-0.53
71.63;0.53;-0.77;0.86;-1.65;-6.38;-0.37
71.631;-1.88;-0.34;2.5;-1.65;-6.38;-0.37
71.632;-1.88;-0.34;2.5;-0.06;-7.59;0.15
71.633;-3.21;1.74;4.0;-0.06;-7.59;0.15
71.634;-3.21;1.74;4.0;0.31;-4.24;-0.22
71.637;-1.57;1.17;4.0;0.31;-4.24;-0.22
71.64;-1.57;1.17;4.0;0.91;-1.29;-0.3
71.646;-1.25;0.64;3.72;0.91;-1.29;-0.3
71.65;-1.25;0.64;3.72;1.01;0.12;-0.39
71.656;-1.07;1.08;2.83;1.01;0.12;-0.39
71.66;-1.07;1.08;2.83;0.87;1.17;-0.95
71.666;-0.38;0.84;1.84;0.87;1.17;-0.95
71.68;-0.38;0.84;1.84;0.54;1.76;-1.44
71.682;-0.03;0.63;1.31;0.54;1.76;-1.44
71.682;-0.03;0.63;1.31;0.24;1.88;-1.93
71.718;0.09;0.26;0.99;0.24;1.88;-1.93
71.72;0.09;0.26;0.99;0.18;1.69;-2.21
71.721;-0.13;0.32;0.88;0.18;1.69;-2.21
71.727;-0.13;0.32;0.88;0.29;1.11;-2.17
71.728;-0.19;0.2;0.56;0.29;1.11;-2.17
71.729;-0.19;0.2;0.56;0.49;0.21;-2.06
71.73;-0.22;0.0;0.89;0.49;0.21;-2.06
71.734;-0.22;0.0;0.89;0.6;-0.07;-1.96
71.735;-0.42;-0.25;0.99;0.6;-0.07;-1.96
71.737;-0.42;-0.25;0.99;0.64;-0.08;-1.84
71.738;-0.43;-0.43;1.09;0.64;-0.08;-1.84
71.742;-0.43;-0.43;1.09;0.63;0.0;-1.68
71.746;-0.46;-0.6;1.15;0.63;0.0;-1.68
71.751;-0.46;-0.6;1.15;0.51;0.32;-1.49
71.756;-0.43;-0.81;1.08;0.51;0.32;-1.49
71.76;-0.43;-0.81;1.08;0.28;0.69;-1.24
71.766;-0.42;-0.85;1.0;0.28;0.69;-1.24
71.781;-0.42;-0.85;1.0;0.01;1.13;-0.91
71.782;-0.37;-0.79;0.83;0.01;1.13;-0.91
71.783;-0.37;-0.79;0.83;-0.24;1.54;-0.54
71.822;-0.26;-0.65;0.68;-0.24;1.54;-0.54
71.823;-0.26;-0.65;0.68;-0.44;1.92;-0.18
71.824;-0.1;-0.43;0.49;-0.44;1.92;-0.18
71.824;-0.1;-0.43;0.49;-0.55;2.04;0.1
71.825;0.03;-0.29;0.36;-0.55;2.04;0.1
71.827;0.03;-0.29;0.36;-0.58;2.12;0.32
71.828;0.13;-0.21;0.26;-0.58;2.12;0.32
71.829;0.13;-0.21;0.26;-0.58;2.38;0.46
71.831;0.24;-0.16;0.04;-0.58;2.38;0.46
71.831;0.24;-0.16;0.04;-0.56;2.3;0.54
71.837;0.32;-0.11;-0.16;-0.56;2.3;0.54
71.84;0.32;-0.11;-0.16;-0.51;1.98;0.58
71.846;0.34;0.06;-0.21;-0.51;1.98;0.58
71.851;0.34;0.06;-0.21;-0.46;2.34;0.63
71.856;0.37;0.02;-0.37;-0.46;2.34;0.63
71.861;0.37;0.02;-0.37;-0.39;2.77;0.63
71.866;0.44;-0.12;-1.05;-0.39;2.77;0.63
71.887;0.44;-0.12;-1.05;-0.26;2.4;0.55
71.889;0.49;-0.09;-0.89;-0.26;2.4;0.55
71.89;0.49;-0.09;-0.89;-0.3;1.39;0.45
71.891;0.68;-0.11;-0.05;-0.3;1.39;0.45
71.891;0.68;-0.11;-0.05;-0.35;0.29;0.35
71.896;1.44;0.21;0.31;-0.35;0.29;0.35
71.901;1.44;0.21;0.31;-0.17;-0.19;0.15
71.93;2.09;0.62;0.57;-0.17;-0.19;0.15
71.931;2.09;0.62;0.57;0.21;-0.74;-0.15
71.932;2.28;0.94;0.54;0.21;-0.74;-0.15
71.933;2.28;0.94;0.54;0.55;-1.63;-0.44
71.934;1.18;0.79;0.27;0.55;-1.63;-0.44
71.935;1.18;0.79;0.27;0.6;-3.22;-0.54
71.941;0.34;0.51;0.12;0.6;-3.22;-0.54
71.943;0.34;0.51;0.12;0.28;-3.56;0.01
71.946;-1.96;-1.02;1.02;0.28;-3.56;0.01
71.95;-1.96;-1.02;1.02;0.61;-6.06;0.57
71.966;-3.43;-2.07;3.49;0.61;-6.06;0.57
71.968;-3.43;-2.07;3.49;0.88;-10.68;0.99
71.969;-1.88;-0.8;4.0;0.88;-10.68;0.99
71.971;-1.88;-0.8;4.0;-0.03;-7.61;0.76
71.976;-1.6;-0.6;3.98;-0.03;-7.61;0.76
71.98;-1.6;-0.6;3.98;-0.6;-1.79;0.59
72.011;-1.89;-0.53;3.28;-0.6;-1.79;0.59
72.012;-1.89;-0.53;3.28;-0.66;1.16;0.75
72.013;-0.96;-0.44;2.13;-0.66;1.16;0.75
72.014;-0.96;-0.44;2.13;-0.65;2.48;0.96
72.015;-0.26;-0.32;1.33;-0.65;2.48;0.96
72.017;-0.26;-0.32;1.33;-0.56;3.04;1.2
72.018;-0.09;-0.27;0.88;-0.56;3.04;1.2
72.022;-0.09;-0.27;0.88;-0.69;3.15;1.43
72.026;-0.23;-0.22;0.31;-0.69;3.15;1.43
72.031;-0.23;-0.22;0.31;-0.76;2.62;1.63
72.037;-0.13;0.0;0.36;-0.76;2.62;1.63
72.04;-0.13;0.0;0.36;-0.75;1.32;1.93
72.046;0.04;0.19;0.63;-0.75;1.32;1.93
72.051;0.04;0.19;0.63;-0.71;0.44;2.06
72.067;0.02;0.29;0.8;-0.71;0.44;2.06
72.069;0.02;0.29;0.8;-0.65;0.14;1.93
72.071;-0.03;0.39;0.88;-0.65;0.14;1.93
72.072;-0.03;0.39;0.88;-0.53;0.04;1.7
72.076;-0.06;0.5;0.98;-0.53;0.04;1.7
72.08;-0.06;0.5;0.98;-0.34;0.05;1.43
72.113;-0.04;0.61;1.0;-0.34;0.05;1.43
72.114;-0.04;0.61;1.0;-0.12;0.26;1.16
72.117;0.02;0.64;0.92;-0.12;0.26;1.16
72.118;0.02;0.64;0.92;0.09;0.6;0.92
72.122;0.18;0.58;0.72;0.09;0.6;0.92
72.123;0.18;0.58;0.72;0.25;0.96;0.68
72.124;0.1;0.52;0.58;0.25;0.96;0.68
72.126;0.1;0.52;0.58;0.36;1.27;0.44
72.127;0.15;0.37;0.42;0.36;1.27;0.44
72.132;0.15;0.37;0.42;0.45;1.51;0.27
72.146;0.21;0.23;0.23;0.45;1.51;0.27
72.147;0.21;0.23;0.23;0.51;1.7;0.13
72.148;0.27;0.1;-0.04;0.51;1.7;0.13
72.15;0.27;0.1;-0.04;0.49;2.0;0.03
72.169;0.38;0.05;-0.29;0.49;2.0;0.03
72.172;0.38;0.05;-0.29;0.44;2.1;-0.06
72.173;0.36;-0.11;-0.35;0.44;2.1;-0.06
72.174;0.36;-0.11;-0.35;0.45;1.97;-0.17
72.18;0.36;-0.11;-0.35;0.4;1.88;-0.34
72.222;0.2;0.08;-0.65;0.4;1.88;-0.34
72.223;0.2;0.08;-0.65;0.37;1.41;-0.41
72.225;0.25;0.12;-0.73;0.37;1.41;-0.41
72.226;0.25;0.12;-0.73;0.47;1.06;-0.27
72.227;0.58;0.27;-0.38;0.47;1.06;-0.27
72.228;0.58;0.27;-0.38;0.58;0.62;-0.27
72.23;0.85;0.11;-0.05;0.58;0.62;-0.27
72.231;0.85;0.11;-0.05;0.45;-0.49;-0.2
72.238;1.4;-0.16;0.24;0.45;-0.49;-0.2
72.239;1.4;-0.16;0.24;0.45;-0.49;-0.2
72.242;1.61;-0.33;0.22;0.45;-0.49;-0.2
72.243;1.61;-0.33;0.22;-0.71;-1.05;0.03
72.247;1.4;-0.58;0.14;-0.71;-1.05;0.03
72.25;1.4;-0.58;0.14;-1.37;-3.4;-0.6
72.262;1.05;-0.93;0.29;-1.37;-3.4;-0.6
72.263;1.05;-0.93;0.29;-1.66;-5.14;-0.77
72.266;0.19;-0.56;1.34;-1.66;-5.14;-0.77
72.286;0.19;-0.56;1.34;-0.95;-7.33;-0.47
72.291;-3.06;0.21;3.53;-0.95;-7.33;-0.47
72.291;-3.06;0.21;3.53;-0.21;-5.92;-0.5
72.292;-2.34;1.16;4.0;-0.21;-5.92;-0.5
72.293;-2.34;1.16;4.0;0.06;-3.03;-0.56
72.296;-1.61;0.64;4.0;0.06;-3.03;-0.56
72.3;-1.61;0.64;4.0;0.43;-0.01;-0.46
72.327;-1.57;0.26;3.56;0.43;-0.01;-0.46
72.329;-1.57;0.26;3.56;0.58;1.4;-0.31
72.33;-0.83;0.19;2.16;0.58;1.4;-0.31
72.331;-0.83;0.19;2.16;0.57;1.87;-0.48
72.331;-0.38;0.58;1.92;0.57;1.87;-0.48
72.332;-0.38;0.58;1.92;0.46;2.26;-1.04
72.338;0.01;0.71;1.19;0.46;2.26;-1.04
72.34;0.01;0.71;1.19;0.35;2.39;-1.56
72.346;-0.06;0.42;0.82;0.35;2.39;-1.56
72.351;-0.06;0.42;0.82;0.4;1.9;-1.82
72.364;-0.01;0.3;0.53;0.4;1.9;-1.82
72.367;-0.01;0.3;0.53;0.54;1.04;-1.91
72.368;0.06;0.21;0.73;0.54;1.04;-1.91
72.409;0.06;0.21;0.73;0.67;0.62;-1.94
72.411;-0.13;0.03;0.59;0.67;0.62;-1.94
72.412;-0.13;0.03;0.59;0.69;0.28;-1.93
72.413;-0.18;-0.14;0.72;0.69;0.28;-1.93
72.414;-0.18;-0.14;0.72;0.71;0.1;-1.9
72.415;-0.27;-0.3;0.73;0.71;0.1;-1.9
72.417;-0.27;-0.3;0.73;0.66;0.01;-1.75
72.418;-0.34;-0.47;0.77;0.66;0.01;-1.75
72.419;-0.34;-0.47;0.77;0.54;0.05;-1.53
72.421;-0.3;-0.55;0.84;0.54;0.05;-1.53
72.422;-0.3;-0.55;0.84;0.34;0.28;-1.29
72.426;-0.3;-0.61;0.78;0.34;0.28;-1.29
72.43;-0.3;-0.61;0.78;0.1;0.55;-0.95
72.437;-0.26;-0.59;0.7;0.1;0.55;-0.95
72.44;-0.26;-0.59;0.7;-0.14;0.85;-0.58
72.446;-0.27;-0.58;0.64;-0.14;0.85;-0.58
72.451;-0.27;-0.58;0.64;-0.34;1.27;-0.26
72.456;-0.23;-0.46;0.53;-0.34;1.27;-0.26
72.46;-0.23;-0.46;0.53;-0.45;1.64;0.03
72.466;-0.13;-0.32;0.4;-0.45;1.64;0.03
72.482;-0.13;-0.32;0.4;-0.44;1.94;0.25
72.484;-0.02;-0.18;0.26;-0.44;1.94;0.25
72.485;-0.02;-0.18;0.26;-0.36;2.12;0.38
72.486;0.13;-0.06;0.07;-0.36;2.12;0.38
72.49;0.13;-0.06;0.07;-0.25;2.03;0.42
72.496;0.23;0.03;-0.06;-0.25;2.03;0.42
72.524;0.23;0.03;-0.06;-0.15;1.95;0.38
72.526;0.28;0.08;-0.33;-0.15;1.95;0.38
72.527;0.28;0.08;-0.33;-0.02;2.04;0.32
72.528;0.33;0.09;-0.63;-0.02;2.04;0.32
72.529;0.33;0.09;-0.63;0.07;2.2;0.33
72.53;0.29;-0.01;-0.9;0.07;2.2;0.33
72.532;0.29;-0.01;-0.9;0.1;1.95;0.3
72.54;0.27;-0.04;-0.84;0.1;1.95;0.3
72.542;0.27;-0.04;-0.84;0.03;1.33;0.28
72.551;0.27;-0.04;-0.84;-0.24;0.52;0.3
72.556;1.35;0.05;0.21;-0.24;0.52;0.3
72.561;1.35;0.05;0.21;-0.31;0.0;0.08
72.579;1.71;0.23;0.94;-0.31;0.0;0.08
72.58;1.71;0.23;0.94;-0.01;-0.56;-0.28
72.582;2.72;0.49;0.91;-0.01;-0.56;-0.28
72.584;2.72;0.49;0.91;0.33;-1.35;-0.65
72.623;1.41;0.66;0.49;0.33;-1.35;-0.65
72.624;1.41;0.66;0.49;0.39;-3.62;-0.68
72.626;-0.33;0.4;0.5;0.39;-3.62;-0.68
72.627;-0.33;0.4;0.5;0.29;-4.85;0.01
72.628;-3.52;-1.67;2.54;0.29;-4.85;0.01
72.63;-3.52;-1.67;2.54;0.53;-6.15;0.7
72.632;-1.97;-1.77;4.0;0.53;-6.15;0.7
72.636;-1.97;-1.77;4.0;0.82;-9.9;1.21
72.638;-1.8;-0.71;4.0;0.82;-9.9;1.21
72.639;-1.8;-0.71;4.0;-0.09;-4.77;0.68
72.64;-1.62;-0.46;3.88;-0.09;-4.77;0.68
72.642;-1.62;-0.46;3.88;-0.34;0.13;0.56
72.647;-1.28;-0.43;2.6;-0.34;0.13;0.56
72.666;-1.28;-0.43;2.6;-0.54;2.85;0.58
72.668;-0.77;-0.42;1.61;-0.54;2.85;0.58
72.669;-0.77;-0.42;1.61;-0.57;3.83;0.76
72.67;-0.26;-0.3;1.14;-0.57;3.83;0.76
72.671;-0.26;-0.3;1.14;-0.49;4.01;1.3
72.676;0.04;-0.24;0.59;-0.49;4.01;1.3
72.68;0.04;-0.24;0.59;-0.5;3.81;1.81
72.707;0.01;-0.08;0.0;-0.5;3.81;1.81
72.709;0.01;-0.08;0.0;-0.53;3.07;2.11
72.71;0.07;0.13;0.11;-0.53;3.07;2.11
72.711;0.07;0.13;0.11;-0.57;1.79;2.21
72.713;0.07;0.32;0.31;-0.57;1.79;2.21
72.714;0.07;0.32;0.31;-0.5;0.87;2.15
72.717;0.03;0.43;0.46;-0.5;0.87;2.15
72.722;0.03;0.43;0.46;-0.32;0.32;1.94
72.726;0.0;0.49;0.6;-0.32;0.32;1.94
72.731;0.0;0.49;0.6;-0.07;0.04;1.61
72.736;-0.06;0.5;0.63;-0.07;0.04;1.61
72.741;-0.06;0.5;0.63;0.19;-0.03;1.24
72.746;-0.11;0.48;0.67;0.19;-0.03;1.24
72.763;-0.11;0.48;0.67;0.36;0.12;0.93
72.766;-0.15;0.44;0.65;0.36;0.12;0.93
72.767;-0.15;0.44;0.65;0.44;0.53;0.71
72.768;-0.13;0.4;0.51;0.44;0.53;0.71
72.805;-0.13;0.4;0.51;0.42;1.13;0.57
72.807;-0.08;0.35;0.33;0.42;1.13;0.57
72.808;-0.08;0.35;0.33;0.31;1.72;0.43
72.809;0.07;0.3;0.2;0.31;1.72;0.43
72.81;0.07;0.3;0.2;0.21;2.11;0.28
72.811;0.41;0.18;0.08;0.21;2.11;0.28
72.812;0.41;0.18;0.08;0.13;2.24;0.05
72.813;0.36;0.25;0.08;0.13;2.24;0.05
72.814;0.36;0.25;0.08;0.05;2.35;-0.2
72.818;0.42;0.21;-0.02;0.05;2.35;-0.2
72.821;0.42;0.21;-0.02;0.05;2.76;-0.4
72.826;0.47;0.25;-0.13;0.05;2.76;-0.4
72.831;0.47;0.25;-0.13;0.25;2.84;-0.54
72.836;0.4;0.07;-0.29;0.25;2.84;-0.54
72.84;0.4;0.07;-0.29;0.52;2.71;-0.58
72.846;0.39;0.06;-0.44;0.52;2.71;-0.58
72.862;0.39;0.06;-0.44;0.68;2.51;-0.61
72.863;0.55;0.22;-0.33;0.68;2.51;-0.61
72.864;0.55;0.22;-0.33;0.8;2.11;-0.48
72.918;0.82;0.39;-0.35;0.8;2.11;-0.48
72.921;0.82;0.39;-0.35;1.09;1.63;-0.32
72.922;1.11;0.15;-0.47;1.09;1.63;-0.32
72.923;1.11;0.15;-0.47;1.37;0.57;-0.27
72.924;1.39;-0.16;0.42;1.37;0.57;-0.27
72.925;1.39;-0.16;0.42;-0.05;-1.66;0.54
72.927;2.57;-0.78;0.14;-0.05;-1.66;0.54
72.928;2.57;-0.78;0.14;-1.33;-4.73;0.44
72.929;2.35;-1.17;-0.04;-1.33;-4.73;0.44
72.931;2.35;-1.17;-0.04;-2.66;-6.71;-1.18
72.932;0.04;-1.79;0.62;-2.66;-6.71;-1.18
72.933;0.04;-1.79;0.62;-2.96;-8.47;-0.78
72.937;-3.74;-0.29;3.8;-2.96;-8.47;-0.78
72.938;-3.74;-0.29;3.8;-1.32;-8.29;0.29
72.939;-1.55;0.99;4.0;-1.32;-8.29;0.29
72.942;-1.55;0.99;4.0;-0.32;-1.84;0.35
72.946;-1.52;0.69;4.0;-0.32;-1.84;0.35
72.956;-1.52;0.69;4.0;0.37;1.17;0.44
72.958;-0.93;0.25;3.18;0.37;1.17;0.44
72.96;-0.93;0.25;3.18;0.73;2.39;0.42
72.979;-1.11;0.45;1.58;0.73;2.39;0.42
72.981;-1.11;0.45;1.58;0.74;2.46;0.02
72.983;-0.4;0.52;0.79;0.74;2.46;0.02
72.984;-0.4;0.52;0.79;0.49;2.36;-0.48
73.022;0.1;0.4;0.85;0.49;2.36;-0.48
73.023;0.1;0.4;0.85;0.35;2.26;-0.93
73.024;0.02;0.37;0.39;0.35;2.26;-0.93
73.025;0.02;0.37;0.39;0.18;1.84;-1.21
73.026;0.11;0.23;0.15;0.18;1.84;-1.21
73.027;0.11;0.23;0.15;0.04;1.08;-1.43
73.028;-0.07;0.04;0.1;0.04;1.08;-1.43
73.031;-0.07;0.04;0.1;-0.02;0.1;-1.47
73.034;-0.07;-0.11;0.28;-0.02;0.1;-1.47
73.035;-0.07;-0.11;0.28;-0.06;-0.62;-1.42
73.038;-0.2;-0.31;0.48;-0.06;-0.62;-1.42
73.04;-0.2;-0.31;0.48;-0.14;-1.07;-1.24
73.047;-0.32;-0.49;0.73;-0.14;-1.07;-1.24
73.054;-0.32;-0.49;0.73;-0.21;-1.27;-0.96
73.056;-0.57;-0.67;1.02;-0.21;-1.27;-0.96
73.06;-0.57;-0.67;1.02;-0.28;-1.16;-0.6
73.079;-0.89;-0.85;1.36;-0.28;-1.16;-0.6
73.081;-0.89;-0.85;1.36;-0.29;-0.84;-0.19
73.082;-0.99;-0.85;1.58;-0.29;-0.84;-0.19
73.083;-0.99;-0.85;1.58;-0.21;-0.37;0.24
73.119;-1.12;-0.74;1.76;-0.21;-0.37;0.24
73.122;-1.12;-0.74;1.76;-0.16;0.45;0.59
73.123;-0.96;-0.41;1.56;-0.16;0.45;0.59
73.123;-0.96;-0.41;1.56;-0.13;1.23;0.89
73.124;-0.7;-0.22;1.22;-0.13;1.23;0.89
73.125;-0.7;-0.22;1.22;-0.13;1.73;1.03
73.127;-0.44;-0.09;0.9;-0.13;1.73;1.03
73.128;-0.44;-0.09;0.9;-0.17;2.04;1.07
73.131;-0.23;0.01;0.67;-0.17;2.04;1.07
73.134;-0.23;0.01;0.67;-0.22;2.26;1.09
73.137;-0.02;0.07;0.54;-0.22;2.26;1.09
73.14;-0.02;0.07;0.54;-0.27;2.39;1.08
73.146;0.09;0.07;0.43;-0.27;2.39;1.08
73.151;0.09;0.07;0.43;-0.29;2.48;1.08
73.156;0.34;0.06;0.22;-0.29;2.48;1.08
73.161;0.34;0.06;0.22;-0.26;2.45;1.1
73.18;0.38;0.05;0.0;-0.26;2.45;1.1
73.182;0.38;0.05;0.0;-0.21;2.35;1.1
73.182;0.42;0.05;-0.27;-0.21;2.35;1.1
73.183;0.42;0.05;-0.27;-0.25;2.29;1.07
73.223;0.42;0.02;-0.37;-0.25;2.29;1.07
73.224;0.42;0.02;-0.37;-0.37;2.18;1.02
73.226;0.48;-0.11;-0.53;-0.37;2.18;1.02
73.227;0.48;-0.11;-0.53;-0.39;1.88;1.02
73.228;0.59;-0.17;-0.47;-0.39;1.88;1.02
73.23;0.59;-0.17;-0.47;-0.47;1.41;1.1
73.232;0.88;-0.06;-0.27;-0.47;1.41;1.1
73.236;0.88;-0.06;-0.27;-0.5;1.01;1.09
73.237;0.59;-0.07;0.06;-0.5;1.01;1.09
73.242;0.59;-0.07;0.06;-0.39;0.66;0.89
73.243;1.32;-0.19;0.02;-0.39;0.66;0.89
73.243;1.32;-0.19;0.02;-0.3;0.08;0.71
73.247;1.93;-0.05;0.38;-0.3;0.08;0.71
73.259;1.93;-0.05;0.38;-0.18;-1.27;0.58
73.261;1.96;-0.09;0.47;-0.18;-1.27;0.58
73.262;1.96;-0.09;0.47;0.19;-2.93;0.46
73.282;1.63;-0.23;0.56;0.19;-2.93;0.46
73.283;1.63;-0.23;0.56;0.45;-4.62;0.33
73.284;0.42;-0.59;1.34;0.45;-4.62;0.33
73.285;0.42;-0.59;1.34;0.8;-7.46;0.31
73.287;-3.72;-0.77;3.87;0.8;-7.46;0.31
73.29;-3.72;-0.77;3.87;0.99;-9.78;0.82
73.296;-1.33;0.17;4.0;0.99;-9.78;0.82
73.324;-1.33;0.17;4.0;1.15;-8.79;1.54
73.327;-1.37;0.45;4.0;1.15;-8.79;1.54
73.327;-1.37;0.45;4.0;0.51;-2.99;0.86
73.328;-1.04;0.05;3.28;0.51;-2.99;0.86
73.33;-1.04;0.05;3.28;0.01;0.8;0.38
73.331;-0.81;0.15;2.31;0.01;0.8;0.38
73.333;-0.81;0.15;2.31;-0.22;2.62;0.12
73.337;-0.16;0.18;1.21;-0.22;2.62;0.12
73.34;-0.16;0.18;1.21;-0.34;3.54;-0.14
73.346;-0.22;0.06;0.72;-0.34;3.54;-0.14
73.352;-0.22;0.06;0.72;-0.45;3.66;-0.12
73.356;-0.1;0.09;0.28;-0.45;3.66;-0.12
73.36;-0.1;0.09;0.28;-0.52;3.14;0.11
73.378;0.02;0.18;0.01;-0.52;3.14;0.11
73.38;0.02;0.18;0.01;-0.49;2.11;0.38
73.381;0.11;0.3;0.1;-0.49;2.11;0.38
73.382;0.11;0.3;0.1;-0.41;1.04;0.58
73.418;0.23;0.43;0.18;-0.41;1.04;0.58
73.419;0.23;0.43;0.18;-0.3;0.22;0.58
73.421;0.25;0.46;0.31;-0.3;0.22;0.58
73.422;0.25;0.46;0.31;-0.16;-0.39;0.39
73.423;0.15;0.54;0.36;-0.16;-0.39;0.39
73.424;0.15;0.54;0.36;0.0;-0.86;0.06
73.425;0.04;0.53;0.53;0.0;-0.86;0.06
73.426;0.04;0.53;0.53;0.13;-1.21;-0.28
73.427;-0.15;0.4;0.65;0.13;-1.21;-0.28
73.431;-0.15;0.4;0.65;0.25;-1.4;-0.62
73.437;-0.37;0.26;0.79;0.25;-1.4;-0.62
73.441;-0.37;0.26;0.79;0.31;-1.41;-0.86
73.446;-0.47;-0.02;0.88;0.31;-1.41;-0.86
73.468;-0.47;-0.02;0.88;0.31;-1.19;-0.96
73.471;-0.62;-0.1;0.95;0.31;-1.19;-0.96
73.472;-0.62;-0.1;0.95;0.22;-0.86;-0.98
73.473;-0.7;-0.14;1.1;0.22;-0.86;-0.98
73.474;-0.7;-0.14;1.1;0.19;-0.36;-0.87
73.476;-0.54;-0.25;0.93;0.19;-0.36;-0.87
73.514;-0.54;-0.25;0.93;0.25;0.23;-0.72
73.518;-0.42;-0.27;0.84;0.25;0.23;-0.72
73.519;-0.42;-0.27;0.84;0.27;0.63;-0.61
73.52;-0.31;-0.29;0.73;0.27;0.63;-0.61
73.521;-0.31;-0.29;0.73;0.26;0.94;-0.53
73.522;-0.24;-0.31;0.6;0.26;0.94;-0.53
73.524;-0.24;-0.31;0.6;0.29;1.12;-0.47
73.525;-0.19;-0.3;0.47;0.29;1.12;-0.47
73.526;-0.19;-0.3;0.47;0.32;1.22;-0.42
73.527;0.02;-0.19;0.23;0.32;1.22;-0.42
73.532;0.02;-0.19;0.23;0.32;1.23;-0.34
73.536;-0.03;-0.23;0.2;0.32;1.23;-0.34
73.54;-0.03;-0.23;0.2;0.28;1.1;-0.43
73.546;0.07;-0.16;0.24;0.28;1.1;-0.43
73.551;0.07;-0.16;0.24;0.26;0.94;-0.43
73.556;0.13;-0.09;0.21;0.26;0.94;-0.43
73.56;0.13;-0.09;0.21;0.25;0.67;-0.4
73.578;0.15;-0.05;0.18;0.25;0.67;-0.4
73.58;0.15;-0.05;0.18;0.23;0.34;-0.38
73.582;0.03;-0.02;0.2;0.23;0.34;-0.38
73.583;0.03;-0.02;0.2;0.2;-0.1;-0.33
73.622;-0.14;-0.03;0.37;0.2;-0.1;-0.33
73.624;-0.14;-0.03;0.37;0.18;-0.49;-0.26
73.625;-0.24;-0.04;0.64;0.18;-0.49;-0.26
73.627;-0.24;-0.04;0.64;0.15;-0.65;-0.2
73.628;-0.32;-0.09;0.87;0.15;-0.65;-0.2
73.629;-0.32;-0.09;0.87;0.07;-0.57;-0.06
73.63;-0.29;-0.2;1.01;0.07;-0.57;-0.06
73.631;-0.29;-0.2;1.01;-0.07;-0.53;0.1
73.633;-0.46;-0.39;1.2;-0.07;-0.53;0.1
73.637;-0.46;-0.39;1.2;-0.26;-0.6;0.18
73.638;-0.61;-0.55;1.59;-0.26;-0.6;0.18
73.641;-0.61;-0.55;1.59;-0.42;-0.52;0.2
73.647;-0.48;-0.71;2.08;-0.42;-0.52;0.2
73.652;-0.48;-0.71;2.08;-0.73;-0.29;0.35
73.656;-0.23;-0.5;2.36;-0.73;-0.29;0.35
73.66;-0.23;-0.5;2.36;-0.93;-0.12;0.5
73.678;-0.25;-0.02;2.44;-0.93;-0.12;0.5
73.68;-0.25;-0.02;2.44;-0.94;0.1;0.48
73.682;-0.33;0.11;2.31;-0.94;0.1;0.48
73.683;-0.33;0.11;2.31;-0.91;0.55;0.45
73.716;-0.23;0.23;2.03;-0.91;0.55;0.45
73.718;-0.23;0.23;2.03;-0.72;0.86;0.53
73.719;-0.07;0.31;1.57;-0.72;0.86;0.53
73.72;-0.07;0.31;1.57;-0.53;0.87;0.56
73.721;0.07;0.35;1.12;-0.53;0.87;0.56
73.722;0.07;0.35;1.12;-0.46;0.68;0.52
73.723;0.13;0.39;0.83;-0.46;0.68;0.52
73.724;0.13;0.39;0.83;-0.45;0.42;0.45
73.726;0.15;0.41;0.69;-0.45;0.42;0.45
73.731;0.15;0.41;0.69;-0.39;0.11;0.37
73.736;0.14;0.3;0.74;-0.39;0.11;0.37
73.741;0.14;0.3;0.74;-0.27;-0.16;0.34
73.747;0.05;0.18;0.89;-0.27;-0.16;0.34
73.763;0.05;0.18;0.89;-0.11;-0.34;0.38
73.764;0.04;0.09;0.99;-0.11;-0.34;0.38
73.767;0.04;0.09;0.99;0.05;-0.44;0.4
73.768;-0.02;-0.01;1.08;0.05;-0.44;0.4
73.803;-0.02;-0.01;1.08;0.13;-0.47;0.34
73.804;-0.06;-0.11;1.11;0.13;-0.47;0.34
73.805;-0.06;-0.11;1.11;0.14;-0.52;0.22
73.807;-0.12;-0.18;1.22;0.14;-0.52;0.22
73.808;-0.12;-0.18;1.22;0.12;-0.52;0.11
73.809;-0.21;-0.21;1.24;0.12;-0.52;0.11
73.81;-0.21;-0.21;1.24;0.11;-0.45;0.07
73.811;-0.33;-0.24;1.2;0.11;-0.45;0.07
73.813;-0.33;-0.24;1.2;0.07;-0.29;0.07
73.818;-0.31;-0.21;1.13;0.07;-0.29;0.07
73.82;-0.31;-0.21;1.13;0.02;-0.11;0.12
73.827;-0.31;-0.17;1.03;0.02;-0.11;0.12
73.83;-0.31;-0.17;1.03;-0.04;0.04;0.19
73.837;-0.29;-0.07;0.93;-0.04;0.04;0.19
73.84;-0.29;-0.07;0.93;-0.08;0.15;0.31
73.846;-0.24;0.04;0.81;-0.08;0.15;0.31
73.863;-0.24;0.04;0.81;-0.1;0.2;0.46
73.864;-0.19;0.12;0.71;-0.1;0.2;0.46
73.865;-0.19;0.12;0.71;-0.09;0.2;0.57
73.904;-0.16;0.17;0.63;-0.09;0.2;0.57
73.906;-0.16;0.17;0.63;-0.1;0.17;0.63
73.907;-0.15;0.19;0.58;-0.1;0.17;0.63
73.908;-0.15;0.19;0.58;-0.12;0.11;0.64
73.909;-0.15;0.2;0.59;-0.12;0.11;0.64
73.911;-0.15;0.2;0.59;-0.13;0.03;0.63
73.912;-0.15;0.21;0.63;-0.13;0.03;0.63
73.913;-0.15;0.21;0.63;-0.14;-0.03;0.6
73.914;-0.16;0.22;0.66;-0.14;-0.03;0.6
73.917;-0.16;0.22;0.66;-0.13;-0.08;0.56
73.918;-0.18;0.19;0.72;-0.13;-0.08;0.56
73.921;-0.18;0.19;0.72;-0.12;-0.14;0.5
73.927;-0.13;0.08;0.71;-0.12;-0.14;0.5
73.93;-0.13;0.08;0.71;-0.11;-0.18;0.43
73.936;-0.38;0.07;0.92;-0.11;-0.18;0.43
73.94;-0.38;0.07;0.92;-0.15;-0.24;0.38
73.946;-0.34;0.0;0.98;-0.15;-0.24;0.38
73.962;-0.34;0.0;0.98;-0.16;-0.16;0.37
73.963;-0.39;-0.07;1.02;-0.16;-0.16;0.37
73.964;-0.39;-0.07;1.02;-0.17;-0.09;0.41
74.007;-0.43;-0.11;1.05;-0.17;-0.09;0.41
74.008;-0.43;-0.11;1.05;-0.2;-0.02;0.46
74.009;-0.42;-0.11;1.07;-0.2;-0.02;0.46
74.011;-0.42;-0.11;1.07;-0.24;0.06;0.53
74.012;-0.38;-0.11;1.04;-0.24;0.06;0.53
74.013;-0.38;-0.11;1.04;-0.27;0.12;0.59
74.015;-0.35;-0.09;1.0;-0.27;0.12;0.59
74.016;-0.35;-0.09;1.0;-0.31;0.16;0.64
74.017;-0.32;-0.06;0.96;-0.31;0.16;0.64
74.02;-0.32;-0.06;0.96;-0.35;0.17;0.67
74.021;-0.29;0.0;0.93;-0.35;0.17;0.67
74.022;-0.29;0.0;0.93;-0.37;0.15;0.68
74.03;-0.29;0.0;0.93;-0.39;0.12;0.67
74.036;-0.25;0.12;0.91;-0.39;0.12;0.67
74.041;-0.25;0.12;0.91;-0.39;0.09;0.65
74.046;-0.24;0.16;0.91;-0.39;0.09;0.65
74.051;-0.24;0.16;0.91;-0.38;0.04;0.63
74.056;-0.25;0.18;0.92;-0.38;0.04;0.63
74.06;-0.25;0.18;0.92;-0.35;-0.01;0.6
74.067;-0.27;0.17;0.94;-0.35;-0.01;0.6
74.07;-0.27;0.17;0.94;-0.33;-0.06;0.56
74.076;-0.29;0.14;0.95;-0.33;-0.06;0.56
74.08;-0.29;0.14;0.95;-0.32;-0.1;0.53
74.099;-0.32;0.09;0.96;-0.32;-0.1;0.53
74.102;-0.32;0.09;0.96;-0.33;-0.12;0.51
74.103;-0.34;0.04;0.95;-0.33;-0.12;0.51
74.105;-0.34;0.04;0.95;-0.36;-0.12;0.51
74.107;-0.35;0.0;0.93;-0.36;-0.12;0.51
74.111;-0.35;0.0;0.93;-0.39;-0.12;0.54
74.147;-0.36;-0.03;0.9;-0.39;-0.12;0.54
74.152;-0.36;-0.03;0.9;-0.43;-0.13;0.58
74.154;-0.36;-0.06;0.88;-0.43;-0.13;0.58
74.155;-0.36;-0.06;0.88;-0.46;-0.15;0.63
74.157;-0.37;-0.07;0.88;-0.46;-0.15;0.63
74.158;-0.37;-0.07;0.88;-0.49;-0.17;0.68
74.159;-0.37;-0.07;0.88;-0.49;-0.17;0.68
74.16;-0.37;-0.07;0.88;-0.51;-0.19;0.72
74.161;-0.36;-0.07;0.88;-0.51;-0.19;0.72
74.162;-0.36;-0.07;0.88;-0.51;-0.2;0.76
74.167;-0.34;-0.05;0.88;-0.51;-0.2;0.76
74.171;-0.34;-0.05;0.88;-0.52;-0.2;0.79
74.176;-0.31;-0.02;0.89;-0.52;-0.2;0.79
74.197;-0.31;-0.02;0.89;-0.52;-0.21;0.83
74.199;-0.28;0.01;0.9;-0.52;-0.21;0.83
74.2;-0.28;0.01;0.9;-0.51;-0.25;0.84
74.202;-0.22;0.03;0.93;-0.51;-0.25;0.84
74.203;-0.22;0.03;0.93;-0.49;-0.31;0.82
74.206;-0.21;0.06;0.96;-0.49;-0.31;0.82
74.21;-0.21;0.06;0.96;-0.44;-0.39;0.77
74.237;-0.22;0.08;1.01;-0.44;-0.39;0.77
74.239;-0.22;0.08;1.01;-0.35;-0.47;0.7
74.24;-0.25;0.11;1.09;-0.35;-0.47;0.7
74.241;-0.25;0.11;1.09;-0.24;-0.5;0.62
74.245;-0.3;0.15;1.16;-0.24;-0.5;0.62
74.247;-0.3;0.15;1.16;-0.11;-0.45;0.53
74.248;-0.33;0.19;1.17;-0.11;-0.45;0.53
74.253;-0.33;0.19;1.17;0.01;-0.34;0.44
74.256;-0.35;0.21;1.12;0.01;-0.34;0.44
74.26;-0.35;0.21;1.12;0.11;-0.23;0.35
74.28;-0.35;0.2;1.04;0.11;-0.23;0.35
74.285;-0.35;0.2;1.04;0.17;-0.16;0.26
74.286;-0.34;0.16;0.96;0.17;-0.16;0.26
74.287;-0.34;0.16;0.96;0.19;-0.12;0.2
74.289;-0.33;0.09;0.9;0.19;-0.12;0.2
74.291;-0.33;0.09;0.9;0.16;-0.11;0.16
74.324;-0.33;0.02;0.85;0.16;-0.11;0.16
74.325;-0.33;0.02;0.85;0.12;-0.14;0.15
74.326;-0.32;-0.05;0.83;0.12;-0.14;0.15
74.327;-0.32;-0.05;0.83;0.06;-0.17;0.15
74.328;-0.33;-0.11;0.82;0.06;-0.17;0.15
74.331;-0.33;-0.11;0.82;0.01;-0.21;0.17
74.332;-0.33;-0.15;0.84;0.01;-0.21;0.17
74.332;-0.33;-0.15;0.84;-0.05;-0.25;0.21
74.336;-0.34;-0.19;0.86;-0.05;-0.25;0.21
74.341;-0.34;-0.19;0.86;-0.08;-0.28;0.25
74.362;-0.34;-0.19;0.9;-0.08;-0.28;0.25
74.364;-0.34;-0.19;0.9;-0.1;-0.3;0.31
74.365;-0.35;-0.18;0.95;-0.1;-0.3;0.31
74.368;-0.35;-0.18;0.95;-0.09;-0.29;0.36
74.37;-0.34;-0.14;0.97;-0.09;-0.29;0.36
74.371;-0.34;-0.14;0.97;-0.08;-0.26;0.4
74.376;-0.33;-0.1;0.98;-0.08;-0.26;0.4
74.403;-0.33;-0.1;0.98;-0.07;-0.22;0.41
74.405;-0.31;-0.07;0.97;-0.07;-0.22;0.41
74.406;-0.31;-0.07;0.97;-0.06;-0.2;0.41
74.407;-0.28;-0.03;0.95;-0.06;-0.2;0.41
74.408;-0.28;-0.03;0.95;-0.06;-0.19;0.4
74.409;-0.27;-0.02;0.94;-0.06;-0.19;0.4
74.411;-0.27;-0.02;0.94;-0.07;-0.2;0.39
74.418;-0.26;-0.01;0.93;-0.07;-0.2;0.39
74.421;-0.26;-0.01;0.93;-0.09;-0.21;0.38
74.426;-0.26;-0.01;0.93;-0.09;-0.21;0.38
74.432;-0.26;-0.01;0.93;-0.1;-0.22;0.36
74.436;-0.26;-0.01;0.94;-0.1;-0.22;0.36
74.44;-0.26;-0.01;0.94;-0.1;-0.22;0.35
74.448;-0.26;-0.01;0.96;-0.1;-0.22;0.35
74.451;-0.26;-0.01;0.96;-0.09;-0.23;0.33
74.456;-0.27;0.0;0.97;-0.09;-0.23;0.33
74.46;-0.27;0.0;0.97;-0.07;-0.23;0.32
74.466;-0.27;0.0;0.97;-0.07;-0.23;0.32
74.47;-0.27;0.0;0.97;-0.05;-0.23;0.3
74.476;-0.27;0.0;0.97;-0.05;-0.23;0.3
74.5;-0.27;0.0;0.97;-0.04;-0.24;0.28
74.502;-0.28;-0.01;0.96;-0.04;-0.24;0.28
74.503;-0.28;-0.01;0.96;-0.02;-0.26;0.26
74.503;-0.29;-0.01;0.95;-0.02;-0.26;0.26
74.504;-0.29;-0.01;0.95;-0.01;-0.27;0.25
74.506;-0.28;-0.02;0.95;-0.01;-0.27;0.25
74.51;-0.28;-0.02;0.95;0.0;-0.28;0.24
74.539;-0.28;-0.03;0.93;0.0;-0.28;0.24
74.541;-0.28;-0.03;0.93;0.0;-0.28;0.24
74.542;-0.28;-0.04;0.93;0.0;-0.28;0.24
74.543;-0.28;-0.04;0.93;0.0;-0.28;0.24
74.544;-0.27;-0.05;0.94;0.0;-0.28;0.24
74.545;-0.27;-0.05;0.94;-0.01;-0.28;0.24
74.548;-0.27;-0.07;0.95;-0.01;-0.28;0.24
74.552;-0.27;-0.07;0.95;-0.02;-0.28;0.24
74.556;-0.26;-0.08;0.96;-0.02;-0.28;0.24
74.561;-0.26;-0.08;0.96;-0.04;-0.27;0.25
74.577;-0.27;-0.08;0.97;-0.04;-0.27;0.25
74.578;-0.27;-0.08;0.97;-0.05;-0.27;0.27
74.58;-0.27;-0.08;0.98;-0.05;-0.27;0.27
74.581;-0.27;-0.08;0.98;-0.05;-0.26;0.29
74.616;-0.26;-0.08;0.98;-0.05;-0.26;0.29
74.618;-0.26;-0.08;0.98;-0.06;-0.25;0.31
74.619;-0.26;-0.08;0.98;-0.06;-0.25;0.31
74.62;-0.26;-0.08;0.98;-0.06;-0.24;0.32
74.621;-0.25;-0.08;0.98;-0.06;-0.24;0.32
74.622;-0.25;-0.08;0.98;-0.07;-0.24;0.34
74.624;-0.25;-0.08;0.98;-0.07;-0.24;0.34
74.625;-0.25;-0.08;0.98;-0.09;-0.25;0.35
74.626;-0.25;-0.08;0.98;-0.09;-0.25;0.35
74.632;-0.25;-0.08;0.98;-0.1;-0.25;0.35
74.636;-0.25;-0.07;0.98;-0.1;-0.25;0.35
74.64;-0.25;-0.07;0.98;-0.12;-0.25;0.36
74.648;-0.25;-0.07;0.98;-0.12;-0.25;0.36
74.651;-0.25;-0.07;0.98;-0.13;-0.24;0.36
74.656;-0.26;-0.06;0.98;-0.13;-0.24;0.36
74.66;-0.26;-0.06;0.98;-0.14;-0.23;0.37
74.676;-0.25;-0.05;0.98;-0.14;-0.23;0.37
74.678;-0.25;-0.05;0.98;-0.15;-0.21;0.37
74.679;-0.25;-0.04;0.98;-0.15;-0.21;0.37
74.716;-0.25;-0.04;0.98;-0.16;-0.19;0.37
74.718;-0.25;-0.03;0.98;-0.16;-0.19;0.37
74.719;-0.25;-0.03;0.98;-0.16;-0.18;0.36
74.72;-0.25;-0.03;0.99;-0.16;-0.18;0.36
74.721;-0.25;-0.03;0.99;-0.16;-0.17;0.35
74.722;-0.25;-0.03;0.98;-0.16;-0.17;0.35
74.722;-0.25;-0.03;0.98;-0.17;-0.16;0.34
74.723;-0.25;-0.03;0.98;-0.17;-0.16;0.34
74.724;-0.25;-0.03;0.98;-0.17;-0.15;0.34
74.727;-0.25;-0.03;0.97;-0.17;-0.15;0.34
74.734;-0.25;-0.03;0.97;-0.17;-0.14;0.33
74.738;-0.25;-0.01;0.97;-0.17;-0.14;0.33
74.741;-0.25;-0.01;0.97;-0.18;-0.14;0.32
74.748;-0.25;0.01;0.97;-0.18;-0.14;0.32
74.751;-0.25;0.01;0.97;-0.18;-0.14;0.3
74.756;-0.25;0.03;0.97;-0.18;-0.14;0.3
74.76;-0.25;0.03;0.97;-0.18;-0.14;0.28
74.78;-0.26;0.05;0.98;-0.18;-0.14;0.28
74.782;-0.26;0.05;0.98;-0.18;-0.14;0.26
74.782;-0.26;0.06;0.99;-0.18;-0.14;0.26
74.784;-0.26;0.06;0.99;-0.16;-0.13;0.23
74.787;-0.25;0.08;1.0;-0.16;-0.13;0.23
74.79;-0.25;0.08;1.0;-0.14;-0.12;0.19
74.822;-0.25;0.09;1.0;-0.14;-0.12;0.19
74.823;-0.25;0.09;1.0;-0.12;-0.1;0.15
74.824;-0.25;0.08;0.99;-0.12;-0.1;0.15
74.825;-0.25;0.08;0.99;-0.1;-0.09;0.1
74.827;-0.24;0.07;0.99;-0.1;-0.09;0.1
74.828;-0.24;0.07;0.99;-0.09;-0.07;0.04
74.831;-0.24;0.06;0.99;-0.09;-0.07;0.04
74.833;-0.24;0.06;0.99;-0.07;-0.04;-0.06
74.836;-0.24;0.05;0.98;-0.07;-0.04;-0.06
74.84;-0.24;0.05;0.98;-0.06;-0.03;-0.1
74.859;-0.25;0.04;0.99;-0.06;-0.03;-0.1
74.861;-0.25;0.04;0.99;-0.05;-0.01;-0.14
74.864;-0.25;0.04;1.0;-0.05;-0.01;-0.14
74.864;-0.25;0.04;1.0;-0.04;0.0;-0.18
74.867;-0.24;0.03;1.01;-0.04;0.0;-0.18
74.905;-0.24;0.03;1.01;-0.02;0.02;-0.22
74.907;-0.24;0.02;1.02;-0.02;0.02;-0.22
74.908;-0.24;0.02;1.02;-0.01;0.03;-0.26
74.909;-0.24;0.02;1.03;-0.01;0.03;-0.26
74.911;-0.24;0.02;1.03;-0.01;0.05;-0.3
74.913;-0.23;0.01;1.04;-0.01;0.05;-0.3
74.914;-0.23;0.01;1.04;0.0;0.08;-0.34
74.915;-0.23;0.0;1.05;0.0;0.08;-0.34
74.917;-0.23;0.0;1.05;0.01;0.12;-0.37
74.918;-0.23;-0.01;1.05;0.01;0.12;-0.37
74.922;-0.23;-0.01;1.05;0.02;0.17;-0.4
74.927;-0.23;-0.02;1.04;0.02;0.17;-0.4
74.933;-0.23;-0.02;1.04;0.02;0.21;-0.42
74.936;-0.22;-0.03;1.02;0.02;0.21;-0.42
74.94;-0.22;-0.03;1.02;0.02;0.25;-0.42
74.947;-0.2;-0.04;0.99;0.02;0.25;-0.42
74.951;-0.2;-0.04;0.99;0.02;0.28;-0.42
74.956;-0.19;-0.04;0.96;0.02;0.28;-0.42
74.96;-0.19;-0.04;0.96;0.03;0.28;-0.41
74.975;-0.18;-0.03;0.93;0.03;0.28;-0.41
74.977;-0.18;-0.03;0.93;0.05;0.26;-0.4
74.978;-0.18;-0.02;0.92;0.05;0.26;-0.4
75.018;-0.18;-0.02;0.92;0.07;0.23;-0.39
75.02;-0.19;-0.02;0.92;0.07;0.23;-0.39
75.021;-0.19;-0.02;0.92;0.08;0.19;-0.38
75.023;-0.2;0.0;0.92;0.08;0.19;-0.38
75.025;-0.2;0.0;0.92;0.09;0.16;-0.39
75.027;-0.21;0.0;0.95;0.09;0.16;-0.39
75.028;-0.21;0.0;0.95;0.09;0.15;-0.4
75.031;-0.2;0.04;0.89;0.09;0.15;-0.4
75.031;-0.2;0.04;0.89;0.08;0.07;-0.46
75.032;-0.21;0.0;0.95;0.08;0.07;-0.46
75.033;-0.21;0.0;0.95;0.06;0.06;-0.47
75.037;-0.24;-0.04;1.01;0.06;0.06;-0.47
75.04;-0.24;-0.04;1.01;0.07;0.08;-0.45
75.048;-0.27;-0.08;1.07;0.07;0.08;-0.45
75.05;-0.27;-0.08;1.07;0.07;0.14;-0.43
75.056;-0.29;-0.1;1.13;0.07;0.14;-0.43
75.061;-0.29;-0.1;1.13;0.08;0.25;-0.41
75.075;-0.29;-0.1;1.1;0.08;0.25;-0.41
75.077;-0.29;-0.1;1.1;0.09;0.32;-0.39
75.078;-0.27;-0.08;1.05;0.09;0.32;-0.39
75.115;-0.27;-0.08;1.05;0.09;0.36;-0.38
75.116;-0.24;-0.06;1.0;0.09;0.36;-0.38
75.117;-0.24;-0.06;1.0;0.09;0.36;-0.38
75.118;-0.24;-0.1;0.91;0.09;0.36;-0.38
75.119;-0.24;-0.1;0.91;0.09;0.33;-0.35
75.12;-0.24;-0.1;0.89;0.09;0.33;-0.35
75.121;-0.24;-0.1;0.89;0.12;0.27;-0.3
75.122;-0.23;-0.07;0.86;0.12;0.27;-0.3
75.123;-0.23;-0.07;0.86;0.13;0.2;-0.25
75.127;-0.21;-0.04;0.86;0.13;0.2;-0.25
75.132;-0.21;-0.04;0.86;0.12;0.09;-0.24
75.136;-0.21;-0.05;0.88;0.12;0.09;-0.24
75.14;-0.21;-0.05;0.88;0.12;0.0;-0.24
75.149;-0.22;-0.04;0.92;0.12;0.0;-0.24
75.151;-0.22;-0.04;0.92;0.13;-0.06;-0.22
75.156;-0.23;-0.03;0.98;0.13;-0.06;-0.22
75.16;-0.23;-0.03;0.98;0.13;-0.08;-0.19
75.167;-0.25;-0.03;1.03;0.13;-0.08;-0.19
75.171;-0.25;-0.03;1.03;0.12;-0.06;-0.18
75.176;-0.26;-0.02;1.04;0.12;-0.06;-0.18
75.193;-0.26;-0.02;1.04;0.12;-0.02;-0.18
75.195;-0.28;-0.04;1.0;0.12;-0.02;-0.18
75.196;-0.28;-0.04;1.0;0.11;0.02;-0.19
75.198;-0.28;-0.09;0.92;0.11;0.02;-0.19
75.232;-0.28;-0.09;0.92;0.1;0.0;-0.18
75.234;-0.26;-0.1;0.89;0.1;0.0;-0.18
75.235;-0.26;-0.1;0.89;0.1;-0.08;-0.13
75.236;-0.23;-0.09;0.89;0.1;-0.08;-0.13
75.237;-0.23;-0.09;0.89;0.1;-0.17;-0.08
75.238;-0.21;-0.07;0.88;0.1;-0.17;-0.08
75.239;-0.21;-0.07;0.88;0.09;-0.23;-0.05
75.245;-0.23;-0.07;0.94;0.09;-0.23;-0.05
75.25;-0.23;-0.07;0.94;0.07;-0.29;-0.03
75.251;-0.25;-0.05;0.98;0.07;-0.29;-0.03
75.252;-0.25;-0.05;0.98;0.04;-0.29;-0.01
75.257;-0.26;-0.03;1.0;0.04;-0.29;-0.01
75.261;-0.26;-0.03;1.0;0.0;-0.25;0.0
75.277;-0.25;0.01;1.01;0.0;-0.25;0.0
75.278;-0.25;0.01;1.01;-0.04;-0.18;-0.01
75.28;-0.26;0.0;0.98;-0.04;-0.18;-0.01
75.284;-0.26;0.0;0.98;-0.08;-0.11;-0.03
75.286;-0.28;-0.03;1.02;-0.08;-0.11;-0.03
75.291;-0.28;-0.03;1.02;-0.08;-0.06;-0.03
75.326;-0.26;-0.05;0.99;-0.08;-0.06;-0.03
75.328;-0.26;-0.05;0.99;-0.04;-0.02;0.0
75.33;-0.26;-0.06;0.97;-0.04;-0.02;0.0
75.331;-0.26;-0.06;0.97;0.01;-0.04;0.03
75.332;-0.25;-0.07;0.98;0.01;-0.04;0.03
75.333;-0.25;-0.07;0.98;0.03;-0.08;0.07
75.334;-0.24;-0.04;0.94;0.03;-0.08;0.07
75.335;-0.24;-0.04;0.94;0.06;-0.12;0.11
75.337;-0.27;-0.05;1.01;0.06;-0.12;0.11
75.34;-0.27;-0.05;1.01;0.07;-0.16;0.14
75.351;-0.29;-0.06;1.13;0.07;-0.16;0.14
75.353;-0.29;-0.06;1.13;0.07;-0.11;0.15
75.356;-0.25;0.0;0.98;0.07;-0.11;0.15
75.36;-0.25;0.0;0.98;0.07;0.02;0.16
75.377;-0.24;0.01;0.81;0.07;0.02;0.16
75.379;-0.24;0.01;0.81;0.09;-0.02;0.15
75.381;-0.21;0.03;0.87;0.09;-0.02;0.15
75.382;-0.21;0.03;0.87;0.09;-0.14;0.14
75.386;-0.21;0.04;0.87;0.09;-0.14;0.14
75.391;-0.21;0.04;0.87;0.08;-0.2;0.12
75.418;-0.22;0.04;0.97;0.08;-0.2;0.12
75.42;-0.22;0.04;0.97;0.06;-0.26;0.11
75.421;-0.24;0.04;1.0;0.06;-0.26;0.11
75.422;-0.24;0.04;1.0;0.03;-0.24;0.09
75.423;-0.26;0.01;1.02;0.03;-0.24;0.09
75.425;-0.26;0.01;1.02;0.02;-0.2;0.08
75.426;-0.26;0.03;0.94;0.02;-0.2;0.08
75.431;-0.26;0.03;0.94;0.02;-0.18;0.08
75.436;-0.25;0.02;0.99;0.02;-0.18;0.08
75.44;-0.25;0.02;0.99;0.01;-0.22;0.06
75.447;-0.25;0.01;1.06;0.01;-0.22;0.06
75.451;-0.25;0.01;1.06;-0.02;-0.19;0.06
75.456;-0.24;0.03;1.04;-0.02;-0.19;0.06
75.46;-0.24;0.03;1.04;-0.03;-0.16;0.04
75.466;-0.24;0.01;0.95;-0.03;-0.16;0.04
75.47;-0.24;0.01;0.95;-0.02;-0.12;0.02
75.476;-0.22;0.0;1.0;-0.02;-0.12;0.02
75.492;-0.22;0.0;1.0;0.04;-0.14;0.03
75.494;-0.22;0.01;1.0;0.04;-0.14;0.03
75.497;-0.22;0.01;1.0;0.04;-0.13;0.02
75.499;-0.25;0.02;1.02;0.04;-0.13;0.02
75.501;-0.25;0.02;1.02;0.05;-0.1;0.01
75.531;-0.25;0.02;1.03;0.05;-0.1;0.01
75.533;-0.25;0.02;1.03;0.03;-0.1;0.01
75.534;-0.24;0.05;0.96;0.03;-0.1;0.01
75.535;-0.24;0.05;0.96;-0.05;-0.13;-0.01
75.536;-0.24;0.04;0.94;-0.05;-0.13;-0.01
75.538;-0.24;0.04;0.94;-0.11;-0.15;-0.02
75.539;-0.24;-0.02;0.95;-0.11;-0.15;-0.02
75.54;-0.24;-0.02;0.95;-0.11;-0.22;0.05
75.549;-0.23;-0.09;0.93;-0.11;-0.22;0.05
75.551;-0.23;-0.09;0.93;-0.12;-0.32;0.13
75.562;-0.23;-0.09;0.93;-0.11;-0.41;0.16
75.577;-0.23;-0.04;0.94;-0.11;-0.41;0.16
75.582;-0.23;-0.04;0.94;-0.1;-0.42;0.2
75.583;-0.28;0.02;0.91;-0.1;-0.42;0.2
75.584;-0.28;0.02;0.91;-0.07;-0.4;0.18
75.586;-0.26;0.08;0.93;-0.07;-0.4;0.18
75.591;-0.26;0.08;0.93;-0.01;-0.39;0.12
75.617;-0.28;0.09;0.89;-0.01;-0.39;0.12
75.619;-0.28;0.09;0.89;0.02;-0.41;0.11
75.619;-0.29;0.07;0.89;0.02;-0.41;0.11
75.621;-0.29;0.07;0.89;0.01;-0.36;0.14
75.622;-0.21;0.04;0.94;0.01;-0.36;0.14
75.623;-0.21;0.04;0.94;-0.02;-0.27;0.13
75.626;-0.18;0.04;0.95;-0.02;-0.27;0.13
75.632;-0.18;0.04;0.95;-0.04;-0.21;0.1
75.636;-0.22;-0.04;0.99;-0.04;-0.21;0.1
75.64;-0.22;-0.04;0.99;-0.02;-0.2;0.1
75.647;-0.24;-0.02;1.02;-0.02;-0.2;0.1
75.65;-0.24;-0.02;1.02;0.02;-0.21;0.1
75.656;-0.22;0.0;0.96;0.02;-0.21;0.1
75.661;-0.22;0.0;0.96;0.04;-0.28;0.1
75.666;-0.2;0.0;1.01;0.04;-0.28;0.1
75.67;-0.2;0.0;1.01;0.08;-0.32;0.11
75.676;-0.17;-0.03;1.04;0.08;-0.32;0.11
75.692;-0.17;-0.03;1.04;0.11;-0.27;0.1
75.695;-0.18;-0.03;1.02;0.11;-0.27;0.1
75.696;-0.18;-0.03;1.02;0.09;-0.23;0.1
75.699;-0.18;-0.02;1.04;0.09;-0.23;0.1
75.733;-0.18;-0.02;1.04;0.06;-0.17;0.1
75.735;-0.19;-0.01;1.09;0.06;-0.17;0.1
75.736;-0.19;-0.01;1.09;0.05;-0.09;0.1
75.738;-0.16;0.02;1.05;0.05;-0.09;0.1
75.738;-0.16;0.02;1.05;0.06;-0.01;0.08
75.739;-0.12;0.05;0.97;0.06;-0.01;0.08
75.741;-0.12;0.05;0.97;0.05;0.02;0.0
75.742;-0.14;0.06;0.94;0.05;0.02;0.0
75.749;-0.14;0.06;0.94;0.01;0.03;-0.06
75.75;-0.21;0.05;1.02;0.01;0.03;-0.06
75.751;-0.21;0.05;1.02;-0.03;0.02;-0.08
75.756;-0.21;0.05;1.03;-0.03;0.02;-0.08
75.761;-0.21;0.05;1.03;-0.05;0.02;-0.1
75.775;-0.24;0.04;1.03;-0.05;0.02;-0.1
75.778;-0.24;0.04;1.03;-0.05;0.04;-0.11
75.778;-0.24;0.02;1.01;-0.05;0.04;-0.11
75.782;-0.24;0.02;1.01;-0.05;0.07;-0.12
75.786;-0.24;0.0;1.01;-0.05;0.07;-0.12
75.791;-0.24;0.0;1.01;-0.05;0.1;-0.12
75.818;-0.25;-0.03;0.97;-0.05;0.1;-0.12
75.819;-0.25;-0.03;0.97;-0.03;0.12;-0.1
75.821;-0.24;-0.01;0.97;-0.03;0.12;-0.1
75.822;-0.24;-0.01;0.97;-0.01;0.15;-0.08
75.823;-0.24;-0.04;1.06;-0.01;0.15;-0.08
75.824;-0.24;-0.04;1.06;-0.01;0.16;-0.05
75.826;-0.18;-0.03;1.01;-0.01;0.16;-0.05
75.831;-0.18;-0.03;1.01;0.0;0.19;-0.02
75.836;-0.12;0.0;0.96;0.0;0.19;-0.02
75.84;-0.12;0.0;0.96;0.0;0.15;0.0
75.847;-0.14;0.02;0.97;0.0;0.15;0.0
75.851;-0.14;0.02;0.97;-0.01;0.06;-0.01
75.856;-0.16;0.02;0.93;-0.01;0.06;-0.01
75.86;-0.16;0.02;0.93;0.0;0.0;-0.02
75.867;-0.13;0.03;0.82;0.0;0.0;-0.02
75.871;-0.13;0.03;0.82;0.01;-0.08;-0.03
75.876;-0.16;0.03;0.87;0.01;-0.08;-0.03
75.892;-0.16;0.03;0.87;-0.01;-0.22;-0.05
75.894;-0.27;-0.08;1.03;-0.01;-0.22;-0.05
75.896;-0.27;-0.08;1.03;0.02;-0.26;-0.05
75.898;-0.29;-0.1;1.11;0.02;-0.26;-0.05
75.932;-0.29;-0.1;1.11;0.08;-0.2;-0.01
75.933;-0.26;-0.04;1.14;0.08;-0.2;-0.01
75.934;-0.26;-0.04;1.14;0.1;-0.17;0.02
75.935;-0.23;0.0;1.08;0.1;-0.17;0.02
75.938;-0.23;0.0;1.08;0.09;-0.17;0.02
75.939;-0.19;0.03;1.07;0.09;-0.17;0.02
75.941;-0.19;0.03;1.07;0.05;-0.17;0.01
75.942;-0.19;0.05;1.0;0.05;-0.17;0.01
75.943;-0.19;0.05;1.0;0.02;-0.12;0.0
75.947;-0.17;0.03;0.94;0.02;-0.12;0.0
75.951;-0.17;0.03;0.94;0.01;-0.16;-0.01
75.956;-0.13;0.03;0.93;0.01;-0.16;-0.01
75.961;-0.13;0.03;0.93;0.01;-0.3;-0.01
75.976;-0.14;0.03;0.88;0.01;-0.3;-0.01
75.979;-0.14;0.03;0.88;-0.01;-0.4;-0.02
75.979;-0.14;0.03;0.81;-0.01;-0.4;-0.02
75.982;-0.14;0.03;0.81;-0.02;-0.47;-0.03
75.986;-0.11;0.03;0.8;-0.02;-0.47;-0.03
75.99;-0.11;0.03;0.8;-0.04;-0.52;-0.04
76.016;-0.12;0.0;0.88;-0.04;-0.52;-0.04
76.018;-0.12;0.0;0.88;-0.04;-0.57;-0.07
76.019;-0.1;0.01;0.93;-0.04;-0.57;-0.07
76.02;-0.1;0.01;0.93;-0.04;-0.6;-0.08
76.021;-0.12;0.03;0.98;-0.04;-0.6;-0.08
76.022;-0.12;0.03;0.98;-0.04;-0.67;-0.09
76.027;-0.14;0.0;1.0;-0.04;-0.67;-0.09
76.031;-0.14;0.0;1.0;-0.03;-0.77;-0.11
76.036;-0.12;-0.04;0.99;-0.03;-0.77;-0.11
76.04;-0.12;-0.04;0.99;-0.01;-0.9;-0.1
76.047;-0.08;-0.06;0.9;-0.01;-0.9;-0.1
76.05;-0.08;-0.06;0.9;0.03;-1.03;-0.09
76.056;-0.07;-0.03;1.02;0.03;-1.03;-0.09
76.065;-0.07;-0.03;1.02;0.05;-1.06;-0.08
76.067;-0.12;-0.07;1.12;0.05;-1.06;-0.08
76.071;-0.12;-0.07;1.12;0.06;-0.83;-0.07
76.076;-0.19;-0.12;1.2;0.06;-0.83;-0.07
76.089;-0.19;-0.12;1.2;0.14;-0.75;-0.03
76.091;-0.19;-0.07;1.33;0.14;-0.75;-0.03
76.092;-0.19;-0.07;1.33;0.25;-0.76;0.03
76.131;-0.08;0.03;1.2;0.25;-0.76;0.03
76.133;-0.08;0.03;1.2;0.37;-0.77;0.07
76.134;-0.11;0.05;1.13;0.37;-0.77;0.07
76.135;-0.11;0.05;1.13;0.42;-0.72;0.07
76.136;-0.15;0.05;1.13;0.42;-0.72;0.07
76.137;-0.15;0.05;1.13;0.46;-0.74;0.07
76.138;-0.11;0.02;1.25;0.46;-0.74;0.07
76.139;-0.11;0.02;1.25;0.58;-0.5;0.09
76.141;-0.14;-0.05;1.38;0.58;-0.5;0.09
76.142;-0.14;-0.05;1.38;0.84;-0.65;0.13
76.147;0.01;-0.02;1.18;0.84;-0.65;0.13
76.151;0.01;-0.02;1.18;1.07;-1.19;0.1
76.157;0.06;0.06;1.2;1.07;-1.19;0.1
76.181;0.06;0.06;1.2;1.23;-1.63;0.05
76.182;0.06;0.12;1.24;1.23;-1.63;0.05
76.183;0.06;0.12;1.24;1.4;-1.69;-0.02
76.184;0.07;0.13;1.15;1.4;-1.69;-0.02
76.185;0.07;0.13;1.15;1.5;-1.54;-0.09
76.187;0.11;0.16;1.02;1.5;-1.54;-0.09
76.19;0.11;0.16;1.02;1.49;-1.63;-0.25
76.218;0.32;0.31;0.85;1.49;-1.63;-0.25
76.22;0.32;0.31;0.85;1.45;-1.88;-0.48
76.221;0.05;0.2;1.27;1.45;-1.88;-0.48
76.222;0.05;0.2;1.27;1.55;-1.53;-0.49
76.223;0.09;0.16;1.32;1.55;-1.53;-0.49
76.224;0.09;0.16;1.32;1.66;-0.92;-0.53
76.227;0.04;0.15;1.21;1.66;-0.92;-0.53
76.233;0.04;0.15;1.21;1.62;-0.24;-0.57
76.236;0.01;0.12;1.04;1.62;-0.24;-0.57
76.243;0.01;0.12;1.04;1.46;0.15;-0.62
76.247;-0.07;0.08;0.99;1.46;0.15;-0.62
76.251;-0.07;0.08;0.99;1.31;0.42;-0.65
76.256;0.01;0.11;0.99;1.31;0.42;-0.65
76.261;0.01;0.11;0.99;1.33;0.3;-0.65
76.266;-0.07;0.11;0.79;1.33;0.3;-0.65
76.27;-0.07;0.11;0.79;1.22;0.13;-0.57
76.278;-0.05;0.17;0.73;1.22;0.13;-0.57
76.293;-0.05;0.17;0.73;1.02;-0.08;-0.47
76.295;0.05;0.18;0.94;1.02;-0.08;-0.47
76.296;0.05;0.18;0.94;1.07;-0.36;-0.43
76.299;0.04;0.37;1.13;1.07;-0.36;-0.43
76.301;0.04;0.37;1.13;1.26;-0.33;-0.39
76.311;0.04;0.37;1.13;1.49;-0.3;-0.34
76.334;0.06;0.43;0.95;1.49;-0.3;-0.34
76.337;0.06;0.43;0.95;1.53;-0.27;-0.27
76.338;-0.02;0.31;0.94;1.53;-0.27;-0.27
76.338;-0.02;0.31;0.94;1.47;-0.27;-0.15
76.339;0.09;0.09;1.42;1.47;-0.27;-0.15
76.342;0.09;0.09;1.42;1.59;0.71;-0.22
76.347;0.08;0.06;1.38;1.59;0.71;-0.22
76.35;0.08;0.06;1.38;2.01;1.06;-0.43
76.357;0.11;0.18;1.44;2.01;1.06;-0.43
76.361;0.11;0.18;1.44;2.54;1.11;-0.63
76.366;0.15;0.4;1.37;2.54;1.11;-0.63
76.37;0.15;0.4;1.37;2.89;1.22;-0.77
76.376;0.12;0.37;1.07;2.89;1.22;-0.77
76.39;0.12;0.37;1.07;2.99;1.51;-0.83
76.393;0.02;0.42;1.4;2.99;1.51;-0.83
76.394;0.02;0.42;1.4;3.53;1.61;-0.79
76.398;0.0;0.65;0.8;3.53;1.61;-0.79
76.428;0.0;0.65;0.8;4.0;1.62;-0.69
76.43;-0.18;0.44;0.62;4.0;1.62;-0.69
76.431;-0.18;0.44;0.62;4.0;1.23;-0.52
76.432;-0.39;0.31;0.73;4.0;1.23;-0.52
76.433;-0.39;0.31;0.73;3.94;0.84;-0.15
76.434;-0.45;0.37;0.38;3.94;0.84;-0.15
76.435;-0.45;0.37;0.38;3.79;0.92;0.39
76.437;-0.25;0.39;0.15;3.79;0.92;0.39
76.44;-0.25;0.39;0.15;3.48;0.72;0.88
76.447;-0.07;0.5;0.17;3.48;0.72;0.88
76.451;-0.07;0.5;0.17;3.12;0.25;1.01
76.456;-0.17;0.44;-0.16;3.12;0.25;1.01
76.474;-0.17;0.44;-0.16;2.71;-0.29;0.73
76.476;-0.17;0.43;-0.42;2.71;-0.29;0.73
76.478;-0.17;0.43;-0.42;2.13;-1.09;0.43
76.479;-0.13;0.46;-0.55;2.13;-1.09;0.43
76.511;-0.13;0.46;-0.55;1.3;-2.0;0.24
76.513;-0.04;0.51;-0.37;1.3;-2.0;0.24
76.514;-0.04;0.51;-0.37;0.33;-3.18;0.16
76.515;0.45;0.65;1.4;0.33;-3.18;0.16
76.516;0.45;0.65;1.4;-0.45;-4.14;0.1
76.517;0.73;0.93;2.69;-0.45;-4.14;0.1
76.518;0.73;0.93;2.69;-0.04;-2.76;-0.59
76.518;-0.34;0.46;1.52;-0.04;-2.76;-0.59
76.521;-0.34;0.46;1.52;0.78;-0.3;-1.29
76.526;-0.49;0.33;1.07;0.78;-0.3;-1.29
76.532;-0.49;0.33;1.07;0.95;0.87;-0.76
76.536;-0.51;0.24;1.01;0.95;0.87;-0.76
76.541;-0.51;0.24;1.01;1.07;1.37;0.33
76.548;-0.05;0.4;0.7;1.07;1.37;0.33
76.551;-0.05;0.4;0.7;1.26;1.4;1.45
76.556;0.7;0.68;0.99;1.26;1.4;1.45
76.562;0.7;0.68;0.99;1.69;0.54;2.01
76.566;0.63;0.83;0.84;1.69;0.54;2.01
76.57;0.63;0.83;0.84;2.26;-0.34;1.91
76.576;0.38;0.96;0.7;2.26;-0.34;1.91
76.592;0.38;0.96;0.7;2.59;-1.36;1.87
76.594;0.47;1.2;0.65;2.59;-1.36;1.87
76.594;0.47;1.2;0.65;2.61;-1.86;1.86
76.596;0.18;1.22;0.64;2.61;-1.86;1.86
76.601;0.18;1.22;0.64;2.43;-2.16;1.5
76.607;0.01;1.12;0.41;2.43;-2.16;1.5
76.628;0.01;1.12;0.41;2.02;-1.88;0.99
76.631;-0.09;1.0;0.52;2.02;-1.88;0.99
76.632;-0.09;1.0;0.52;1.45;-1.32;0.51
76.633;-0.04;0.93;0.52;1.45;-1.32;0.51
76.634;-0.04;0.93;0.52;0.96;-0.55;0.25
76.636;0.03;0.89;0.43;0.96;-0.55;0.25
76.64;0.03;0.89;0.43;0.71;-0.37;0.4
76.647;0.32;0.86;0.5;0.71;-0.37;0.4
76.651;0.32;0.86;0.5;0.69;-0.73;1.0
76.656;0.48;0.89;0.62;0.69;-0.73;1.0
76.662;0.48;0.89;0.62;0.9;-1.27;1.56
76.666;0.33;0.87;0.6;0.9;-1.27;1.56
76.671;0.33;0.87;0.6;1.22;-1.49;1.66
76.689;0.28;0.84;0.23;1.22;-1.49;1.66
76.691;0.28;0.84;0.23;1.39;-1.14;1.06
76.694;0.38;0.78;0.24;1.39;-1.14;1.06
76.694;0.38;0.78;0.24;1.34;-1.23;0.2
76.731;0.34;0.75;0.36;1.34;-1.23;0.2
76.733;0.34;0.75;0.36;1.11;-1.47;-0.09
76.734;0.11;0.7;0.39;1.11;-1.47;-0.09
76.735;0.11;0.7;0.39;0.76;-1.28;0.29
76.737;0.12;0.77;0.4;0.76;-1.28;0.29
76.738;0.12;0.77;0.4;0.49;-1.01;0.66
76.739;0.26;0.88;0.46;0.49;-1.01;0.66
76.742;0.26;0.88;0.46;0.41;-1.03;0.74
76.743;0.27;1.06;0.61;0.41;-1.03;0.74
76.744;0.27;1.06;0.61;0.38;-0.97;0.74
76.748;0.3;1.19;0.57;0.38;-0.97;0.74
76.752;0.3;1.19;0.57;0.34;-0.76;0.51
76.757;0.37;1.37;0.61;0.34;-0.76;0.51
76.762;0.37;1.37;0.61;0.31;-0.62;0.26
76.766;0.53;1.68;0.87;0.31;-0.62;0.26
76.771;0.53;1.68;0.87;0.66;-0.29;-0.53
76.789;0.59;1.87;1.22;0.66;-0.29;-0.53
76.791;0.59;1.87;1.22;1.04;0.5;-1.94
76.792;0.47;1.85;0.65;1.04;0.5;-1.94
76.794;0.47;1.85;0.65;1.22;0.39;-3.61
76.828;0.13;1.54;0.29;1.22;0.39;-3.61
76.83;0.13;1.54;0.29;0.96;0.78;-3.9
76.831;-0.08;0.92;0.59;0.96;0.78;-3.9
76.832;-0.08;0.92;0.59;1.01;1.28;-2.68
76.833;-0.24;0.37;0.25;1.01;1.28;-2.68
76.834;-0.24;0.37;0.25;1.32;0.33;-1.29
76.835;-0.27;0.29;-0.01;1.32;0.33;-1.29
76.836;-0.27;0.29;-0.01;1.38;-0.81;-0.21
76.837;-0.15;0.3;-0.17;1.38;-0.81;-0.21
76.841;-0.15;0.3;-0.17;1.14;-1.42;0.43
76.847;-0.07;0.37;-0.12;1.14;-1.42;0.43
76.85;-0.07;0.37;-0.12;0.77;-1.63;0.84
76.856;-0.08;0.5;-0.12;0.77;-1.63;0.84
76.873;-0.08;0.5;-0.12;0.44;-1.79;1.19
76.874;0.05;0.68;-0.12;0.44;-1.79;1.19
76.876;0.05;0.68;-0.12;0.18;-1.96;1.21
76.878;0.3;0.94;-0.02;0.18;-1.96;1.21
76.911;0.3;0.94;-0.02;0.05;-1.97;0.68
76.913;0.51;1.06;0.02;0.05;-1.97;0.68
76.914;0.51;1.06;0.02;0.1;-2.12;-0.22
76.915;0.67;1.17;0.08;0.1;-2.12;-0.22
76.915;0.67;1.17;0.08;0.35;-2.27;-1.37
76.918;0.86;1.13;0.94;0.35;-2.27;-1.37
76.919;0.86;1.13;0.94;0.78;-1.13;-2.47
76.92;0.69;0.96;1.17;0.78;-1.13;-2.47
76.921;0.69;0.96;1.17;1.14;0.39;-3.27
76.928;0.44;0.9;0.69;1.14;0.39;-3.27
76.931;0.44;0.9;0.69;1.23;1.26;-3.86
76.937;0.37;0.87;0.59;1.23;1.26;-3.86
76.941;0.37;0.87;0.59;1.1;2.1;-4.39
76.946;0.45;0.83;0.45;1.1;2.1;-4.39
76.951;0.45;0.83;0.45;0.83;3.0;-4.91
76.957;0.62;0.79;0.3;0.83;3.0;-4.91
76.973;0.62;0.79;0.3;0.45;3.86;-5.5
76.976;0.69;0.75;-0.03;0.45;3.86;-5.5
76.977;0.69;0.75;-0.03;-0.02;3.9;-6.06
76.98;0.43;0.65;-0.62;-0.02;3.9;-6.06
76.981;0.43;0.65;-0.62;-0.56;2.83;-6.32
76.987;0.23;0.47;-0.57;-0.56;2.83;-6.32
76.99;0.23;0.47;-0.57;-0.97;1.54;-6.24
77.011;0.14;0.37;-0.34;-0.97;1.54;-6.24
77.012;0.14;0.37;-0.34;-1.24;0.47;-5.8
77.014;0.2;0.36;-0.15;-1.24;0.47;-5.8
77.014;0.2;0.36;-0.15;-1.45;-0.2;-5.21
77.017;-0.05;0.33;-0.14;-1.45;-0.2;-5.21
77.021;-0.05;0.33;-0.14;-1.72;-0.63;-4.53
77.027;-0.33;0.29;-0.37;-1.72;-0.63;-4.53
77.03;-0.33;0.29;-0.37;-2.15;-1.22;-3.75
77.037;-0.7;0.1;-0.42;-2.15;-1.22;-3.75
77.041;-0.7;0.1;-0.42;-2.6;-2.29;-2.84
77.047;-0.76;0.09;-0.15;-2.6;-2.29;-2.84
77.051;-0.76;0.09;-0.15;-2.85;-3.54;-1.75
77.056;-0.42;0.23;0.08;-2.85;-3.54;-1.75
77.06;-0.42;0.23;0.08;-2.85;-4.93;-0.73
77.067;0.0;0.53;0.41;-2.85;-4.93;-0.73
77.071;0.0;0.53;0.41;-2.98;-5.93;-0.12
77.089;0.06;0.49;0.3;-2.98;-5.93;-0.12
77.093;0.06;0.49;0.3;-4.22;-5.4;-0.17
77.094;-0.17;0.12;0.3;-4.22;-5.4;-0.17
77.095;-0.17;0.12;0.3;-5.36;-5.2;-0.31
77.098;-0.21;-0.04;0.49;-5.36;-5.2;-0.31
77.131;-0.21;-0.04;0.49;-5.82;-5.62;-0.07
77.133;-0.2;-0.02;0.93;-5.82;-5.62;-0.07
77.134;-0.2;-0.02;0.93;-5.9;-5.7;0.15
77.137;-0.31;0.28;2.12;-5.9;-5.7;0.15
77.139;-0.31;0.28;2.12;-5.71;-4.06;0.19
77.14;0.0;0.96;2.79;-5.71;-4.06;0.19
77.142;0.0;0.96;2.79;-4.89;-0.18;-0.1
77.144;0.51;1.32;2.42;-4.89;-0.18;-0.1
77.145;0.51;1.32;2.42;-3.26;2.52;-0.62
77.146;0.14;0.9;1.95;-3.26;2.52;-0.62
77.151;0.14;0.9;1.95;-1.58;3.18;-1.33
77.157;-0.44;0.35;1.08;-1.58;3.18;-1.33
77.178;-0.44;0.35;1.08;-0.65;3.56;-1.86
77.183;-0.72;0.1;0.52;-0.65;3.56;-1.86
77.185;-0.72;0.1;0.52;-0.48;3.2;-1.93
77.188;-0.52;0.07;0.57;-0.48;3.2;-1.93
77.189;-0.52;0.07;0.57;-0.61;2.1;-1.71
77.19;-0.35;0.26;0.83;-0.61;2.1;-1.71
77.192;-0.35;0.26;0.83;-0.66;1.2;-1.57
77.213;-0.33;0.46;0.91;-0.66;1.2;-1.57
77.214;-0.33;0.46;0.91;-0.68;1.0;-1.55
77.215;-0.56;0.48;0.95;-0.68;1.0;-1.55
77.217;-0.56;0.48;0.95;-0.73;1.08;-1.58
77.218;-0.67;0.43;0.76;-0.73;1.08;-1.58
77.22;-0.67;0.43;0.76;-0.82;1.27;-1.44
77.229;-0.44;0.41;0.54;-0.82;1.27;-1.44
77.231;-0.44;0.41;0.54;-0.98;1.25;-1.12
77.237;-0.43;0.29;0.46;-0.98;1.25;-1.12
77.24;-0.43;0.29;0.46;-1.12;0.58;-0.81
77.247;-0.48;0.2;0.56;-1.12;0.58;-0.81
77.25;-0.48;0.2;0.56;-1.18;-0.43;-0.45
77.256;-0.49;0.23;0.93;-1.18;-0.43;-0.45
77.271;-0.49;0.23;0.93;-1.14;-1.29;-0.02
77.272;-0.44;0.28;1.15;-1.14;-1.29;-0.02
77.274;-0.44;0.28;1.15;-1.02;-1.57;0.37
77.314;-0.38;0.27;1.16;-1.02;-1.57;0.37
77.316;-0.38;0.27;1.16;-0.84;-1.35;0.63
77.317;-0.28;0.25;1.08;-0.84;-1.35;0.63
77.318;-0.28;0.25;1.08;-0.64;-0.86;0.79
77.319;-0.24;0.3;1.02;-0.64;-0.86;0.79
77.319;-0.24;0.3;1.02;-0.45;-0.39;0.8
77.321;-0.22;0.38;1.0;-0.45;-0.39;0.8
77.322;-0.22;0.38;1.0;-0.27;-0.08;0.75
77.323;-0.3;0.43;1.04;-0.27;-0.08;0.75
77.324;-0.3;0.43;1.04;-0.11;0.08;0.66
77.329;-0.39;0.46;1.07;-0.11;0.08;0.66
77.331;-0.39;0.46;1.07;0.06;0.18;0.59
77.337;-0.4;0.48;1.06;0.06;0.18;0.59
77.341;-0.4;0.48;1.06;0.21;0.29;0.55
77.347;-0.4;0.45;1.03;0.21;0.29;0.55
77.351;-0.4;0.45;1.03;0.32;0.38;0.5
77.356;-0.38;0.43;0.98;0.32;0.38;0.5
77.36;-0.38;0.43;0.98;0.36;0.38;0.41
77.366;-0.27;0.45;0.85;0.36;0.38;0.41
77.371;-0.27;0.45;0.85;0.33;0.29;0.29
77.386;-0.22;0.43;0.72;0.33;0.29;0.29
77.388;-0.22;0.43;0.72;0.24;0.06;0.15
77.389;-0.23;0.45;0.62;0.24;0.06;0.15
77.39;-0.23;0.45;0.62;0.11;-0.21;0.04
77.421;-0.33;0.48;0.63;0.11;-0.21;0.04
77.423;-0.33;0.48;0.63;-0.03;-0.48;-0.01
77.424;-0.35;0.51;0.66;-0.03;-0.48;-0.01
77.426;-0.35;0.51;0.66;-0.26;-1.15;0.11
77.427;-0.34;0.5;0.74;-0.26;-1.15;0.11
77.428;-0.34;0.5;0.74;-0.39;-1.36;0.22
77.429;-0.36;0.43;0.81;-0.39;-1.36;0.22
77.431;-0.36;0.43;0.81;-0.49;-1.44;0.32
77.437;-0.32;0.39;0.86;-0.49;-1.44;0.32
77.445;-0.32;0.39;0.86;-0.53;-1.44;0.35
77.447;-0.31;0.39;0.93;-0.53;-1.44;0.35
77.451;-0.31;0.39;0.93;-0.48;-1.35;0.32
77.456;-0.28;0.42;1.01;-0.48;-1.35;0.32
77.46;-0.28;0.42;1.01;-0.31;-1.21;0.28
77.466;-0.25;0.44;1.07;-0.31;-1.21;0.28
77.471;-0.25;0.44;1.07;-0.1;-0.96;0.24
77.486;-0.21;0.42;1.1;-0.1;-0.96;0.24
77.487;-0.21;0.42;1.1;0.03;-0.59;0.2
77.488;-0.17;0.39;1.05;0.03;-0.59;0.2
77.491;-0.17;0.39;1.05;0.11;-0.36;0.15
77.531;-0.15;0.36;0.97;0.11;-0.36;0.15
77.533;-0.15;0.36;0.97;0.15;-0.33;0.12
77.534;-0.14;0.35;0.94;0.15;-0.33;0.12
77.535;-0.14;0.35;0.94;0.16;-0.36;0.11
77.535;-0.16;0.36;0.95;0.16;-0.36;0.11
77.536;-0.16;0.36;0.95;0.17;-0.31;0.15
77.538;-0.2;0.37;0.96;0.17;-0.31;0.15
77.539;-0.2;0.37;0.96;0.23;-0.22;0.25
77.54;-0.23;0.37;0.97;0.23;-0.22;0.25
77.541;-0.23;0.37;0.97;0.32;-0.11;0.4
77.548;-0.24;0.37;0.98;0.32;-0.11;0.4
77.551;-0.24;0.37;0.98;0.42;-0.01;0.53
77.556;-0.18;0.41;1.01;0.42;-0.01;0.53
77.562;-0.18;0.41;1.01;0.48;0.13;0.55
77.566;-0.15;0.44;0.98;0.48;0.13;0.55
77.571;-0.15;0.44;0.98;0.51;0.26;0.49
77.592;-0.13;0.43;0.92;0.51;0.26;0.49
77.594;-0.13;0.43;0.92;0.48;0.38;0.41
77.595;-0.12;0.42;0.85;0.48;0.38;0.41
77.596;-0.12;0.42;0.85;0.4;0.46;0.34
77.598;-0.14;0.43;0.82;0.4;0.46;0.34
77.6;-0.14;0.43;0.82;0.32;0.41;0.29
77.606;-0.17;0.45;0.76;0.32;0.41;0.29
77.628;-0.17;0.45;0.76;0.15;0.42;0.26
77.629;-0.19;0.49;0.62;0.15;0.42;0.26
77.629;-0.19;0.49;0.62;-0.06;0.22;0.26
77.63;-0.21;0.52;0.6;-0.06;0.22;0.26
77.631;-0.21;0.52;0.6;-0.25;-0.14;0.21
77.636;-0.18;0.49;0.68;-0.25;-0.14;0.21
77.642;-0.18;0.49;0.68;-0.4;-0.45;0.08
77.646;-0.25;0.4;0.75;-0.4;-0.45;0.08
77.65;-0.25;0.4;0.75;-0.5;-0.71;0.03
77.656;-0.27;0.39;0.9;-0.5;-0.71;0.03
77.66;-0.27;0.39;0.9;-0.55;-0.8;0.06
77.666;-0.27;0.44;1.06;-0.55;-0.8;0.06
77.671;-0.27;0.44;1.06;-0.46;-0.81;0.12
77.681;-0.27;0.45;1.01;-0.46;-0.81;0.12
77.681;-0.27;0.45;1.01;-0.31;-0.74;0.2
77.686;-0.13;0.38;0.88;-0.31;-0.74;0.2
77.712;-0.13;0.38;0.88;-0.24;-0.45;0.24
77.713;-0.05;0.4;0.82;-0.24;-0.45;0.24
77.714;-0.05;0.4;0.82;-0.24;-0.11;0.2
77.714;-0.02;0.45;0.8;-0.24;-0.11;0.2
77.714;-0.02;0.45;0.8;-0.26;0.14;0.05
77.717;-0.1;0.45;0.72;-0.26;0.14;0.05
77.72;-0.1;0.45;0.72;-0.3;0.28;-0.16
